{
  "type": "FeatureCollection",
  "features": [
    {
      "type": "Feature",
      "properties": {
        "weight": 1.0,
        "area_sqm": 21301.0,
        "radius_m": 82.3
      },
      "geometry": {
        "type": "Point",
        "coordinates": [
          -2.8900589607142857,
          43.23009481785714
        ]
      }
    },
    {
      "type": "Feature",
      "properties": {
        "weight": 1.0,
        "area_sqm": 26212.4,
        "radius_m": 91.3
      },
      "geometry": {
        "type": "Point",
        "coordinates": [
          -2.895600756097561,
          43.230246629268294
        ]
      }
    },
    {
      "type": "Feature",
      "properties": {
        "weight": 1.0,
        "area_sqm": 38341.4,
        "radius_m": 110.5
      },
      "geometry": {
        "type": "Point",
        "coordinates": [
          -2.8725527142857143,
          43.232342420408166
        ]
      }
    },
    {
      "type": "Feature",
      "properties": {
        "weight": 1.0,
        "area_sqm": 4280.3,
        "radius_m": 36.9
      },
      "geometry": {
        "type": "Point",
        "coordinates": [
          -2.8925878666666667,
          43.2331113
        ]
      }
    },
    {
      "type": "Feature",
      "properties": {
        "weight": 1.0,
        "area_sqm": 10881.7,
        "radius_m": 58.9
      },
      "geometry": {
        "type": "Point",
        "coordinates": [
          -2.89112008974359,
          43.23351274615384
        ]
      }
    },
    {
      "type": "Feature",
      "properties": {
        "weight": 1.0,
        "area_sqm": 21183.6,
        "radius_m": 82.1
      },
      "geometry": {
        "type": "Point",
        "coordinates": [
          -2.8963378958333332,
          43.2339926
        ]
      }
    },
    {
      "type": "Feature",
      "properties": {
        "weight": 1.0,
        "area_sqm": 26452.4,
        "radius_m": 91.8
      },
      "geometry": {
        "type": "Point",
        "coordinates": [
          -2.881052435,
          43.2341980275
        ]
      }
    },
    {
      "type": "Feature",
      "properties": {
        "weight": 1.0
      },
      "geometry": {
        "type": "Point",
        "coordinates": [
          -2.8798397,
          43.2345059
        ]
      }
    },
    {
      "type": "Feature",
      "properties": {
        "weight": 1.0,
        "area_sqm": 16188.7,
        "radius_m": 71.8
      },
      "geometry": {
        "type": "Point",
        "coordinates": [
          -2.88189106,
          43.23473563555555
        ]
      }
    },
    {
      "type": "Feature",
      "properties": {
        "weight": 1.0,
        "area_sqm": 24491.2,
        "radius_m": 88.3
      },
      "geometry": {
        "type": "Point",
        "coordinates": [
          -2.887226946153846,
          43.23477696794872
        ]
      }
    },
    {
      "type": "Feature",
      "properties": {
        "weight": 1.0,
        "area_sqm": 10719.9,
        "radius_m": 58.4
      },
      "geometry": {
        "type": "Point",
        "coordinates": [
          -2.878866455,
          43.23478304
        ]
      }
    },
    {
      "type": "Feature",
      "properties": {
        "weight": 1.0,
        "area_sqm": 2443.1,
        "radius_m": 27.9
      },
      "geometry": {
        "type": "Point",
        "coordinates": [
          -2.892021222727273,
          43.235164204545455
        ]
      }
    },
    {
      "type": "Feature",
      "properties": {
        "weight": 1.0,
        "area_sqm": 210390.7,
        "radius_m": 258.8
      },
      "geometry": {
        "type": "Point",
        "coordinates": [
          -2.913807306896552,
          43.235628882758625
        ]
      }
    },
    {
      "type": "Feature",
      "properties": {
        "weight": 1.0,
        "area_sqm": 2763.4,
        "radius_m": 29.7
      },
      "geometry": {
        "type": "Point",
        "coordinates": [
          -3.0127253333333335,
          43.23602725
        ]
      }
    },
    {
      "type": "Feature",
      "properties": {
        "weight": 1.0,
        "area_sqm": 7276.5,
        "radius_m": 48.1
      },
      "geometry": {
        "type": "Point",
        "coordinates": [
          -2.888558811666667,
          43.238065755
        ]
      }
    },
    {
      "type": "Feature",
      "properties": {
        "weight": 1.0,
        "area_sqm": 426.5,
        "radius_m": 11.7
      },
      "geometry": {
        "type": "Point",
        "coordinates": [
          -2.8946141,
          43.23846803333333
        ]
      }
    },
    {
      "type": "Feature",
      "properties": {
        "weight": 1.0,
        "area_sqm": 17408.7,
        "radius_m": 74.4
      },
      "geometry": {
        "type": "Point",
        "coordinates": [
          -2.9184981999999997,
          43.23882789411765
        ]
      }
    },
    {
      "type": "Feature",
      "properties": {
        "weight": 1.0,
        "area_sqm": 4219.1,
        "radius_m": 36.6
      },
      "geometry": {
        "type": "Point",
        "coordinates": [
          -2.8796793666666667,
          43.23965977222222
        ]
      }
    },
    {
      "type": "Feature",
      "properties": {
        "weight": 1.0,
        "area_sqm": 95916.1,
        "radius_m": 174.7
      },
      "geometry": {
        "type": "Point",
        "coordinates": [
          -2.883656643333333,
          43.24032441333334
        ]
      }
    },
    {
      "type": "Feature",
      "properties": {
        "weight": 1.0,
        "area_sqm": 2784.9,
        "radius_m": 29.8
      },
      "geometry": {
        "type": "Point",
        "coordinates": [
          -2.9193482125,
          43.240907725
        ]
      }
    },
    {
      "type": "Feature",
      "properties": {
        "weight": 1.0,
        "area_sqm": 3316.4,
        "radius_m": 32.5
      },
      "geometry": {
        "type": "Point",
        "coordinates": [
          -2.873558891666667,
          43.24102096666667
        ]
      }
    },
    {
      "type": "Feature",
      "properties": {
        "weight": 1.0,
        "area_sqm": 715.8,
        "radius_m": 15.1
      },
      "geometry": {
        "type": "Point",
        "coordinates": [
          -2.92012268,
          43.241323980000004
        ]
      }
    },
    {
      "type": "Feature",
      "properties": {
        "weight": 1.0,
        "area_sqm": 872.7,
        "radius_m": 16.7
      },
      "geometry": {
        "type": "Point",
        "coordinates": [
          -2.9208238333333334,
          43.24156936666667
        ]
      }
    },
    {
      "type": "Feature",
      "properties": {
        "weight": 1.0,
        "area_sqm": 68288.3,
        "radius_m": 147.4
      },
      "geometry": {
        "type": "Point",
        "coordinates": [
          -2.923265987378641,
          43.243191217475726
        ]
      }
    },
    {
      "type": "Feature",
      "properties": {
        "weight": 1.0,
        "area_sqm": 6496.3,
        "radius_m": 45.5
      },
      "geometry": {
        "type": "Point",
        "coordinates": [
          -2.892918184848485,
          43.24381084848485
        ]
      }
    },
    {
      "type": "Feature",
      "properties": {
        "weight": 1.0,
        "area_sqm": 130164.6,
        "radius_m": 203.6
      },
      "geometry": {
        "type": "Point",
        "coordinates": [
          -2.918503802247191,
          43.24493504831461
        ]
      }
    },
    {
      "type": "Feature",
      "properties": {
        "weight": 1.0,
        "area_sqm": 57125.5,
        "radius_m": 134.8
      },
      "geometry": {
        "type": "Point",
        "coordinates": [
          -2.9459611783783783,
          43.24547214459459
        ]
      }
    },
    {
      "type": "Feature",
      "properties": {
        "weight": 1.0,
        "area_sqm": 9041.6,
        "radius_m": 53.6
      },
      "geometry": {
        "type": "Point",
        "coordinates": [
          -2.9429465666666665,
          43.24550133333334
        ]
      }
    },
    {
      "type": "Feature",
      "properties": {
        "weight": 1.0,
        "area_sqm": 1366.9,
        "radius_m": 20.9
      },
      "geometry": {
        "type": "Point",
        "coordinates": [
          -2.8966525416666666,
          43.24550440833334
        ]
      }
    },
    {
      "type": "Feature",
      "properties": {
        "weight": 1.0,
        "area_sqm": 20430.8,
        "radius_m": 80.6
      },
      "geometry": {
        "type": "Point",
        "coordinates": [
          -2.9090885529411765,
          43.24580138235294
        ]
      }
    },
    {
      "type": "Feature",
      "properties": {
        "weight": 1.0,
        "area_sqm": 13595.8,
        "radius_m": 65.8
      },
      "geometry": {
        "type": "Point",
        "coordinates": [
          -2.8898801474576272,
          43.2461469338983
        ]
      }
    },
    {
      "type": "Feature",
      "properties": {
        "weight": 1.0,
        "area_sqm": 828.5,
        "radius_m": 16.2
      },
      "geometry": {
        "type": "Point",
        "coordinates": [
          -2.9101945000000002,
          43.24618828
        ]
      }
    },
    {
      "type": "Feature",
      "properties": {
        "weight": 1.0,
        "area_sqm": 18293.9,
        "radius_m": 76.3
      },
      "geometry": {
        "type": "Point",
        "coordinates": [
          -2.8958228592105266,
          43.246233186842105
        ]
      }
    },
    {
      "type": "Feature",
      "properties": {
        "weight": 1.0,
        "area_sqm": 13274.1,
        "radius_m": 65.0
      },
      "geometry": {
        "type": "Point",
        "coordinates": [
          -2.939992283962264,
          43.24629439716981
        ]
      }
    },
    {
      "type": "Feature",
      "properties": {
        "weight": 1.0,
        "area_sqm": 3190.9,
        "radius_m": 31.9
      },
      "geometry": {
        "type": "Point",
        "coordinates": [
          -2.8889445486486487,
          43.24666131351351
        ]
      }
    },
    {
      "type": "Feature",
      "properties": {
        "weight": 1.0,
        "area_sqm": 1287.2,
        "radius_m": 20.2
      },
      "geometry": {
        "type": "Point",
        "coordinates": [
          -2.89415598,
          43.24676758
        ]
      }
    },
    {
      "type": "Feature",
      "properties": {
        "weight": 1.0,
        "area_sqm": 24641.4,
        "radius_m": 88.6
      },
      "geometry": {
        "type": "Point",
        "coordinates": [
          -2.8972108378378376,
          43.24681123783784
        ]
      }
    },
    {
      "type": "Feature",
      "properties": {
        "weight": 1.0,
        "area_sqm": 7057.9,
        "radius_m": 47.4
      },
      "geometry": {
        "type": "Point",
        "coordinates": [
          -2.9306333,
          43.247007425
        ]
      }
    },
    {
      "type": "Feature",
      "properties": {
        "weight": 1.0,
        "area_sqm": 237837.2,
        "radius_m": 275.1
      },
      "geometry": {
        "type": "Point",
        "coordinates": [
          -2.9602740601851854,
          43.247041565740744
        ]
      }
    },
    {
      "type": "Feature",
      "properties": {
        "weight": 1.0,
        "area_sqm": 10160.3,
        "radius_m": 56.9
      },
      "geometry": {
        "type": "Point",
        "coordinates": [
          -2.9198623695652173,
          43.24733390869565
        ]
      }
    },
    {
      "type": "Feature",
      "properties": {
        "weight": 1.0,
        "area_sqm": 462.8,
        "radius_m": 12.1
      },
      "geometry": {
        "type": "Point",
        "coordinates": [
          -2.9513827666666668,
          43.24740673333333
        ]
      }
    },
    {
      "type": "Feature",
      "properties": {
        "weight": 1.0,
        "area_sqm": 9068.5,
        "radius_m": 53.7
      },
      "geometry": {
        "type": "Point",
        "coordinates": [
          -2.9286115375,
          43.2475915125
        ]
      }
    },
    {
      "type": "Feature",
      "properties": {
        "weight": 1.0,
        "area_sqm": 102821.3,
        "radius_m": 180.9
      },
      "geometry": {
        "type": "Point",
        "coordinates": [
          -2.917408980392157,
          43.247669676470586
        ]
      }
    },
    {
      "type": "Feature",
      "properties": {
        "weight": 1.0,
        "area_sqm": 52289.7,
        "radius_m": 129.0
      },
      "geometry": {
        "type": "Point",
        "coordinates": [
          -2.8853387441860465,
          43.247685289534886
        ]
      }
    },
    {
      "type": "Feature",
      "properties": {
        "weight": 1.0,
        "area_sqm": 2650.0,
        "radius_m": 29.0
      },
      "geometry": {
        "type": "Point",
        "coordinates": [
          -2.9129527333333334,
          43.24771605666667
        ]
      }
    },
    {
      "type": "Feature",
      "properties": {
        "weight": 1.0,
        "area_sqm": 35678.7,
        "radius_m": 106.6
      },
      "geometry": {
        "type": "Point",
        "coordinates": [
          -2.8901155657894737,
          43.24785922105263
        ]
      }
    },
    {
      "type": "Feature",
      "properties": {
        "weight": 1.0,
        "area_sqm": 9455.4,
        "radius_m": 54.9
      },
      "geometry": {
        "type": "Point",
        "coordinates": [
          -2.8876204438356163,
          43.24817812739726
        ]
      }
    },
    {
      "type": "Feature",
      "properties": {
        "weight": 1.0,
        "area_sqm": 16386.9,
        "radius_m": 72.2
      },
      "geometry": {
        "type": "Point",
        "coordinates": [
          -2.9080785404761906,
          43.24871223095238
        ]
      }
    },
    {
      "type": "Feature",
      "properties": {
        "weight": 1.0,
        "area_sqm": 3571.2,
        "radius_m": 33.7
      },
      "geometry": {
        "type": "Point",
        "coordinates": [
          -2.9266068733333332,
          43.24886115
        ]
      }
    },
    {
      "type": "Feature",
      "properties": {
        "weight": 1.0,
        "area_sqm": 10184.2,
        "radius_m": 56.9
      },
      "geometry": {
        "type": "Point",
        "coordinates": [
          -2.9340726790697675,
          43.249139655813956
        ]
      }
    },
    {
      "type": "Feature",
      "properties": {
        "weight": 1.0,
        "area_sqm": 16206.3,
        "radius_m": 71.8
      },
      "geometry": {
        "type": "Point",
        "coordinates": [
          -2.916073937398374,
          43.249365428455285
        ]
      }
    },
    {
      "type": "Feature",
      "properties": {
        "weight": 1.0,
        "area_sqm": 2069.9,
        "radius_m": 25.7
      },
      "geometry": {
        "type": "Point",
        "coordinates": [
          -2.9134980285714285,
          43.24948508571429
        ]
      }
    },
    {
      "type": "Feature",
      "properties": {
        "weight": 1.0,
        "area_sqm": 1429.4,
        "radius_m": 21.3
      },
      "geometry": {
        "type": "Point",
        "coordinates": [
          -2.909727888888889,
          43.249513633333336
        ]
      }
    },
    {
      "type": "Feature",
      "properties": {
        "weight": 1.0,
        "area_sqm": 2364.2,
        "radius_m": 27.4
      },
      "geometry": {
        "type": "Point",
        "coordinates": [
          -2.918751995,
          43.249572565
        ]
      }
    },
    {
      "type": "Feature",
      "properties": {
        "weight": 1.0,
        "area_sqm": 534.6,
        "radius_m": 13.0
      },
      "geometry": {
        "type": "Point",
        "coordinates": [
          -2.914333555555556,
          43.249619177777774
        ]
      }
    },
    {
      "type": "Feature",
      "properties": {
        "weight": 1.0,
        "area_sqm": 17629.0,
        "radius_m": 74.9,
        "id": 184208508,
        "hasDetails": true,
        "name": "Ametzola parkea",
        "address": "Calle Am\u00e9zola"
      },
      "geometry": {
        "type": "Point",
        "coordinates": [
          -2.891091775757576,
          43.24987114242424
        ]
      }
    },
    {
      "type": "Feature",
      "properties": {
        "weight": 1.0,
        "area_sqm": 838.4,
        "radius_m": 16.3
      },
      "geometry": {
        "type": "Point",
        "coordinates": [
          -2.919528975,
          43.2499037
        ]
      }
    },
    {
      "type": "Feature",
      "properties": {
        "weight": 1.0,
        "area_sqm": 2372.0,
        "radius_m": 27.5
      },
      "geometry": {
        "type": "Point",
        "coordinates": [
          -2.9190392142857142,
          43.24992135238095
        ]
      }
    },
    {
      "type": "Feature",
      "properties": {
        "weight": 1.0,
        "area_sqm": 742.9,
        "radius_m": 15.4
      },
      "geometry": {
        "type": "Point",
        "coordinates": [
          -2.9198687333333333,
          43.250060633333334
        ]
      }
    },
    {
      "type": "Feature",
      "properties": {
        "weight": 1.0,
        "area_sqm": 506.4,
        "radius_m": 12.7,
        "id": 373700428,
        "hasDetails": true,
        "name": "Gaztedi Dantzari Taldearen plazatxoa",
        "address": "Bilbao"
      },
      "geometry": {
        "type": "Point",
        "coordinates": [
          -2.9166603285714285,
          43.25022668571428
        ]
      }
    },
    {
      "type": "Feature",
      "properties": {
        "weight": 1.0,
        "area_sqm": 824.7,
        "radius_m": 16.2
      },
      "geometry": {
        "type": "Point",
        "coordinates": [
          -2.9197934500000002,
          43.25029291
        ]
      }
    },
    {
      "type": "Feature",
      "properties": {
        "weight": 1.0,
        "area_sqm": 3249.5,
        "radius_m": 32.2
      },
      "geometry": {
        "type": "Point",
        "coordinates": [
          -2.9032356961538466,
          43.2503091923077
        ]
      }
    },
    {
      "type": "Feature",
      "properties": {
        "weight": 1.0,
        "area_sqm": 583.2,
        "radius_m": 13.6
      },
      "geometry": {
        "type": "Point",
        "coordinates": [
          -2.918972666666667,
          43.25031477777778
        ]
      }
    },
    {
      "type": "Feature",
      "properties": {
        "weight": 1.0,
        "area_sqm": 15436.6,
        "radius_m": 70.1
      },
      "geometry": {
        "type": "Point",
        "coordinates": [
          -2.929028592857143,
          43.25040372857143
        ]
      }
    },
    {
      "type": "Feature",
      "properties": {
        "weight": 1.0,
        "area_sqm": 901.9,
        "radius_m": 16.9
      },
      "geometry": {
        "type": "Point",
        "coordinates": [
          -2.9042144999999997,
          43.25040522
        ]
      }
    },
    {
      "type": "Feature",
      "properties": {
        "weight": 1.0,
        "area_sqm": 442.1,
        "radius_m": 11.9
      },
      "geometry": {
        "type": "Point",
        "coordinates": [
          -2.91919525,
          43.25047003333333
        ]
      }
    },
    {
      "type": "Feature",
      "properties": {
        "weight": 1.0,
        "area_sqm": 1470.5,
        "radius_m": 21.6
      },
      "geometry": {
        "type": "Point",
        "coordinates": [
          -2.9197334533333335,
          43.250570986666666
        ]
      }
    },
    {
      "type": "Feature",
      "properties": {
        "weight": 1.0,
        "area_sqm": 450.3,
        "radius_m": 12.0
      },
      "geometry": {
        "type": "Point",
        "coordinates": [
          -2.9200626375,
          43.250735399999996
        ]
      }
    },
    {
      "type": "Feature",
      "properties": {
        "weight": 1.0,
        "area_sqm": 149.6,
        "radius_m": 6.9
      },
      "geometry": {
        "type": "Point",
        "coordinates": [
          -2.9202698,
          43.25082075
        ]
      }
    },
    {
      "type": "Feature",
      "properties": {
        "weight": 1.0,
        "area_sqm": 4635.1,
        "radius_m": 38.4
      },
      "geometry": {
        "type": "Point",
        "coordinates": [
          -2.9112224875,
          43.25084049375
        ]
      }
    },
    {
      "type": "Feature",
      "properties": {
        "weight": 1.0,
        "area_sqm": 10471.4,
        "radius_m": 57.7
      },
      "geometry": {
        "type": "Point",
        "coordinates": [
          -2.8857291325581396,
          43.25086127674419
        ]
      }
    },
    {
      "type": "Feature",
      "properties": {
        "weight": 1.0,
        "area_sqm": 4256.5,
        "radius_m": 36.8
      },
      "geometry": {
        "type": "Point",
        "coordinates": [
          -2.9436552236842104,
          43.25114364473684
        ]
      }
    },
    {
      "type": "Feature",
      "properties": {
        "weight": 1.0,
        "area_sqm": 781.3,
        "radius_m": 15.8
      },
      "geometry": {
        "type": "Point",
        "coordinates": [
          -2.9054457,
          43.25149778
        ]
      }
    },
    {
      "type": "Feature",
      "properties": {
        "weight": 1.0,
        "area_sqm": 9054.0,
        "radius_m": 53.7
      },
      "geometry": {
        "type": "Point",
        "coordinates": [
          -2.9268918999999998,
          43.25152812727273
        ]
      }
    },
    {
      "type": "Feature",
      "properties": {
        "weight": 1.0,
        "area_sqm": 14958.5,
        "radius_m": 69.0
      },
      "geometry": {
        "type": "Point",
        "coordinates": [
          -2.94586340625,
          43.25153739375
        ]
      }
    },
    {
      "type": "Feature",
      "properties": {
        "weight": 1.0,
        "area_sqm": 4222.6,
        "radius_m": 36.7
      },
      "geometry": {
        "type": "Point",
        "coordinates": [
          -2.911306164,
          43.251835162
        ]
      }
    },
    {
      "type": "Feature",
      "properties": {
        "weight": 1.0,
        "area_sqm": 4642.9,
        "radius_m": 38.4
      },
      "geometry": {
        "type": "Point",
        "coordinates": [
          -2.9128723749999996,
          43.2519416875
        ]
      }
    },
    {
      "type": "Feature",
      "properties": {
        "weight": 1.0,
        "area_sqm": 5747.5,
        "radius_m": 42.8
      },
      "geometry": {
        "type": "Point",
        "coordinates": [
          -2.9307683846153845,
          43.251951661538456
        ]
      }
    },
    {
      "type": "Feature",
      "properties": {
        "weight": 1.0,
        "area_sqm": 1711.1,
        "radius_m": 23.3
      },
      "geometry": {
        "type": "Point",
        "coordinates": [
          -2.88522076,
          43.25199449
        ]
      }
    },
    {
      "type": "Feature",
      "properties": {
        "weight": 1.0,
        "area_sqm": 835.5,
        "radius_m": 16.3
      },
      "geometry": {
        "type": "Point",
        "coordinates": [
          -2.9489397166666667,
          43.252193041666665
        ]
      }
    },
    {
      "type": "Feature",
      "properties": {
        "weight": 1.0,
        "area_sqm": 2100.8,
        "radius_m": 25.9
      },
      "geometry": {
        "type": "Point",
        "coordinates": [
          -2.9140477625,
          43.25245050625
        ]
      }
    },
    {
      "type": "Feature",
      "properties": {
        "weight": 1.0,
        "area_sqm": 7307.9,
        "radius_m": 48.2
      },
      "geometry": {
        "type": "Point",
        "coordinates": [
          -2.887097273333333,
          43.25251919666667
        ]
      }
    },
    {
      "type": "Feature",
      "properties": {
        "weight": 1.0,
        "area_sqm": 42980.5,
        "radius_m": 117.0,
        "id": 41415864,
        "hasDetails": true,
        "name": "Miribilla parkea",
        "wikidata": "Q12263710"
      },
      "geometry": {
        "type": "Point",
        "coordinates": [
          -2.9283813162162162,
          43.252912937837834
        ]
      }
    },
    {
      "type": "Feature",
      "properties": {
        "weight": 1.0
      },
      "geometry": {
        "type": "Point",
        "coordinates": [
          -2.9144209,
          43.2530703
        ]
      }
    },
    {
      "type": "Feature",
      "properties": {
        "weight": 1.0,
        "area_sqm": 18773.4,
        "radius_m": 77.3
      },
      "geometry": {
        "type": "Point",
        "coordinates": [
          -2.919792150980392,
          43.2532485254902
        ]
      }
    },
    {
      "type": "Feature",
      "properties": {
        "weight": 1.0,
        "area_sqm": 5174.8,
        "radius_m": 40.6
      },
      "geometry": {
        "type": "Point",
        "coordinates": [
          -2.9349473814814817,
          43.25327981481482
        ]
      }
    },
    {
      "type": "Feature",
      "properties": {
        "weight": 1.0,
        "area_sqm": 9367.4,
        "radius_m": 54.6
      },
      "geometry": {
        "type": "Point",
        "coordinates": [
          -2.909339697368421,
          43.25344564210527
        ]
      }
    },
    {
      "type": "Feature",
      "properties": {
        "weight": 1.0,
        "area_sqm": 3785.0,
        "radius_m": 34.7
      },
      "geometry": {
        "type": "Point",
        "coordinates": [
          -2.9252404866666666,
          43.2537433
        ]
      }
    },
    {
      "type": "Feature",
      "properties": {
        "weight": 1.0,
        "area_sqm": 106659.4,
        "radius_m": 184.3,
        "id": 39021466,
        "hasDetails": true,
        "name": "Europa parkea",
        "wikidata": "Q9055796",
        "wikipedia": "es:Parque Europa (Bilbao)"
      },
      "geometry": {
        "type": "Point",
        "coordinates": [
          -2.9052388951219514,
          43.253861380487805
        ]
      }
    },
    {
      "type": "Feature",
      "properties": {
        "weight": 1.0,
        "area_sqm": 17308.7,
        "radius_m": 74.2
      },
      "geometry": {
        "type": "Point",
        "coordinates": [
          -2.902202928,
          43.254120356
        ]
      }
    },
    {
      "type": "Feature",
      "properties": {
        "weight": 1.0,
        "area_sqm": 1927.6,
        "radius_m": 24.8
      },
      "geometry": {
        "type": "Point",
        "coordinates": [
          -2.939842533333333,
          43.25442007777778
        ]
      }
    },
    {
      "type": "Feature",
      "properties": {
        "weight": 1.0,
        "area_sqm": 15493.0,
        "radius_m": 70.2,
        "id": 35098990,
        "hasDetails": true,
        "name": "Ametzola parkea",
        "wikidata": "Q12253356"
      },
      "geometry": {
        "type": "Point",
        "coordinates": [
          -2.9418303433333337,
          43.25477843666667
        ]
      }
    },
    {
      "type": "Feature",
      "properties": {
        "weight": 1.0,
        "area_sqm": 7004.4,
        "radius_m": 47.2
      },
      "geometry": {
        "type": "Point",
        "coordinates": [
          -2.882060815789474,
          43.25492121052632
        ]
      }
    },
    {
      "type": "Feature",
      "properties": {
        "weight": 1.0,
        "area_sqm": 727.0,
        "radius_m": 15.2
      },
      "geometry": {
        "type": "Point",
        "coordinates": [
          -2.9403054833333333,
          43.2553493
        ]
      }
    },
    {
      "type": "Feature",
      "properties": {
        "weight": 1.0,
        "area_sqm": 3365.2,
        "radius_m": 32.7
      },
      "geometry": {
        "type": "Point",
        "coordinates": [
          -2.9445062739130434,
          43.2555642173913
        ]
      }
    },
    {
      "type": "Feature",
      "properties": {
        "weight": 1.0,
        "area_sqm": 1158.7,
        "radius_m": 19.2
      },
      "geometry": {
        "type": "Point",
        "coordinates": [
          -2.910299633333333,
          43.255634816666664
        ]
      }
    },
    {
      "type": "Feature",
      "properties": {
        "weight": 1.0,
        "area_sqm": 592.8,
        "radius_m": 13.7
      },
      "geometry": {
        "type": "Point",
        "coordinates": [
          -2.9207853399999997,
          43.25600194
        ]
      }
    },
    {
      "type": "Feature",
      "properties": {
        "weight": 1.0,
        "area_sqm": 1019.2,
        "radius_m": 18.0
      },
      "geometry": {
        "type": "Point",
        "coordinates": [
          -2.92013138,
          43.25600536
        ]
      }
    },
    {
      "type": "Feature",
      "properties": {
        "weight": 1.0,
        "area_sqm": 4507.3,
        "radius_m": 37.9
      },
      "geometry": {
        "type": "Point",
        "coordinates": [
          -2.9504194619047617,
          43.25622511904762
        ]
      }
    },
    {
      "type": "Feature",
      "properties": {
        "weight": 1.0,
        "area_sqm": 10445.9,
        "radius_m": 57.7
      },
      "geometry": {
        "type": "Point",
        "coordinates": [
          -2.89812,
          43.25626506666667
        ]
      }
    },
    {
      "type": "Feature",
      "properties": {
        "weight": 1.0,
        "area_sqm": 3609.0,
        "radius_m": 33.9
      },
      "geometry": {
        "type": "Point",
        "coordinates": [
          -2.9141293638888888,
          43.256290475
        ]
      }
    },
    {
      "type": "Feature",
      "properties": {
        "weight": 1.0,
        "area_sqm": 3136.3,
        "radius_m": 31.6
      },
      "geometry": {
        "type": "Point",
        "coordinates": [
          -2.895261378125,
          43.256564546875
        ]
      }
    },
    {
      "type": "Feature",
      "properties": {
        "weight": 1.0,
        "area_sqm": 1555.4,
        "radius_m": 22.3
      },
      "geometry": {
        "type": "Point",
        "coordinates": [
          -2.9154590954545454,
          43.25658507727273
        ]
      }
    },
    {
      "type": "Feature",
      "properties": {
        "weight": 1.0,
        "area_sqm": 2229.6,
        "radius_m": 26.6,
        "id": 196742063,
        "hasDetails": true,
        "name": "Plaza Zab\u00e1lburu",
        "address": "Bilbao"
      },
      "geometry": {
        "type": "Point",
        "coordinates": [
          -2.934416382608696,
          43.25693364347826
        ]
      }
    },
    {
      "type": "Feature",
      "properties": {
        "weight": 1.0,
        "area_sqm": 519.8,
        "radius_m": 12.9
      },
      "geometry": {
        "type": "Point",
        "coordinates": [
          -2.941803209090909,
          43.25697242727273
        ]
      }
    },
    {
      "type": "Feature",
      "properties": {
        "weight": 1.0,
        "area_sqm": 4608.0,
        "radius_m": 38.3
      },
      "geometry": {
        "type": "Point",
        "coordinates": [
          -2.9440169999999997,
          43.25738552
        ]
      }
    },
    {
      "type": "Feature",
      "properties": {
        "weight": 1.0,
        "area_sqm": 1155.0,
        "radius_m": 19.2,
        "id": 312861704,
        "hasDetails": true,
        "name": "Plaza Zabalburu",
        "address": "Bilbao",
        "wikidata": "Q24566954"
      },
      "geometry": {
        "type": "Point",
        "coordinates": [
          -2.93429779,
          43.25747566
        ]
      }
    },
    {
      "type": "Feature",
      "properties": {
        "weight": 1.0,
        "area_sqm": 14406.5,
        "radius_m": 67.7
      },
      "geometry": {
        "type": "Point",
        "coordinates": [
          -2.9551897092783506,
          43.25755892061856
        ]
      }
    },
    {
      "type": "Feature",
      "properties": {
        "weight": 1.0,
        "area_sqm": 299.6,
        "radius_m": 9.8
      },
      "geometry": {
        "type": "Point",
        "coordinates": [
          -2.969973066666667,
          43.25783172
        ]
      }
    },
    {
      "type": "Feature",
      "properties": {
        "weight": 1.0,
        "area_sqm": 19810.6,
        "radius_m": 79.4
      },
      "geometry": {
        "type": "Point",
        "coordinates": [
          -2.957006632142857,
          43.25790489464286
        ]
      }
    },
    {
      "type": "Feature",
      "properties": {
        "weight": 1.0,
        "area_sqm": 1229.5,
        "radius_m": 19.8
      },
      "geometry": {
        "type": "Point",
        "coordinates": [
          -2.9267406411764707,
          43.25797195882353
        ]
      }
    },
    {
      "type": "Feature",
      "properties": {
        "weight": 1.0,
        "area_sqm": 4538.8,
        "radius_m": 38.0
      },
      "geometry": {
        "type": "Point",
        "coordinates": [
          -2.913452503448276,
          43.258235120689655
        ]
      }
    },
    {
      "type": "Feature",
      "properties": {
        "weight": 1.0,
        "area_sqm": 153.4,
        "radius_m": 7.0
      },
      "geometry": {
        "type": "Point",
        "coordinates": [
          -2.94018867,
          43.258510044999994
        ]
      }
    },
    {
      "type": "Feature",
      "properties": {
        "weight": 1.0,
        "area_sqm": 874.1,
        "radius_m": 16.7
      },
      "geometry": {
        "type": "Point",
        "coordinates": [
          -2.9031393277777777,
          43.25860470000001
        ]
      }
    },
    {
      "type": "Feature",
      "properties": {
        "weight": 1.0,
        "area_sqm": 138.6,
        "radius_m": 6.6
      },
      "geometry": {
        "type": "Point",
        "coordinates": [
          -2.94013576,
          43.258646095
        ]
      }
    },
    {
      "type": "Feature",
      "properties": {
        "weight": 1.0,
        "area_sqm": 4479.5,
        "radius_m": 37.8
      },
      "geometry": {
        "type": "Point",
        "coordinates": [
          -2.9131520404761906,
          43.258665926190474
        ]
      }
    },
    {
      "type": "Feature",
      "properties": {
        "weight": 1.0,
        "area_sqm": 122991.7,
        "radius_m": 197.9
      },
      "geometry": {
        "type": "Point",
        "coordinates": [
          -2.963743311764706,
          43.25867219764706
        ]
      }
    },
    {
      "type": "Feature",
      "properties": {
        "weight": 1.0,
        "area_sqm": 10123.7,
        "radius_m": 56.8
      },
      "geometry": {
        "type": "Point",
        "coordinates": [
          -2.9190187018181817,
          43.25878477636363
        ]
      }
    },
    {
      "type": "Feature",
      "properties": {
        "weight": 1.0,
        "area_sqm": 41660.6,
        "radius_m": 115.2
      },
      "geometry": {
        "type": "Point",
        "coordinates": [
          -2.894935092682927,
          43.25906630487805
        ]
      }
    },
    {
      "type": "Feature",
      "properties": {
        "weight": 1.0,
        "area_sqm": 7703.3,
        "radius_m": 49.5
      },
      "geometry": {
        "type": "Point",
        "coordinates": [
          -2.9500402384615385,
          43.259481430769235
        ]
      }
    },
    {
      "type": "Feature",
      "properties": {
        "weight": 1.0,
        "area_sqm": 2732.4,
        "radius_m": 29.5
      },
      "geometry": {
        "type": "Point",
        "coordinates": [
          -2.9146141368421055,
          43.25979741052631
        ]
      }
    },
    {
      "type": "Feature",
      "properties": {
        "weight": 1.0,
        "area_sqm": 819.6,
        "radius_m": 16.2
      },
      "geometry": {
        "type": "Point",
        "coordinates": [
          -2.9449089,
          43.26009584
        ]
      }
    },
    {
      "type": "Feature",
      "properties": {
        "weight": 1.0,
        "area_sqm": 3822.1,
        "radius_m": 34.9
      },
      "geometry": {
        "type": "Point",
        "coordinates": [
          -2.9062626454545453,
          43.26012022727273
        ]
      }
    },
    {
      "type": "Feature",
      "properties": {
        "weight": 1.0,
        "area_sqm": 14474.1,
        "radius_m": 67.9
      },
      "geometry": {
        "type": "Point",
        "coordinates": [
          -2.957421382142857,
          43.260142689285715
        ]
      }
    },
    {
      "type": "Feature",
      "properties": {
        "weight": 1.0,
        "area_sqm": 1340.7,
        "radius_m": 20.7
      },
      "geometry": {
        "type": "Point",
        "coordinates": [
          -2.9708123545454543,
          43.260569054545456
        ]
      }
    },
    {
      "type": "Feature",
      "properties": {
        "weight": 1.0,
        "area_sqm": 14405.0,
        "radius_m": 67.7
      },
      "geometry": {
        "type": "Point",
        "coordinates": [
          -2.923679892307692,
          43.26058575128205
        ]
      }
    },
    {
      "type": "Feature",
      "properties": {
        "weight": 1.0,
        "area_sqm": 7287.2,
        "radius_m": 48.2,
        "id": 174482547,
        "hasDetails": true,
        "name": "Indautxu plaza",
        "wikidata": "Q17493165"
      },
      "geometry": {
        "type": "Point",
        "coordinates": [
          -2.940290353846154,
          43.26060803846154
        ]
      }
    },
    {
      "type": "Feature",
      "properties": {
        "weight": 1.0,
        "area_sqm": 7737.3,
        "radius_m": 49.6
      },
      "geometry": {
        "type": "Point",
        "coordinates": [
          -2.9041659102564106,
          43.26063002564103
        ]
      }
    },
    {
      "type": "Feature",
      "properties": {
        "weight": 1.0,
        "area_sqm": 588.5,
        "radius_m": 13.7
      },
      "geometry": {
        "type": "Point",
        "coordinates": [
          -3.0210965714285716,
          43.26077635
        ]
      }
    },
    {
      "type": "Feature",
      "properties": {
        "weight": 1.0,
        "area_sqm": 1315.7,
        "radius_m": 20.5
      },
      "geometry": {
        "type": "Point",
        "coordinates": [
          -2.902414460869565,
          43.26084457391305
        ]
      }
    },
    {
      "type": "Feature",
      "properties": {
        "weight": 1.0,
        "area_sqm": 6947.0,
        "radius_m": 47.0
      },
      "geometry": {
        "type": "Point",
        "coordinates": [
          -2.9017278199999996,
          43.260851922
        ]
      }
    },
    {
      "type": "Feature",
      "properties": {
        "weight": 1.0,
        "area_sqm": 1598.2,
        "radius_m": 22.6
      },
      "geometry": {
        "type": "Point",
        "coordinates": [
          -2.9648085600000003,
          43.26174957714286
        ]
      }
    },
    {
      "type": "Feature",
      "properties": {
        "weight": 1.0,
        "area_sqm": 162922.3,
        "radius_m": 227.7,
        "id": 28503540,
        "hasDetails": true,
        "name": "Etxebarria parkea",
        "wikidata": "Q5474472",
        "wikipedia": "es:Parque Etxebarria"
      },
      "geometry": {
        "type": "Point",
        "coordinates": [
          -2.9191176713235296,
          43.261874441911765
        ]
      }
    },
    {
      "type": "Feature",
      "properties": {
        "weight": 1.0,
        "area_sqm": 377.2,
        "radius_m": 11.0
      },
      "geometry": {
        "type": "Point",
        "coordinates": [
          -2.915404014285714,
          43.26203124285714
        ]
      }
    },
    {
      "type": "Feature",
      "properties": {
        "weight": 1.0,
        "area_sqm": 211.0,
        "radius_m": 8.2
      },
      "geometry": {
        "type": "Point",
        "coordinates": [
          -2.956556257142857,
          43.26261334285714
        ]
      }
    },
    {
      "type": "Feature",
      "properties": {
        "weight": 1.0,
        "area_sqm": 11702.1,
        "radius_m": 61.0
      },
      "geometry": {
        "type": "Point",
        "coordinates": [
          -2.9574348684210525,
          43.26266132105263
        ]
      }
    },
    {
      "type": "Feature",
      "properties": {
        "weight": 1.0,
        "area_sqm": 131.0,
        "radius_m": 6.5
      },
      "geometry": {
        "type": "Point",
        "coordinates": [
          -2.9395228,
          43.262721975
        ]
      }
    },
    {
      "type": "Feature",
      "properties": {
        "weight": 1.0,
        "area_sqm": 125.1,
        "radius_m": 6.3
      },
      "geometry": {
        "type": "Point",
        "coordinates": [
          -2.939814566666667,
          43.26279537333333
        ]
      }
    },
    {
      "type": "Feature",
      "properties": {
        "weight": 1.0,
        "area_sqm": 569.3,
        "radius_m": 13.5
      },
      "geometry": {
        "type": "Point",
        "coordinates": [
          -2.964727411864407,
          43.26284668983051
        ]
      }
    },
    {
      "type": "Feature",
      "properties": {
        "weight": 1.0,
        "area_sqm": 5452.3,
        "radius_m": 41.7,
        "id": 28225493,
        "hasDetails": true,
        "name": "Albia lorategia",
        "wikidata": "Q23828411"
      },
      "geometry": {
        "type": "Point",
        "coordinates": [
          -2.928088077777778,
          43.26285822222222
        ]
      }
    },
    {
      "type": "Feature",
      "properties": {
        "weight": 1.0,
        "area_sqm": 143.7,
        "radius_m": 6.8
      },
      "geometry": {
        "type": "Point",
        "coordinates": [
          -2.9394120125,
          43.2629450125
        ]
      }
    },
    {
      "type": "Feature",
      "properties": {
        "weight": 1.0,
        "area_sqm": 161.3,
        "radius_m": 7.2
      },
      "geometry": {
        "type": "Point",
        "coordinates": [
          -2.9396957,
          43.26301067647059
        ]
      }
    },
    {
      "type": "Feature",
      "properties": {
        "weight": 1.0,
        "area_sqm": 1260.5,
        "radius_m": 20.0
      },
      "geometry": {
        "type": "Point",
        "coordinates": [
          -2.964191181632653,
          43.2631333367347
        ]
      }
    },
    {
      "type": "Feature",
      "properties": {
        "weight": 1.0,
        "area_sqm": 2455.6,
        "radius_m": 28.0
      },
      "geometry": {
        "type": "Point",
        "coordinates": [
          -2.9540709533333334,
          43.26320516666667
        ]
      }
    },
    {
      "type": "Feature",
      "properties": {
        "weight": 1.0,
        "area_sqm": 893.5,
        "radius_m": 16.9
      },
      "geometry": {
        "type": "Point",
        "coordinates": [
          -2.9548847636363633,
          43.26349128181818
        ]
      }
    },
    {
      "type": "Feature",
      "properties": {
        "weight": 1.0,
        "area_sqm": 1648.8,
        "radius_m": 22.9
      },
      "geometry": {
        "type": "Point",
        "coordinates": [
          -2.9285718222222226,
          43.26357938333334
        ]
      }
    },
    {
      "type": "Feature",
      "properties": {
        "weight": 1.0,
        "area_sqm": 1560.1,
        "radius_m": 22.3,
        "id": 1367166922,
        "hasDetails": true,
        "name": "Josetxu Canibe",
        "address": "Bilbao"
      },
      "geometry": {
        "type": "Point",
        "coordinates": [
          -2.9106595742857144,
          43.26366029142857
        ]
      }
    },
    {
      "type": "Feature",
      "properties": {
        "weight": 1.0,
        "area_sqm": 4430.5,
        "radius_m": 37.6
      },
      "geometry": {
        "type": "Point",
        "coordinates": [
          -2.9125044303030303,
          43.26377871818182
        ]
      }
    },
    {
      "type": "Feature",
      "properties": {
        "weight": 1.0,
        "area_sqm": 2562.9,
        "radius_m": 28.6
      },
      "geometry": {
        "type": "Point",
        "coordinates": [
          -2.9383960499999997,
          43.26451973333334
        ]
      }
    },
    {
      "type": "Feature",
      "properties": {
        "weight": 1.0,
        "area_sqm": 11382.8,
        "radius_m": 60.2
      },
      "geometry": {
        "type": "Point",
        "coordinates": [
          -2.946196728125,
          43.264640921875
        ]
      }
    },
    {
      "type": "Feature",
      "properties": {
        "weight": 1.0,
        "area_sqm": 1373.5,
        "radius_m": 20.9
      },
      "geometry": {
        "type": "Point",
        "coordinates": [
          -2.93838896,
          43.26511318
        ]
      }
    },
    {
      "type": "Feature",
      "properties": {
        "weight": 1.0,
        "area_sqm": 2121.3,
        "radius_m": 26.0
      },
      "geometry": {
        "type": "Point",
        "coordinates": [
          -2.9215746303030303,
          43.265118712121215
        ]
      }
    },
    {
      "type": "Feature",
      "properties": {
        "weight": 1.0,
        "area_sqm": 1301.2,
        "radius_m": 20.4
      },
      "geometry": {
        "type": "Point",
        "coordinates": [
          -2.9376859333333334,
          43.26514983333333
        ]
      }
    },
    {
      "type": "Feature",
      "properties": {
        "weight": 1.0,
        "area_sqm": 83388.5,
        "radius_m": 162.9,
        "id": 28192022,
        "hasDetails": true,
        "name": "Iturrizar Do\u00f1a Casilda parkea",
        "wikidata": "Q3042262"
      },
      "geometry": {
        "type": "Point",
        "coordinates": [
          -2.942230761111111,
          43.26590753333333
        ]
      }
    },
    {
      "type": "Feature",
      "properties": {
        "weight": 1.0,
        "area_sqm": 2969.4,
        "radius_m": 30.7
      },
      "geometry": {
        "type": "Point",
        "coordinates": [
          -2.9375746777777776,
          43.26595524444444
        ]
      }
    },
    {
      "type": "Feature",
      "properties": {
        "weight": 1.0,
        "area_sqm": 1312.7,
        "radius_m": 20.4
      },
      "geometry": {
        "type": "Point",
        "coordinates": [
          -2.9213675636363634,
          43.266723872727276
        ]
      }
    },
    {
      "type": "Feature",
      "properties": {
        "weight": 1.0,
        "area_sqm": 6616.1,
        "radius_m": 45.9,
        "id": 174088300,
        "hasDetails": true,
        "name": "Euskadi plaza",
        "wikidata": "Q6079529"
      },
      "geometry": {
        "type": "Point",
        "coordinates": [
          -2.937993086666667,
          43.266898383333334
        ]
      }
    },
    {
      "type": "Feature",
      "properties": {
        "weight": 1.0,
        "area_sqm": 17838.0,
        "radius_m": 75.4
      },
      "geometry": {
        "type": "Point",
        "coordinates": [
          -2.9278921283582093,
          43.267034740298506
        ]
      }
    },
    {
      "type": "Feature",
      "properties": {
        "weight": 1.0,
        "area_sqm": 2702.2,
        "radius_m": 29.3
      },
      "geometry": {
        "type": "Point",
        "coordinates": [
          -2.962171361904762,
          43.2670762952381
        ]
      }
    },
    {
      "type": "Feature",
      "properties": {
        "weight": 1.0,
        "area_sqm": 1038.0,
        "radius_m": 18.2
      },
      "geometry": {
        "type": "Point",
        "coordinates": [
          -2.9195097833333334,
          43.26715116666667
        ]
      }
    },
    {
      "type": "Feature",
      "properties": {
        "weight": 1.0,
        "area_sqm": 103.9,
        "radius_m": 5.8
      },
      "geometry": {
        "type": "Point",
        "coordinates": [
          -2.96254245,
          43.2673443875
        ]
      }
    },
    {
      "type": "Feature",
      "properties": {
        "weight": 1.0,
        "area_sqm": 2073.7,
        "radius_m": 25.7
      },
      "geometry": {
        "type": "Point",
        "coordinates": [
          -2.917640711764706,
          43.2678601
        ]
      }
    },
    {
      "type": "Feature",
      "properties": {
        "weight": 1.0,
        "area_sqm": 9258.4,
        "radius_m": 54.3
      },
      "geometry": {
        "type": "Point",
        "coordinates": [
          -2.936416315625,
          43.2679083625
        ]
      }
    },
    {
      "type": "Feature",
      "properties": {
        "weight": 1.0,
        "area_sqm": 15987.6,
        "radius_m": 71.3
      },
      "geometry": {
        "type": "Point",
        "coordinates": [
          -2.9385835,
          43.2679741880597
        ]
      }
    },
    {
      "type": "Feature",
      "properties": {
        "weight": 1.0,
        "area_sqm": 90.3,
        "radius_m": 5.4
      },
      "geometry": {
        "type": "Point",
        "coordinates": [
          -2.9174707714285715,
          43.2679821
        ]
      }
    },
    {
      "type": "Feature",
      "properties": {
        "weight": 1.0,
        "area_sqm": 572.5,
        "radius_m": 13.5
      },
      "geometry": {
        "type": "Point",
        "coordinates": [
          -2.918616805,
          43.26816546
        ]
      }
    },
    {
      "type": "Feature",
      "properties": {
        "weight": 1.0,
        "area_sqm": 3284.2,
        "radius_m": 32.3
      },
      "geometry": {
        "type": "Point",
        "coordinates": [
          -2.9603357315789474,
          43.268199442105264
        ]
      }
    },
    {
      "type": "Feature",
      "properties": {
        "weight": 1.0,
        "area_sqm": 9191.7,
        "radius_m": 54.1
      },
      "geometry": {
        "type": "Point",
        "coordinates": [
          -2.941984010909091,
          43.268235225454546
        ]
      }
    },
    {
      "type": "Feature",
      "properties": {
        "weight": 1.0,
        "area_sqm": 5311.7,
        "radius_m": 41.1
      },
      "geometry": {
        "type": "Point",
        "coordinates": [
          -2.935805115789474,
          43.26897618421053
        ]
      }
    },
    {
      "type": "Feature",
      "properties": {
        "weight": 1.0,
        "area_sqm": 326.5,
        "radius_m": 10.2
      },
      "geometry": {
        "type": "Point",
        "coordinates": [
          -2.9976901846153847,
          43.269208407692304
        ]
      }
    },
    {
      "type": "Feature",
      "properties": {
        "weight": 1.0,
        "area_sqm": 2472.3,
        "radius_m": 28.1
      },
      "geometry": {
        "type": "Point",
        "coordinates": [
          -2.930019366666667,
          43.26943914666666
        ]
      }
    },
    {
      "type": "Feature",
      "properties": {
        "weight": 1.0,
        "area_sqm": 3583.1,
        "radius_m": 33.8
      },
      "geometry": {
        "type": "Point",
        "coordinates": [
          -2.922880986956522,
          43.269473491304346
        ]
      }
    },
    {
      "type": "Feature",
      "properties": {
        "weight": 1.0,
        "area_sqm": 4059.6,
        "radius_m": 35.9
      },
      "geometry": {
        "type": "Point",
        "coordinates": [
          -2.922130090909091,
          43.269955438636366
        ]
      }
    },
    {
      "type": "Feature",
      "properties": {
        "weight": 1.0,
        "area_sqm": 8271.0,
        "radius_m": 51.3
      },
      "geometry": {
        "type": "Point",
        "coordinates": [
          -2.9213857513513513,
          43.270724318918916
        ]
      }
    },
    {
      "type": "Feature",
      "properties": {
        "weight": 1.0,
        "area_sqm": 9663.5,
        "radius_m": 55.5
      },
      "geometry": {
        "type": "Point",
        "coordinates": [
          -2.9712963128205128,
          43.27145123589744
        ]
      }
    },
    {
      "type": "Feature",
      "properties": {
        "weight": 1.0,
        "area_sqm": 20271.3,
        "radius_m": 80.3
      },
      "geometry": {
        "type": "Point",
        "coordinates": [
          -2.972792444680851,
          43.271519534042554
        ]
      }
    },
    {
      "type": "Feature",
      "properties": {
        "weight": 1.0,
        "area_sqm": 4538.5,
        "radius_m": 38.0
      },
      "geometry": {
        "type": "Point",
        "coordinates": [
          -2.94473095,
          43.272130225
        ]
      }
    },
    {
      "type": "Feature",
      "properties": {
        "weight": 1.0,
        "area_sqm": 11113.7,
        "radius_m": 59.5
      },
      "geometry": {
        "type": "Point",
        "coordinates": [
          -2.956094134782609,
          43.27227336956521
        ]
      }
    },
    {
      "type": "Feature",
      "properties": {
        "weight": 1.0,
        "area_sqm": 3946.7,
        "radius_m": 35.4
      },
      "geometry": {
        "type": "Point",
        "coordinates": [
          -2.9592221625,
          43.272516775
        ]
      }
    },
    {
      "type": "Feature",
      "properties": {
        "weight": 1.0,
        "area_sqm": 38814.3,
        "radius_m": 111.2,
        "id": 46927920,
        "hasDetails": true,
        "name": "Sarrikoko parkea",
        "wikidata": "Q11703620",
        "wikipedia": "eu:Sarriko parkea"
      },
      "geometry": {
        "type": "Point",
        "coordinates": [
          -2.9578462486486488,
          43.27254069189189
        ]
      }
    },
    {
      "type": "Feature",
      "properties": {
        "weight": 1.0,
        "area_sqm": 17134.0,
        "radius_m": 73.9
      },
      "geometry": {
        "type": "Point",
        "coordinates": [
          -2.9522029027027026,
          43.2726751
        ]
      }
    },
    {
      "type": "Feature",
      "properties": {
        "weight": 1.0,
        "area_sqm": 4718.1,
        "radius_m": 38.8
      },
      "geometry": {
        "type": "Point",
        "coordinates": [
          -2.9711398675000003,
          43.27269165
        ]
      }
    },
    {
      "type": "Feature",
      "properties": {
        "weight": 1.0,
        "area_sqm": 5281.3,
        "radius_m": 41.0
      },
      "geometry": {
        "type": "Point",
        "coordinates": [
          -2.9434535866666662,
          43.273207279999994
        ]
      }
    },
    {
      "type": "Feature",
      "properties": {
        "weight": 1.0,
        "area_sqm": 406.9,
        "radius_m": 11.4
      },
      "geometry": {
        "type": "Point",
        "coordinates": [
          -2.971252423076923,
          43.27323413846154
        ]
      }
    },
    {
      "type": "Feature",
      "properties": {
        "weight": 1.0,
        "area_sqm": 6063.6,
        "radius_m": 43.9
      },
      "geometry": {
        "type": "Point",
        "coordinates": [
          -2.9285481805555555,
          43.27333018611111
        ]
      }
    },
    {
      "type": "Feature",
      "properties": {
        "weight": 1.0,
        "area_sqm": 1206.1,
        "radius_m": 19.6
      },
      "geometry": {
        "type": "Point",
        "coordinates": [
          -2.9593592454545457,
          43.273350854545455
        ]
      }
    },
    {
      "type": "Feature",
      "properties": {
        "weight": 1.0,
        "area_sqm": 41462.8,
        "radius_m": 114.9
      },
      "geometry": {
        "type": "Point",
        "coordinates": [
          -2.9479445579710144,
          43.27357453478261
        ]
      }
    },
    {
      "type": "Feature",
      "properties": {
        "weight": 1.0,
        "area_sqm": 3462.0,
        "radius_m": 33.2
      },
      "geometry": {
        "type": "Point",
        "coordinates": [
          -2.961414042857143,
          43.274403428571425
        ]
      }
    },
    {
      "type": "Feature",
      "properties": {
        "weight": 1.0,
        "area_sqm": 12005.1,
        "radius_m": 61.8
      },
      "geometry": {
        "type": "Point",
        "coordinates": [
          -2.9215637594594592,
          43.27444846486486
        ]
      }
    },
    {
      "type": "Feature",
      "properties": {
        "weight": 1.0,
        "area_sqm": 27651.2,
        "radius_m": 93.8
      },
      "geometry": {
        "type": "Point",
        "coordinates": [
          -2.9183521739130436,
          43.275091321739126
        ]
      }
    },
    {
      "type": "Feature",
      "properties": {
        "weight": 1.0,
        "area_sqm": 7342.4,
        "radius_m": 48.3
      },
      "geometry": {
        "type": "Point",
        "coordinates": [
          -2.95857378,
          43.27533713333333
        ]
      }
    },
    {
      "type": "Feature",
      "properties": {
        "weight": 1.0,
        "area_sqm": 4744.4,
        "radius_m": 38.9
      },
      "geometry": {
        "type": "Point",
        "coordinates": [
          -2.973267058333333,
          43.275462625
        ]
      }
    },
    {
      "type": "Feature",
      "properties": {
        "weight": 1.0,
        "area_sqm": 6995.0,
        "radius_m": 47.2
      },
      "geometry": {
        "type": "Point",
        "coordinates": [
          -2.9517455035714284,
          43.27592263928572
        ]
      }
    },
    {
      "type": "Feature",
      "properties": {
        "weight": 1.0,
        "area_sqm": 1329.9,
        "radius_m": 20.6
      },
      "geometry": {
        "type": "Point",
        "coordinates": [
          -2.95519448125,
          43.2760057125
        ]
      }
    },
    {
      "type": "Feature",
      "properties": {
        "weight": 1.0,
        "area_sqm": 44256.1,
        "radius_m": 118.7
      },
      "geometry": {
        "type": "Point",
        "coordinates": [
          -3.0271641722222222,
          43.27640973888889
        ]
      }
    },
    {
      "type": "Feature",
      "properties": {
        "weight": 1.0,
        "area_sqm": 26529.7,
        "radius_m": 91.9
      },
      "geometry": {
        "type": "Point",
        "coordinates": [
          -2.9754497877551023,
          43.27669533061225
        ]
      }
    },
    {
      "type": "Feature",
      "properties": {
        "weight": 1.0,
        "area_sqm": 7235.0,
        "radius_m": 48.0
      },
      "geometry": {
        "type": "Point",
        "coordinates": [
          -2.9709910607142858,
          43.27748711785715
        ]
      }
    },
    {
      "type": "Feature",
      "properties": {
        "weight": 1.0,
        "area_sqm": 13527.7,
        "radius_m": 65.6
      },
      "geometry": {
        "type": "Point",
        "coordinates": [
          -2.929320094736842,
          43.27752322368421
        ]
      }
    },
    {
      "type": "Feature",
      "properties": {
        "weight": 1.0,
        "area_sqm": 1023.5,
        "radius_m": 18.0
      },
      "geometry": {
        "type": "Point",
        "coordinates": [
          -2.9615881833333333,
          43.277625433333334
        ]
      }
    },
    {
      "type": "Feature",
      "properties": {
        "weight": 1.0,
        "area_sqm": 12929.0,
        "radius_m": 64.2
      },
      "geometry": {
        "type": "Point",
        "coordinates": [
          -2.9168695799999997,
          43.2777007
        ]
      }
    },
    {
      "type": "Feature",
      "properties": {
        "weight": 1.0,
        "area_sqm": 3102.6,
        "radius_m": 31.4
      },
      "geometry": {
        "type": "Point",
        "coordinates": [
          -2.963896891803279,
          43.2777681647541
        ]
      }
    },
    {
      "type": "Feature",
      "properties": {
        "weight": 1.0,
        "area_sqm": 2883.7,
        "radius_m": 30.3
      },
      "geometry": {
        "type": "Point",
        "coordinates": [
          -2.9471839083333333,
          43.27816635833333
        ]
      }
    },
    {
      "type": "Feature",
      "properties": {
        "weight": 1.0,
        "area_sqm": 1027.0,
        "radius_m": 18.1
      },
      "geometry": {
        "type": "Point",
        "coordinates": [
          -2.96186614,
          43.2781779
        ]
      }
    },
    {
      "type": "Feature",
      "properties": {
        "weight": 1.0,
        "area_sqm": 2697.6,
        "radius_m": 29.3
      },
      "geometry": {
        "type": "Point",
        "coordinates": [
          -2.98658926,
          43.27898121
        ]
      }
    },
    {
      "type": "Feature",
      "properties": {
        "weight": 1.0,
        "area_sqm": 609.3,
        "radius_m": 13.9
      },
      "geometry": {
        "type": "Point",
        "coordinates": [
          -2.987038275,
          43.2791817625
        ]
      }
    },
    {
      "type": "Feature",
      "properties": {
        "weight": 1.0,
        "area_sqm": 226295.9,
        "radius_m": 268.4
      },
      "geometry": {
        "type": "Point",
        "coordinates": [
          -2.9915424380434783,
          43.27936084782609
        ]
      }
    },
    {
      "type": "Feature",
      "properties": {
        "weight": 1.0,
        "area_sqm": 17150.1,
        "radius_m": 73.9
      },
      "geometry": {
        "type": "Point",
        "coordinates": [
          -2.9863549329113925,
          43.27939214050633
        ]
      }
    },
    {
      "type": "Feature",
      "properties": {
        "weight": 1.0,
        "area_sqm": 612.3,
        "radius_m": 14.0
      },
      "geometry": {
        "type": "Point",
        "coordinates": [
          -2.962656242857143,
          43.27945415714286
        ]
      }
    },
    {
      "type": "Feature",
      "properties": {
        "weight": 1.0,
        "area_sqm": 910.8,
        "radius_m": 17.0
      },
      "geometry": {
        "type": "Point",
        "coordinates": [
          -2.978742845,
          43.279713445
        ]
      }
    },
    {
      "type": "Feature",
      "properties": {
        "weight": 1.0,
        "area_sqm": 11944.0,
        "radius_m": 61.7
      },
      "geometry": {
        "type": "Point",
        "coordinates": [
          -2.973822777777778,
          43.279882344444445
        ]
      }
    },
    {
      "type": "Feature",
      "properties": {
        "weight": 1.0,
        "area_sqm": 597.9,
        "radius_m": 13.8
      },
      "geometry": {
        "type": "Point",
        "coordinates": [
          -2.96287992,
          43.27990004
        ]
      }
    },
    {
      "type": "Feature",
      "properties": {
        "weight": 1.0,
        "area_sqm": 2051.4,
        "radius_m": 25.6
      },
      "geometry": {
        "type": "Point",
        "coordinates": [
          -2.96459786,
          43.280440500000005
        ]
      }
    },
    {
      "type": "Feature",
      "properties": {
        "weight": 1.0,
        "area_sqm": 984.2,
        "radius_m": 17.7
      },
      "geometry": {
        "type": "Point",
        "coordinates": [
          -2.96355334,
          43.28110306
        ]
      }
    },
    {
      "type": "Feature",
      "properties": {
        "weight": 1.0,
        "area_sqm": 2378.8,
        "radius_m": 27.5
      },
      "geometry": {
        "type": "Point",
        "coordinates": [
          -2.983574907692308,
          43.28115876153846
        ]
      }
    },
    {
      "type": "Feature",
      "properties": {
        "weight": 1.0,
        "area_sqm": 1012.7,
        "radius_m": 18.0
      },
      "geometry": {
        "type": "Point",
        "coordinates": [
          -2.96384048,
          43.28169844
        ]
      }
    },
    {
      "type": "Feature",
      "properties": {
        "weight": 1.0,
        "area_sqm": 1692.1,
        "radius_m": 23.2
      },
      "geometry": {
        "type": "Point",
        "coordinates": [
          -2.979533066666667,
          43.28180535833334
        ]
      }
    },
    {
      "type": "Feature",
      "properties": {
        "weight": 1.0,
        "area_sqm": 20149.0,
        "radius_m": 80.1
      },
      "geometry": {
        "type": "Point",
        "coordinates": [
          -2.9644261375,
          43.2831971046875
        ]
      }
    },
    {
      "type": "Feature",
      "properties": {
        "weight": 1.0,
        "area_sqm": 12649.7,
        "radius_m": 63.5
      },
      "geometry": {
        "type": "Point",
        "coordinates": [
          -2.8674353100000003,
          43.28320834
        ]
      }
    },
    {
      "type": "Feature",
      "properties": {
        "weight": 1.0,
        "area_sqm": 2981.0,
        "radius_m": 30.8
      },
      "geometry": {
        "type": "Point",
        "coordinates": [
          -2.9966375666666667,
          43.28403260666666
        ]
      }
    },
    {
      "type": "Feature",
      "properties": {
        "weight": 1.0,
        "area_sqm": 58517.7,
        "radius_m": 136.5
      },
      "geometry": {
        "type": "Point",
        "coordinates": [
          -2.9785915687499998,
          43.28431931666666
        ]
      }
    },
    {
      "type": "Feature",
      "properties": {
        "weight": 1.0,
        "area_sqm": 9350.5,
        "radius_m": 54.6
      },
      "geometry": {
        "type": "Point",
        "coordinates": [
          -2.867176561904762,
          43.28475999285714
        ]
      }
    },
    {
      "type": "Feature",
      "properties": {
        "weight": 1.0,
        "area_sqm": 6737.3,
        "radius_m": 46.3
      },
      "geometry": {
        "type": "Point",
        "coordinates": [
          -2.993564794444444,
          43.284833150000004
        ]
      }
    },
    {
      "type": "Feature",
      "properties": {
        "weight": 1.0,
        "area_sqm": 509436.7,
        "radius_m": 402.7
      },
      "geometry": {
        "type": "Point",
        "coordinates": [
          -3.048763415333333,
          43.284905482666666
        ]
      }
    },
    {
      "type": "Feature",
      "properties": {
        "weight": 1.0,
        "area_sqm": 4396.3,
        "radius_m": 37.4
      },
      "geometry": {
        "type": "Point",
        "coordinates": [
          -2.9971219714285717,
          43.28499157142857
        ]
      }
    },
    {
      "type": "Feature",
      "properties": {
        "weight": 1.0,
        "area_sqm": 99.5,
        "radius_m": 5.6
      },
      "geometry": {
        "type": "Point",
        "coordinates": [
          -2.99239754,
          43.285181980000004
        ]
      }
    },
    {
      "type": "Feature",
      "properties": {
        "weight": 1.0,
        "area_sqm": 104.2,
        "radius_m": 5.8
      },
      "geometry": {
        "type": "Point",
        "coordinates": [
          -2.99226518,
          43.28524628
        ]
      }
    },
    {
      "type": "Feature",
      "properties": {
        "weight": 1.0,
        "area_sqm": 3704.2,
        "radius_m": 34.3
      },
      "geometry": {
        "type": "Point",
        "coordinates": [
          -2.980999513636364,
          43.285371590909094
        ]
      }
    },
    {
      "type": "Feature",
      "properties": {
        "weight": 1.0,
        "area_sqm": 2840.4,
        "radius_m": 30.1
      },
      "geometry": {
        "type": "Point",
        "coordinates": [
          -2.9763045249999998,
          43.28555428333333
        ]
      }
    },
    {
      "type": "Feature",
      "properties": {
        "weight": 1.0,
        "area_sqm": 378.2,
        "radius_m": 11.0
      },
      "geometry": {
        "type": "Point",
        "coordinates": [
          -2.993697869230769,
          43.2856964
        ]
      }
    },
    {
      "type": "Feature",
      "properties": {
        "weight": 1.0,
        "area_sqm": 20680.1,
        "radius_m": 81.1
      },
      "geometry": {
        "type": "Point",
        "coordinates": [
          -2.9896841,
          43.286065458024694
        ]
      }
    },
    {
      "type": "Feature",
      "properties": {
        "weight": 1.0,
        "area_sqm": 16145.5,
        "radius_m": 71.7
      },
      "geometry": {
        "type": "Point",
        "coordinates": [
          -2.9774719774193548,
          43.2861093516129
        ]
      }
    },
    {
      "type": "Feature",
      "properties": {
        "weight": 1.0,
        "area_sqm": 5913.4,
        "radius_m": 43.4
      },
      "geometry": {
        "type": "Point",
        "coordinates": [
          -2.998811627272727,
          43.28627224545455
        ]
      }
    },
    {
      "type": "Feature",
      "properties": {
        "weight": 1.0,
        "area_sqm": 1889.4,
        "radius_m": 24.5
      },
      "geometry": {
        "type": "Point",
        "coordinates": [
          -2.99716614,
          43.286399919999994
        ]
      }
    },
    {
      "type": "Feature",
      "properties": {
        "weight": 1.0,
        "area_sqm": 15900.5,
        "radius_m": 71.1
      },
      "geometry": {
        "type": "Point",
        "coordinates": [
          -2.885274165517241,
          43.28648818275862
        ]
      }
    },
    {
      "type": "Feature",
      "properties": {
        "weight": 1.0,
        "area_sqm": 992.0,
        "radius_m": 17.8
      },
      "geometry": {
        "type": "Point",
        "coordinates": [
          -2.987718257142857,
          43.28671995714286
        ]
      }
    },
    {
      "type": "Feature",
      "properties": {
        "weight": 1.0,
        "area_sqm": 96.9,
        "radius_m": 5.6
      },
      "geometry": {
        "type": "Point",
        "coordinates": [
          -2.9875247000000003,
          43.28724592857143
        ]
      }
    },
    {
      "type": "Feature",
      "properties": {
        "weight": 1.0,
        "area_sqm": 122.5,
        "radius_m": 6.2
      },
      "geometry": {
        "type": "Point",
        "coordinates": [
          -2.98758794,
          43.28734914
        ]
      }
    },
    {
      "type": "Feature",
      "properties": {
        "weight": 1.0,
        "area_sqm": 43817.7,
        "radius_m": 118.1
      },
      "geometry": {
        "type": "Point",
        "coordinates": [
          -2.9959864933333336,
          43.28737630666667
        ]
      }
    },
    {
      "type": "Feature",
      "properties": {
        "weight": 1.0,
        "area_sqm": 43573.4,
        "radius_m": 117.8
      },
      "geometry": {
        "type": "Point",
        "coordinates": [
          -2.9833565794871792,
          43.287657508547014
        ]
      }
    },
    {
      "type": "Feature",
      "properties": {
        "weight": 1.0,
        "area_sqm": 391.5,
        "radius_m": 11.2
      },
      "geometry": {
        "type": "Point",
        "coordinates": [
          -2.987334457142857,
          43.287935757142854
        ]
      }
    },
    {
      "type": "Feature",
      "properties": {
        "weight": 1.0,
        "area_sqm": 43680.7,
        "radius_m": 117.9
      },
      "geometry": {
        "type": "Point",
        "coordinates": [
          -2.978413295652174,
          43.288364030434785
        ]
      }
    },
    {
      "type": "Feature",
      "properties": {
        "weight": 1.0,
        "area_sqm": 12111.0,
        "radius_m": 62.1
      },
      "geometry": {
        "type": "Point",
        "coordinates": [
          -2.9965590705882352,
          43.28840491764706
        ]
      }
    },
    {
      "type": "Feature",
      "properties": {
        "weight": 1.0,
        "area_sqm": 125.3,
        "radius_m": 6.3
      },
      "geometry": {
        "type": "Point",
        "coordinates": [
          -2.98774248,
          43.28883704
        ]
      }
    },
    {
      "type": "Feature",
      "properties": {
        "weight": 1.0,
        "area_sqm": 254.8,
        "radius_m": 9.0
      },
      "geometry": {
        "type": "Point",
        "coordinates": [
          -2.993404088888889,
          43.28906235555556
        ]
      }
    },
    {
      "type": "Feature",
      "properties": {
        "weight": 1.0,
        "area_sqm": 102.2,
        "radius_m": 5.7
      },
      "geometry": {
        "type": "Point",
        "coordinates": [
          -2.9977465899999998,
          43.289082885
        ]
      }
    },
    {
      "type": "Feature",
      "properties": {
        "weight": 1.0,
        "area_sqm": 105.9,
        "radius_m": 5.8
      },
      "geometry": {
        "type": "Point",
        "coordinates": [
          -2.9877853,
          43.28919732
        ]
      }
    },
    {
      "type": "Feature",
      "properties": {
        "weight": 1.0,
        "area_sqm": 2562.2,
        "radius_m": 28.6
      },
      "geometry": {
        "type": "Point",
        "coordinates": [
          -2.993254682608696,
          43.28927766521739
        ]
      }
    },
    {
      "type": "Feature",
      "properties": {
        "weight": 1.0,
        "area_sqm": 523.2,
        "radius_m": 12.9
      },
      "geometry": {
        "type": "Point",
        "coordinates": [
          -2.9965922538461536,
          43.289435492307696
        ]
      }
    },
    {
      "type": "Feature",
      "properties": {
        "weight": 1.0,
        "area_sqm": 97.6,
        "radius_m": 5.6
      },
      "geometry": {
        "type": "Point",
        "coordinates": [
          -2.98742405,
          43.28949981666667
        ]
      }
    },
    {
      "type": "Feature",
      "properties": {
        "weight": 1.0,
        "area_sqm": 533.7,
        "radius_m": 13.0
      },
      "geometry": {
        "type": "Point",
        "coordinates": [
          -2.996665061538461,
          43.289530423076926
        ]
      }
    },
    {
      "type": "Feature",
      "properties": {
        "weight": 1.0,
        "area_sqm": 108.3,
        "radius_m": 5.9
      },
      "geometry": {
        "type": "Point",
        "coordinates": [
          -2.98772078,
          43.28964612
        ]
      }
    },
    {
      "type": "Feature",
      "properties": {
        "weight": 1.0,
        "area_sqm": 158.2,
        "radius_m": 7.1
      },
      "geometry": {
        "type": "Point",
        "coordinates": [
          -2.995848061904762,
          43.28972397142857
        ]
      }
    },
    {
      "type": "Feature",
      "properties": {
        "weight": 1.0,
        "area_sqm": 53534.2,
        "radius_m": 130.5
      },
      "geometry": {
        "type": "Point",
        "coordinates": [
          -3.001790414893617,
          43.28981963829787
        ]
      }
    },
    {
      "type": "Feature",
      "properties": {
        "weight": 1.0,
        "area_sqm": 141.1,
        "radius_m": 6.7
      },
      "geometry": {
        "type": "Point",
        "coordinates": [
          -2.9938023444444446,
          43.289895200000004
        ]
      }
    },
    {
      "type": "Feature",
      "properties": {
        "weight": 1.0,
        "area_sqm": 1837.5,
        "radius_m": 24.2
      },
      "geometry": {
        "type": "Point",
        "coordinates": [
          -2.9951345199999997,
          43.28997666
        ]
      }
    },
    {
      "type": "Feature",
      "properties": {
        "weight": 1.0,
        "area_sqm": 251.7,
        "radius_m": 9.0
      },
      "geometry": {
        "type": "Point",
        "coordinates": [
          -2.9986386,
          43.290414475
        ]
      }
    },
    {
      "type": "Feature",
      "properties": {
        "weight": 1.0,
        "area_sqm": 9296.1,
        "radius_m": 54.4
      },
      "geometry": {
        "type": "Point",
        "coordinates": [
          -2.9885499590909093,
          43.290428095454544
        ]
      }
    },
    {
      "type": "Feature",
      "properties": {
        "weight": 1.0,
        "area_sqm": 32.9,
        "radius_m": 3.2
      },
      "geometry": {
        "type": "Point",
        "coordinates": [
          -2.9922352400000003,
          43.29057464
        ]
      }
    },
    {
      "type": "Feature",
      "properties": {
        "weight": 1.0,
        "area_sqm": 416.5,
        "radius_m": 11.5
      },
      "geometry": {
        "type": "Point",
        "coordinates": [
          -2.99160788,
          43.29071269
        ]
      }
    },
    {
      "type": "Feature",
      "properties": {
        "weight": 1.0,
        "area_sqm": 3088.5,
        "radius_m": 31.4
      },
      "geometry": {
        "type": "Point",
        "coordinates": [
          -2.9614888560000003,
          43.29076562
        ]
      }
    },
    {
      "type": "Feature",
      "properties": {
        "weight": 1.0,
        "area_sqm": 1698.7,
        "radius_m": 23.3
      },
      "geometry": {
        "type": "Point",
        "coordinates": [
          -2.997821611111111,
          43.29076823333334
        ]
      }
    },
    {
      "type": "Feature",
      "properties": {
        "weight": 1.0,
        "area_sqm": 1501.7,
        "radius_m": 21.9
      },
      "geometry": {
        "type": "Point",
        "coordinates": [
          -2.991192225,
          43.2907765625
        ]
      }
    },
    {
      "type": "Feature",
      "properties": {
        "weight": 1.0,
        "area_sqm": 11824.0,
        "radius_m": 61.3
      },
      "geometry": {
        "type": "Point",
        "coordinates": [
          -3.0450312454545454,
          43.290881636363636
        ]
      }
    },
    {
      "type": "Feature",
      "properties": {
        "weight": 1.0,
        "area_sqm": 2612.4,
        "radius_m": 28.8
      },
      "geometry": {
        "type": "Point",
        "coordinates": [
          -2.9992934399999998,
          43.29092132
        ]
      }
    },
    {
      "type": "Feature",
      "properties": {
        "weight": 1.0,
        "area_sqm": 556.2,
        "radius_m": 13.3
      },
      "geometry": {
        "type": "Point",
        "coordinates": [
          -2.9902029800000003,
          43.29092634
        ]
      }
    },
    {
      "type": "Feature",
      "properties": {
        "weight": 1.0,
        "area_sqm": 846.6,
        "radius_m": 16.4
      },
      "geometry": {
        "type": "Point",
        "coordinates": [
          -2.9923399782608695,
          43.29103000869565
        ]
      }
    },
    {
      "type": "Feature",
      "properties": {
        "weight": 1.0,
        "area_sqm": 510.4,
        "radius_m": 12.7
      },
      "geometry": {
        "type": "Point",
        "coordinates": [
          -2.99279788,
          43.29108194
        ]
      }
    },
    {
      "type": "Feature",
      "properties": {
        "weight": 1.0,
        "area_sqm": 3074.8,
        "radius_m": 31.3
      },
      "geometry": {
        "type": "Point",
        "coordinates": [
          -2.962505757142857,
          43.29111832857143
        ]
      }
    },
    {
      "type": "Feature",
      "properties": {
        "weight": 1.0,
        "area_sqm": 425.4,
        "radius_m": 11.6
      },
      "geometry": {
        "type": "Point",
        "coordinates": [
          -2.9701364555555556,
          43.29124708888889
        ]
      }
    },
    {
      "type": "Feature",
      "properties": {
        "weight": 1.0,
        "area_sqm": 2202.8,
        "radius_m": 26.5
      },
      "geometry": {
        "type": "Point",
        "coordinates": [
          -2.99122535,
          43.291353404545454
        ]
      }
    },
    {
      "type": "Feature",
      "properties": {
        "weight": 1.0,
        "area_sqm": 1963.6,
        "radius_m": 25.0
      },
      "geometry": {
        "type": "Point",
        "coordinates": [
          -2.925102961111111,
          43.29153118888889
        ]
      }
    },
    {
      "type": "Feature",
      "properties": {
        "weight": 1.0,
        "area_sqm": 2289.2,
        "radius_m": 27.0
      },
      "geometry": {
        "type": "Point",
        "coordinates": [
          -3.008343495,
          43.29166634
        ]
      }
    },
    {
      "type": "Feature",
      "properties": {
        "weight": 1.0,
        "area_sqm": 1126.7,
        "radius_m": 18.9
      },
      "geometry": {
        "type": "Point",
        "coordinates": [
          -2.9370992125,
          43.29168188125
        ]
      }
    },
    {
      "type": "Feature",
      "properties": {
        "weight": 1.0,
        "area_sqm": 2723.8,
        "radius_m": 29.4
      },
      "geometry": {
        "type": "Point",
        "coordinates": [
          -2.990011865,
          43.291693445
        ]
      }
    },
    {
      "type": "Feature",
      "properties": {
        "weight": 1.0,
        "area_sqm": 3722.3,
        "radius_m": 34.4
      },
      "geometry": {
        "type": "Point",
        "coordinates": [
          -2.987729759375,
          43.29179334375
        ]
      }
    },
    {
      "type": "Feature",
      "properties": {
        "weight": 1.0,
        "area_sqm": 8523.2,
        "radius_m": 52.1
      },
      "geometry": {
        "type": "Point",
        "coordinates": [
          -2.988813772222222,
          43.29189333333333
        ]
      }
    },
    {
      "type": "Feature",
      "properties": {
        "weight": 1.0,
        "area_sqm": 6369.1,
        "radius_m": 45.0
      },
      "geometry": {
        "type": "Point",
        "coordinates": [
          -2.9874742149999998,
          43.292155345
        ]
      }
    },
    {
      "type": "Feature",
      "properties": {
        "weight": 1.0,
        "area_sqm": 41256.7,
        "radius_m": 114.6
      },
      "geometry": {
        "type": "Point",
        "coordinates": [
          -2.894216475,
          43.292258367857144
        ]
      }
    },
    {
      "type": "Feature",
      "properties": {
        "weight": 1.0,
        "area_sqm": 3389.6,
        "radius_m": 32.8
      },
      "geometry": {
        "type": "Point",
        "coordinates": [
          -2.95278181875,
          43.29229369375
        ]
      }
    },
    {
      "type": "Feature",
      "properties": {
        "weight": 1.0,
        "area_sqm": 155289.1,
        "radius_m": 222.3
      },
      "geometry": {
        "type": "Point",
        "coordinates": [
          -3.0440010052941173,
          43.29234232529412
        ]
      }
    },
    {
      "type": "Feature",
      "properties": {
        "weight": 1.0,
        "area_sqm": 427.0,
        "radius_m": 11.7
      },
      "geometry": {
        "type": "Point",
        "coordinates": [
          -2.991431325,
          43.2923529375
        ]
      }
    },
    {
      "type": "Feature",
      "properties": {
        "weight": 1.0,
        "area_sqm": 26163.9,
        "radius_m": 91.3
      },
      "geometry": {
        "type": "Point",
        "coordinates": [
          -2.998327584848485,
          43.29253978787879
        ]
      }
    },
    {
      "type": "Feature",
      "properties": {
        "weight": 1.0,
        "area_sqm": 10518.9,
        "radius_m": 57.9
      },
      "geometry": {
        "type": "Point",
        "coordinates": [
          -2.9851355416666667,
          43.29260421666667
        ]
      }
    },
    {
      "type": "Feature",
      "properties": {
        "weight": 1.0,
        "area_sqm": 1775.4,
        "radius_m": 23.8
      },
      "geometry": {
        "type": "Point",
        "coordinates": [
          -2.9842786375,
          43.29324115
        ]
      }
    },
    {
      "type": "Feature",
      "properties": {
        "weight": 1.0,
        "area_sqm": 1511.0,
        "radius_m": 21.9
      },
      "geometry": {
        "type": "Point",
        "coordinates": [
          -2.988786222222222,
          43.29328747777778
        ]
      }
    },
    {
      "type": "Feature",
      "properties": {
        "weight": 1.0,
        "area_sqm": 3576.1,
        "radius_m": 33.7
      },
      "geometry": {
        "type": "Point",
        "coordinates": [
          -2.999151138461538,
          43.293417861538465
        ]
      }
    },
    {
      "type": "Feature",
      "properties": {
        "weight": 1.0,
        "area_sqm": 44120.2,
        "radius_m": 118.5
      },
      "geometry": {
        "type": "Point",
        "coordinates": [
          -2.884780197368421,
          43.29342209473684
        ]
      }
    },
    {
      "type": "Feature",
      "properties": {
        "weight": 1.0,
        "area_sqm": 48015.9,
        "radius_m": 123.6
      },
      "geometry": {
        "type": "Point",
        "coordinates": [
          -2.9925349953125,
          43.2937574265625
        ]
      }
    },
    {
      "type": "Feature",
      "properties": {
        "weight": 1.0,
        "area_sqm": 467.8,
        "radius_m": 12.2
      },
      "geometry": {
        "type": "Point",
        "coordinates": [
          -2.9251266874999997,
          43.293799325
        ]
      }
    },
    {
      "type": "Feature",
      "properties": {
        "weight": 1.0,
        "area_sqm": 4355.9,
        "radius_m": 37.2
      },
      "geometry": {
        "type": "Point",
        "coordinates": [
          -2.988517807142857,
          43.293805767857144
        ]
      }
    },
    {
      "type": "Feature",
      "properties": {
        "weight": 1.0,
        "area_sqm": 1986.5,
        "radius_m": 25.1
      },
      "geometry": {
        "type": "Point",
        "coordinates": [
          -3.0002869133333334,
          43.294418459999996
        ]
      }
    },
    {
      "type": "Feature",
      "properties": {
        "weight": 1.0,
        "area_sqm": 39.2,
        "radius_m": 3.5
      },
      "geometry": {
        "type": "Point",
        "coordinates": [
          -2.8700457,
          43.29475386
        ]
      }
    },
    {
      "type": "Feature",
      "properties": {
        "weight": 1.0,
        "area_sqm": 13133.7,
        "radius_m": 64.7
      },
      "geometry": {
        "type": "Point",
        "coordinates": [
          -2.9322543684210522,
          43.294990778947366
        ]
      }
    },
    {
      "type": "Feature",
      "properties": {
        "weight": 1.0,
        "area_sqm": 6775.6,
        "radius_m": 46.4
      },
      "geometry": {
        "type": "Point",
        "coordinates": [
          -2.9961778814814815,
          43.295230133333334
        ]
      }
    },
    {
      "type": "Feature",
      "properties": {
        "weight": 1.0,
        "area_sqm": 1332.0,
        "radius_m": 20.6
      },
      "geometry": {
        "type": "Point",
        "coordinates": [
          -2.998280675,
          43.295287737500004
        ]
      }
    },
    {
      "type": "Feature",
      "properties": {
        "weight": 1.0,
        "area_sqm": 50891.4,
        "radius_m": 127.3
      },
      "geometry": {
        "type": "Point",
        "coordinates": [
          -2.982478660714286,
          43.295620469642856
        ]
      }
    },
    {
      "type": "Feature",
      "properties": {
        "weight": 1.0,
        "area_sqm": 1422.2,
        "radius_m": 21.3
      },
      "geometry": {
        "type": "Point",
        "coordinates": [
          -2.99765972,
          43.296054420000004
        ]
      }
    },
    {
      "type": "Feature",
      "properties": {
        "weight": 1.0,
        "area_sqm": 3284.4,
        "radius_m": 32.3
      },
      "geometry": {
        "type": "Point",
        "coordinates": [
          -3.037644790625,
          43.296215340625
        ]
      }
    },
    {
      "type": "Feature",
      "properties": {
        "weight": 1.0,
        "area_sqm": 12468.9,
        "radius_m": 63.0
      },
      "geometry": {
        "type": "Point",
        "coordinates": [
          -3.003638809090909,
          43.29623644545455
        ]
      }
    },
    {
      "type": "Feature",
      "properties": {
        "weight": 1.0,
        "area_sqm": 5543.6,
        "radius_m": 42.0
      },
      "geometry": {
        "type": "Point",
        "coordinates": [
          -2.930016203333333,
          43.29633819666667
        ]
      }
    },
    {
      "type": "Feature",
      "properties": {
        "weight": 1.0,
        "area_sqm": 85295.2,
        "radius_m": 164.8
      },
      "geometry": {
        "type": "Point",
        "coordinates": [
          -2.977621993846154,
          43.29642496615384
        ]
      }
    },
    {
      "type": "Feature",
      "properties": {
        "weight": 1.0,
        "area_sqm": 4906.6,
        "radius_m": 39.5
      },
      "geometry": {
        "type": "Point",
        "coordinates": [
          -2.971295988235294,
          43.29664871764706
        ]
      }
    },
    {
      "type": "Feature",
      "properties": {
        "weight": 1.0,
        "area_sqm": 12973.2,
        "radius_m": 64.3
      },
      "geometry": {
        "type": "Point",
        "coordinates": [
          -2.995621425,
          43.296720820000004
        ]
      }
    },
    {
      "type": "Feature",
      "properties": {
        "weight": 1.0,
        "area_sqm": 11048.3,
        "radius_m": 59.3
      },
      "geometry": {
        "type": "Point",
        "coordinates": [
          -2.930751093939394,
          43.297271639393934
        ]
      }
    },
    {
      "type": "Feature",
      "properties": {
        "weight": 1.0,
        "area_sqm": 3326.6,
        "radius_m": 32.5
      },
      "geometry": {
        "type": "Point",
        "coordinates": [
          -2.998696328,
          43.29742538000001
        ]
      }
    },
    {
      "type": "Feature",
      "properties": {
        "weight": 1.0,
        "area_sqm": 10323.0,
        "radius_m": 57.3
      },
      "geometry": {
        "type": "Point",
        "coordinates": [
          -2.9906708882352944,
          43.297443305882354
        ]
      }
    },
    {
      "type": "Feature",
      "properties": {
        "weight": 1.0,
        "area_sqm": 2619.2,
        "radius_m": 28.9
      },
      "geometry": {
        "type": "Point",
        "coordinates": [
          -3.000179791666667,
          43.298075358333335
        ]
      }
    },
    {
      "type": "Feature",
      "properties": {
        "weight": 1.0,
        "area_sqm": 2588.7,
        "radius_m": 28.7
      },
      "geometry": {
        "type": "Point",
        "coordinates": [
          -2.9160903523809525,
          43.29815607619047
        ]
      }
    },
    {
      "type": "Feature",
      "properties": {
        "weight": 1.0,
        "area_sqm": 82.3,
        "radius_m": 5.1
      },
      "geometry": {
        "type": "Point",
        "coordinates": [
          -2.9188685,
          43.29836136
        ]
      }
    },
    {
      "type": "Feature",
      "properties": {
        "weight": 1.0,
        "area_sqm": 169.8,
        "radius_m": 7.4
      },
      "geometry": {
        "type": "Point",
        "coordinates": [
          -2.9194613,
          43.298409015384614
        ]
      }
    },
    {
      "type": "Feature",
      "properties": {
        "weight": 1.0,
        "area_sqm": 1608.0,
        "radius_m": 22.6
      },
      "geometry": {
        "type": "Point",
        "coordinates": [
          -2.9872266166666663,
          43.298507316666665
        ]
      }
    },
    {
      "type": "Feature",
      "properties": {
        "weight": 1.0,
        "area_sqm": 1166.2,
        "radius_m": 19.3
      },
      "geometry": {
        "type": "Point",
        "coordinates": [
          -2.9818169307692304,
          43.29857860769231
        ]
      }
    },
    {
      "type": "Feature",
      "properties": {
        "weight": 1.0,
        "area_sqm": 15807.2,
        "radius_m": 70.9
      },
      "geometry": {
        "type": "Point",
        "coordinates": [
          -2.915408261904762,
          43.29868224761905
        ]
      }
    },
    {
      "type": "Feature",
      "properties": {
        "weight": 1.0,
        "area_sqm": 3656.9,
        "radius_m": 34.1
      },
      "geometry": {
        "type": "Point",
        "coordinates": [
          -2.98602005,
          43.29868798571429
        ]
      }
    },
    {
      "type": "Feature",
      "properties": {
        "weight": 1.0,
        "area_sqm": 7757.3,
        "radius_m": 49.7
      },
      "geometry": {
        "type": "Point",
        "coordinates": [
          -3.0013118411764705,
          43.299329
        ]
      }
    },
    {
      "type": "Feature",
      "properties": {
        "weight": 1.0,
        "area_sqm": 1391.2,
        "radius_m": 21.0
      },
      "geometry": {
        "type": "Point",
        "coordinates": [
          -2.8900113000000003,
          43.29956472
        ]
      }
    },
    {
      "type": "Feature",
      "properties": {
        "weight": 1.0,
        "area_sqm": 9784.3,
        "radius_m": 55.8
      },
      "geometry": {
        "type": "Point",
        "coordinates": [
          -2.9430574658536583,
          43.29963645609756
        ]
      }
    },
    {
      "type": "Feature",
      "properties": {
        "weight": 1.0,
        "area_sqm": 7613.8,
        "radius_m": 49.2
      },
      "geometry": {
        "type": "Point",
        "coordinates": [
          -2.9213007666666666,
          43.29965285
        ]
      }
    },
    {
      "type": "Feature",
      "properties": {
        "weight": 1.0,
        "area_sqm": 341.7,
        "radius_m": 10.4
      },
      "geometry": {
        "type": "Point",
        "coordinates": [
          -2.9845911000000003,
          43.29987674666667
        ]
      }
    },
    {
      "type": "Feature",
      "properties": {
        "weight": 1.0,
        "area_sqm": 3286.8,
        "radius_m": 32.3
      },
      "geometry": {
        "type": "Point",
        "coordinates": [
          -2.925072747058824,
          43.29990452941177
        ]
      }
    },
    {
      "type": "Feature",
      "properties": {
        "weight": 1.0,
        "area_sqm": 1652.1,
        "radius_m": 22.9
      },
      "geometry": {
        "type": "Point",
        "coordinates": [
          -2.928988653846154,
          43.30009004615385
        ]
      }
    },
    {
      "type": "Feature",
      "properties": {
        "weight": 1.0,
        "area_sqm": 66.4,
        "radius_m": 4.6
      },
      "geometry": {
        "type": "Point",
        "coordinates": [
          -2.9707913,
          43.30027098
        ]
      }
    },
    {
      "type": "Feature",
      "properties": {
        "weight": 1.0,
        "area_sqm": 2588.4,
        "radius_m": 28.7
      },
      "geometry": {
        "type": "Point",
        "coordinates": [
          -2.997000716666667,
          43.30072763333334
        ]
      }
    },
    {
      "type": "Feature",
      "properties": {
        "weight": 1.0,
        "area_sqm": 2397.4,
        "radius_m": 27.6
      },
      "geometry": {
        "type": "Point",
        "coordinates": [
          -2.9868356566666665,
          43.30092067666667
        ]
      }
    },
    {
      "type": "Feature",
      "properties": {
        "weight": 1.0,
        "area_sqm": 1064.7,
        "radius_m": 18.4
      },
      "geometry": {
        "type": "Point",
        "coordinates": [
          -3.041672094736842,
          43.30104191578947
        ]
      }
    },
    {
      "type": "Feature",
      "properties": {
        "weight": 1.0,
        "area_sqm": 1594.2,
        "radius_m": 22.5
      },
      "geometry": {
        "type": "Point",
        "coordinates": [
          -3.0426337714285716,
          43.30113768571429
        ]
      }
    },
    {
      "type": "Feature",
      "properties": {
        "weight": 1.0,
        "area_sqm": 6370.1,
        "radius_m": 45.0
      },
      "geometry": {
        "type": "Point",
        "coordinates": [
          -3.03173125,
          43.301374875
        ]
      }
    },
    {
      "type": "Feature",
      "properties": {
        "weight": 1.0,
        "area_sqm": 16043.9,
        "radius_m": 71.5
      },
      "geometry": {
        "type": "Point",
        "coordinates": [
          -2.9881702714285714,
          43.301496780952384
        ]
      }
    },
    {
      "type": "Feature",
      "properties": {
        "weight": 1.0,
        "area_sqm": 3352.0,
        "radius_m": 32.7
      },
      "geometry": {
        "type": "Point",
        "coordinates": [
          -3.035684029411765,
          43.301625200000004
        ]
      }
    },
    {
      "type": "Feature",
      "properties": {
        "weight": 1.0,
        "area_sqm": 2840.6,
        "radius_m": 30.1
      },
      "geometry": {
        "type": "Point",
        "coordinates": [
          -2.8842329799999997,
          43.30164946
        ]
      }
    },
    {
      "type": "Feature",
      "properties": {
        "weight": 1.0,
        "area_sqm": 2263.9,
        "radius_m": 26.8
      },
      "geometry": {
        "type": "Point",
        "coordinates": [
          -2.9728610125,
          43.30166855
        ]
      }
    },
    {
      "type": "Feature",
      "properties": {
        "weight": 1.0,
        "area_sqm": 720.0,
        "radius_m": 15.1
      },
      "geometry": {
        "type": "Point",
        "coordinates": [
          -3.036799188888889,
          43.301872466666666
        ]
      }
    },
    {
      "type": "Feature",
      "properties": {
        "weight": 1.0,
        "area_sqm": 5703.5,
        "radius_m": 42.6
      },
      "geometry": {
        "type": "Point",
        "coordinates": [
          -2.890116933333333,
          43.30188201111111
        ]
      }
    },
    {
      "type": "Feature",
      "properties": {
        "weight": 1.0,
        "area_sqm": 7405.1,
        "radius_m": 48.6
      },
      "geometry": {
        "type": "Point",
        "coordinates": [
          -2.950489988888889,
          43.30218386296296
        ]
      }
    },
    {
      "type": "Feature",
      "properties": {
        "weight": 1.0,
        "area_sqm": 6136.5,
        "radius_m": 44.2
      },
      "geometry": {
        "type": "Point",
        "coordinates": [
          -3.036792547368421,
          43.30241241578947
        ]
      }
    },
    {
      "type": "Feature",
      "properties": {
        "weight": 1.0,
        "area_sqm": 2687.2,
        "radius_m": 29.2
      },
      "geometry": {
        "type": "Point",
        "coordinates": [
          -3.0380246800000004,
          43.30282861
        ]
      }
    },
    {
      "type": "Feature",
      "properties": {
        "weight": 1.0,
        "area_sqm": 1285.5,
        "radius_m": 20.2
      },
      "geometry": {
        "type": "Point",
        "coordinates": [
          -2.972145375,
          43.30314865
        ]
      }
    },
    {
      "type": "Feature",
      "properties": {
        "weight": 1.0,
        "area_sqm": 3202.2,
        "radius_m": 31.9
      },
      "geometry": {
        "type": "Point",
        "coordinates": [
          -2.991251793939394,
          43.303213757575755
        ]
      }
    },
    {
      "type": "Feature",
      "properties": {
        "weight": 1.0,
        "area_sqm": 2807.5,
        "radius_m": 29.9
      },
      "geometry": {
        "type": "Point",
        "coordinates": [
          -2.985907,
          43.303657980000004
        ]
      }
    },
    {
      "type": "Feature",
      "properties": {
        "weight": 1.0,
        "area_sqm": 48665.7,
        "radius_m": 124.5
      },
      "geometry": {
        "type": "Point",
        "coordinates": [
          -3.0333588605263158,
          43.304024075
        ]
      }
    },
    {
      "type": "Feature",
      "properties": {
        "weight": 1.0,
        "area_sqm": 503.3,
        "radius_m": 12.7
      },
      "geometry": {
        "type": "Point",
        "coordinates": [
          -3.0361659800000003,
          43.30418976
        ]
      }
    },
    {
      "type": "Feature",
      "properties": {
        "weight": 1.0,
        "area_sqm": 17197.0,
        "radius_m": 74.0
      },
      "geometry": {
        "type": "Point",
        "coordinates": [
          -2.9873207419354837,
          43.30432091935484
        ]
      }
    },
    {
      "type": "Feature",
      "properties": {
        "weight": 1.0,
        "area_sqm": 25751.2,
        "radius_m": 90.5
      },
      "geometry": {
        "type": "Point",
        "coordinates": [
          -3.00465952745098,
          43.30438996078432
        ]
      }
    },
    {
      "type": "Feature",
      "properties": {
        "weight": 1.0,
        "area_sqm": 2646.1,
        "radius_m": 29.0
      },
      "geometry": {
        "type": "Point",
        "coordinates": [
          -3.0378772289473686,
          43.304880197368426
        ]
      }
    },
    {
      "type": "Feature",
      "properties": {
        "weight": 1.0,
        "area_sqm": 1592.6,
        "radius_m": 22.5
      },
      "geometry": {
        "type": "Point",
        "coordinates": [
          -3.036561081818182,
          43.30491898181818
        ]
      }
    },
    {
      "type": "Feature",
      "properties": {
        "weight": 1.0,
        "area_sqm": 10092.7,
        "radius_m": 56.7
      },
      "geometry": {
        "type": "Point",
        "coordinates": [
          -2.9828204499999997,
          43.30510163636364
        ]
      }
    },
    {
      "type": "Feature",
      "properties": {
        "weight": 1.0,
        "area_sqm": 10793.2,
        "radius_m": 58.6
      },
      "geometry": {
        "type": "Point",
        "coordinates": [
          -3.0082029342857144,
          43.30536088
        ]
      }
    },
    {
      "type": "Feature",
      "properties": {
        "weight": 1.0,
        "area_sqm": 2081.8,
        "radius_m": 25.7
      },
      "geometry": {
        "type": "Point",
        "coordinates": [
          -3.0058656875,
          43.3062341375
        ]
      }
    },
    {
      "type": "Feature",
      "properties": {
        "weight": 1.0,
        "area_sqm": 2152.4,
        "radius_m": 26.2
      },
      "geometry": {
        "type": "Point",
        "coordinates": [
          -3.001141915,
          43.306434405
        ]
      }
    },
    {
      "type": "Feature",
      "properties": {
        "weight": 1.0,
        "area_sqm": 6359.4,
        "radius_m": 45.0
      },
      "geometry": {
        "type": "Point",
        "coordinates": [
          -2.971180914285714,
          43.306770176190476
        ]
      }
    },
    {
      "type": "Feature",
      "properties": {
        "weight": 1.0,
        "area_sqm": 7600.6,
        "radius_m": 49.2
      },
      "geometry": {
        "type": "Point",
        "coordinates": [
          -2.9862195307692305,
          43.30677796153846
        ]
      }
    },
    {
      "type": "Feature",
      "properties": {
        "weight": 1.0,
        "area_sqm": 16023.0,
        "radius_m": 71.4
      },
      "geometry": {
        "type": "Point",
        "coordinates": [
          -2.9951146333333334,
          43.30695171428571
        ]
      }
    },
    {
      "type": "Feature",
      "properties": {
        "weight": 1.0,
        "area_sqm": 8548.0,
        "radius_m": 52.2
      },
      "geometry": {
        "type": "Point",
        "coordinates": [
          -2.97253654,
          43.3069802
        ]
      }
    },
    {
      "type": "Feature",
      "properties": {
        "weight": 1.0,
        "area_sqm": 5391.4,
        "radius_m": 41.4
      },
      "geometry": {
        "type": "Point",
        "coordinates": [
          -2.98538899375,
          43.30713098125
        ]
      }
    },
    {
      "type": "Feature",
      "properties": {
        "weight": 1.0,
        "area_sqm": 5242.5,
        "radius_m": 40.9
      },
      "geometry": {
        "type": "Point",
        "coordinates": [
          -3.0436573875,
          43.3071777675
        ]
      }
    },
    {
      "type": "Feature",
      "properties": {
        "weight": 1.0,
        "area_sqm": 7426.9,
        "radius_m": 48.6
      },
      "geometry": {
        "type": "Point",
        "coordinates": [
          -2.9571964115384617,
          43.30751471538462
        ]
      }
    },
    {
      "type": "Feature",
      "properties": {
        "weight": 1.0,
        "area_sqm": 5283.6,
        "radius_m": 41.0
      },
      "geometry": {
        "type": "Point",
        "coordinates": [
          -2.9519287285714286,
          43.30795999285714
        ]
      }
    },
    {
      "type": "Feature",
      "properties": {
        "weight": 1.0,
        "area_sqm": 124.7,
        "radius_m": 6.3
      },
      "geometry": {
        "type": "Point",
        "coordinates": [
          -3.0013687,
          43.30796614
        ]
      }
    },
    {
      "type": "Feature",
      "properties": {
        "weight": 1.0,
        "area_sqm": 692.9,
        "radius_m": 14.9
      },
      "geometry": {
        "type": "Point",
        "coordinates": [
          -2.973424142857143,
          43.308219314285715
        ]
      }
    },
    {
      "type": "Feature",
      "properties": {
        "weight": 1.0,
        "area_sqm": 17616.7,
        "radius_m": 74.9
      },
      "geometry": {
        "type": "Point",
        "coordinates": [
          -2.9953582657894735,
          43.30822047894737
        ]
      }
    },
    {
      "type": "Feature",
      "properties": {
        "weight": 1.0,
        "area_sqm": 103819.1,
        "radius_m": 181.8
      },
      "geometry": {
        "type": "Point",
        "coordinates": [
          -3.012905909166667,
          43.30833488583333
        ]
      }
    },
    {
      "type": "Feature",
      "properties": {
        "weight": 1.0,
        "area_sqm": 6181.7,
        "radius_m": 44.4
      },
      "geometry": {
        "type": "Point",
        "coordinates": [
          -3.0389795299999998,
          43.3083787
        ]
      }
    },
    {
      "type": "Feature",
      "properties": {
        "weight": 1.0,
        "area_sqm": 4830.8,
        "radius_m": 39.2
      },
      "geometry": {
        "type": "Point",
        "coordinates": [
          -2.95033565,
          43.30887466666667
        ]
      }
    },
    {
      "type": "Feature",
      "properties": {
        "weight": 1.0,
        "area_sqm": 856.5,
        "radius_m": 16.5
      },
      "geometry": {
        "type": "Point",
        "coordinates": [
          -2.9509937833333333,
          43.30922471666667
        ]
      }
    },
    {
      "type": "Feature",
      "properties": {
        "weight": 1.0,
        "area_sqm": 1922.7,
        "radius_m": 24.7
      },
      "geometry": {
        "type": "Point",
        "coordinates": [
          -3.0021166055555555,
          43.309229827777784
        ]
      }
    },
    {
      "type": "Feature",
      "properties": {
        "weight": 1.0,
        "area_sqm": 1318.0,
        "radius_m": 20.5,
        "id": 423424447,
        "hasDetails": true,
        "name": "Hiru Kontzejuen enparantza",
        "address": "Ortuella"
      },
      "geometry": {
        "type": "Point",
        "coordinates": [
          -3.0401129166666667,
          43.30936653333333
        ]
      }
    },
    {
      "type": "Feature",
      "properties": {
        "weight": 1.0,
        "area_sqm": 6435.0,
        "radius_m": 45.3
      },
      "geometry": {
        "type": "Point",
        "coordinates": [
          -3.017397285185185,
          43.30971623333333
        ]
      }
    },
    {
      "type": "Feature",
      "properties": {
        "weight": 1.0,
        "area_sqm": 4217.5,
        "radius_m": 36.6
      },
      "geometry": {
        "type": "Point",
        "coordinates": [
          -2.9485820166666667,
          43.309768894444446
        ]
      }
    },
    {
      "type": "Feature",
      "properties": {
        "weight": 1.0,
        "area_sqm": 13051.2,
        "radius_m": 64.5
      },
      "geometry": {
        "type": "Point",
        "coordinates": [
          -3.0081037903225805,
          43.30990448709677
        ]
      }
    },
    {
      "type": "Feature",
      "properties": {
        "weight": 1.0,
        "area_sqm": 687.3,
        "radius_m": 14.8
      },
      "geometry": {
        "type": "Point",
        "coordinates": [
          -3.0401114866666665,
          43.30997134
        ]
      }
    },
    {
      "type": "Feature",
      "properties": {
        "weight": 1.0,
        "area_sqm": 1664.8,
        "radius_m": 23.0
      },
      "geometry": {
        "type": "Point",
        "coordinates": [
          -3.0392065,
          43.30998681666667
        ]
      }
    },
    {
      "type": "Feature",
      "properties": {
        "weight": 1.0,
        "area_sqm": 31355.5,
        "radius_m": 99.9
      },
      "geometry": {
        "type": "Point",
        "coordinates": [
          -3.018824969230769,
          43.31008405769231
        ]
      }
    },
    {
      "type": "Feature",
      "properties": {
        "weight": 1.0,
        "area_sqm": 18200.1,
        "radius_m": 76.1
      },
      "geometry": {
        "type": "Point",
        "coordinates": [
          -3.0148890512195123,
          43.31043200487805
        ]
      }
    },
    {
      "type": "Feature",
      "properties": {
        "weight": 1.0,
        "area_sqm": 16663.7,
        "radius_m": 72.8,
        "id": 1172036975,
        "hasDetails": true,
        "name": "Labe Garaia parkea",
        "address": "Sestao",
        "opening_hours": "Tu-Fr 10:00-14:00, 15:00-18:00; Sa 10:00-14:00, 16:00-18:00; Su 10:00-14:00"
      },
      "geometry": {
        "type": "Point",
        "coordinates": [
          -3.0010967032258065,
          43.31174617419355
        ]
      }
    },
    {
      "type": "Feature",
      "properties": {
        "weight": 1.0,
        "area_sqm": 3999.3,
        "radius_m": 35.7
      },
      "geometry": {
        "type": "Point",
        "coordinates": [
          -3.010788924,
          43.311937379999996
        ]
      }
    },
    {
      "type": "Feature",
      "properties": {
        "weight": 1.0,
        "area_sqm": 11462.7,
        "radius_m": 60.4
      },
      "geometry": {
        "type": "Point",
        "coordinates": [
          -3.016458919512195,
          43.31206395609756
        ]
      }
    },
    {
      "type": "Feature",
      "properties": {
        "weight": 1.0,
        "area_sqm": 31027.6,
        "radius_m": 99.4
      },
      "geometry": {
        "type": "Point",
        "coordinates": [
          -2.978891887878788,
          43.312498818181815
        ]
      }
    },
    {
      "type": "Feature",
      "properties": {
        "weight": 1.0,
        "area_sqm": 2316.0,
        "radius_m": 27.2
      },
      "geometry": {
        "type": "Point",
        "coordinates": [
          -3.0177102424242426,
          43.31253548787879
        ]
      }
    },
    {
      "type": "Feature",
      "properties": {
        "weight": 1.0,
        "area_sqm": 8575.5,
        "radius_m": 52.2
      },
      "geometry": {
        "type": "Point",
        "coordinates": [
          -2.9380424181818183,
          43.31310056363637
        ]
      }
    },
    {
      "type": "Feature",
      "properties": {
        "weight": 1.0,
        "area_sqm": 24161.3,
        "radius_m": 87.7
      },
      "geometry": {
        "type": "Point",
        "coordinates": [
          -3.009461874074074,
          43.31357948888889
        ]
      }
    },
    {
      "type": "Feature",
      "properties": {
        "weight": 1.0,
        "area_sqm": 4771.5,
        "radius_m": 39.0
      },
      "geometry": {
        "type": "Point",
        "coordinates": [
          -2.983140463157895,
          43.31397668421052
        ]
      }
    },
    {
      "type": "Feature",
      "properties": {
        "weight": 1.0,
        "area_sqm": 19839.0,
        "radius_m": 79.5
      },
      "geometry": {
        "type": "Point",
        "coordinates": [
          -3.0262449153846154,
          43.314498996153844
        ]
      }
    },
    {
      "type": "Feature",
      "properties": {
        "weight": 1.0,
        "area_sqm": 6968.0,
        "radius_m": 47.1
      },
      "geometry": {
        "type": "Point",
        "coordinates": [
          -2.939308282758621,
          43.314976486206895
        ]
      }
    },
    {
      "type": "Feature",
      "properties": {
        "weight": 1.0,
        "area_sqm": 24279.3,
        "radius_m": 87.9
      },
      "geometry": {
        "type": "Point",
        "coordinates": [
          -3.0119157081632655,
          43.31546759387756
        ]
      }
    },
    {
      "type": "Feature",
      "properties": {
        "weight": 1.0,
        "area_sqm": 3071.5,
        "radius_m": 31.3
      },
      "geometry": {
        "type": "Point",
        "coordinates": [
          -3.0166387045454544,
          43.31550958181818
        ]
      }
    },
    {
      "type": "Feature",
      "properties": {
        "weight": 1.0,
        "area_sqm": 263.8,
        "radius_m": 9.2
      },
      "geometry": {
        "type": "Point",
        "coordinates": [
          -3.01612398,
          43.31594919
        ]
      }
    },
    {
      "type": "Feature",
      "properties": {
        "weight": 1.0,
        "area_sqm": 3175.3,
        "radius_m": 31.8
      },
      "geometry": {
        "type": "Point",
        "coordinates": [
          -2.977255392857143,
          43.31644478571429
        ]
      }
    },
    {
      "type": "Feature",
      "properties": {
        "weight": 1.0,
        "area_sqm": 5700.2,
        "radius_m": 42.6
      },
      "geometry": {
        "type": "Point",
        "coordinates": [
          -3.019109068965517,
          43.31646001034483
        ]
      }
    },
    {
      "type": "Feature",
      "properties": {
        "weight": 1.0,
        "area_sqm": 701.0,
        "radius_m": 14.9
      },
      "geometry": {
        "type": "Point",
        "coordinates": [
          -3.0235490892857144,
          43.316634896428575
        ]
      }
    },
    {
      "type": "Feature",
      "properties": {
        "weight": 1.0,
        "area_sqm": 49677.4,
        "radius_m": 125.7
      },
      "geometry": {
        "type": "Point",
        "coordinates": [
          -3.0273887939759034,
          43.3166357566265
        ]
      }
    },
    {
      "type": "Feature",
      "properties": {
        "weight": 1.0,
        "area_sqm": 1591.6,
        "radius_m": 22.5
      },
      "geometry": {
        "type": "Point",
        "coordinates": [
          -3.024564175159236,
          43.31679777515924
        ]
      }
    },
    {
      "type": "Feature",
      "properties": {
        "weight": 1.0,
        "area_sqm": 166.9,
        "radius_m": 7.3
      },
      "geometry": {
        "type": "Point",
        "coordinates": [
          -3.0252547321428573,
          43.31698693571428
        ]
      }
    },
    {
      "type": "Feature",
      "properties": {
        "weight": 1.0,
        "area_sqm": 17089.2,
        "radius_m": 73.8
      },
      "geometry": {
        "type": "Point",
        "coordinates": [
          -2.979823055555556,
          43.31713877037037
        ]
      }
    },
    {
      "type": "Feature",
      "properties": {
        "weight": 1.0,
        "area_sqm": 557.6,
        "radius_m": 13.3
      },
      "geometry": {
        "type": "Point",
        "coordinates": [
          -2.973043569230769,
          43.31732514615385
        ]
      }
    },
    {
      "type": "Feature",
      "properties": {
        "weight": 1.0,
        "area_sqm": 185.5,
        "radius_m": 7.7
      },
      "geometry": {
        "type": "Point",
        "coordinates": [
          -3.01541422,
          43.317581073333336
        ]
      }
    },
    {
      "type": "Feature",
      "properties": {
        "weight": 1.0,
        "area_sqm": 181.6,
        "radius_m": 7.6
      },
      "geometry": {
        "type": "Point",
        "coordinates": [
          -3.0155874105263156,
          43.31764433157895
        ]
      }
    },
    {
      "type": "Feature",
      "properties": {
        "weight": 1.0,
        "area_sqm": 734.4,
        "radius_m": 15.3
      },
      "geometry": {
        "type": "Point",
        "coordinates": [
          -3.0159880846153846,
          43.3177694
        ]
      }
    },
    {
      "type": "Feature",
      "properties": {
        "weight": 1.0,
        "area_sqm": 9004.0,
        "radius_m": 53.5
      },
      "geometry": {
        "type": "Point",
        "coordinates": [
          -3.0206877899999998,
          43.317955213333335
        ]
      }
    },
    {
      "type": "Feature",
      "properties": {
        "weight": 1.0,
        "area_sqm": 1238.6,
        "radius_m": 19.9,
        "id": 159312203,
        "hasDetails": true,
        "name": "Martxoak 8 enparantza",
        "address": "Martxoak 8 plaza, Portugalete"
      },
      "geometry": {
        "type": "Point",
        "coordinates": [
          -3.022699459090909,
          43.31808977272727
        ]
      }
    },
    {
      "type": "Feature",
      "properties": {
        "weight": 1.0,
        "area_sqm": 345.9,
        "radius_m": 10.5
      },
      "geometry": {
        "type": "Point",
        "coordinates": [
          -3.0217112076923076,
          43.318317353846155
        ]
      }
    },
    {
      "type": "Feature",
      "properties": {
        "weight": 1.0,
        "area_sqm": 126.8,
        "radius_m": 6.4
      },
      "geometry": {
        "type": "Point",
        "coordinates": [
          -3.0199251,
          43.31883386
        ]
      }
    },
    {
      "type": "Feature",
      "properties": {
        "weight": 1.0,
        "area_sqm": 1325.5,
        "radius_m": 20.5
      },
      "geometry": {
        "type": "Point",
        "coordinates": [
          -3.020180134782609,
          43.31921067826087
        ]
      }
    },
    {
      "type": "Feature",
      "properties": {
        "weight": 1.0,
        "area_sqm": 975.5,
        "radius_m": 17.6,
        "id": 697598263,
        "hasDetails": true,
        "name": "Lorategi Japoniarra",
        "address": "Avenida Sabino Arana, Leioa",
        "opening_hours": "24/7"
      },
      "geometry": {
        "type": "Point",
        "coordinates": [
          -2.9907347438356164,
          43.31930028219178
        ]
      }
    },
    {
      "type": "Feature",
      "properties": {
        "weight": 1.0,
        "area_sqm": 1043.3,
        "radius_m": 18.2
      },
      "geometry": {
        "type": "Point",
        "coordinates": [
          -3.016672109090909,
          43.319525
        ]
      }
    },
    {
      "type": "Feature",
      "properties": {
        "weight": 1.0,
        "area_sqm": 11159.4,
        "radius_m": 59.6
      },
      "geometry": {
        "type": "Point",
        "coordinates": [
          -3.0154467124999997,
          43.3196061875
        ]
      }
    },
    {
      "type": "Feature",
      "properties": {
        "weight": 1.0,
        "area_sqm": 699.4,
        "radius_m": 14.9
      },
      "geometry": {
        "type": "Point",
        "coordinates": [
          -3.0224024414634147,
          43.31983148292683
        ]
      }
    },
    {
      "type": "Feature",
      "properties": {
        "weight": 1.0,
        "area_sqm": 1582.5,
        "radius_m": 22.4,
        "id": 52697654,
        "hasDetails": true,
        "name": "Marcos Escorihuela plaza",
        "address": "Portugalete"
      },
      "geometry": {
        "type": "Point",
        "coordinates": [
          -3.02256628125,
          43.31988243125
        ]
      }
    },
    {
      "type": "Feature",
      "properties": {
        "weight": 1.0,
        "area_sqm": 5188.3,
        "radius_m": 40.6
      },
      "geometry": {
        "type": "Point",
        "coordinates": [
          -3.0248669885714285,
          43.31992416
        ]
      }
    },
    {
      "type": "Feature",
      "properties": {
        "weight": 1.0,
        "area_sqm": 10082.9,
        "radius_m": 56.7
      },
      "geometry": {
        "type": "Point",
        "coordinates": [
          -3.02585297,
          43.3199296725
        ]
      }
    },
    {
      "type": "Feature",
      "properties": {
        "weight": 1.0,
        "area_sqm": 2659.9,
        "radius_m": 29.1
      },
      "geometry": {
        "type": "Point",
        "coordinates": [
          -3.0169029477272726,
          43.32006368409091
        ]
      }
    },
    {
      "type": "Feature",
      "properties": {
        "weight": 1.0,
        "area_sqm": 9570.0,
        "radius_m": 55.2,
        "id": 293027598,
        "hasDetails": true,
        "name": "Balparda parkea",
        "address": "Santurtzi"
      },
      "geometry": {
        "type": "Point",
        "coordinates": [
          -3.0437554384615386,
          43.32013536923077
        ]
      }
    },
    {
      "type": "Feature",
      "properties": {
        "weight": 1.0,
        "area_sqm": 2432.0,
        "radius_m": 27.8
      },
      "geometry": {
        "type": "Point",
        "coordinates": [
          -3.023937263333333,
          43.32032852
        ]
      }
    },
    {
      "type": "Feature",
      "properties": {
        "weight": 1.0,
        "area_sqm": 24717.7,
        "radius_m": 88.7
      },
      "geometry": {
        "type": "Point",
        "coordinates": [
          -3.038916395238095,
          43.3203714
        ]
      }
    },
    {
      "type": "Feature",
      "properties": {
        "weight": 1.0,
        "area_sqm": 68652.8,
        "radius_m": 147.8
      },
      "geometry": {
        "type": "Point",
        "coordinates": [
          -3.028106606122449,
          43.32089902040816
        ]
      }
    },
    {
      "type": "Feature",
      "properties": {
        "weight": 1.0,
        "area_sqm": 568.8,
        "radius_m": 13.5
      },
      "geometry": {
        "type": "Point",
        "coordinates": [
          -3.011801475,
          43.3209363
        ]
      }
    },
    {
      "type": "Feature",
      "properties": {
        "weight": 1.0,
        "area_sqm": 2012.0,
        "radius_m": 25.3
      },
      "geometry": {
        "type": "Point",
        "coordinates": [
          -3.041036526666667,
          43.32129159333333
        ]
      }
    },
    {
      "type": "Feature",
      "properties": {
        "weight": 1.0,
        "area_sqm": 8979.2,
        "radius_m": 53.5
      },
      "geometry": {
        "type": "Point",
        "coordinates": [
          -2.9893521400000003,
          43.32136697
        ]
      }
    },
    {
      "type": "Feature",
      "properties": {
        "weight": 1.0,
        "area_sqm": 335.5,
        "radius_m": 10.3
      },
      "geometry": {
        "type": "Point",
        "coordinates": [
          -3.0023005,
          43.32148826666667
        ]
      }
    },
    {
      "type": "Feature",
      "properties": {
        "weight": 1.0,
        "area_sqm": 1632.7,
        "radius_m": 22.8
      },
      "geometry": {
        "type": "Point",
        "coordinates": [
          -3.0381034272727274,
          43.32153469090909
        ]
      }
    },
    {
      "type": "Feature",
      "properties": {
        "weight": 1.0,
        "area_sqm": 1449.6,
        "radius_m": 21.5
      },
      "geometry": {
        "type": "Point",
        "coordinates": [
          -2.985207547368421,
          43.32174575789473
        ]
      }
    },
    {
      "type": "Feature",
      "properties": {
        "weight": 1.0,
        "area_sqm": 11696.4,
        "radius_m": 61.0
      },
      "geometry": {
        "type": "Point",
        "coordinates": [
          -2.988852647368421,
          43.32195431578947
        ]
      }
    },
    {
      "type": "Feature",
      "properties": {
        "weight": 1.0,
        "area_sqm": 1128.6,
        "radius_m": 19.0
      },
      "geometry": {
        "type": "Point",
        "coordinates": [
          -3.040671576923077,
          43.32221763846154
        ]
      }
    },
    {
      "type": "Feature",
      "properties": {
        "weight": 1.0,
        "area_sqm": 629.9,
        "radius_m": 14.2,
        "id": 558264375,
        "hasDetails": true,
        "name": "Plaza Sakoneta",
        "address": "Calle Sakoneta, Leioa"
      },
      "geometry": {
        "type": "Point",
        "coordinates": [
          -2.98801038,
          43.32236324
        ]
      }
    },
    {
      "type": "Feature",
      "properties": {
        "weight": 1.0
      },
      "geometry": {
        "type": "Point",
        "coordinates": [
          -3.0181578,
          43.3224616
        ]
      }
    },
    {
      "type": "Feature",
      "properties": {
        "weight": 1.0,
        "area_sqm": 1676.1,
        "radius_m": 23.1
      },
      "geometry": {
        "type": "Point",
        "coordinates": [
          -3.037811846153846,
          43.322483453846154
        ]
      }
    },
    {
      "type": "Feature",
      "properties": {
        "weight": 1.0,
        "area_sqm": 14976.4,
        "radius_m": 69.0
      },
      "geometry": {
        "type": "Point",
        "coordinates": [
          -3.0306526377777776,
          43.32252034
        ]
      }
    },
    {
      "type": "Feature",
      "properties": {
        "weight": 1.0,
        "area_sqm": 1549.0,
        "radius_m": 22.2
      },
      "geometry": {
        "type": "Point",
        "coordinates": [
          -2.98354975,
          43.32266105
        ]
      }
    },
    {
      "type": "Feature",
      "properties": {
        "weight": 1.0,
        "area_sqm": 2291.6,
        "radius_m": 27.0
      },
      "geometry": {
        "type": "Point",
        "coordinates": [
          -2.9850710322580647,
          43.3226782516129
        ]
      }
    },
    {
      "type": "Feature",
      "properties": {
        "weight": 1.0,
        "area_sqm": 5914.6,
        "radius_m": 43.4
      },
      "geometry": {
        "type": "Point",
        "coordinates": [
          -3.0415899066666667,
          43.32270072666667
        ]
      }
    },
    {
      "type": "Feature",
      "properties": {
        "weight": 1.0,
        "area_sqm": 1140.3,
        "radius_m": 19.1
      },
      "geometry": {
        "type": "Point",
        "coordinates": [
          -3.0151908,
          43.322867540000004
        ]
      }
    },
    {
      "type": "Feature",
      "properties": {
        "weight": 1.0,
        "area_sqm": 2438.4,
        "radius_m": 27.9
      },
      "geometry": {
        "type": "Point",
        "coordinates": [
          -2.993221652941177,
          43.322931905882356
        ]
      }
    },
    {
      "type": "Feature",
      "properties": {
        "weight": 1.0,
        "area_sqm": 4357.3,
        "radius_m": 37.2
      },
      "geometry": {
        "type": "Point",
        "coordinates": [
          -2.9791090087719296,
          43.32321612631579
        ]
      }
    },
    {
      "type": "Feature",
      "properties": {
        "weight": 1.0,
        "area_sqm": 3023.6,
        "radius_m": 31.0
      },
      "geometry": {
        "type": "Point",
        "coordinates": [
          -2.9973717136363636,
          43.3233397
        ]
      }
    },
    {
      "type": "Feature",
      "properties": {
        "weight": 1.0,
        "area_sqm": 4427.1,
        "radius_m": 37.5
      },
      "geometry": {
        "type": "Point",
        "coordinates": [
          -3.01146352,
          43.323423993333336
        ]
      }
    },
    {
      "type": "Feature",
      "properties": {
        "weight": 1.0,
        "area_sqm": 239.8,
        "radius_m": 8.7
      },
      "geometry": {
        "type": "Point",
        "coordinates": [
          -2.98393686,
          43.32350836
        ]
      }
    },
    {
      "type": "Feature",
      "properties": {
        "weight": 1.0,
        "area_sqm": 2123.2,
        "radius_m": 26.0
      },
      "geometry": {
        "type": "Point",
        "coordinates": [
          -3.0353489625,
          43.323638975
        ]
      }
    },
    {
      "type": "Feature",
      "properties": {
        "weight": 1.0,
        "area_sqm": 2217.9,
        "radius_m": 26.6
      },
      "geometry": {
        "type": "Point",
        "coordinates": [
          -3.01596899,
          43.32384687
        ]
      }
    },
    {
      "type": "Feature",
      "properties": {
        "weight": 1.0,
        "area_sqm": 2341.7,
        "radius_m": 27.3
      },
      "geometry": {
        "type": "Point",
        "coordinates": [
          -3.0216126500000002,
          43.32393956428571
        ]
      }
    },
    {
      "type": "Feature",
      "properties": {
        "weight": 1.0,
        "area_sqm": 19739.5,
        "radius_m": 79.3
      },
      "geometry": {
        "type": "Point",
        "coordinates": [
          -2.9803244875,
          43.324256085
        ]
      }
    },
    {
      "type": "Feature",
      "properties": {
        "weight": 1.0,
        "area_sqm": 1439.5,
        "radius_m": 21.4
      },
      "geometry": {
        "type": "Point",
        "coordinates": [
          -3.013237057142857,
          43.32433832857142
        ]
      }
    },
    {
      "type": "Feature",
      "properties": {
        "weight": 1.0,
        "area_sqm": 13523.4,
        "radius_m": 65.6
      },
      "geometry": {
        "type": "Point",
        "coordinates": [
          -3.033143096969697,
          43.3244656030303
        ]
      }
    },
    {
      "type": "Feature",
      "properties": {
        "weight": 1.0,
        "area_sqm": 520.0,
        "radius_m": 12.9
      },
      "geometry": {
        "type": "Point",
        "coordinates": [
          -3.02396285,
          43.32450456875
        ]
      }
    },
    {
      "type": "Feature",
      "properties": {
        "weight": 1.0,
        "area_sqm": 720.4,
        "radius_m": 15.1
      },
      "geometry": {
        "type": "Point",
        "coordinates": [
          -2.9834805714285717,
          43.324559314285715
        ]
      }
    },
    {
      "type": "Feature",
      "properties": {
        "weight": 1.0,
        "area_sqm": 18852.7,
        "radius_m": 77.5
      },
      "geometry": {
        "type": "Point",
        "coordinates": [
          -3.021567612903226,
          43.32486562096774
        ]
      }
    },
    {
      "type": "Feature",
      "properties": {
        "weight": 1.0,
        "area_sqm": 835.9,
        "radius_m": 16.3
      },
      "geometry": {
        "type": "Point",
        "coordinates": [
          -2.985064384375,
          43.32494150625
        ]
      }
    },
    {
      "type": "Feature",
      "properties": {
        "weight": 1.0,
        "area_sqm": 28024.9,
        "radius_m": 94.4
      },
      "geometry": {
        "type": "Point",
        "coordinates": [
          -3.0286016326923075,
          43.32513540192308
        ]
      }
    },
    {
      "type": "Feature",
      "properties": {
        "weight": 1.0,
        "area_sqm": 1181.4,
        "radius_m": 19.4
      },
      "geometry": {
        "type": "Point",
        "coordinates": [
          -3.0098800199999998,
          43.32517918
        ]
      }
    },
    {
      "type": "Feature",
      "properties": {
        "weight": 1.0,
        "area_sqm": 237.9,
        "radius_m": 8.7
      },
      "geometry": {
        "type": "Point",
        "coordinates": [
          -3.03299218,
          43.32548876
        ]
      }
    },
    {
      "type": "Feature",
      "properties": {
        "weight": 1.0,
        "area_sqm": 208245.7,
        "radius_m": 257.5,
        "id": 133091648,
        "hasDetails": true,
        "name": "Akarlanda",
        "wikidata": "Q108103521"
      },
      "geometry": {
        "type": "Point",
        "coordinates": [
          -2.9416951166666667,
          43.32566127916667
        ]
      }
    },
    {
      "type": "Feature",
      "properties": {
        "weight": 1.0,
        "area_sqm": 6118.9,
        "radius_m": 44.1
      },
      "geometry": {
        "type": "Point",
        "coordinates": [
          -3.0175589421052633,
          43.32596467368421
        ]
      }
    },
    {
      "type": "Feature",
      "properties": {
        "weight": 1.0,
        "area_sqm": 769.5,
        "radius_m": 15.7
      },
      "geometry": {
        "type": "Point",
        "coordinates": [
          -3.0230911,
          43.3260881
        ]
      }
    },
    {
      "type": "Feature",
      "properties": {
        "weight": 1.0,
        "area_sqm": 2839.5,
        "radius_m": 30.1
      },
      "geometry": {
        "type": "Point",
        "coordinates": [
          -3.02787918125,
          43.3262752125
        ]
      }
    },
    {
      "type": "Feature",
      "properties": {
        "weight": 1.0,
        "area_sqm": 174.8,
        "radius_m": 7.5,
        "id": 757659388,
        "hasDetails": true,
        "address": "Coscojales kalea, Santurtzi"
      },
      "geometry": {
        "type": "Point",
        "coordinates": [
          -3.0316989125,
          43.3262912625
        ]
      }
    },
    {
      "type": "Feature",
      "properties": {
        "weight": 1.0,
        "area_sqm": 4106.8,
        "radius_m": 36.2
      },
      "geometry": {
        "type": "Point",
        "coordinates": [
          -3.018451625,
          43.3262993625
        ]
      }
    },
    {
      "type": "Feature",
      "properties": {
        "weight": 1.0,
        "area_sqm": 1453.1,
        "radius_m": 21.5
      },
      "geometry": {
        "type": "Point",
        "coordinates": [
          -3.032747336363636,
          43.32640402727273
        ]
      }
    },
    {
      "type": "Feature",
      "properties": {
        "weight": 1.0,
        "area_sqm": 1147.7,
        "radius_m": 19.1
      },
      "geometry": {
        "type": "Point",
        "coordinates": [
          -3.01588,
          43.3265056
        ]
      }
    },
    {
      "type": "Feature",
      "properties": {
        "weight": 1.0,
        "area_sqm": 1465.8,
        "radius_m": 21.6
      },
      "geometry": {
        "type": "Point",
        "coordinates": [
          -2.9901997666666666,
          43.32658353333333
        ]
      }
    },
    {
      "type": "Feature",
      "properties": {
        "weight": 1.0,
        "area_sqm": 883.8,
        "radius_m": 16.8
      },
      "geometry": {
        "type": "Point",
        "coordinates": [
          -3.0052236199999998,
          43.32669928
        ]
      }
    },
    {
      "type": "Feature",
      "properties": {
        "weight": 1.0,
        "area_sqm": 264.4,
        "radius_m": 9.2,
        "id": 757659390,
        "hasDetails": true,
        "address": "Pedro Icaza Agirre kalea 1, Santurtzi"
      },
      "geometry": {
        "type": "Point",
        "coordinates": [
          -3.0312314916666665,
          43.3270349
        ]
      }
    },
    {
      "type": "Feature",
      "properties": {
        "weight": 1.0,
        "area_sqm": 449.6,
        "radius_m": 12.0
      },
      "geometry": {
        "type": "Point",
        "coordinates": [
          -3.0273929571428573,
          43.32704205714286
        ]
      }
    },
    {
      "type": "Feature",
      "properties": {
        "weight": 1.0,
        "area_sqm": 416.5,
        "radius_m": 11.5
      },
      "geometry": {
        "type": "Point",
        "coordinates": [
          -3.03194772,
          43.32711004
        ]
      }
    },
    {
      "type": "Feature",
      "properties": {
        "weight": 1.0,
        "area_sqm": 2394.9,
        "radius_m": 27.6
      },
      "geometry": {
        "type": "Point",
        "coordinates": [
          -2.9870531857142857,
          43.32727078571428
        ]
      }
    },
    {
      "type": "Feature",
      "properties": {
        "weight": 1.0,
        "area_sqm": 634.9,
        "radius_m": 14.2
      },
      "geometry": {
        "type": "Point",
        "coordinates": [
          -2.9702740315789473,
          43.32768713684211
        ]
      }
    },
    {
      "type": "Feature",
      "properties": {
        "weight": 1.0,
        "area_sqm": 344.5,
        "radius_m": 10.5
      },
      "geometry": {
        "type": "Point",
        "coordinates": [
          -3.0289326111111112,
          43.327730800000005
        ]
      }
    },
    {
      "type": "Feature",
      "properties": {
        "weight": 1.0,
        "area_sqm": 84742.9,
        "radius_m": 164.2,
        "id": 129806432,
        "hasDetails": true,
        "name": "Pinosolo parkea",
        "opening_hours": "24/7"
      },
      "geometry": {
        "type": "Point",
        "coordinates": [
          -2.9966737840000004,
          43.327818988
        ]
      }
    },
    {
      "type": "Feature",
      "properties": {
        "weight": 1.0,
        "area_sqm": 511.4,
        "radius_m": 12.8
      },
      "geometry": {
        "type": "Point",
        "coordinates": [
          -3.0340789714285714,
          43.32790358571429
        ]
      }
    },
    {
      "type": "Feature",
      "properties": {
        "weight": 1.0,
        "area_sqm": 327.7,
        "radius_m": 10.2
      },
      "geometry": {
        "type": "Point",
        "coordinates": [
          -3.0362274888888887,
          43.32809632222222
        ]
      }
    },
    {
      "type": "Feature",
      "properties": {
        "weight": 1.0,
        "area_sqm": 1660.3,
        "radius_m": 23.0
      },
      "geometry": {
        "type": "Point",
        "coordinates": [
          -3.0111545454545454,
          43.32851603636364
        ]
      }
    },
    {
      "type": "Feature",
      "properties": {
        "weight": 1.0,
        "area_sqm": 278.0,
        "radius_m": 9.4
      },
      "geometry": {
        "type": "Point",
        "coordinates": [
          -3.0330278799999997,
          43.3285761
        ]
      }
    },
    {
      "type": "Feature",
      "properties": {
        "weight": 1.0,
        "area_sqm": 749.0,
        "radius_m": 15.4
      },
      "geometry": {
        "type": "Point",
        "coordinates": [
          -3.037322475,
          43.328700475
        ]
      }
    },
    {
      "type": "Feature",
      "properties": {
        "weight": 1.0,
        "area_sqm": 12827.0,
        "radius_m": 63.9,
        "id": 27537984,
        "hasDetails": true,
        "name": "Santurtziko parkea",
        "wikidata": "Q24257999",
        "wikipedia": "es:Parque de Santurtzi"
      },
      "geometry": {
        "type": "Point",
        "coordinates": [
          -3.031820419230769,
          43.3287407923077
        ]
      }
    },
    {
      "type": "Feature",
      "properties": {
        "weight": 1.0,
        "area_sqm": 290.1,
        "radius_m": 9.6
      },
      "geometry": {
        "type": "Point",
        "coordinates": [
          -3.032666466666667,
          43.328869922222225
        ]
      }
    },
    {
      "type": "Feature",
      "properties": {
        "weight": 1.0,
        "area_sqm": 1099.8,
        "radius_m": 18.7
      },
      "geometry": {
        "type": "Point",
        "coordinates": [
          -3.010574,
          43.32887908666667
        ]
      }
    },
    {
      "type": "Feature",
      "properties": {
        "weight": 1.0,
        "area_sqm": 656.1,
        "radius_m": 14.5
      },
      "geometry": {
        "type": "Point",
        "coordinates": [
          -3.041158311111111,
          43.32893661111111
        ]
      }
    },
    {
      "type": "Feature",
      "properties": {
        "weight": 1.0,
        "area_sqm": 6016.3,
        "radius_m": 43.8
      },
      "geometry": {
        "type": "Point",
        "coordinates": [
          -3.03418821,
          43.32904588
        ]
      }
    },
    {
      "type": "Feature",
      "properties": {
        "weight": 1.0,
        "area_sqm": 112610.6,
        "radius_m": 189.3
      },
      "geometry": {
        "type": "Point",
        "coordinates": [
          -2.969687161904762,
          43.3290825
        ]
      }
    },
    {
      "type": "Feature",
      "properties": {
        "weight": 1.0,
        "area_sqm": 7583.5,
        "radius_m": 49.1
      },
      "geometry": {
        "type": "Point",
        "coordinates": [
          -3.0094636033333333,
          43.329230593333335
        ]
      }
    },
    {
      "type": "Feature",
      "properties": {
        "weight": 1.0,
        "area_sqm": 6949.9,
        "radius_m": 47.0
      },
      "geometry": {
        "type": "Point",
        "coordinates": [
          -3.0313485535714286,
          43.32953462142857
        ]
      }
    },
    {
      "type": "Feature",
      "properties": {
        "weight": 1.0,
        "area_sqm": 281.8,
        "radius_m": 9.5
      },
      "geometry": {
        "type": "Point",
        "coordinates": [
          -3.03849148,
          43.32954386
        ]
      }
    },
    {
      "type": "Feature",
      "properties": {
        "weight": 1.0,
        "area_sqm": 7830.5,
        "radius_m": 49.9
      },
      "geometry": {
        "type": "Point",
        "coordinates": [
          -2.99674292,
          43.329596099999996
        ]
      }
    },
    {
      "type": "Feature",
      "properties": {
        "weight": 1.0,
        "area_sqm": 6058.4,
        "radius_m": 43.9
      },
      "geometry": {
        "type": "Point",
        "coordinates": [
          -3.007013875,
          43.329671999999995
        ]
      }
    },
    {
      "type": "Feature",
      "properties": {
        "weight": 1.0,
        "area_sqm": 4268.2,
        "radius_m": 36.9
      },
      "geometry": {
        "type": "Point",
        "coordinates": [
          -2.9944938857142853,
          43.329772028571426
        ]
      }
    },
    {
      "type": "Feature",
      "properties": {
        "weight": 1.0,
        "area_sqm": 154267.2,
        "radius_m": 221.6
      },
      "geometry": {
        "type": "Point",
        "coordinates": [
          -3.001651135483871,
          43.33005120322581
        ]
      }
    },
    {
      "type": "Feature",
      "properties": {
        "weight": 1.0,
        "area_sqm": 40619.1,
        "radius_m": 113.7
      },
      "geometry": {
        "type": "Point",
        "coordinates": [
          -2.988529382352941,
          43.33036389411765
        ]
      }
    },
    {
      "type": "Feature",
      "properties": {
        "weight": 1.0,
        "area_sqm": 6611.0,
        "radius_m": 45.9,
        "id": 54913620,
        "hasDetails": true,
        "name": "Andolin Eguzkiza",
        "opening_hours": "24/7"
      },
      "geometry": {
        "type": "Point",
        "coordinates": [
          -3.0375643208333334,
          43.330420775
        ]
      }
    },
    {
      "type": "Feature",
      "properties": {
        "weight": 1.0,
        "area_sqm": 1274.7,
        "radius_m": 20.1
      },
      "geometry": {
        "type": "Point",
        "coordinates": [
          -3.0391183,
          43.3306093125
        ]
      }
    },
    {
      "type": "Feature",
      "properties": {
        "weight": 1.0,
        "area_sqm": 1547.1,
        "radius_m": 22.2
      },
      "geometry": {
        "type": "Point",
        "coordinates": [
          -3.0378154933333334,
          43.331690693333336
        ]
      }
    },
    {
      "type": "Feature",
      "properties": {
        "weight": 1.0,
        "area_sqm": 6159.7,
        "radius_m": 44.3,
        "id": 42404727,
        "hasDetails": true,
        "opening_hours": "24/7"
      },
      "geometry": {
        "type": "Point",
        "coordinates": [
          -3.003900333333333,
          43.3317836
        ]
      }
    },
    {
      "type": "Feature",
      "properties": {
        "weight": 1.0,
        "area_sqm": 591.6,
        "radius_m": 13.7
      },
      "geometry": {
        "type": "Point",
        "coordinates": [
          -3.0343320666666664,
          43.33181861666667
        ]
      }
    },
    {
      "type": "Feature",
      "properties": {
        "weight": 1.0,
        "area_sqm": 1312.0,
        "radius_m": 20.4
      },
      "geometry": {
        "type": "Point",
        "coordinates": [
          -3.00630125,
          43.33231675
        ]
      }
    },
    {
      "type": "Feature",
      "properties": {
        "weight": 1.0,
        "area_sqm": 4285.9,
        "radius_m": 36.9
      },
      "geometry": {
        "type": "Point",
        "coordinates": [
          -2.987194185714286,
          43.33270353571429
        ]
      }
    },
    {
      "type": "Feature",
      "properties": {
        "weight": 1.0,
        "area_sqm": 2841.3,
        "radius_m": 30.1
      },
      "geometry": {
        "type": "Point",
        "coordinates": [
          -3.0029605545454543,
          43.33288229090909
        ]
      }
    },
    {
      "type": "Feature",
      "properties": {
        "weight": 1.0,
        "area_sqm": 1310.1,
        "radius_m": 20.4
      },
      "geometry": {
        "type": "Point",
        "coordinates": [
          -2.98985821,
          43.3330689
        ]
      }
    },
    {
      "type": "Feature",
      "properties": {
        "weight": 1.0,
        "area_sqm": 12145.0,
        "radius_m": 62.2
      },
      "geometry": {
        "type": "Point",
        "coordinates": [
          -2.991791184210526,
          43.333758252631576
        ]
      }
    },
    {
      "type": "Feature",
      "properties": {
        "weight": 1.0,
        "area_sqm": 1497.0,
        "radius_m": 21.8
      },
      "geometry": {
        "type": "Point",
        "coordinates": [
          -3.00763568,
          43.33384704
        ]
      }
    },
    {
      "type": "Feature",
      "properties": {
        "weight": 1.0,
        "area_sqm": 4183.4,
        "radius_m": 36.5
      },
      "geometry": {
        "type": "Point",
        "coordinates": [
          -3.008225566666667,
          43.333963044444445
        ]
      }
    },
    {
      "type": "Feature",
      "properties": {
        "weight": 1.0,
        "area_sqm": 20747.2,
        "radius_m": 81.3,
        "id": 590810022,
        "hasDetails": true,
        "name": "Regales parkea",
        "opening_hours": "24/7"
      },
      "geometry": {
        "type": "Point",
        "coordinates": [
          -3.040849343939394,
          43.33436695151515
        ]
      }
    },
    {
      "type": "Feature",
      "properties": {
        "weight": 1.0,
        "area_sqm": 5324.1,
        "radius_m": 41.2
      },
      "geometry": {
        "type": "Point",
        "coordinates": [
          -2.981266881818182,
          43.33449183636364
        ]
      }
    },
    {
      "type": "Feature",
      "properties": {
        "weight": 1.0,
        "area_sqm": 7350.6,
        "radius_m": 48.4
      },
      "geometry": {
        "type": "Point",
        "coordinates": [
          -3.0394953093023256,
          43.334530874418604
        ]
      }
    },
    {
      "type": "Feature",
      "properties": {
        "weight": 1.0,
        "area_sqm": 6419.5,
        "radius_m": 45.2
      },
      "geometry": {
        "type": "Point",
        "coordinates": [
          -3.007152,
          43.334552099999996
        ]
      }
    },
    {
      "type": "Feature",
      "properties": {
        "weight": 1.0,
        "area_sqm": 1549.1,
        "radius_m": 22.2
      },
      "geometry": {
        "type": "Point",
        "coordinates": [
          -2.9941298,
          43.33456784
        ]
      }
    },
    {
      "type": "Feature",
      "properties": {
        "weight": 1.0,
        "area_sqm": 1890.7,
        "radius_m": 24.5
      },
      "geometry": {
        "type": "Point",
        "coordinates": [
          -2.9975050214285717,
          43.334857778571426
        ]
      }
    },
    {
      "type": "Feature",
      "properties": {
        "weight": 1.0
      },
      "geometry": {
        "type": "Point",
        "coordinates": [
          -2.9997997,
          43.3353118
        ]
      }
    },
    {
      "type": "Feature",
      "properties": {
        "weight": 1.0,
        "area_sqm": 1615.6,
        "radius_m": 22.7
      },
      "geometry": {
        "type": "Point",
        "coordinates": [
          -3.00076575,
          43.33542138333333
        ]
      }
    },
    {
      "type": "Feature",
      "properties": {
        "weight": 1.0,
        "area_sqm": 13068.3,
        "radius_m": 64.5
      },
      "geometry": {
        "type": "Point",
        "coordinates": [
          -2.9953819565217388,
          43.33562595217391
        ]
      }
    },
    {
      "type": "Feature",
      "properties": {
        "weight": 1.0,
        "area_sqm": 8278.6,
        "radius_m": 51.3
      },
      "geometry": {
        "type": "Point",
        "coordinates": [
          -2.9993312,
          43.33564937777778
        ]
      }
    },
    {
      "type": "Feature",
      "properties": {
        "weight": 1.0,
        "area_sqm": 630.7,
        "radius_m": 14.2
      },
      "geometry": {
        "type": "Point",
        "coordinates": [
          -3.0011448166666668,
          43.33572445833334
        ]
      }
    },
    {
      "type": "Feature",
      "properties": {
        "weight": 1.0,
        "area_sqm": 9019.6,
        "radius_m": 53.6
      },
      "geometry": {
        "type": "Point",
        "coordinates": [
          -3.002260005882353,
          43.33594324705882
        ]
      }
    },
    {
      "type": "Feature",
      "properties": {
        "weight": 1.0,
        "area_sqm": 1315.6,
        "radius_m": 20.5
      },
      "geometry": {
        "type": "Point",
        "coordinates": [
          -3.005647825,
          43.3361282875
        ]
      }
    },
    {
      "type": "Feature",
      "properties": {
        "weight": 1.0,
        "area_sqm": 1912.3,
        "radius_m": 24.7
      },
      "geometry": {
        "type": "Point",
        "coordinates": [
          -3.009961383333333,
          43.33650518333334
        ]
      }
    },
    {
      "type": "Feature",
      "properties": {
        "weight": 1.0,
        "area_sqm": 2304.4,
        "radius_m": 27.1
      },
      "geometry": {
        "type": "Point",
        "coordinates": [
          -3.0008244533333337,
          43.336684246666664
        ]
      }
    },
    {
      "type": "Feature",
      "properties": {
        "weight": 1.0,
        "area_sqm": 1412.9,
        "radius_m": 21.2
      },
      "geometry": {
        "type": "Point",
        "coordinates": [
          -3.0040143214285715,
          43.33688609285714
        ]
      }
    },
    {
      "type": "Feature",
      "properties": {
        "weight": 1.0,
        "area_sqm": 4836.1,
        "radius_m": 39.2
      },
      "geometry": {
        "type": "Point",
        "coordinates": [
          -2.99825636,
          43.337832320000004
        ]
      }
    },
    {
      "type": "Feature",
      "properties": {
        "weight": 1.0,
        "area_sqm": 6689.0,
        "radius_m": 46.1
      },
      "geometry": {
        "type": "Point",
        "coordinates": [
          -3.009379963157895,
          43.338205168421055
        ]
      }
    },
    {
      "type": "Feature",
      "properties": {
        "weight": 1.0,
        "area_sqm": 371.7,
        "radius_m": 10.9
      },
      "geometry": {
        "type": "Point",
        "coordinates": [
          -3.0085480875,
          43.3392819875
        ]
      }
    },
    {
      "type": "Feature",
      "properties": {
        "weight": 1.0,
        "area_sqm": 6022.9,
        "radius_m": 43.8
      },
      "geometry": {
        "type": "Point",
        "coordinates": [
          -3.012785936,
          43.339728432
        ]
      }
    },
    {
      "type": "Feature",
      "properties": {
        "weight": 1.0,
        "area_sqm": 1488.0,
        "radius_m": 21.8
      },
      "geometry": {
        "type": "Point",
        "coordinates": [
          -3.0045194285714283,
          43.34002518571429
        ]
      }
    },
    {
      "type": "Feature",
      "properties": {
        "weight": 1.0,
        "area_sqm": 21558.8,
        "radius_m": 82.8
      },
      "geometry": {
        "type": "Point",
        "coordinates": [
          -2.987660077777778,
          43.34059563703704
        ]
      }
    },
    {
      "type": "Feature",
      "properties": {
        "weight": 1.0,
        "area_sqm": 10000.3,
        "radius_m": 56.4
      },
      "geometry": {
        "type": "Point",
        "coordinates": [
          -3.001235877777778,
          43.34074944444444
        ]
      }
    },
    {
      "type": "Feature",
      "properties": {
        "weight": 1.0,
        "area_sqm": 757.4,
        "radius_m": 15.5
      },
      "geometry": {
        "type": "Point",
        "coordinates": [
          -3.0089551500000002,
          43.34122753333333
        ]
      }
    },
    {
      "type": "Feature",
      "properties": {
        "weight": 1.0,
        "area_sqm": 226.1,
        "radius_m": 8.5
      },
      "geometry": {
        "type": "Point",
        "coordinates": [
          -3.009476675,
          43.34154235
        ]
      }
    },
    {
      "type": "Feature",
      "properties": {
        "weight": 1.0,
        "area_sqm": 1036.7,
        "radius_m": 18.2
      },
      "geometry": {
        "type": "Point",
        "coordinates": [
          -3.000174714285714,
          43.342137900000004
        ]
      }
    },
    {
      "type": "Feature",
      "properties": {
        "weight": 1.0,
        "area_sqm": 293.4,
        "radius_m": 9.7
      },
      "geometry": {
        "type": "Point",
        "coordinates": [
          -3.009511409090909,
          43.34224773636363
        ]
      }
    },
    {
      "type": "Feature",
      "properties": {
        "weight": 1.0,
        "area_sqm": 8087.6,
        "radius_m": 50.7
      },
      "geometry": {
        "type": "Point",
        "coordinates": [
          -2.9936547470588235,
          43.34240017352941
        ]
      }
    },
    {
      "type": "Feature",
      "properties": {
        "weight": 1.0,
        "area_sqm": 295.0,
        "radius_m": 9.7
      },
      "geometry": {
        "type": "Point",
        "coordinates": [
          -3.003525990909091,
          43.343065054545455
        ]
      }
    },
    {
      "type": "Feature",
      "properties": {
        "weight": 1.0,
        "area_sqm": 1174.9,
        "radius_m": 19.3
      },
      "geometry": {
        "type": "Point",
        "coordinates": [
          -3.0053927000000003,
          43.343134850000006
        ]
      }
    },
    {
      "type": "Feature",
      "properties": {
        "weight": 1.0,
        "area_sqm": 1966.3,
        "radius_m": 25.0
      },
      "geometry": {
        "type": "Point",
        "coordinates": [
          -3.00899058,
          43.34343172
        ]
      }
    },
    {
      "type": "Feature",
      "properties": {
        "weight": 1.0,
        "area_sqm": 648.6,
        "radius_m": 14.4
      },
      "geometry": {
        "type": "Point",
        "coordinates": [
          -3.0090554333333337,
          43.34377755
        ]
      }
    },
    {
      "type": "Feature",
      "properties": {
        "weight": 1.0,
        "area_sqm": 633.6,
        "radius_m": 14.2
      },
      "geometry": {
        "type": "Point",
        "coordinates": [
          -3.006407242857143,
          43.34379022857143
        ]
      }
    },
    {
      "type": "Feature",
      "properties": {
        "weight": 1.0,
        "area_sqm": 384.8,
        "radius_m": 11.1
      },
      "geometry": {
        "type": "Point",
        "coordinates": [
          -3.00866684,
          43.34391626
        ]
      }
    },
    {
      "type": "Feature",
      "properties": {
        "weight": 1.0,
        "area_sqm": 1683.0,
        "radius_m": 23.1
      },
      "geometry": {
        "type": "Point",
        "coordinates": [
          -3.0070037800000002,
          43.34402634
        ]
      }
    },
    {
      "type": "Feature",
      "properties": {
        "weight": 1.0,
        "area_sqm": 596.9,
        "radius_m": 13.8
      },
      "geometry": {
        "type": "Point",
        "coordinates": [
          -3.0117587142857145,
          43.34486357142857
        ]
      }
    },
    {
      "type": "Feature",
      "properties": {
        "weight": 1.0,
        "area_sqm": 29072.2,
        "radius_m": 96.2
      },
      "geometry": {
        "type": "Point",
        "coordinates": [
          -3.003817526,
          43.34492685
        ]
      }
    },
    {
      "type": "Feature",
      "properties": {
        "weight": 1.0,
        "area_sqm": 4268.8,
        "radius_m": 36.9
      },
      "geometry": {
        "type": "Point",
        "coordinates": [
          -3.0119220615384616,
          43.346506246153844
        ]
      }
    },
    {
      "type": "Feature",
      "properties": {
        "weight": 1.0,
        "area_sqm": 20222.9,
        "radius_m": 80.2
      },
      "geometry": {
        "type": "Point",
        "coordinates": [
          -3.0029432514285714,
          43.346536365714286
        ]
      }
    },
    {
      "type": "Feature",
      "properties": {
        "weight": 1.0,
        "area_sqm": 1574.8,
        "radius_m": 22.4
      },
      "geometry": {
        "type": "Point",
        "coordinates": [
          -3.010804806666667,
          43.34700074666667
        ]
      }
    },
    {
      "type": "Feature",
      "properties": {
        "weight": 1.0,
        "area_sqm": 820.3,
        "radius_m": 16.2
      },
      "geometry": {
        "type": "Point",
        "coordinates": [
          -3.00914491,
          43.34763933
        ]
      }
    },
    {
      "type": "Feature",
      "properties": {
        "weight": 1.0,
        "area_sqm": 3834.2,
        "radius_m": 34.9
      },
      "geometry": {
        "type": "Point",
        "coordinates": [
          -3.0055461866666664,
          43.347955406666664
        ]
      }
    },
    {
      "type": "Feature",
      "properties": {
        "weight": 1.0
      },
      "geometry": {
        "type": "Point",
        "coordinates": [
          -3.0060061,
          43.3480619
        ]
      }
    },
    {
      "type": "Feature",
      "properties": {
        "weight": 1.0,
        "area_sqm": 300.0,
        "radius_m": 9.8
      },
      "geometry": {
        "type": "Point",
        "coordinates": [
          -3.0067656200000004,
          43.348252360000004
        ]
      }
    },
    {
      "type": "Feature",
      "properties": {
        "weight": 1.0,
        "area_sqm": 141.0,
        "radius_m": 6.7
      },
      "geometry": {
        "type": "Point",
        "coordinates": [
          -3.0070695818181816,
          43.34844051818182
        ]
      }
    },
    {
      "type": "Feature",
      "properties": {
        "weight": 1.0,
        "area_sqm": 297.6,
        "radius_m": 9.7
      },
      "geometry": {
        "type": "Point",
        "coordinates": [
          -3.0068173333333332,
          43.34850922222222
        ]
      }
    },
    {
      "type": "Feature",
      "properties": {
        "weight": 1.0,
        "area_sqm": 670.7,
        "radius_m": 14.6
      },
      "geometry": {
        "type": "Point",
        "coordinates": [
          -3.0112312416666662,
          43.34879568333333
        ]
      }
    },
    {
      "type": "Feature",
      "properties": {
        "weight": 1.0,
        "area_sqm": 832.6,
        "radius_m": 16.3
      },
      "geometry": {
        "type": "Point",
        "coordinates": [
          -3.012088154545455,
          43.34891516363636
        ]
      }
    },
    {
      "type": "Feature",
      "properties": {
        "weight": 1.0,
        "area_sqm": 1561.2,
        "radius_m": 22.3
      },
      "geometry": {
        "type": "Point",
        "coordinates": [
          -3.0093808266666664,
          43.34906174
        ]
      }
    },
    {
      "type": "Feature",
      "properties": {
        "weight": 1.0,
        "area_sqm": 469.7,
        "radius_m": 12.2
      },
      "geometry": {
        "type": "Point",
        "coordinates": [
          -3.0084501,
          43.34942607
        ]
      }
    },
    {
      "type": "Feature",
      "properties": {
        "weight": 1.0,
        "area_sqm": 510.0,
        "radius_m": 12.7
      },
      "geometry": {
        "type": "Point",
        "coordinates": [
          -3.01210075,
          43.349656216666666
        ]
      }
    },
    {
      "type": "Feature",
      "properties": {
        "weight": 1.0,
        "area_sqm": 7857.5,
        "radius_m": 50.0
      },
      "geometry": {
        "type": "Point",
        "coordinates": [
          -3.0160923,
          43.34982690909091
        ]
      }
    },
    {
      "type": "Feature",
      "properties": {
        "weight": 1.0,
        "area_sqm": 1192.9,
        "radius_m": 19.5
      },
      "geometry": {
        "type": "Point",
        "coordinates": [
          -3.01414894,
          43.35005686
        ]
      }
    },
    {
      "type": "Feature",
      "properties": {
        "weight": 1.0,
        "area_sqm": 892.7,
        "radius_m": 16.9
      },
      "geometry": {
        "type": "Point",
        "coordinates": [
          -3.0080761,
          43.35005908
        ]
      }
    },
    {
      "type": "Feature",
      "properties": {
        "weight": 1.0,
        "area_sqm": 7920.9,
        "radius_m": 50.2
      },
      "geometry": {
        "type": "Point",
        "coordinates": [
          -3.0156604160000002,
          43.350151260000004
        ]
      }
    },
    {
      "type": "Feature",
      "properties": {
        "weight": 1.0,
        "area_sqm": 1005.6,
        "radius_m": 17.9
      },
      "geometry": {
        "type": "Point",
        "coordinates": [
          -3.011561161904762,
          43.35016606190476
        ]
      }
    },
    {
      "type": "Feature",
      "properties": {
        "weight": 1.0,
        "area_sqm": 1655.4,
        "radius_m": 23.0
      },
      "geometry": {
        "type": "Point",
        "coordinates": [
          -3.012745042857143,
          43.35024182857143
        ]
      }
    },
    {
      "type": "Feature",
      "properties": {
        "weight": 1.0,
        "area_sqm": 1000.2,
        "radius_m": 17.8
      },
      "geometry": {
        "type": "Point",
        "coordinates": [
          -3.008343755555556,
          43.350477822222224
        ]
      }
    },
    {
      "type": "Feature",
      "properties": {
        "weight": 1.0,
        "area_sqm": 2740.9,
        "radius_m": 29.5
      },
      "geometry": {
        "type": "Point",
        "coordinates": [
          -3.0089638153846154,
          43.35049533076923
        ]
      }
    },
    {
      "type": "Feature",
      "properties": {
        "weight": 1.0,
        "area_sqm": 3930.6,
        "radius_m": 35.4
      },
      "geometry": {
        "type": "Point",
        "coordinates": [
          -3.0052353000000003,
          43.35054178666667
        ]
      }
    },
    {
      "type": "Feature",
      "properties": {
        "weight": 1.0,
        "area_sqm": 2368.3,
        "radius_m": 27.5
      },
      "geometry": {
        "type": "Point",
        "coordinates": [
          -3.017197206666667,
          43.350909853333334
        ]
      }
    },
    {
      "type": "Feature",
      "properties": {
        "weight": 1.0,
        "area_sqm": 389.6,
        "radius_m": 11.1
      },
      "geometry": {
        "type": "Point",
        "coordinates": [
          -3.013104028571429,
          43.35131922857143
        ]
      }
    },
    {
      "type": "Feature",
      "properties": {
        "weight": 1.0,
        "area_sqm": 970.7,
        "radius_m": 17.6
      },
      "geometry": {
        "type": "Point",
        "coordinates": [
          -3.0124028800000002,
          43.35144098
        ]
      }
    },
    {
      "type": "Feature",
      "properties": {
        "weight": 1.0,
        "area_sqm": 2161.9,
        "radius_m": 26.2
      },
      "geometry": {
        "type": "Point",
        "coordinates": [
          -3.0181228888888887,
          43.35154023333334
        ]
      }
    },
    {
      "type": "Feature",
      "properties": {
        "weight": 1.0,
        "area_sqm": 218.9,
        "radius_m": 8.3
      },
      "geometry": {
        "type": "Point",
        "coordinates": [
          -3.008471033333333,
          43.351581350000004
        ]
      }
    },
    {
      "type": "Feature",
      "properties": {
        "weight": 1.0,
        "area_sqm": 459.9,
        "radius_m": 12.1
      },
      "geometry": {
        "type": "Point",
        "coordinates": [
          -2.90816848,
          43.351762480000005
        ]
      }
    },
    {
      "type": "Feature",
      "properties": {
        "weight": 1.0,
        "area_sqm": 1873.0,
        "radius_m": 24.4
      },
      "geometry": {
        "type": "Point",
        "coordinates": [
          -3.0065703,
          43.35192955555556
        ]
      }
    },
    {
      "type": "Feature",
      "properties": {
        "weight": 1.0,
        "area_sqm": 833.9,
        "radius_m": 16.3
      },
      "geometry": {
        "type": "Point",
        "coordinates": [
          -3.0152687,
          43.352108725
        ]
      }
    },
    {
      "type": "Feature",
      "properties": {
        "weight": 1.0,
        "area_sqm": 1802.8,
        "radius_m": 24.0
      },
      "geometry": {
        "type": "Point",
        "coordinates": [
          -2.99999375,
          43.352907825
        ]
      }
    },
    {
      "type": "Feature",
      "properties": {
        "weight": 1.0,
        "area_sqm": 1450.0,
        "radius_m": 21.5
      },
      "geometry": {
        "type": "Point",
        "coordinates": [
          -3.01146846,
          43.353315480000006
        ]
      }
    },
    {
      "type": "Feature",
      "properties": {
        "weight": 1.0,
        "area_sqm": 2197.6,
        "radius_m": 26.4
      },
      "geometry": {
        "type": "Point",
        "coordinates": [
          -3.013456214285714,
          43.354175128571434
        ]
      }
    },
    {
      "type": "Feature",
      "properties": {
        "weight": 1.0,
        "area_sqm": 318.0,
        "radius_m": 10.1
      },
      "geometry": {
        "type": "Point",
        "coordinates": [
          -3.011348,
          43.35475485
        ]
      }
    },
    {
      "type": "Feature",
      "properties": {
        "weight": 1.0,
        "area_sqm": 560.9,
        "radius_m": 13.4
      },
      "geometry": {
        "type": "Point",
        "coordinates": [
          -3.0126098454545454,
          43.35481541818182
        ]
      }
    },
    {
      "type": "Feature",
      "properties": {
        "weight": 1.0,
        "area_sqm": 63.1,
        "radius_m": 4.5
      },
      "geometry": {
        "type": "Point",
        "coordinates": [
          -3.0175997875,
          43.35481615
        ]
      }
    },
    {
      "type": "Feature",
      "properties": {
        "weight": 1.0,
        "area_sqm": 196.7,
        "radius_m": 7.9
      },
      "geometry": {
        "type": "Point",
        "coordinates": [
          -3.017842535294118,
          43.35489135882353
        ]
      }
    },
    {
      "type": "Feature",
      "properties": {
        "weight": 1.0,
        "area_sqm": 694.4,
        "radius_m": 14.9
      },
      "geometry": {
        "type": "Point",
        "coordinates": [
          -3.017792545,
          43.355074395
        ]
      }
    },
    {
      "type": "Feature",
      "properties": {
        "weight": 1.0,
        "area_sqm": 4542.0,
        "radius_m": 38.0
      },
      "geometry": {
        "type": "Point",
        "coordinates": [
          -3.017479225,
          43.3556259
        ]
      }
    },
    {
      "type": "Feature",
      "properties": {
        "weight": 1.0,
        "area_sqm": 4679.3,
        "radius_m": 38.6
      },
      "geometry": {
        "type": "Point",
        "coordinates": [
          -3.00501775,
          43.355783825
        ]
      }
    },
    {
      "type": "Feature",
      "properties": {
        "weight": 1.0,
        "area_sqm": 4235.2,
        "radius_m": 36.7
      },
      "geometry": {
        "type": "Point",
        "coordinates": [
          -2.9977707049999998,
          43.356075005
        ]
      }
    },
    {
      "type": "Feature",
      "properties": {
        "weight": 1.0,
        "area_sqm": 1821.7,
        "radius_m": 24.1
      },
      "geometry": {
        "type": "Point",
        "coordinates": [
          -3.0124319875000003,
          43.356516075
        ]
      }
    },
    {
      "type": "Feature",
      "properties": {
        "weight": 1.0,
        "area_sqm": 1757.7,
        "radius_m": 23.7
      },
      "geometry": {
        "type": "Point",
        "coordinates": [
          -3.01571486,
          43.3567417
        ]
      }
    },
    {
      "type": "Feature",
      "properties": {
        "weight": 1.0,
        "area_sqm": 867.8,
        "radius_m": 16.6
      },
      "geometry": {
        "type": "Point",
        "coordinates": [
          -3.0084395375,
          43.3568716125
        ]
      }
    },
    {
      "type": "Feature",
      "properties": {
        "weight": 1.0,
        "area_sqm": 394.0,
        "radius_m": 11.2
      },
      "geometry": {
        "type": "Point",
        "coordinates": [
          -3.00194236,
          43.35697942
        ]
      }
    },
    {
      "type": "Feature",
      "properties": {
        "weight": 1.0,
        "area_sqm": 2433.5,
        "radius_m": 27.8
      },
      "geometry": {
        "type": "Point",
        "coordinates": [
          -3.01291529,
          43.35721808
        ]
      }
    },
    {
      "type": "Feature",
      "properties": {
        "weight": 1.0,
        "area_sqm": 149.7,
        "radius_m": 6.9
      },
      "geometry": {
        "type": "Point",
        "coordinates": [
          -3.0024362285714288,
          43.3575112
        ]
      }
    },
    {
      "type": "Feature",
      "properties": {
        "weight": 1.0,
        "area_sqm": 2288.2,
        "radius_m": 27.0
      },
      "geometry": {
        "type": "Point",
        "coordinates": [
          -2.99747546,
          43.35821234
        ]
      }
    },
    {
      "type": "Feature",
      "properties": {
        "weight": 1.0,
        "area_sqm": 431.2,
        "radius_m": 11.7
      },
      "geometry": {
        "type": "Point",
        "coordinates": [
          -3.01366702,
          43.358509600000005
        ]
      }
    },
    {
      "type": "Feature",
      "properties": {
        "weight": 1.0,
        "area_sqm": 656.2,
        "radius_m": 14.5
      },
      "geometry": {
        "type": "Point",
        "coordinates": [
          -3.0132589800000003,
          43.358580540000005
        ]
      }
    },
    {
      "type": "Feature",
      "properties": {
        "weight": 1.0,
        "area_sqm": 2841.6,
        "radius_m": 30.1
      },
      "geometry": {
        "type": "Point",
        "coordinates": [
          -3.0078872904761904,
          43.35905195238095
        ]
      }
    },
    {
      "type": "Feature",
      "properties": {
        "weight": 1.0,
        "area_sqm": 400.3,
        "radius_m": 11.3
      },
      "geometry": {
        "type": "Point",
        "coordinates": [
          -3.0109673,
          43.35954602857142
        ]
      }
    },
    {
      "type": "Feature",
      "properties": {
        "weight": 1.0,
        "area_sqm": 504.3,
        "radius_m": 12.7
      },
      "geometry": {
        "type": "Point",
        "coordinates": [
          -3.0106048142857142,
          43.359632700000006
        ]
      }
    },
    {
      "type": "Feature",
      "properties": {
        "weight": 1.0,
        "area_sqm": 900.9,
        "radius_m": 16.9
      },
      "geometry": {
        "type": "Point",
        "coordinates": [
          -3.0113909333333333,
          43.359746477777776
        ]
      }
    },
    {
      "type": "Feature",
      "properties": {
        "weight": 1.0,
        "area_sqm": 495.8,
        "radius_m": 12.6
      },
      "geometry": {
        "type": "Point",
        "coordinates": [
          -3.0109696,
          43.3598887
        ]
      }
    },
    {
      "type": "Feature",
      "properties": {
        "weight": 1.0,
        "area_sqm": 3326.1,
        "radius_m": 32.5
      },
      "geometry": {
        "type": "Point",
        "coordinates": [
          -2.99816792,
          43.36008903333333
        ]
      }
    },
    {
      "type": "Feature",
      "properties": {
        "weight": 1.0,
        "area_sqm": 1462.0,
        "radius_m": 21.6
      },
      "geometry": {
        "type": "Point",
        "coordinates": [
          -3.02058686,
          43.36048662444445
        ]
      }
    },
    {
      "type": "Feature",
      "properties": {
        "weight": 1.0,
        "area_sqm": 2812.6,
        "radius_m": 29.9
      },
      "geometry": {
        "type": "Point",
        "coordinates": [
          -3.0151083615384615,
          43.36086159230769
        ]
      }
    },
    {
      "type": "Feature",
      "properties": {
        "weight": 1.0,
        "area_sqm": 1392.3,
        "radius_m": 21.1
      },
      "geometry": {
        "type": "Point",
        "coordinates": [
          -2.99583176,
          43.36134498
        ]
      }
    },
    {
      "type": "Feature",
      "properties": {
        "weight": 1.0,
        "area_sqm": 3174.3,
        "radius_m": 31.8
      },
      "geometry": {
        "type": "Point",
        "coordinates": [
          -2.9974111166666666,
          43.361542283333335
        ]
      }
    },
    {
      "type": "Feature",
      "properties": {
        "weight": 1.0,
        "area_sqm": 11158.2,
        "radius_m": 59.6
      },
      "geometry": {
        "type": "Point",
        "coordinates": [
          -2.9955354,
          43.36275557142857
        ]
      }
    },
    {
      "type": "Feature",
      "properties": {
        "weight": 1.0,
        "area_sqm": 12125.4,
        "radius_m": 62.1
      },
      "geometry": {
        "type": "Point",
        "coordinates": [
          -3.0184061124999997,
          43.3630394375
        ]
      }
    },
    {
      "type": "Feature",
      "properties": {
        "weight": 1.0,
        "area_sqm": 1004.7,
        "radius_m": 17.9
      },
      "geometry": {
        "type": "Point",
        "coordinates": [
          -3.017184,
          43.36306796
        ]
      }
    },
    {
      "type": "Feature",
      "properties": {
        "weight": 1.0,
        "area_sqm": 5496.5,
        "radius_m": 41.8
      },
      "geometry": {
        "type": "Point",
        "coordinates": [
          -3.016099418181818,
          43.36326813636364
        ]
      }
    },
    {
      "type": "Feature",
      "properties": {
        "weight": 1.0,
        "area_sqm": 2396.4,
        "radius_m": 27.6
      },
      "geometry": {
        "type": "Point",
        "coordinates": [
          -2.9962018571428572,
          43.363591
        ]
      }
    },
    {
      "type": "Feature",
      "properties": {
        "weight": 1.0,
        "area_sqm": 3359.9,
        "radius_m": 32.7
      },
      "geometry": {
        "type": "Point",
        "coordinates": [
          -2.872969533333333,
          43.36359484166667
        ]
      }
    },
    {
      "type": "Feature",
      "properties": {
        "weight": 1.0,
        "area_sqm": 2922.7,
        "radius_m": 30.5
      },
      "geometry": {
        "type": "Point",
        "coordinates": [
          -2.873625025,
          43.363601825
        ]
      }
    },
    {
      "type": "Feature",
      "properties": {
        "weight": 1.0,
        "area_sqm": 3915.4,
        "radius_m": 35.3
      },
      "geometry": {
        "type": "Point",
        "coordinates": [
          -3.0217198874999998,
          43.3639675875
        ]
      }
    },
    {
      "type": "Feature",
      "properties": {
        "weight": 1.0,
        "area_sqm": 4298.6,
        "radius_m": 37.0
      },
      "geometry": {
        "type": "Point",
        "coordinates": [
          -3.0164996222222222,
          43.36401723333333
        ]
      }
    },
    {
      "type": "Feature",
      "properties": {
        "weight": 1.0,
        "area_sqm": 20754.9,
        "radius_m": 81.3
      },
      "geometry": {
        "type": "Point",
        "coordinates": [
          -2.9973651441176474,
          43.36404165
        ]
      }
    },
    {
      "type": "Feature",
      "properties": {
        "weight": 1.0,
        "area_sqm": 3637.0,
        "radius_m": 34.0
      },
      "geometry": {
        "type": "Point",
        "coordinates": [
          -2.994190842857143,
          43.36469361428571
        ]
      }
    },
    {
      "type": "Feature",
      "properties": {
        "weight": 1.0,
        "area_sqm": 1658.9,
        "radius_m": 23.0
      },
      "geometry": {
        "type": "Point",
        "coordinates": [
          -2.9985616200000003,
          43.36478356
        ]
      }
    },
    {
      "type": "Feature",
      "properties": {
        "weight": 1.0,
        "area_sqm": 10909.0,
        "radius_m": 58.9
      },
      "geometry": {
        "type": "Point",
        "coordinates": [
          -2.875570985714286,
          43.365248314285715
        ]
      }
    }
  ]
}