{
  "type": "FeatureCollection",
  "features": [
    {
      "type": "Feature",
      "properties": {
        "weight": 1.0,
        "id": 8190146873,
        "hasDetails": true,
        "name": "La Gilda del Norte",
        "amenity": "fast_food",
        "cuisine": "regional;basque;brochettes",
        "address": "Erreka Bazterrak kalea 5, Basauri",
        "website": "https://www.lagildadelnorte.com/",
        "opening_hours": "Mo-Fr 08:00-18:00"
      },
      "geometry": {
        "type": "Point",
        "coordinates": [
          -2.8831139,
          43.2290447
        ]
      }
    },
    {
      "type": "Feature",
      "properties": {
        "weight": 1.0,
        "id": 11020632535,
        "hasDetails": true,
        "name": "McDonald's",
        "amenity": "fast_food",
        "cuisine": "burger",
        "website": "https://mcdonalds.es/"
      },
      "geometry": {
        "type": "Point",
        "coordinates": [
          -2.8753393,
          43.2296274
        ]
      }
    },
    {
      "type": "Feature",
      "properties": {
        "weight": 1.0
      },
      "geometry": {
        "type": "Point",
        "coordinates": [
          -2.894864,
          43.2299798
        ]
      }
    },
    {
      "type": "Feature",
      "properties": {
        "weight": 1.0,
        "id": 314955667,
        "hasDetails": true,
        "name": "Cervecer\u00eda Etxe-Zuri",
        "amenity": "restaurant",
        "cuisine": "chicken",
        "address": "Azganeta kalea 3, Basauri"
      },
      "geometry": {
        "type": "Point",
        "coordinates": [
          -2.8850505,
          43.2306907
        ]
      }
    },
    {
      "type": "Feature",
      "properties": {
        "weight": 1.0
      },
      "geometry": {
        "type": "Point",
        "coordinates": [
          -2.8834653,
          43.2347834
        ]
      }
    },
    {
      "type": "Feature",
      "properties": {
        "weight": 1.0
      },
      "geometry": {
        "type": "Point",
        "coordinates": [
          -2.883476,
          43.2348733
        ]
      }
    },
    {
      "type": "Feature",
      "properties": {
        "weight": 1.0
      },
      "geometry": {
        "type": "Point",
        "coordinates": [
          -2.8829664,
          43.2349436
        ]
      }
    },
    {
      "type": "Feature",
      "properties": {
        "weight": 1.0,
        "id": 6631726285,
        "hasDetails": true,
        "name": "Albokak",
        "amenity": "restaurant",
        "address": "Arbuio enpresa gunea 14",
        "website": "https://albokakjatetxea.com"
      },
      "geometry": {
        "type": "Point",
        "coordinates": [
          -3.0090507,
          43.2353595
        ]
      }
    },
    {
      "type": "Feature",
      "properties": {
        "weight": 1.0
      },
      "geometry": {
        "type": "Point",
        "coordinates": [
          -2.8842807,
          43.2353853
        ]
      }
    },
    {
      "type": "Feature",
      "properties": {
        "weight": 1.0,
        "id": 7741914485,
        "hasDetails": true,
        "name": "5 estrellas",
        "amenity": "bar",
        "address": "Avenida Lehendakari Aguirre"
      },
      "geometry": {
        "type": "Point",
        "coordinates": [
          -2.8796917,
          43.2357297
        ]
      }
    },
    {
      "type": "Feature",
      "properties": {
        "weight": 1.0,
        "id": 13689081301,
        "hasDetails": true,
        "name": "Bar Edudoga",
        "amenity": "bar",
        "address": "Gipuzkoa kalea 17",
        "opening_hours": "Mo-Th 09:00-22:00; Fr-Su 10:00-00:00"
      },
      "geometry": {
        "type": "Point",
        "coordinates": [
          -2.8939683,
          43.235784
        ]
      }
    },
    {
      "type": "Feature",
      "properties": {
        "weight": 1.0
      },
      "geometry": {
        "type": "Point",
        "coordinates": [
          -2.890815,
          43.2357905
        ]
      }
    },
    {
      "type": "Feature",
      "properties": {
        "weight": 1.0,
        "id": 8863517217,
        "hasDetails": true,
        "name": "El rinc\u00f3n de Soloarte",
        "amenity": "bar",
        "address": "Soloarte"
      },
      "geometry": {
        "type": "Point",
        "coordinates": [
          -2.8811539,
          43.2358206
        ]
      }
    },
    {
      "type": "Feature",
      "properties": {
        "weight": 1.0
      },
      "geometry": {
        "type": "Point",
        "coordinates": [
          -2.8899643,
          43.2359451
        ]
      }
    },
    {
      "type": "Feature",
      "properties": {
        "weight": 1.0,
        "id": 8863517417,
        "hasDetails": true,
        "name": "Zubi-ondo",
        "amenity": "bar",
        "address": "Avenida Lehendakari Aguirre"
      },
      "geometry": {
        "type": "Point",
        "coordinates": [
          -2.8806934,
          43.2359792
        ]
      }
    },
    {
      "type": "Feature",
      "properties": {
        "weight": 1.0,
        "id": 1270187569,
        "hasDetails": true,
        "name": "Telepizza",
        "amenity": "fast_food",
        "cuisine": "pizza"
      },
      "geometry": {
        "type": "Point",
        "coordinates": [
          -2.8867322,
          43.2359949
        ]
      }
    },
    {
      "type": "Feature",
      "properties": {
        "weight": 1.0,
        "id": 7741593485,
        "hasDetails": true,
        "name": "Xurol",
        "amenity": "bar",
        "address": "Avenida Lehendakari Aguirre"
      },
      "geometry": {
        "type": "Point",
        "coordinates": [
          -2.8808215,
          43.2360226
        ]
      }
    },
    {
      "type": "Feature",
      "properties": {
        "weight": 1.0
      },
      "geometry": {
        "type": "Point",
        "coordinates": [
          -2.8827095,
          43.236027
        ]
      }
    },
    {
      "type": "Feature",
      "properties": {
        "weight": 1.0
      },
      "geometry": {
        "type": "Point",
        "coordinates": [
          -2.8833103,
          43.2361442
        ]
      }
    },
    {
      "type": "Feature",
      "properties": {
        "weight": 1.0,
        "id": 6625064486,
        "hasDetails": true,
        "name": "IRRINTZI",
        "amenity": "bar",
        "address": "Balendin Berriotoxoa kalea 5"
      },
      "geometry": {
        "type": "Point",
        "coordinates": [
          -2.8847908,
          43.2363199
        ]
      }
    },
    {
      "type": "Feature",
      "properties": {
        "weight": 1.0,
        "id": 13705390001,
        "hasDetails": true,
        "name": "Bar Apolo XII",
        "amenity": "bar",
        "address": "Balendin Berriotxoa kalea 3"
      },
      "geometry": {
        "type": "Point",
        "coordinates": [
          -2.8850905,
          43.2363863
        ]
      }
    },
    {
      "type": "Feature",
      "properties": {
        "weight": 1.0,
        "id": 13058290258,
        "hasDetails": true,
        "name": "Taurino",
        "amenity": "bar",
        "address": "Bego\u00f1ako Andra Mari kalea 14"
      },
      "geometry": {
        "type": "Point",
        "coordinates": [
          -2.886601,
          43.2364154
        ]
      }
    },
    {
      "type": "Feature",
      "properties": {
        "weight": 1.0,
        "id": 13058290255,
        "hasDetails": true,
        "name": "Boxes",
        "amenity": "bar",
        "address": "Bego\u00f1ako Andra Mari kalea 10",
        "names": [
          "Boxes",
          "Dafne"
        ]
      },
      "geometry": {
        "type": "Point",
        "coordinates": [
          -2.8870818,
          43.2364175
        ]
      }
    },
    {
      "type": "Feature",
      "properties": {
        "weight": 1.0,
        "id": 13058290257,
        "hasDetails": true,
        "name": "Taberna Aiara",
        "amenity": "bar",
        "address": "Bego\u00f1ako Andra Mari kalea 12"
      },
      "geometry": {
        "type": "Point",
        "coordinates": [
          -2.8868892,
          43.2364236
        ]
      }
    },
    {
      "type": "Feature",
      "properties": {
        "weight": 1.0
      },
      "geometry": {
        "type": "Point",
        "coordinates": [
          -2.8857275,
          43.2365382
        ]
      }
    },
    {
      "type": "Feature",
      "properties": {
        "weight": 1.0
      },
      "geometry": {
        "type": "Point",
        "coordinates": [
          -2.8859402,
          43.2365492
        ]
      }
    },
    {
      "type": "Feature",
      "properties": {
        "weight": 1.0
      },
      "geometry": {
        "type": "Point",
        "coordinates": [
          -2.8863367,
          43.2365895
        ]
      }
    },
    {
      "type": "Feature",
      "properties": {
        "weight": 1.0
      },
      "geometry": {
        "type": "Point",
        "coordinates": [
          -2.886324,
          43.2367401
        ]
      }
    },
    {
      "type": "Feature",
      "properties": {
        "weight": 1.0
      },
      "geometry": {
        "type": "Point",
        "coordinates": [
          -2.886518,
          43.2367667
        ]
      }
    },
    {
      "type": "Feature",
      "properties": {
        "weight": 1.0
      },
      "geometry": {
        "type": "Point",
        "coordinates": [
          -2.8864716,
          43.236907
        ]
      }
    },
    {
      "type": "Feature",
      "properties": {
        "weight": 1.0,
        "id": 13058290264,
        "hasDetails": true,
        "name": "Nai Lua",
        "amenity": "cafe",
        "cuisine": "tea"
      },
      "geometry": {
        "type": "Point",
        "coordinates": [
          -2.8866994,
          43.2369122
        ]
      }
    },
    {
      "type": "Feature",
      "properties": {
        "weight": 1.0,
        "id": 8856130919,
        "hasDetails": true,
        "name": "Pagomakurre",
        "amenity": "restaurant",
        "address": "Autonomia kalea"
      },
      "geometry": {
        "type": "Point",
        "coordinates": [
          -2.8882711,
          43.2369125
        ]
      }
    },
    {
      "type": "Feature",
      "properties": {
        "weight": 1.0,
        "id": 8856130918,
        "hasDetails": true,
        "name": "New magic",
        "amenity": "bar",
        "address": "Avenida Lehendakari Aguirre"
      },
      "geometry": {
        "type": "Point",
        "coordinates": [
          -2.8857192,
          43.2369979
        ]
      }
    },
    {
      "type": "Feature",
      "properties": {
        "weight": 1.0,
        "id": 7714651985,
        "hasDetails": true,
        "name": "La koral",
        "amenity": "bar",
        "address": "Autonomia kalea"
      },
      "geometry": {
        "type": "Point",
        "coordinates": [
          -2.8879871,
          43.2371343
        ]
      }
    },
    {
      "type": "Feature",
      "properties": {
        "weight": 1.0
      },
      "geometry": {
        "type": "Point",
        "coordinates": [
          -2.8876549,
          43.2372143
        ]
      }
    },
    {
      "type": "Feature",
      "properties": {
        "weight": 1.0
      },
      "geometry": {
        "type": "Point",
        "coordinates": [
          -2.8774558,
          43.2372971
        ]
      }
    },
    {
      "type": "Feature",
      "properties": {
        "weight": 1.0
      },
      "geometry": {
        "type": "Point",
        "coordinates": [
          -2.8875994,
          43.2373298
        ]
      }
    },
    {
      "type": "Feature",
      "properties": {
        "weight": 1.0,
        "id": 7410834985,
        "hasDetails": true,
        "name": "Salda\u00f1a",
        "amenity": "bar",
        "address": "Catalunya kalea"
      },
      "geometry": {
        "type": "Point",
        "coordinates": [
          -2.8803798,
          43.2374979
        ]
      }
    },
    {
      "type": "Feature",
      "properties": {
        "weight": 1.0
      },
      "geometry": {
        "type": "Point",
        "coordinates": [
          -2.8909801,
          43.2376191
        ]
      }
    },
    {
      "type": "Feature",
      "properties": {
        "weight": 1.0,
        "id": 12880349302,
        "hasDetails": true,
        "name": "Bar el Cruce",
        "amenity": "bar",
        "opening_hours": "Mo-Fr 06:00-23:00"
      },
      "geometry": {
        "type": "Point",
        "coordinates": [
          -2.8939909,
          43.2378324
        ]
      }
    },
    {
      "type": "Feature",
      "properties": {
        "weight": 1.0
      },
      "geometry": {
        "type": "Point",
        "coordinates": [
          -2.8889448,
          43.237845
        ]
      }
    },
    {
      "type": "Feature",
      "properties": {
        "weight": 1.0
      },
      "geometry": {
        "type": "Point",
        "coordinates": [
          -2.8869414,
          43.2379013
        ]
      }
    },
    {
      "type": "Feature",
      "properties": {
        "weight": 1.0,
        "id": 8494345217,
        "hasDetails": true,
        "name": "Riazor",
        "amenity": "bar",
        "address": "Calle Karmelo Torre"
      },
      "geometry": {
        "type": "Point",
        "coordinates": [
          -2.8975352,
          43.237942
        ]
      }
    },
    {
      "type": "Feature",
      "properties": {
        "weight": 1.0
      },
      "geometry": {
        "type": "Point",
        "coordinates": [
          -2.8980978,
          43.2379489
        ]
      }
    },
    {
      "type": "Feature",
      "properties": {
        "weight": 1.0
      },
      "geometry": {
        "type": "Point",
        "coordinates": [
          -2.894555,
          43.2379728
        ]
      }
    },
    {
      "type": "Feature",
      "properties": {
        "weight": 1.0,
        "id": 891360059,
        "hasDetails": true,
        "name": "Burger King",
        "amenity": "fast_food",
        "cuisine": "burger",
        "address": "Urbi etorbidea 4, Basauri"
      },
      "geometry": {
        "type": "Point",
        "coordinates": [
          -2.8759604,
          43.2380239
        ]
      }
    },
    {
      "type": "Feature",
      "properties": {
        "weight": 1.0
      },
      "geometry": {
        "type": "Point",
        "coordinates": [
          -2.8804699,
          43.2388452
        ]
      }
    },
    {
      "type": "Feature",
      "properties": {
        "weight": 1.0
      },
      "geometry": {
        "type": "Point",
        "coordinates": [
          -2.8871065,
          43.2389053
        ]
      }
    },
    {
      "type": "Feature",
      "properties": {
        "weight": 1.0
      },
      "geometry": {
        "type": "Point",
        "coordinates": [
          -2.8866475,
          43.2391618
        ]
      }
    },
    {
      "type": "Feature",
      "properties": {
        "weight": 1.0
      },
      "geometry": {
        "type": "Point",
        "coordinates": [
          -2.8865968,
          43.2393379
        ]
      }
    },
    {
      "type": "Feature",
      "properties": {
        "weight": 1.0,
        "id": 8685011318,
        "hasDetails": true,
        "name": "La esquina",
        "amenity": "bar",
        "address": "San Josef Langilearen kalea 1"
      },
      "geometry": {
        "type": "Point",
        "coordinates": [
          -2.9182375,
          43.2396804
        ]
      }
    },
    {
      "type": "Feature",
      "properties": {
        "weight": 1.0,
        "id": 8685031917,
        "hasDetails": true,
        "name": "Kaskarrilla",
        "amenity": "bar",
        "address": "Calle de San Jose Obrero"
      },
      "geometry": {
        "type": "Point",
        "coordinates": [
          -2.9181499,
          43.239776
        ]
      }
    },
    {
      "type": "Feature",
      "properties": {
        "weight": 1.0,
        "id": 8685031918,
        "hasDetails": true,
        "name": "La amistad",
        "amenity": "bar",
        "address": "Calle de San Jose Obrero"
      },
      "geometry": {
        "type": "Point",
        "coordinates": [
          -2.9179281,
          43.2400377
        ]
      }
    },
    {
      "type": "Feature",
      "properties": {
        "weight": 1.0,
        "id": 8687472318,
        "hasDetails": true,
        "name": "Aloha",
        "amenity": "bar",
        "address": "Calle Veintidos de Diciembre"
      },
      "geometry": {
        "type": "Point",
        "coordinates": [
          -2.9178839,
          43.2401803
        ]
      }
    },
    {
      "type": "Feature",
      "properties": {
        "weight": 1.0
      },
      "geometry": {
        "type": "Point",
        "coordinates": [
          -2.917778,
          43.2402745
        ]
      }
    },
    {
      "type": "Feature",
      "properties": {
        "weight": 1.0,
        "id": 387153992,
        "hasDetails": true,
        "name": "Asador Mendipe",
        "amenity": "restaurant",
        "cuisine": "regional"
      },
      "geometry": {
        "type": "Point",
        "coordinates": [
          -2.943843,
          43.2403289
        ]
      }
    },
    {
      "type": "Feature",
      "properties": {
        "weight": 1.0
      },
      "geometry": {
        "type": "Point",
        "coordinates": [
          -2.9226366,
          43.2403524
        ]
      }
    },
    {
      "type": "Feature",
      "properties": {
        "weight": 1.0,
        "id": 8685031919,
        "hasDetails": true,
        "name": "Patxi",
        "amenity": "bar",
        "address": "Calle de San Jose Obrero"
      },
      "geometry": {
        "type": "Point",
        "coordinates": [
          -2.9173578,
          43.240412
        ]
      }
    },
    {
      "type": "Feature",
      "properties": {
        "weight": 1.0
      },
      "geometry": {
        "type": "Point",
        "coordinates": [
          -2.9206804,
          43.2405872
        ]
      }
    },
    {
      "type": "Feature",
      "properties": {
        "weight": 1.0
      },
      "geometry": {
        "type": "Point",
        "coordinates": [
          -2.9229736,
          43.2408867
        ]
      }
    },
    {
      "type": "Feature",
      "properties": {
        "weight": 1.0
      },
      "geometry": {
        "type": "Point",
        "coordinates": [
          -2.8791441,
          43.2409802
        ]
      }
    },
    {
      "type": "Feature",
      "properties": {
        "weight": 1.0
      },
      "geometry": {
        "type": "Point",
        "coordinates": [
          -2.9225078,
          43.2409902
        ]
      }
    },
    {
      "type": "Feature",
      "properties": {
        "weight": 1.0
      },
      "geometry": {
        "type": "Point",
        "coordinates": [
          -2.9218978,
          43.241134
        ]
      }
    },
    {
      "type": "Feature",
      "properties": {
        "weight": 1.0
      },
      "geometry": {
        "type": "Point",
        "coordinates": [
          -2.9221159,
          43.2411439
        ]
      }
    },
    {
      "type": "Feature",
      "properties": {
        "weight": 1.0,
        "id": 10128666952,
        "hasDetails": true,
        "name": "La Luna Bikes & Coffee",
        "amenity": "pub",
        "address": "Zamakola kalea 63, Bilbao"
      },
      "geometry": {
        "type": "Point",
        "coordinates": [
          -2.9227501,
          43.2412194
        ]
      }
    },
    {
      "type": "Feature",
      "properties": {
        "weight": 1.0
      },
      "geometry": {
        "type": "Point",
        "coordinates": [
          -2.9207504,
          43.2412239
        ]
      }
    },
    {
      "type": "Feature",
      "properties": {
        "weight": 1.0,
        "id": 607046533,
        "hasDetails": true,
        "name": "Lar Arraiz pulper\u00eda-asador",
        "amenity": "restaurant",
        "cuisine": "gallega;steak_house;pulpo",
        "address": "Arraizbidea 114, Bilbao",
        "website": "https://lar-arraiz-pulperia-asador.eatbu.com",
        "opening_hours": "Th-Su 09:30-02:00"
      },
      "geometry": {
        "type": "Point",
        "coordinates": [
          -2.9604657,
          43.2412262
        ]
      }
    },
    {
      "type": "Feature",
      "properties": {
        "weight": 1.0
      },
      "geometry": {
        "type": "Point",
        "coordinates": [
          -2.9230549,
          43.2412865
        ]
      }
    },
    {
      "type": "Feature",
      "properties": {
        "weight": 1.0
      },
      "geometry": {
        "type": "Point",
        "coordinates": [
          -2.9235182,
          43.2414252
        ]
      }
    },
    {
      "type": "Feature",
      "properties": {
        "weight": 1.0
      },
      "geometry": {
        "type": "Point",
        "coordinates": [
          -2.9246852,
          43.2416448
        ]
      }
    },
    {
      "type": "Feature",
      "properties": {
        "weight": 1.0,
        "id": 6631726087,
        "hasDetails": true,
        "name": "Elkartegi berria",
        "amenity": "restaurant",
        "address": "Calle Loibi"
      },
      "geometry": {
        "type": "Point",
        "coordinates": [
          -2.9947684,
          43.2416473
        ]
      }
    },
    {
      "type": "Feature",
      "properties": {
        "weight": 1.0
      },
      "geometry": {
        "type": "Point",
        "coordinates": [
          -2.924171,
          43.2416606
        ]
      }
    },
    {
      "type": "Feature",
      "properties": {
        "weight": 1.0,
        "id": 6114405436,
        "hasDetails": true,
        "name": "Domino's",
        "amenity": "fast_food",
        "cuisine": "pizza",
        "address": "Basauri"
      },
      "geometry": {
        "type": "Point",
        "coordinates": [
          -2.8854357,
          43.2417674
        ]
      }
    },
    {
      "type": "Feature",
      "properties": {
        "weight": 1.0
      },
      "geometry": {
        "type": "Point",
        "coordinates": [
          -2.9242119,
          43.24186
        ]
      }
    },
    {
      "type": "Feature",
      "properties": {
        "weight": 1.0
      },
      "geometry": {
        "type": "Point",
        "coordinates": [
          -2.9247584,
          43.241867
        ]
      }
    },
    {
      "type": "Feature",
      "properties": {
        "weight": 1.0
      },
      "geometry": {
        "type": "Point",
        "coordinates": [
          -2.9251121,
          43.242015
        ]
      }
    },
    {
      "type": "Feature",
      "properties": {
        "weight": 1.0
      },
      "geometry": {
        "type": "Point",
        "coordinates": [
          -2.9246283,
          43.2422708
        ]
      }
    },
    {
      "type": "Feature",
      "properties": {
        "weight": 1.0
      },
      "geometry": {
        "type": "Point",
        "coordinates": [
          -2.9251852,
          43.2422964
        ]
      }
    },
    {
      "type": "Feature",
      "properties": {
        "weight": 1.0,
        "id": 8685217318,
        "hasDetails": true,
        "name": "Santa Isabel",
        "amenity": "pub",
        "address": "Santa Isabel kalea"
      },
      "geometry": {
        "type": "Point",
        "coordinates": [
          -2.9175358,
          43.2424104
        ]
      }
    },
    {
      "type": "Feature",
      "properties": {
        "weight": 1.0
      },
      "geometry": {
        "type": "Point",
        "coordinates": [
          -2.9248658,
          43.2424825
        ]
      }
    },
    {
      "type": "Feature",
      "properties": {
        "weight": 1.0
      },
      "geometry": {
        "type": "Point",
        "coordinates": [
          -2.9168139,
          43.2426973
        ]
      }
    },
    {
      "type": "Feature",
      "properties": {
        "weight": 1.0,
        "id": 4502468089,
        "hasDetails": true,
        "name": "Kebab Euskadi Bilbao",
        "amenity": "fast_food",
        "cuisine": "chinese;spanish;indian;moroccan;turkish;arab;burger;kebab",
        "address": "campa ibaizabal 8",
        "opening_hours": "24/7"
      },
      "geometry": {
        "type": "Point",
        "coordinates": [
          -2.9256287,
          43.2429187
        ]
      }
    },
    {
      "type": "Feature",
      "properties": {
        "weight": 1.0,
        "id": 10926086213,
        "hasDetails": true,
        "name": "Cerveceria Ibaizabal",
        "amenity": "restaurant",
        "address": "Ibaizabal landa kalea 9, Bilbao"
      },
      "geometry": {
        "type": "Point",
        "coordinates": [
          -2.9254075,
          43.2430992
        ]
      }
    },
    {
      "type": "Feature",
      "properties": {
        "weight": 1.0
      },
      "geometry": {
        "type": "Point",
        "coordinates": [
          -2.9256958,
          43.2431885
        ]
      }
    },
    {
      "type": "Feature",
      "properties": {
        "weight": 1.0,
        "id": 11234754774,
        "hasDetails": true,
        "name": "New Txalos",
        "amenity": "pub",
        "address": "Ibaizabal landa kalea 3, Bilbao"
      },
      "geometry": {
        "type": "Point",
        "coordinates": [
          -2.9257084,
          43.2438828
        ]
      }
    },
    {
      "type": "Feature",
      "properties": {
        "weight": 1.0
      },
      "geometry": {
        "type": "Point",
        "coordinates": [
          -2.9336111,
          43.2442725
        ]
      }
    },
    {
      "type": "Feature",
      "properties": {
        "weight": 1.0,
        "id": 6935806488,
        "hasDetails": true,
        "name": "El \u00c1tico",
        "amenity": "bar",
        "address": "Calle Am\u00e9zola"
      },
      "geometry": {
        "type": "Point",
        "coordinates": [
          -2.8957418,
          43.2442884
        ]
      }
    },
    {
      "type": "Feature",
      "properties": {
        "weight": 1.0
      },
      "geometry": {
        "type": "Point",
        "coordinates": [
          -2.8959597,
          43.2443548
        ]
      }
    },
    {
      "type": "Feature",
      "properties": {
        "weight": 1.0
      },
      "geometry": {
        "type": "Point",
        "coordinates": [
          -2.8952469,
          43.2446299
        ]
      }
    },
    {
      "type": "Feature",
      "properties": {
        "weight": 1.0,
        "id": 2266237619,
        "hasDetails": true,
        "name": "Asador El Bosque",
        "amenity": "restaurant",
        "address": "Jose Maria Asensio kalea 5, Etxebarri"
      },
      "geometry": {
        "type": "Point",
        "coordinates": [
          -2.8953816,
          43.2447718
        ]
      }
    },
    {
      "type": "Feature",
      "properties": {
        "weight": 1.0,
        "id": 7598643085,
        "hasDetails": true,
        "name": "Bar Zuria Doner Kebab",
        "amenity": "fast_food",
        "cuisine": "kebab",
        "address": "Zamacola kalea"
      },
      "geometry": {
        "type": "Point",
        "coordinates": [
          -2.9241252,
          43.245249
        ]
      }
    },
    {
      "type": "Feature",
      "properties": {
        "weight": 1.0,
        "id": 2266253793,
        "hasDetails": true,
        "name": "Bar Restaurante Beliforanos",
        "amenity": "restaurant",
        "address": "Santa Ana kalea 6, Etxebarri"
      },
      "geometry": {
        "type": "Point",
        "coordinates": [
          -2.8913827,
          43.2456285
        ]
      }
    },
    {
      "type": "Feature",
      "properties": {
        "weight": 1.0,
        "id": 4776348389,
        "hasDetails": true,
        "name": "Big Friend",
        "amenity": "fast_food",
        "cuisine": "burger",
        "address": "Egetiaga Uribarri kalea 10, Etxebarri"
      },
      "geometry": {
        "type": "Point",
        "coordinates": [
          -2.8928094,
          43.2456851
        ]
      }
    },
    {
      "type": "Feature",
      "properties": {
        "weight": 1.0,
        "id": 3951305018,
        "hasDetails": true,
        "name": "Joan",
        "amenity": "cafe",
        "address": "Patxi Bengoa plaza 6, Etxebarri"
      },
      "geometry": {
        "type": "Point",
        "coordinates": [
          -2.8939143,
          43.2462063
        ]
      }
    },
    {
      "type": "Feature",
      "properties": {
        "weight": 1.0
      },
      "geometry": {
        "type": "Point",
        "coordinates": [
          -2.9310155,
          43.2462629
        ]
      }
    },
    {
      "type": "Feature",
      "properties": {
        "weight": 1.0
      },
      "geometry": {
        "type": "Point",
        "coordinates": [
          -2.9411664,
          43.2463392
        ]
      }
    },
    {
      "type": "Feature",
      "properties": {
        "weight": 1.0
      },
      "geometry": {
        "type": "Point",
        "coordinates": [
          -2.8924473,
          43.2464072
        ]
      }
    },
    {
      "type": "Feature",
      "properties": {
        "weight": 1.0,
        "id": 4863479556,
        "hasDetails": true,
        "name": "auzoa",
        "amenity": "cafe",
        "address": "Antonio Epalza kalea 9, Etxebarri"
      },
      "geometry": {
        "type": "Point",
        "coordinates": [
          -2.8938694,
          43.246442
        ]
      }
    },
    {
      "type": "Feature",
      "properties": {
        "weight": 1.0,
        "id": 6631726086,
        "hasDetails": true,
        "name": "Batzoki",
        "amenity": "bar",
        "address": "Calle Ibaialde"
      },
      "geometry": {
        "type": "Point",
        "coordinates": [
          -2.9903811,
          43.2465121
        ]
      }
    },
    {
      "type": "Feature",
      "properties": {
        "weight": 1.0,
        "id": 1300043226,
        "hasDetails": true,
        "name": "Ortzi",
        "amenity": "restaurant",
        "address": "Patxi Bengoa plaza 4, Etxebarri"
      },
      "geometry": {
        "type": "Point",
        "coordinates": [
          -2.8935334,
          43.2466759
        ]
      }
    },
    {
      "type": "Feature",
      "properties": {
        "weight": 1.0,
        "id": 3953167881,
        "hasDetails": true,
        "name": "Batzoki de Etxebarri",
        "amenity": "cafe",
        "cuisine": "regional",
        "address": "Amezola kalea 2, Etxebarri",
        "outdoor_seating": "yes"
      },
      "geometry": {
        "type": "Point",
        "coordinates": [
          -2.8927158,
          43.2467403
        ]
      }
    },
    {
      "type": "Feature",
      "properties": {
        "weight": 1.0,
        "id": 6631726085,
        "hasDetails": true,
        "name": "Mirentxu",
        "amenity": "pub",
        "address": "Calle Ibaialde"
      },
      "geometry": {
        "type": "Point",
        "coordinates": [
          -2.9897928,
          43.2468234
        ]
      }
    },
    {
      "type": "Feature",
      "properties": {
        "weight": 1.0,
        "id": 2281865217,
        "hasDetails": true,
        "name": "Atutxa",
        "amenity": "pub",
        "address": "Calle Sabino Arana y Goiri 1, Etxebarri",
        "outdoor_seating": "yes"
      },
      "geometry": {
        "type": "Point",
        "coordinates": [
          -2.8925131,
          43.2468278
        ]
      }
    },
    {
      "type": "Feature",
      "properties": {
        "weight": 1.0,
        "id": 1300044178,
        "hasDetails": true,
        "name": "True Colours",
        "amenity": "pub",
        "address": "Calle Sabino Arana y Goiri 6, Etxebarri",
        "outdoor_seating": "yes"
      },
      "geometry": {
        "type": "Point",
        "coordinates": [
          -2.8923832,
          43.2468746
        ]
      }
    },
    {
      "type": "Feature",
      "properties": {
        "weight": 1.0,
        "id": 4757645103,
        "hasDetails": true,
        "name": "Bar Itusta",
        "amenity": "bar",
        "address": "Julia meategiaren kalea"
      },
      "geometry": {
        "type": "Point",
        "coordinates": [
          -2.9297388,
          43.2468867
        ]
      }
    },
    {
      "type": "Feature",
      "properties": {
        "weight": 1.0
      },
      "geometry": {
        "type": "Point",
        "coordinates": [
          -2.8925451,
          43.2470121
        ]
      }
    },
    {
      "type": "Feature",
      "properties": {
        "weight": 1.0
      },
      "geometry": {
        "type": "Point",
        "coordinates": [
          -2.8929462,
          43.2470317
        ]
      }
    },
    {
      "type": "Feature",
      "properties": {
        "weight": 1.0,
        "id": 4757710013,
        "hasDetails": true,
        "amenity": "fast_food",
        "cuisine": "kebab"
      },
      "geometry": {
        "type": "Point",
        "coordinates": [
          -2.9311662,
          43.24718
        ]
      }
    },
    {
      "type": "Feature",
      "properties": {
        "weight": 1.0,
        "id": 4768034221,
        "hasDetails": true,
        "name": "Gure Toki",
        "amenity": "pub",
        "cuisine": "burger"
      },
      "geometry": {
        "type": "Point",
        "coordinates": [
          -2.8929357,
          43.2473188
        ]
      }
    },
    {
      "type": "Feature",
      "properties": {
        "weight": 1.0,
        "id": 10279628343,
        "hasDetails": true,
        "name": "Restaurante Boluetabarri Jantoki",
        "amenity": "restaurant",
        "cuisine": "coffee_shop",
        "address": "Boluetako Santa Ana kalea, Bilbao"
      },
      "geometry": {
        "type": "Point",
        "coordinates": [
          -2.9073274,
          43.2473547
        ]
      }
    },
    {
      "type": "Feature",
      "properties": {
        "weight": 1.0
      },
      "geometry": {
        "type": "Point",
        "coordinates": [
          -2.929794,
          43.2474071
        ]
      }
    },
    {
      "type": "Feature",
      "properties": {
        "weight": 1.0
      },
      "geometry": {
        "type": "Point",
        "coordinates": [
          -2.931724,
          43.2475672
        ]
      }
    },
    {
      "type": "Feature",
      "properties": {
        "weight": 1.0
      },
      "geometry": {
        "type": "Point",
        "coordinates": [
          -2.9908094,
          43.2476486
        ]
      }
    },
    {
      "type": "Feature",
      "properties": {
        "weight": 1.0
      },
      "geometry": {
        "type": "Point",
        "coordinates": [
          -2.9300146,
          43.247649
        ]
      }
    },
    {
      "type": "Feature",
      "properties": {
        "weight": 1.0
      },
      "geometry": {
        "type": "Point",
        "coordinates": [
          -2.933814,
          43.2478981
        ]
      }
    },
    {
      "type": "Feature",
      "properties": {
        "weight": 1.0,
        "id": 1172395805,
        "hasDetails": true,
        "name": "McDonald's",
        "amenity": "fast_food",
        "cuisine": "burger"
      },
      "geometry": {
        "type": "Point",
        "coordinates": [
          -2.9039052,
          43.2483586
        ]
      }
    },
    {
      "type": "Feature",
      "properties": {
        "weight": 1.0
      },
      "geometry": {
        "type": "Point",
        "coordinates": [
          -2.8921642,
          43.2484939
        ]
      }
    },
    {
      "type": "Feature",
      "properties": {
        "weight": 1.0
      },
      "geometry": {
        "type": "Point",
        "coordinates": [
          -2.9335113,
          43.2486206
        ]
      }
    },
    {
      "type": "Feature",
      "properties": {
        "weight": 1.0
      },
      "geometry": {
        "type": "Point",
        "coordinates": [
          -2.9348616,
          43.2487267
        ]
      }
    },
    {
      "type": "Feature",
      "properties": {
        "weight": 1.0
      },
      "geometry": {
        "type": "Point",
        "coordinates": [
          -2.9272094,
          43.2488306
        ]
      }
    },
    {
      "type": "Feature",
      "properties": {
        "weight": 1.0
      },
      "geometry": {
        "type": "Point",
        "coordinates": [
          -2.9454107,
          43.248917
        ]
      }
    },
    {
      "type": "Feature",
      "properties": {
        "weight": 1.0,
        "id": 4757710692,
        "hasDetails": true,
        "name": "Bar Deluxe",
        "amenity": "restaurant",
        "address": "Jardines Gernika kalea, Bilbao"
      },
      "geometry": {
        "type": "Point",
        "coordinates": [
          -2.9271391,
          43.2490381
        ]
      }
    },
    {
      "type": "Feature",
      "properties": {
        "weight": 1.0
      },
      "geometry": {
        "type": "Point",
        "coordinates": [
          -2.9457975,
          43.2490455
        ]
      }
    },
    {
      "type": "Feature",
      "properties": {
        "weight": 1.0
      },
      "geometry": {
        "type": "Point",
        "coordinates": [
          -2.9336514,
          43.2491573
        ]
      }
    },
    {
      "type": "Feature",
      "properties": {
        "weight": 1.0,
        "id": 7035826487,
        "hasDetails": true,
        "name": "Otxabide",
        "amenity": "bar",
        "address": "Estrada Caleros"
      },
      "geometry": {
        "type": "Point",
        "coordinates": [
          -2.9462997,
          43.2492318
        ]
      }
    },
    {
      "type": "Feature",
      "properties": {
        "weight": 1.0
      },
      "geometry": {
        "type": "Point",
        "coordinates": [
          -2.9113346,
          43.2492552
        ]
      }
    },
    {
      "type": "Feature",
      "properties": {
        "weight": 1.0,
        "id": 4757643809,
        "hasDetails": true,
        "name": "Cervecer\u00eda del Norte",
        "amenity": "bar",
        "address": "Bilbao"
      },
      "geometry": {
        "type": "Point",
        "coordinates": [
          -2.9312989,
          43.2493025
        ]
      }
    },
    {
      "type": "Feature",
      "properties": {
        "weight": 1.0,
        "id": 7035829986,
        "hasDetails": true,
        "name": "La Uni\u00f3n",
        "amenity": "bar",
        "address": "Estrada Caleros, Bilbao"
      },
      "geometry": {
        "type": "Point",
        "coordinates": [
          -2.9464279,
          43.2493033
        ]
      }
    },
    {
      "type": "Feature",
      "properties": {
        "weight": 1.0,
        "id": 7035826386,
        "hasDetails": true,
        "name": "El Rinconcito",
        "amenity": "bar",
        "address": "Bilbao",
        "names": [
          "El Rinconcito",
          "La Parada"
        ]
      },
      "geometry": {
        "type": "Point",
        "coordinates": [
          -2.9465176,
          43.2493894
        ]
      }
    },
    {
      "type": "Feature",
      "properties": {
        "weight": 1.0
      },
      "geometry": {
        "type": "Point",
        "coordinates": [
          -2.9470836,
          43.2494747
        ]
      }
    },
    {
      "type": "Feature",
      "properties": {
        "weight": 1.0
      },
      "geometry": {
        "type": "Point",
        "coordinates": [
          -2.9270162,
          43.2495686
        ]
      }
    },
    {
      "type": "Feature",
      "properties": {
        "weight": 1.0,
        "id": 7035826488,
        "hasDetails": true,
        "name": "V8",
        "amenity": "bar",
        "address": "Leon de Uru\u00f1uela kalea"
      },
      "geometry": {
        "type": "Point",
        "coordinates": [
          -2.9464788,
          43.2495792
        ]
      }
    },
    {
      "type": "Feature",
      "properties": {
        "weight": 1.0,
        "id": 7035826286,
        "hasDetails": true,
        "name": "Helguera",
        "amenity": "bar",
        "address": "Leon de Uru\u00f1uela kalea"
      },
      "geometry": {
        "type": "Point",
        "coordinates": [
          -2.9466397,
          43.2496024
        ]
      }
    },
    {
      "type": "Feature",
      "properties": {
        "weight": 1.0,
        "id": 7035834886,
        "hasDetails": true,
        "name": "99",
        "amenity": "bar",
        "address": "Gordoniz kalea 99"
      },
      "geometry": {
        "type": "Point",
        "coordinates": [
          -2.9467914,
          43.2496148
        ]
      }
    },
    {
      "type": "Feature",
      "properties": {
        "weight": 1.0,
        "id": 3258331920,
        "hasDetails": true,
        "name": "Bar Pofer",
        "amenity": "bar",
        "opening_hours": "07:00-22:00"
      },
      "geometry": {
        "type": "Point",
        "coordinates": [
          -2.9480285,
          43.2496349
        ]
      }
    },
    {
      "type": "Feature",
      "properties": {
        "weight": 1.0
      },
      "geometry": {
        "type": "Point",
        "coordinates": [
          -2.9275275,
          43.2499353
        ]
      }
    },
    {
      "type": "Feature",
      "properties": {
        "weight": 1.0,
        "id": 6866309985,
        "hasDetails": true,
        "name": "Artatxu",
        "amenity": "bar",
        "address": "Errekalde-Larraskitu errepidea"
      },
      "geometry": {
        "type": "Point",
        "coordinates": [
          -2.9400816,
          43.2499658
        ]
      }
    },
    {
      "type": "Feature",
      "properties": {
        "weight": 1.0
      },
      "geometry": {
        "type": "Point",
        "coordinates": [
          -2.9302219,
          43.2501173
        ]
      }
    },
    {
      "type": "Feature",
      "properties": {
        "weight": 1.0,
        "id": 7035826486,
        "hasDetails": true,
        "name": "Tranv\u00eda",
        "amenity": "bar",
        "address": "Anboto kalea"
      },
      "geometry": {
        "type": "Point",
        "coordinates": [
          -2.9465626,
          43.2503118
        ]
      }
    },
    {
      "type": "Feature",
      "properties": {
        "weight": 1.0
      },
      "geometry": {
        "type": "Point",
        "coordinates": [
          -2.9298971,
          43.250331
        ]
      }
    },
    {
      "type": "Feature",
      "properties": {
        "weight": 1.0
      },
      "geometry": {
        "type": "Point",
        "coordinates": [
          -2.9279899,
          43.2503753
        ]
      }
    },
    {
      "type": "Feature",
      "properties": {
        "weight": 1.0,
        "id": 216847403,
        "hasDetails": true,
        "name": "Palacio Lezama Leguizamon",
        "amenity": "restaurant",
        "address": "Zuberoa kalea 2, Etxebarri"
      },
      "geometry": {
        "type": "Point",
        "coordinates": [
          -2.8939307,
          43.2504154
        ]
      }
    },
    {
      "type": "Feature",
      "properties": {
        "weight": 1.0
      },
      "geometry": {
        "type": "Point",
        "coordinates": [
          -2.9219808,
          43.2504669
        ]
      }
    },
    {
      "type": "Feature",
      "properties": {
        "weight": 1.0,
        "id": 539383279,
        "hasDetails": true,
        "name": "Telepizza",
        "amenity": "fast_food",
        "cuisine": "pizza"
      },
      "geometry": {
        "type": "Point",
        "coordinates": [
          -2.9328272,
          43.2504944
        ]
      }
    },
    {
      "type": "Feature",
      "properties": {
        "weight": 1.0,
        "id": 4224292689,
        "hasDetails": true,
        "name": "Artagan 2",
        "amenity": "bar",
        "address": "Bilbao"
      },
      "geometry": {
        "type": "Point",
        "coordinates": [
          -2.9091093,
          43.2506004
        ]
      }
    },
    {
      "type": "Feature",
      "properties": {
        "weight": 1.0
      },
      "geometry": {
        "type": "Point",
        "coordinates": [
          -2.9358956,
          43.2506521
        ]
      }
    },
    {
      "type": "Feature",
      "properties": {
        "weight": 1.0,
        "id": 13962946601,
        "hasDetails": true,
        "name": "Clover House",
        "amenity": "pub",
        "cuisine": "mexican",
        "address": "Juan Carlos de Gortazar kalea 4",
        "website": "https://cloverhousebilbao.com/",
        "opening_hours": "Mo 07:00-16:00; Tu-We 07:00-23:30; Th-Fr 07:00-01:00; Sa 12:00-01:00; Su 12:00-23:30"
      },
      "geometry": {
        "type": "Point",
        "coordinates": [
          -2.9259969,
          43.2506786
        ]
      }
    },
    {
      "type": "Feature",
      "properties": {
        "weight": 1.0
      },
      "geometry": {
        "type": "Point",
        "coordinates": [
          -2.9320986,
          43.250701
        ]
      }
    },
    {
      "type": "Feature",
      "properties": {
        "weight": 1.0,
        "id": 7035815890,
        "hasDetails": true,
        "name": "Bienve",
        "amenity": "bar",
        "address": "Calle Lemoatz",
        "names": [
          "Bienve",
          "Lauko"
        ]
      },
      "geometry": {
        "type": "Point",
        "coordinates": [
          -2.9463748,
          43.2507055
        ]
      }
    },
    {
      "type": "Feature",
      "properties": {
        "weight": 1.0,
        "id": 6866309885,
        "hasDetails": true,
        "name": "Antxon",
        "amenity": "bar",
        "address": "Errekalde-Larraskitu errepidea"
      },
      "geometry": {
        "type": "Point",
        "coordinates": [
          -2.9420409,
          43.2507239
        ]
      }
    },
    {
      "type": "Feature",
      "properties": {
        "weight": 1.0
      },
      "geometry": {
        "type": "Point",
        "coordinates": [
          -2.9339535,
          43.2507627
        ]
      }
    },
    {
      "type": "Feature",
      "properties": {
        "weight": 1.0
      },
      "geometry": {
        "type": "Point",
        "coordinates": [
          -2.9315503,
          43.2508027
        ]
      }
    },
    {
      "type": "Feature",
      "properties": {
        "weight": 1.0,
        "id": 7035826485,
        "hasDetails": true,
        "name": "Pe\u00f1a Lemona",
        "amenity": "bar",
        "address": "Calle Lemoatz",
        "names": [
          "Pe\u00f1a Lemona",
          "Lagun Artean"
        ]
      },
      "geometry": {
        "type": "Point",
        "coordinates": [
          -2.9463461,
          43.2508418
        ]
      }
    },
    {
      "type": "Feature",
      "properties": {
        "weight": 1.0,
        "id": 7035815889,
        "hasDetails": true,
        "name": "El encuentro",
        "amenity": "bar",
        "address": "Calle Lemoatz",
        "names": [
          "El encuentro",
          "R\u00edo"
        ]
      },
      "geometry": {
        "type": "Point",
        "coordinates": [
          -2.9463441,
          43.2509334
        ]
      }
    },
    {
      "type": "Feature",
      "properties": {
        "weight": 1.0,
        "id": 6866300585,
        "hasDetails": true,
        "name": "La encina",
        "amenity": "restaurant",
        "address": "Errekalde-Larraskitu errepidea",
        "amenities": [
          "restaurant",
          "bar"
        ]
      },
      "geometry": {
        "type": "Point",
        "coordinates": [
          -2.9426078,
          43.2509615
        ]
      }
    },
    {
      "type": "Feature",
      "properties": {
        "weight": 1.0,
        "id": 4757644503,
        "hasDetails": true,
        "name": "Bodeg\u00f3n Miren",
        "amenity": "bar",
        "outdoor_seating": "yes"
      },
      "geometry": {
        "type": "Point",
        "coordinates": [
          -2.9340327,
          43.2509647
        ]
      }
    },
    {
      "type": "Feature",
      "properties": {
        "weight": 1.0,
        "id": 5600397390,
        "hasDetails": true,
        "name": "Domino's",
        "amenity": "fast_food",
        "cuisine": "pizza",
        "address": "Gernika lorategien kalea 6, Bilbao",
        "outdoor_seating": "no"
      },
      "geometry": {
        "type": "Point",
        "coordinates": [
          -2.930647,
          43.2510001
        ]
      }
    },
    {
      "type": "Feature",
      "properties": {
        "weight": 1.0,
        "id": 7035815887,
        "hasDetails": true,
        "name": "Ilargi",
        "amenity": "bar",
        "address": "Calle Lemoatz"
      },
      "geometry": {
        "type": "Point",
        "coordinates": [
          -2.9463224,
          43.25104
        ]
      }
    },
    {
      "type": "Feature",
      "properties": {
        "weight": 1.0,
        "id": 4713655788,
        "hasDetails": true,
        "name": "Carvi",
        "amenity": "pub",
        "address": "Zamakola kalea 2"
      },
      "geometry": {
        "type": "Point",
        "coordinates": [
          -2.9230684,
          43.2510855
        ]
      }
    },
    {
      "type": "Feature",
      "properties": {
        "weight": 1.0,
        "id": 5600397391,
        "hasDetails": true,
        "name": "Papa John's",
        "amenity": "fast_food",
        "cuisine": "pizza",
        "outdoor_seating": "no"
      },
      "geometry": {
        "type": "Point",
        "coordinates": [
          -2.9318004,
          43.2511407
        ]
      }
    },
    {
      "type": "Feature",
      "properties": {
        "weight": 1.0
      },
      "geometry": {
        "type": "Point",
        "coordinates": [
          -2.9463219,
          43.251149
        ]
      }
    },
    {
      "type": "Feature",
      "properties": {
        "weight": 1.0
      },
      "geometry": {
        "type": "Point",
        "coordinates": [
          -2.9053484,
          43.2511841
        ]
      }
    },
    {
      "type": "Feature",
      "properties": {
        "weight": 1.0
      },
      "geometry": {
        "type": "Point",
        "coordinates": [
          -2.9365395,
          43.2511892
        ]
      }
    },
    {
      "type": "Feature",
      "properties": {
        "weight": 1.0
      },
      "geometry": {
        "type": "Point",
        "coordinates": [
          -2.9251085,
          43.2513733
        ]
      }
    },
    {
      "type": "Feature",
      "properties": {
        "weight": 1.0,
        "id": 500914388,
        "hasDetails": true,
        "name": "Galtzagorri Sagardotegia",
        "amenity": "restaurant",
        "cuisine": "basque_ciderhouse",
        "address": "Juan de la Cosa kalea 26, Bilbao"
      },
      "geometry": {
        "type": "Point",
        "coordinates": [
          -2.912593,
          43.251404
        ]
      }
    },
    {
      "type": "Feature",
      "properties": {
        "weight": 1.0,
        "id": 6866296485,
        "hasDetails": true,
        "name": "Bilbao",
        "amenity": "bar",
        "address": "Errekalde-Larraskitu errepidea"
      },
      "geometry": {
        "type": "Point",
        "coordinates": [
          -2.9436982,
          43.2514273
        ]
      }
    },
    {
      "type": "Feature",
      "properties": {
        "weight": 1.0
      },
      "geometry": {
        "type": "Point",
        "coordinates": [
          -2.9373804,
          43.2514954
        ]
      }
    },
    {
      "type": "Feature",
      "properties": {
        "weight": 1.0
      },
      "geometry": {
        "type": "Point",
        "coordinates": [
          -2.9232086,
          43.2515108
        ]
      }
    },
    {
      "type": "Feature",
      "properties": {
        "weight": 1.0
      },
      "geometry": {
        "type": "Point",
        "coordinates": [
          -2.9377775,
          43.251642
        ]
      }
    },
    {
      "type": "Feature",
      "properties": {
        "weight": 1.0,
        "id": 6924108687,
        "hasDetails": true,
        "name": "Urbe",
        "amenity": "cafe",
        "address": "Camilo Villabaso kalea"
      },
      "geometry": {
        "type": "Point",
        "coordinates": [
          -2.947526,
          43.251645
        ]
      }
    },
    {
      "type": "Feature",
      "properties": {
        "weight": 1.0
      },
      "geometry": {
        "type": "Point",
        "coordinates": [
          -2.9297559,
          43.2516461
        ]
      }
    },
    {
      "type": "Feature",
      "properties": {
        "weight": 1.0,
        "id": 7035797885,
        "hasDetails": true,
        "name": "Goizalde",
        "amenity": "bar",
        "address": "Bilbao"
      },
      "geometry": {
        "type": "Point",
        "coordinates": [
          -2.944751,
          43.2516683
        ]
      }
    },
    {
      "type": "Feature",
      "properties": {
        "weight": 1.0,
        "id": 6792367685,
        "hasDetails": true,
        "name": "Salou",
        "amenity": "bar",
        "address": "Bilbao"
      },
      "geometry": {
        "type": "Point",
        "coordinates": [
          -2.9445582,
          43.2516836
        ]
      }
    },
    {
      "type": "Feature",
      "properties": {
        "weight": 1.0,
        "id": 7035797985,
        "hasDetails": true,
        "name": "Tobog\u00e1n",
        "amenity": "bar",
        "address": "Bilbao"
      },
      "geometry": {
        "type": "Point",
        "coordinates": [
          -2.9449223,
          43.2517943
        ]
      }
    },
    {
      "type": "Feature",
      "properties": {
        "weight": 1.0,
        "id": 6773325895,
        "hasDetails": true,
        "name": "Caf\u00e9 Iker",
        "amenity": "bar",
        "address": "Santutxu kalea 46"
      },
      "geometry": {
        "type": "Point",
        "coordinates": [
          -2.9151365,
          43.2518524
        ]
      }
    },
    {
      "type": "Feature",
      "properties": {
        "weight": 1.0,
        "id": 6563343885,
        "hasDetails": true,
        "name": "Zarraga",
        "amenity": "restaurant",
        "address": "Ciudadela kalea, Bilbao"
      },
      "geometry": {
        "type": "Point",
        "coordinates": [
          -2.9446468,
          43.251911
        ]
      }
    },
    {
      "type": "Feature",
      "properties": {
        "weight": 1.0
      },
      "geometry": {
        "type": "Point",
        "coordinates": [
          -2.9312489,
          43.2519604
        ]
      }
    },
    {
      "type": "Feature",
      "properties": {
        "weight": 1.0
      },
      "geometry": {
        "type": "Point",
        "coordinates": [
          -2.9383146,
          43.2519975
        ]
      }
    },
    {
      "type": "Feature",
      "properties": {
        "weight": 1.0
      },
      "geometry": {
        "type": "Point",
        "coordinates": [
          -2.937918,
          43.2520411
        ]
      }
    },
    {
      "type": "Feature",
      "properties": {
        "weight": 1.0,
        "id": 5694476134,
        "hasDetails": true,
        "name": "Bar La Ca\u00f1ada",
        "amenity": "bar",
        "address": "Bilbao"
      },
      "geometry": {
        "type": "Point",
        "coordinates": [
          -2.9385847,
          43.2520552
        ]
      }
    },
    {
      "type": "Feature",
      "properties": {
        "weight": 1.0,
        "id": 6563363086,
        "hasDetails": true,
        "name": "Ciudadela",
        "amenity": "bar",
        "address": "Ciudadela kalea",
        "names": [
          "Ciudadela",
          "Purita"
        ],
        "amenities": [
          "bar",
          "restaurant"
        ]
      },
      "geometry": {
        "type": "Point",
        "coordinates": [
          -2.9444883,
          43.2520954
        ]
      }
    },
    {
      "type": "Feature",
      "properties": {
        "weight": 1.0,
        "id": 5694476132,
        "hasDetails": true,
        "name": "Poli Bar",
        "amenity": "bar",
        "address": "Bilbao"
      },
      "geometry": {
        "type": "Point",
        "coordinates": [
          -2.9387386,
          43.2521343
        ]
      }
    },
    {
      "type": "Feature",
      "properties": {
        "weight": 1.0,
        "id": 5694476143,
        "hasDetails": true,
        "name": "Bar Irala Txoko",
        "amenity": "bar",
        "address": "Bilbao"
      },
      "geometry": {
        "type": "Point",
        "coordinates": [
          -2.9383146,
          43.2521469
        ]
      }
    },
    {
      "type": "Feature",
      "properties": {
        "weight": 1.0
      },
      "geometry": {
        "type": "Point",
        "coordinates": [
          -2.9304479,
          43.2522063
        ]
      }
    },
    {
      "type": "Feature",
      "properties": {
        "weight": 1.0
      },
      "geometry": {
        "type": "Point",
        "coordinates": [
          -2.9383463,
          43.2522969
        ]
      }
    },
    {
      "type": "Feature",
      "properties": {
        "weight": 1.0
      },
      "geometry": {
        "type": "Point",
        "coordinates": [
          -2.9376839,
          43.2523332
        ]
      }
    },
    {
      "type": "Feature",
      "properties": {
        "weight": 1.0
      },
      "geometry": {
        "type": "Point",
        "coordinates": [
          -2.93535,
          43.2524309
        ]
      }
    },
    {
      "type": "Feature",
      "properties": {
        "weight": 1.0,
        "id": 12224080124,
        "hasDetails": true,
        "name": "Par\u00eds Kafe",
        "amenity": "cafe",
        "cuisine": "Pintxos",
        "opening_hours": "08:00-22:00",
        "outdoor_seating": "yes"
      },
      "geometry": {
        "type": "Point",
        "coordinates": [
          -2.9165738,
          43.2524738
        ]
      }
    },
    {
      "type": "Feature",
      "properties": {
        "weight": 1.0,
        "id": 12224080125,
        "hasDetails": true,
        "name": "Bar Jujuy",
        "amenity": "cafe",
        "cuisine": "Pintxos",
        "opening_hours": "Mo-Sa 08:00-22:00"
      },
      "geometry": {
        "type": "Point",
        "coordinates": [
          -2.9166966,
          43.2524948
        ]
      }
    },
    {
      "type": "Feature",
      "properties": {
        "weight": 1.0
      },
      "geometry": {
        "type": "Point",
        "coordinates": [
          -2.9377156,
          43.252509
        ]
      }
    },
    {
      "type": "Feature",
      "properties": {
        "weight": 1.0,
        "id": 6735558185,
        "hasDetails": true,
        "name": "Snoopy",
        "amenity": "pub",
        "cuisine": "breakfast;deli;coffee_shop",
        "address": "Particular Allende kalea 15",
        "website": "https://snoopy-santutxu.negocio.site/"
      },
      "geometry": {
        "type": "Point",
        "coordinates": [
          -2.9125521,
          43.2525374
        ]
      }
    },
    {
      "type": "Feature",
      "properties": {
        "weight": 1.0,
        "id": 5694476148,
        "hasDetails": true,
        "name": "Bar Los Amigos",
        "amenity": "bar",
        "address": "Bilbao"
      },
      "geometry": {
        "type": "Point",
        "coordinates": [
          -2.9384247,
          43.2526716
        ]
      }
    },
    {
      "type": "Feature",
      "properties": {
        "weight": 1.0,
        "id": 5056327838,
        "hasDetails": true,
        "name": "Cafe Teatro La Nube",
        "amenity": "pub",
        "address": "Landaburu baserria kalea 4, Bilbao"
      },
      "geometry": {
        "type": "Point",
        "coordinates": [
          -2.9145956,
          43.2528562
        ]
      }
    },
    {
      "type": "Feature",
      "properties": {
        "weight": 1.0
      },
      "geometry": {
        "type": "Point",
        "coordinates": [
          -2.9462031,
          43.252891
        ]
      }
    },
    {
      "type": "Feature",
      "properties": {
        "weight": 1.0,
        "id": 5694476150,
        "hasDetails": true,
        "name": "Amezola Berria",
        "amenity": "bar",
        "address": "Amadeus Mozart plaza"
      },
      "geometry": {
        "type": "Point",
        "coordinates": [
          -2.9409458,
          43.2528969
        ]
      }
    },
    {
      "type": "Feature",
      "properties": {
        "weight": 1.0
      },
      "geometry": {
        "type": "Point",
        "coordinates": [
          -2.9161374,
          43.2529948
        ]
      }
    },
    {
      "type": "Feature",
      "properties": {
        "weight": 1.0
      },
      "geometry": {
        "type": "Point",
        "coordinates": [
          -2.9147654,
          43.2530076
        ]
      }
    },
    {
      "type": "Feature",
      "properties": {
        "weight": 1.0,
        "id": 8080836417,
        "hasDetails": true,
        "name": "Marlo",
        "amenity": "bar",
        "address": "Xenpelar kalea"
      },
      "geometry": {
        "type": "Point",
        "coordinates": [
          -2.9340762,
          43.2531422
        ]
      }
    },
    {
      "type": "Feature",
      "properties": {
        "weight": 1.0
      },
      "geometry": {
        "type": "Point",
        "coordinates": [
          -2.917174,
          43.2531574
        ]
      }
    },
    {
      "type": "Feature",
      "properties": {
        "weight": 1.0
      },
      "geometry": {
        "type": "Point",
        "coordinates": [
          -2.9123959,
          43.2531704
        ]
      }
    },
    {
      "type": "Feature",
      "properties": {
        "weight": 1.0
      },
      "geometry": {
        "type": "Point",
        "coordinates": [
          -2.9148516,
          43.2532033
        ]
      }
    },
    {
      "type": "Feature",
      "properties": {
        "weight": 1.0,
        "id": 6857089393,
        "hasDetails": true,
        "name": "Biarritz",
        "amenity": "cafe",
        "address": "Biarritz kalea"
      },
      "geometry": {
        "type": "Point",
        "coordinates": [
          -2.9456971,
          43.2533836
        ]
      }
    },
    {
      "type": "Feature",
      "properties": {
        "weight": 1.0
      },
      "geometry": {
        "type": "Point",
        "coordinates": [
          -2.9121873,
          43.2534243
        ]
      }
    },
    {
      "type": "Feature",
      "properties": {
        "weight": 1.0
      },
      "geometry": {
        "type": "Point",
        "coordinates": [
          -2.92473,
          43.2534363
        ]
      }
    },
    {
      "type": "Feature",
      "properties": {
        "weight": 1.0,
        "id": 13256234161,
        "hasDetails": true,
        "name": "Burger Lisboa",
        "amenity": "fast_food",
        "cuisine": "burger;bocadillos;pintxos;hot_dog",
        "address": "Torre Gorostitzaga 2, Bilbao",
        "website": "https://burgerlisboabilbao.com/"
      },
      "geometry": {
        "type": "Point",
        "coordinates": [
          -2.910111,
          43.253441
        ]
      }
    },
    {
      "type": "Feature",
      "properties": {
        "weight": 1.0
      },
      "geometry": {
        "type": "Point",
        "coordinates": [
          -2.923099,
          43.2534428
        ]
      }
    },
    {
      "type": "Feature",
      "properties": {
        "weight": 1.0,
        "id": 2883903002,
        "hasDetails": true,
        "name": "Guretxe",
        "amenity": "restaurant",
        "cuisine": "regional"
      },
      "geometry": {
        "type": "Point",
        "coordinates": [
          -2.9114242,
          43.2535276
        ]
      }
    },
    {
      "type": "Feature",
      "properties": {
        "weight": 1.0,
        "id": 13721516901,
        "hasDetails": true,
        "name": "All Iron Santutxu: Gilder\u00eda y cervecer\u00eda",
        "amenity": "bar",
        "cuisine": "spanish",
        "address": "Elizondo kalea 1002"
      },
      "geometry": {
        "type": "Point",
        "coordinates": [
          -2.9112871,
          43.2535392
        ]
      }
    },
    {
      "type": "Feature",
      "properties": {
        "weight": 1.0
      },
      "geometry": {
        "type": "Point",
        "coordinates": [
          -2.9105625,
          43.2535629
        ]
      }
    },
    {
      "type": "Feature",
      "properties": {
        "weight": 1.0,
        "id": 4422129392,
        "hasDetails": true,
        "name": "Miren Itziar",
        "amenity": "restaurant",
        "cuisine": "spanish",
        "address": "Atxuri kalea 17"
      },
      "geometry": {
        "type": "Point",
        "coordinates": [
          -2.9212735,
          43.2535912
        ]
      }
    },
    {
      "type": "Feature",
      "properties": {
        "weight": 1.0,
        "id": 4838964621,
        "hasDetails": true,
        "name": "El Arandia de Julen",
        "amenity": "restaurant",
        "cuisine": "local;regional;spanish",
        "address": "Enkarnazio plazatxoa 10",
        "website": "https://www.arandiadejulen.com/"
      },
      "geometry": {
        "type": "Point",
        "coordinates": [
          -2.9210765,
          43.2536096
        ]
      }
    },
    {
      "type": "Feature",
      "properties": {
        "weight": 1.0
      },
      "geometry": {
        "type": "Point",
        "coordinates": [
          -2.9118368,
          43.2536101
        ]
      }
    },
    {
      "type": "Feature",
      "properties": {
        "weight": 1.0
      },
      "geometry": {
        "type": "Point",
        "coordinates": [
          -2.9121859,
          43.2536826
        ]
      }
    },
    {
      "type": "Feature",
      "properties": {
        "weight": 1.0,
        "id": 6832409236,
        "hasDetails": true,
        "name": "La Casa del Yogur",
        "amenity": "ice_cream",
        "address": "Bilbao"
      },
      "geometry": {
        "type": "Point",
        "coordinates": [
          -2.9127268,
          43.2537094
        ]
      }
    },
    {
      "type": "Feature",
      "properties": {
        "weight": 1.0,
        "id": 14064125513,
        "hasDetails": true,
        "name": "Bar Itxaso",
        "amenity": "cafe",
        "outdoor_seating": "yes",
        "names": [
          "Bar Itxaso",
          "Ikuste Ederra"
        ]
      },
      "geometry": {
        "type": "Point",
        "coordinates": [
          -2.9156189,
          43.2537119
        ]
      }
    },
    {
      "type": "Feature",
      "properties": {
        "weight": 1.0,
        "id": 5949078085,
        "hasDetails": true,
        "name": "Mole Tex Mex",
        "amenity": "fast_food",
        "address": "Iturriaga kalea 94"
      },
      "geometry": {
        "type": "Point",
        "coordinates": [
          -2.910665,
          43.2537474
        ]
      }
    },
    {
      "type": "Feature",
      "properties": {
        "weight": 1.0
      },
      "geometry": {
        "type": "Point",
        "coordinates": [
          -2.9116995,
          43.2537512
        ]
      }
    },
    {
      "type": "Feature",
      "properties": {
        "weight": 1.0,
        "id": 14064125515,
        "hasDetails": true,
        "name": "Kaxarranka",
        "amenity": "cafe",
        "outdoor_seating": "yes"
      },
      "geometry": {
        "type": "Point",
        "coordinates": [
          -2.9153643,
          43.2537542
        ]
      }
    },
    {
      "type": "Feature",
      "properties": {
        "weight": 1.0
      },
      "geometry": {
        "type": "Point",
        "coordinates": [
          -2.9118748,
          43.2537991
        ]
      }
    },
    {
      "type": "Feature",
      "properties": {
        "weight": 1.0
      },
      "geometry": {
        "type": "Point",
        "coordinates": [
          -2.9127571,
          43.2538118
        ]
      }
    },
    {
      "type": "Feature",
      "properties": {
        "weight": 1.0
      },
      "geometry": {
        "type": "Point",
        "coordinates": [
          -2.9162181,
          43.2539089
        ]
      }
    },
    {
      "type": "Feature",
      "properties": {
        "weight": 1.0
      },
      "geometry": {
        "type": "Point",
        "coordinates": [
          -2.9133621,
          43.25396
        ]
      }
    },
    {
      "type": "Feature",
      "properties": {
        "weight": 1.0
      },
      "geometry": {
        "type": "Point",
        "coordinates": [
          -2.911926,
          43.2539723
        ]
      }
    },
    {
      "type": "Feature",
      "properties": {
        "weight": 1.0
      },
      "geometry": {
        "type": "Point",
        "coordinates": [
          -2.9137899,
          43.2539995
        ]
      }
    },
    {
      "type": "Feature",
      "properties": {
        "weight": 1.0,
        "id": 6857043489,
        "hasDetails": true,
        "name": "Zubia",
        "amenity": "bar",
        "address": "Gordoniz kalea"
      },
      "geometry": {
        "type": "Point",
        "coordinates": [
          -2.944765,
          43.2540919
        ]
      }
    },
    {
      "type": "Feature",
      "properties": {
        "weight": 1.0,
        "id": 6789127185,
        "hasDetails": true,
        "name": "Goizalde",
        "amenity": "pub",
        "address": "Bilbo Zaharra kalea 13"
      },
      "geometry": {
        "type": "Point",
        "coordinates": [
          -2.9240263,
          43.2541436
        ]
      }
    },
    {
      "type": "Feature",
      "properties": {
        "weight": 1.0
      },
      "geometry": {
        "type": "Point",
        "coordinates": [
          -2.9231954,
          43.2541483
        ]
      }
    },
    {
      "type": "Feature",
      "properties": {
        "weight": 1.0,
        "id": 7930982685,
        "hasDetails": true,
        "name": "Zubi Ondo",
        "amenity": "bar",
        "address": "Bilbao"
      },
      "geometry": {
        "type": "Point",
        "coordinates": [
          -2.9255914,
          43.2542104
        ]
      }
    },
    {
      "type": "Feature",
      "properties": {
        "weight": 1.0
      },
      "geometry": {
        "type": "Point",
        "coordinates": [
          -2.9236318,
          43.2542229
        ]
      }
    },
    {
      "type": "Feature",
      "properties": {
        "weight": 1.0
      },
      "geometry": {
        "type": "Point",
        "coordinates": [
          -2.9355306,
          43.2542803
        ]
      }
    },
    {
      "type": "Feature",
      "properties": {
        "weight": 1.0
      },
      "geometry": {
        "type": "Point",
        "coordinates": [
          -2.9118199,
          43.2543098
        ]
      }
    },
    {
      "type": "Feature",
      "properties": {
        "weight": 1.0,
        "id": 13445321501,
        "hasDetails": true,
        "name": "Xake Taberna",
        "amenity": "pub",
        "outdoor_seating": "yes"
      },
      "geometry": {
        "type": "Point",
        "coordinates": [
          -2.9241029,
          43.2543306
        ]
      }
    },
    {
      "type": "Feature",
      "properties": {
        "weight": 1.0
      },
      "geometry": {
        "type": "Point",
        "coordinates": [
          -2.9357169,
          43.2543469
        ]
      }
    },
    {
      "type": "Feature",
      "properties": {
        "weight": 1.0
      },
      "geometry": {
        "type": "Point",
        "coordinates": [
          -2.9364541,
          43.2543944
        ]
      }
    },
    {
      "type": "Feature",
      "properties": {
        "weight": 1.0,
        "id": 4737893570,
        "hasDetails": true,
        "name": "Amets Taberna",
        "amenity": "bar",
        "address": "Bilbao la Vieja",
        "names": [
          "Amets Taberna",
          "Restaurante AL Margen"
        ],
        "amenities": [
          "bar",
          "restaurant"
        ]
      },
      "geometry": {
        "type": "Point",
        "coordinates": [
          -2.9235504,
          43.2544079
        ]
      }
    },
    {
      "type": "Feature",
      "properties": {
        "weight": 1.0
      },
      "geometry": {
        "type": "Point",
        "coordinates": [
          -2.9242749,
          43.2544727
        ]
      }
    },
    {
      "type": "Feature",
      "properties": {
        "weight": 1.0
      },
      "geometry": {
        "type": "Point",
        "coordinates": [
          -2.9165562,
          43.2545136
        ]
      }
    },
    {
      "type": "Feature",
      "properties": {
        "weight": 1.0
      },
      "geometry": {
        "type": "Point",
        "coordinates": [
          -2.9130378,
          43.2545392
        ]
      }
    },
    {
      "type": "Feature",
      "properties": {
        "weight": 1.0
      },
      "geometry": {
        "type": "Point",
        "coordinates": [
          -2.9245644,
          43.2546218
        ]
      }
    },
    {
      "type": "Feature",
      "properties": {
        "weight": 1.0,
        "id": 534926643,
        "hasDetails": true,
        "name": "Hikaateneo Bilbao",
        "amenity": "cafe",
        "website": "https://hikaateneo.eus/"
      },
      "geometry": {
        "type": "Point",
        "coordinates": [
          -2.9222871,
          43.2546854
        ]
      }
    },
    {
      "type": "Feature",
      "properties": {
        "weight": 1.0,
        "id": 7930970286,
        "hasDetails": true,
        "name": "Pantxike",
        "amenity": "bar",
        "address": "Aretxaga kalea 11, Bilbao",
        "opening_hours": "Tu-Sa 18:00-01:30"
      },
      "geometry": {
        "type": "Point",
        "coordinates": [
          -2.9263962,
          43.2548123
        ]
      }
    },
    {
      "type": "Feature",
      "properties": {
        "weight": 1.0
      },
      "geometry": {
        "type": "Point",
        "coordinates": [
          -2.9221483,
          43.2548798
        ]
      }
    },
    {
      "type": "Feature",
      "properties": {
        "weight": 1.0,
        "id": 6492832867,
        "hasDetails": true,
        "name": "Bar Tanan",
        "amenity": "bar",
        "outdoor_seating": "yes"
      },
      "geometry": {
        "type": "Point",
        "coordinates": [
          -2.9585377,
          43.2548819
        ]
      }
    },
    {
      "type": "Feature",
      "properties": {
        "weight": 1.0,
        "id": 4738054184,
        "hasDetails": true,
        "name": "Peso Neto",
        "amenity": "restaurant",
        "address": "San Frantzisko kalea 1",
        "opening_hours": "Mo-Th 11:00-01:00; Fr, Sa 11:00-02:00; Su 12:00-01:00"
      },
      "geometry": {
        "type": "Point",
        "coordinates": [
          -2.9252165,
          43.2548856
        ]
      }
    },
    {
      "type": "Feature",
      "properties": {
        "weight": 1.0
      },
      "geometry": {
        "type": "Point",
        "coordinates": [
          -2.9361455,
          43.2549773
        ]
      }
    },
    {
      "type": "Feature",
      "properties": {
        "weight": 1.0
      },
      "geometry": {
        "type": "Point",
        "coordinates": [
          -2.916827,
          43.2551018
        ]
      }
    },
    {
      "type": "Feature",
      "properties": {
        "weight": 1.0
      },
      "geometry": {
        "type": "Point",
        "coordinates": [
          -2.9398615,
          43.2551263
        ]
      }
    },
    {
      "type": "Feature",
      "properties": {
        "weight": 1.0,
        "id": 10951286511,
        "hasDetails": true,
        "name": "El Templo Bilbao",
        "amenity": "restaurant",
        "cuisine": "mexican",
        "address": "San Frantzisko kalea 9, Bilbao",
        "website": "https://eltemplobilbao.com",
        "opening_hours": "We-Th 20:00-00:00; Fr-Sa 14:00, 20:00-01:00",
        "outdoor_seating": "no",
        "names": [
          "El Templo Bilbao",
          "Demaio"
        ]
      },
      "geometry": {
        "type": "Point",
        "coordinates": [
          -2.9260728,
          43.2551349
        ]
      }
    },
    {
      "type": "Feature",
      "properties": {
        "weight": 1.0,
        "id": 11836108205,
        "hasDetails": true,
        "name": "Ondori Botxo",
        "amenity": "restaurant",
        "cuisine": "asian;spanish;fusi\u00f3n_vasco-asi\u00e1ntica",
        "address": "Plazuela de los Santos Juanes 2, Bilbao"
      },
      "geometry": {
        "type": "Point",
        "coordinates": [
          -2.9224313,
          43.2551569
        ]
      }
    },
    {
      "type": "Feature",
      "properties": {
        "weight": 1.0,
        "id": 6832554768,
        "hasDetails": true,
        "name": "Domino's",
        "amenity": "fast_food",
        "cuisine": "pizza"
      },
      "geometry": {
        "type": "Point",
        "coordinates": [
          -2.9123857,
          43.2551666
        ]
      }
    },
    {
      "type": "Feature",
      "properties": {
        "weight": 1.0,
        "id": 5017936722,
        "hasDetails": true,
        "name": "Azhar",
        "amenity": "fast_food",
        "cuisine": "kebab",
        "address": "San Frantzisko kalea 13"
      },
      "geometry": {
        "type": "Point",
        "coordinates": [
          -2.9263476,
          43.2551754
        ]
      }
    },
    {
      "type": "Feature",
      "properties": {
        "weight": 1.0
      },
      "geometry": {
        "type": "Point",
        "coordinates": [
          -2.9251387,
          43.2551835
        ]
      }
    },
    {
      "type": "Feature",
      "properties": {
        "weight": 1.0,
        "id": 4406048236,
        "hasDetails": true,
        "name": "Erronda Berri",
        "amenity": "restaurant",
        "cuisine": "burger;regional;sandwich",
        "address": "Zabalbide kalea 49, Bilbao",
        "website": "https://www.errondaberri.es/",
        "opening_hours": "Mo 09:00-17:00; Tu,We 09:00-22:00; Th,Fr 09:00-24:00; Sa 11:00-24:00; Su 11:00-16:00; PH off"
      },
      "geometry": {
        "type": "Point",
        "coordinates": [
          -2.913788,
          43.2552168
        ]
      }
    },
    {
      "type": "Feature",
      "properties": {
        "weight": 1.0
      },
      "geometry": {
        "type": "Point",
        "coordinates": [
          -2.941283,
          43.2552215
        ]
      }
    },
    {
      "type": "Feature",
      "properties": {
        "weight": 1.0
      },
      "geometry": {
        "type": "Point",
        "coordinates": [
          -2.9418068,
          43.2552331
        ]
      }
    },
    {
      "type": "Feature",
      "properties": {
        "weight": 1.0,
        "id": 4738054189,
        "hasDetails": true,
        "name": "Katu Txiki",
        "amenity": "restaurant",
        "address": "San Frantzisko kalea 10",
        "opening_hours": "Th-Sa 10:00-16:30, 19:00-23:30; Su 11:00-17:00; We 10:00-16:30"
      },
      "geometry": {
        "type": "Point",
        "coordinates": [
          -2.926073,
          43.2552456
        ]
      }
    },
    {
      "type": "Feature",
      "properties": {
        "weight": 1.0
      },
      "geometry": {
        "type": "Point",
        "coordinates": [
          -2.9431613,
          43.2552687
        ]
      }
    },
    {
      "type": "Feature",
      "properties": {
        "weight": 1.0
      },
      "geometry": {
        "type": "Point",
        "coordinates": [
          -2.9278546,
          43.2552762
        ]
      }
    },
    {
      "type": "Feature",
      "properties": {
        "weight": 1.0
      },
      "geometry": {
        "type": "Point",
        "coordinates": [
          -2.9267936,
          43.2552815
        ]
      }
    },
    {
      "type": "Feature",
      "properties": {
        "weight": 1.0,
        "id": 4738192537,
        "hasDetails": true,
        "name": "La Vi\u00f1a de San Francisco",
        "amenity": "restaurant",
        "website": "http://www.lavinadesanfrancisco.com"
      },
      "geometry": {
        "type": "Point",
        "coordinates": [
          -2.9270236,
          43.2552902
        ]
      }
    },
    {
      "type": "Feature",
      "properties": {
        "weight": 1.0,
        "id": 4096345661,
        "hasDetails": true,
        "name": "Dando la Brasa",
        "amenity": "restaurant",
        "cuisine": "japanese;mexican;spanish",
        "address": "Aretxaga kalea 7, Bilbao",
        "website": "https://dandolabrasa.com",
        "opening_hours": "Su-Th 11:00-01:00; Fr-Sa 11:00-02:00",
        "outdoor_seating": "no"
      },
      "geometry": {
        "type": "Point",
        "coordinates": [
          -2.9262519,
          43.2552929
        ]
      }
    },
    {
      "type": "Feature",
      "properties": {
        "weight": 1.0
      },
      "geometry": {
        "type": "Point",
        "coordinates": [
          -2.9202497,
          43.2553105
        ]
      }
    },
    {
      "type": "Feature",
      "properties": {
        "weight": 1.0,
        "id": 6792624887,
        "hasDetails": true,
        "name": "El Gallo",
        "amenity": "bar",
        "address": "Gorte kalea, Bilbao"
      },
      "geometry": {
        "type": "Point",
        "coordinates": [
          -2.9280557,
          43.2553523
        ]
      }
    },
    {
      "type": "Feature",
      "properties": {
        "weight": 1.0
      },
      "geometry": {
        "type": "Point",
        "coordinates": [
          -2.9167776,
          43.2553607
        ]
      }
    },
    {
      "type": "Feature",
      "properties": {
        "weight": 1.0,
        "id": 12142884979,
        "hasDetails": true,
        "name": "Karlo's",
        "amenity": "restaurant",
        "cuisine": "fish",
        "address": "Iturribide kalea 118, Bilbao",
        "website": "https://restaurantekarlos.com/",
        "opening_hours": "Mo off; Tu-Sa 13:00-15:30,21:00-22:30; Su 13:00-15:30"
      },
      "geometry": {
        "type": "Point",
        "coordinates": [
          -2.9172191,
          43.2553915
        ]
      }
    },
    {
      "type": "Feature",
      "properties": {
        "weight": 1.0,
        "id": 7503058985,
        "hasDetails": true,
        "name": "Sokarrat",
        "amenity": "restaurant",
        "address": "San Frantzisko kalea 21"
      },
      "geometry": {
        "type": "Point",
        "coordinates": [
          -2.9273336,
          43.2553971
        ]
      }
    },
    {
      "type": "Feature",
      "properties": {
        "weight": 1.0
      },
      "geometry": {
        "type": "Point",
        "coordinates": [
          -2.91282,
          43.2554189
        ]
      }
    },
    {
      "type": "Feature",
      "properties": {
        "weight": 1.0,
        "id": 6792624886,
        "hasDetails": true,
        "name": "P\u00f3ker",
        "amenity": "bar",
        "address": "Gorte kalea"
      },
      "geometry": {
        "type": "Point",
        "coordinates": [
          -2.9282588,
          43.2554209
        ]
      }
    },
    {
      "type": "Feature",
      "properties": {
        "weight": 1.0
      },
      "geometry": {
        "type": "Point",
        "coordinates": [
          -2.9241666,
          43.255426
        ]
      }
    },
    {
      "type": "Feature",
      "properties": {
        "weight": 1.0,
        "id": 5643839509,
        "hasDetails": true,
        "name": "Bihotz",
        "amenity": "pub",
        "address": "Aretxaga kalea 6",
        "opening_hours": "Tu-Th 15:00-22:00; Fr 12:00-22:00; Sa 11:00-23:00; Su 11:00-22:00"
      },
      "geometry": {
        "type": "Point",
        "coordinates": [
          -2.9263478,
          43.255432
        ]
      }
    },
    {
      "type": "Feature",
      "properties": {
        "weight": 1.0,
        "id": 4738192550,
        "hasDetails": true,
        "name": "Caf\u00e9 Arias",
        "amenity": "cafe",
        "address": "Bilbao"
      },
      "geometry": {
        "type": "Point",
        "coordinates": [
          -2.9275075,
          43.2554481
        ]
      }
    },
    {
      "type": "Feature",
      "properties": {
        "weight": 1.0
      },
      "geometry": {
        "type": "Point",
        "coordinates": [
          -2.9200008,
          43.2554535
        ]
      }
    },
    {
      "type": "Feature",
      "properties": {
        "weight": 1.0
      },
      "geometry": {
        "type": "Point",
        "coordinates": [
          -2.9135461,
          43.2554539
        ]
      }
    },
    {
      "type": "Feature",
      "properties": {
        "weight": 1.0
      },
      "geometry": {
        "type": "Point",
        "coordinates": [
          -2.9099071,
          43.2554789
        ]
      }
    },
    {
      "type": "Feature",
      "properties": {
        "weight": 1.0
      },
      "geometry": {
        "type": "Point",
        "coordinates": [
          -2.927626,
          43.2554842
        ]
      }
    },
    {
      "type": "Feature",
      "properties": {
        "weight": 1.0,
        "id": 6792624885,
        "hasDetails": true,
        "name": "Veracruz",
        "amenity": "bar",
        "address": "Gorte kalea 15"
      },
      "geometry": {
        "type": "Point",
        "coordinates": [
          -2.9289018,
          43.2555056
        ]
      }
    },
    {
      "type": "Feature",
      "properties": {
        "weight": 1.0
      },
      "geometry": {
        "type": "Point",
        "coordinates": [
          -2.9243926,
          43.2555129
        ]
      }
    },
    {
      "type": "Feature",
      "properties": {
        "weight": 1.0,
        "id": 4738054188,
        "hasDetails": true,
        "name": "El Later\u00edo",
        "amenity": "pub",
        "address": "Aretxaga kalea 3"
      },
      "geometry": {
        "type": "Point",
        "coordinates": [
          -2.9260446,
          43.2555151
        ]
      }
    },
    {
      "type": "Feature",
      "properties": {
        "weight": 1.0,
        "id": 8993413717,
        "hasDetails": true,
        "name": "TxuKruT Vegan Bar",
        "amenity": "restaurant",
        "address": "San Frantzisko kalea 25",
        "website": "https://www.txukrutveganbar.es/",
        "opening_hours": "Su 13:00-17:00, 20:00-23:00; Th 20:00-00:00; Fr-Sa 13:00-17:00, 20:00-00:00"
      },
      "geometry": {
        "type": "Point",
        "coordinates": [
          -2.9277386,
          43.255529
        ]
      }
    },
    {
      "type": "Feature",
      "properties": {
        "weight": 1.0
      },
      "geometry": {
        "type": "Point",
        "coordinates": [
          -2.9161955,
          43.2555417
        ]
      }
    },
    {
      "type": "Feature",
      "properties": {
        "weight": 1.0
      },
      "geometry": {
        "type": "Point",
        "coordinates": [
          -2.9245094,
          43.2555572
        ]
      }
    },
    {
      "type": "Feature",
      "properties": {
        "weight": 1.0,
        "id": 4634462131,
        "hasDetails": true,
        "amenity": "bar",
        "address": "Iturribide kalea"
      },
      "geometry": {
        "type": "Point",
        "coordinates": [
          -2.9163214,
          43.2555657
        ]
      }
    },
    {
      "type": "Feature",
      "properties": {
        "weight": 1.0
      },
      "geometry": {
        "type": "Point",
        "coordinates": [
          -2.927872,
          43.2555795
        ]
      }
    },
    {
      "type": "Feature",
      "properties": {
        "weight": 1.0
      },
      "geometry": {
        "type": "Point",
        "coordinates": [
          -2.9235691,
          43.2555815
        ]
      }
    },
    {
      "type": "Feature",
      "properties": {
        "weight": 1.0,
        "id": 6492792167,
        "hasDetails": true,
        "name": "Bar Los Botijos",
        "amenity": "restaurant",
        "outdoor_seating": "yes"
      },
      "geometry": {
        "type": "Point",
        "coordinates": [
          -2.9565954,
          43.2555892
        ]
      }
    },
    {
      "type": "Feature",
      "properties": {
        "weight": 1.0
      },
      "geometry": {
        "type": "Point",
        "coordinates": [
          -2.922856,
          43.2556056
        ]
      }
    },
    {
      "type": "Feature",
      "properties": {
        "weight": 1.0,
        "id": 11153091391,
        "hasDetails": true,
        "name": "Gloria Bendita",
        "amenity": "restaurant",
        "cuisine": "spanish;pinchos"
      },
      "geometry": {
        "type": "Point",
        "coordinates": [
          -2.9242914,
          43.2556108
        ]
      }
    },
    {
      "type": "Feature",
      "properties": {
        "weight": 1.0
      },
      "geometry": {
        "type": "Point",
        "coordinates": [
          -2.9247002,
          43.2556206
        ]
      }
    },
    {
      "type": "Feature",
      "properties": {
        "weight": 1.0
      },
      "geometry": {
        "type": "Point",
        "coordinates": [
          -2.9131679,
          43.2556302
        ]
      }
    },
    {
      "type": "Feature",
      "properties": {
        "weight": 1.0,
        "id": 4738192545,
        "hasDetails": true,
        "name": "Mes\u00f3n Alba",
        "amenity": "bar",
        "address": "San Frantzisko kalea, Bilbao"
      },
      "geometry": {
        "type": "Point",
        "coordinates": [
          -2.9280319,
          43.2556337
        ]
      }
    },
    {
      "type": "Feature",
      "properties": {
        "weight": 1.0
      },
      "geometry": {
        "type": "Point",
        "coordinates": [
          -2.95559,
          43.255649
        ]
      }
    },
    {
      "type": "Feature",
      "properties": {
        "weight": 1.0,
        "id": 13094035224,
        "hasDetails": true,
        "name": "Umamie",
        "amenity": "restaurant",
        "cuisine": "japanese",
        "names": [
          "Umamie",
          "Jade"
        ]
      },
      "geometry": {
        "type": "Point",
        "coordinates": [
          -2.92324,
          43.2556803
        ]
      }
    },
    {
      "type": "Feature",
      "properties": {
        "weight": 1.0,
        "id": 4709799648,
        "hasDetails": true,
        "name": "Kafic",
        "amenity": "cafe",
        "cuisine": "coffee_shop",
        "website": "https://kafic.es/"
      },
      "geometry": {
        "type": "Point",
        "coordinates": [
          -2.9238068,
          43.2556813
        ]
      }
    },
    {
      "type": "Feature",
      "properties": {
        "weight": 1.0
      },
      "geometry": {
        "type": "Point",
        "coordinates": [
          -2.9282047,
          43.2556935
        ]
      }
    },
    {
      "type": "Feature",
      "properties": {
        "weight": 1.0,
        "id": 5702888910,
        "hasDetails": true,
        "name": "La Alh\u00f3ndiga",
        "amenity": "restaurant",
        "address": "Salazar jeneralaren kalea 3",
        "website": "https://www.laalhondiga.es",
        "outdoor_seating": "yes"
      },
      "geometry": {
        "type": "Point",
        "coordinates": [
          -2.9411587,
          43.2557064
        ]
      }
    },
    {
      "type": "Feature",
      "properties": {
        "weight": 1.0
      },
      "geometry": {
        "type": "Point",
        "coordinates": [
          -2.9246347,
          43.2557195
        ]
      }
    },
    {
      "type": "Feature",
      "properties": {
        "weight": 1.0,
        "id": 3541864609,
        "hasDetails": true,
        "name": "Marzana",
        "amenity": "bar",
        "address": "Martzana kalea 16, Bilbao",
        "website": "http://barmarzana.com/",
        "opening_hours": "We, Th 17:00-23:00; Fr, Sa 17:00-23:30; Su 12:00-23:00"
      },
      "geometry": {
        "type": "Point",
        "coordinates": [
          -2.9258604,
          43.2557231
        ]
      }
    },
    {
      "type": "Feature",
      "properties": {
        "weight": 1.0
      },
      "geometry": {
        "type": "Point",
        "coordinates": [
          -2.922812,
          43.2557278
        ]
      }
    },
    {
      "type": "Feature",
      "properties": {
        "weight": 1.0
      },
      "geometry": {
        "type": "Point",
        "coordinates": [
          -2.9231054,
          43.2557359
        ]
      }
    },
    {
      "type": "Feature",
      "properties": {
        "weight": 1.0
      },
      "geometry": {
        "type": "Point",
        "coordinates": [
          -2.9261484,
          43.2557641
        ]
      }
    },
    {
      "type": "Feature",
      "properties": {
        "weight": 1.0,
        "id": 4378868271,
        "hasDetails": true,
        "name": "La Ribera",
        "amenity": "restaurant",
        "cuisine": "regional;coffee_shop;vasca",
        "website": "https://www.lariberabilbao.com/",
        "outdoor_seating": "yes"
      },
      "geometry": {
        "type": "Point",
        "coordinates": [
          -2.9248652,
          43.2557845
        ]
      }
    },
    {
      "type": "Feature",
      "properties": {
        "weight": 1.0,
        "id": 4738192557,
        "hasDetails": true,
        "name": "Momen Pizza",
        "amenity": "fast_food",
        "cuisine": "pizza",
        "address": "San Frantzisko kalea 35, Bilbao",
        "website": "http://momenpizzabilbao.com/",
        "outdoor_seating": "no"
      },
      "geometry": {
        "type": "Point",
        "coordinates": [
          -2.9285027,
          43.2558164
        ]
      }
    },
    {
      "type": "Feature",
      "properties": {
        "weight": 1.0
      },
      "geometry": {
        "type": "Point",
        "coordinates": [
          -2.913053,
          43.2558304
        ]
      }
    },
    {
      "type": "Feature",
      "properties": {
        "weight": 1.0,
        "id": 4710102014,
        "hasDetails": true,
        "name": "Retolaza",
        "amenity": "pub",
        "address": "Dendarikale kalea 1, Bilbao"
      },
      "geometry": {
        "type": "Point",
        "coordinates": [
          -2.9241546,
          43.255855
        ]
      }
    },
    {
      "type": "Feature",
      "properties": {
        "weight": 1.0
      },
      "geometry": {
        "type": "Point",
        "coordinates": [
          -2.9231715,
          43.2558592
        ]
      }
    },
    {
      "type": "Feature",
      "properties": {
        "weight": 1.0,
        "id": 13094033421,
        "hasDetails": true,
        "name": "Mi Llajta",
        "amenity": "restaurant",
        "cuisine": "barbecue"
      },
      "geometry": {
        "type": "Point",
        "coordinates": [
          -2.9229978,
          43.2558865
        ]
      }
    },
    {
      "type": "Feature",
      "properties": {
        "weight": 1.0,
        "id": 13970178137,
        "hasDetails": true,
        "name": "Sushi Casco",
        "amenity": "restaurant",
        "cuisine": "sushi"
      },
      "geometry": {
        "type": "Point",
        "coordinates": [
          -2.9240114,
          43.2559016
        ]
      }
    },
    {
      "type": "Feature",
      "properties": {
        "weight": 1.0,
        "id": 12045680029,
        "hasDetails": true,
        "name": "Bira Kultur gunea",
        "amenity": "pub",
        "website": "http://www.bira.eus"
      },
      "geometry": {
        "type": "Point",
        "coordinates": [
          -2.9225949,
          43.2559193
        ]
      }
    },
    {
      "type": "Feature",
      "properties": {
        "weight": 1.0
      },
      "geometry": {
        "type": "Point",
        "coordinates": [
          -2.9250929,
          43.2559252
        ]
      }
    },
    {
      "type": "Feature",
      "properties": {
        "weight": 1.0
      },
      "geometry": {
        "type": "Point",
        "coordinates": [
          -2.9289115,
          43.2559291
        ]
      }
    },
    {
      "type": "Feature",
      "properties": {
        "weight": 1.0
      },
      "geometry": {
        "type": "Point",
        "coordinates": [
          -2.935691,
          43.2559352
        ]
      }
    },
    {
      "type": "Feature",
      "properties": {
        "weight": 1.0,
        "id": 4738192567,
        "hasDetails": true,
        "name": "Marilyn",
        "amenity": "bar",
        "address": "Gorte kalea 1, Bilbao"
      },
      "geometry": {
        "type": "Point",
        "coordinates": [
          -2.9297559,
          43.255957
        ]
      }
    },
    {
      "type": "Feature",
      "properties": {
        "weight": 1.0
      },
      "geometry": {
        "type": "Point",
        "coordinates": [
          -2.9389463,
          43.2559886
        ]
      }
    },
    {
      "type": "Feature",
      "properties": {
        "weight": 1.0,
        "id": 12733044902,
        "hasDetails": true,
        "name": "Icaro Bilbao",
        "amenity": "pub",
        "cuisine": "coffee_shop;tapas",
        "address": "Arbidea kalea 10",
        "opening_hours": "Tu-Fr 08:30-23:00; Su 10:00-16:00; Sa 10:00-23:00"
      },
      "geometry": {
        "type": "Point",
        "coordinates": [
          -2.9088334,
          43.2559887
        ]
      }
    },
    {
      "type": "Feature",
      "properties": {
        "weight": 1.0
      },
      "geometry": {
        "type": "Point",
        "coordinates": [
          -2.9291742,
          43.2560305
        ]
      }
    },
    {
      "type": "Feature",
      "properties": {
        "weight": 1.0
      },
      "geometry": {
        "type": "Point",
        "coordinates": [
          -2.9247754,
          43.2560622
        ]
      }
    },
    {
      "type": "Feature",
      "properties": {
        "weight": 1.0,
        "id": 2280737868,
        "hasDetails": true,
        "name": "Sol",
        "amenity": "pub",
        "address": "Bilbao"
      },
      "geometry": {
        "type": "Point",
        "coordinates": [
          -2.9104167,
          43.2560961
        ]
      }
    },
    {
      "type": "Feature",
      "properties": {
        "weight": 1.0
      },
      "geometry": {
        "type": "Point",
        "coordinates": [
          -2.9189667,
          43.2561208
        ]
      }
    },
    {
      "type": "Feature",
      "properties": {
        "weight": 1.0,
        "id": 10218230017,
        "hasDetails": true,
        "name": "A'lareira Bilbao",
        "amenity": "restaurant",
        "cuisine": "grill",
        "address": "Carmelo Gil doktorearen kalea 9"
      },
      "geometry": {
        "type": "Point",
        "coordinates": [
          -2.9399311,
          43.2561538
        ]
      }
    },
    {
      "type": "Feature",
      "properties": {
        "weight": 1.0,
        "id": 4688243610,
        "hasDetails": true,
        "name": "Sarkue",
        "amenity": "bar",
        "address": "Dendarikale kalea 9",
        "opening_hours": "Su 11:00-16:00; Mo-Sa 08:45-22:30"
      },
      "geometry": {
        "type": "Point",
        "coordinates": [
          -2.9239809,
          43.2561586
        ]
      }
    },
    {
      "type": "Feature",
      "properties": {
        "weight": 1.0,
        "id": 4739796133,
        "hasDetails": true,
        "name": "Sarean",
        "amenity": "restaurant",
        "address": "Plaza Coraz\u00f3n de Mar\u00eda 4, Bilbao",
        "website": "https://sarean.info/"
      },
      "geometry": {
        "type": "Point",
        "coordinates": [
          -2.9276897,
          43.2561772
        ]
      }
    },
    {
      "type": "Feature",
      "properties": {
        "weight": 1.0,
        "id": 6889156492,
        "hasDetails": true,
        "name": "Izarra",
        "amenity": "pub",
        "address": "Concha jeneralaren kalea"
      },
      "geometry": {
        "type": "Point",
        "coordinates": [
          -2.9365475,
          43.2561874
        ]
      }
    },
    {
      "type": "Feature",
      "properties": {
        "weight": 1.0
      },
      "geometry": {
        "type": "Point",
        "coordinates": [
          -2.9295924,
          43.2562027
        ]
      }
    },
    {
      "type": "Feature",
      "properties": {
        "weight": 1.0
      },
      "geometry": {
        "type": "Point",
        "coordinates": [
          -2.9099983,
          43.2562153
        ]
      }
    },
    {
      "type": "Feature",
      "properties": {
        "weight": 1.0
      },
      "geometry": {
        "type": "Point",
        "coordinates": [
          -2.9331224,
          43.2562475
        ]
      }
    },
    {
      "type": "Feature",
      "properties": {
        "weight": 1.0,
        "id": 4709794456,
        "hasDetails": true,
        "name": "Viva la Vida Veganamente",
        "amenity": "fast_food",
        "address": "Goienkale 17, Bilbao",
        "website": "https://vivalavidaveganamente.com/",
        "opening_hours": "Mo-Th,Sa 10:00-13:30"
      },
      "geometry": {
        "type": "Point",
        "coordinates": [
          -2.922937,
          43.2562523
        ]
      }
    },
    {
      "type": "Feature",
      "properties": {
        "weight": 1.0
      },
      "geometry": {
        "type": "Point",
        "coordinates": [
          -2.9224121,
          43.2562566
        ]
      }
    },
    {
      "type": "Feature",
      "properties": {
        "weight": 1.0,
        "id": 5696119212,
        "hasDetails": true,
        "name": "La Estufa",
        "amenity": "pub",
        "address": "Bilbao"
      },
      "geometry": {
        "type": "Point",
        "coordinates": [
          -2.9357399,
          43.2562776
        ]
      }
    },
    {
      "type": "Feature",
      "properties": {
        "weight": 1.0,
        "id": 6888970687,
        "hasDetails": true,
        "name": "Gaztelu",
        "amenity": "bar",
        "address": "Iturribide zeharkalea",
        "opening_hours": "Mo-Fr 07:00-22:00; Sa 08:00-15:00; Su off"
      },
      "geometry": {
        "type": "Point",
        "coordinates": [
          -2.916269,
          43.2562966
        ]
      }
    },
    {
      "type": "Feature",
      "properties": {
        "weight": 1.0
      },
      "geometry": {
        "type": "Point",
        "coordinates": [
          -2.9298576,
          43.2563014
        ]
      }
    },
    {
      "type": "Feature",
      "properties": {
        "weight": 1.0
      },
      "geometry": {
        "type": "Point",
        "coordinates": [
          -2.9128718,
          43.2563177
        ]
      }
    },
    {
      "type": "Feature",
      "properties": {
        "weight": 1.0,
        "id": 4708519062,
        "hasDetails": true,
        "name": "K2",
        "amenity": "restaurant",
        "cuisine": "coffee_shop;sandwich;burger;bocadillos;pinchos;tapas",
        "address": "Goienkale 10, Bilbao",
        "website": "https://www.bark2bilbao.com/"
      },
      "geometry": {
        "type": "Point",
        "coordinates": [
          -2.9227462,
          43.2563425
        ]
      }
    },
    {
      "type": "Feature",
      "properties": {
        "weight": 1.0,
        "id": 4744756090,
        "hasDetails": true,
        "name": "Jagoba",
        "amenity": "pub",
        "address": "Bilbao",
        "outdoor_seating": "no",
        "names": [
          "Jagoba",
          "Bar Restaurante Aktoxo"
        ],
        "amenities": [
          "pub",
          "restaurant"
        ]
      },
      "geometry": {
        "type": "Point",
        "coordinates": [
          -2.9329449,
          43.2563469
        ]
      }
    },
    {
      "type": "Feature",
      "properties": {
        "weight": 1.0
      },
      "geometry": {
        "type": "Point",
        "coordinates": [
          -2.9195817,
          43.2563874
        ]
      }
    },
    {
      "type": "Feature",
      "properties": {
        "weight": 1.0,
        "id": 11188237794,
        "hasDetails": true,
        "name": "Bohemian Lane",
        "amenity": "cafe",
        "cuisine": "cake",
        "website": "https://bohemianlanebilbao.com/",
        "opening_hours": "Mo-Th 09:30-13:45,16:00-20:00; Fr,Sa 09:30-14:00,16:00-20:00",
        "outdoor_seating": "pedestrian_zone"
      },
      "geometry": {
        "type": "Point",
        "coordinates": [
          -2.9248738,
          43.2563934
        ]
      }
    },
    {
      "type": "Feature",
      "properties": {
        "weight": 1.0,
        "id": 4096388369,
        "hasDetails": true,
        "name": "Ederki",
        "amenity": "bar",
        "address": "Hernani kalea 26, Bilbao",
        "outdoor_seating": "no"
      },
      "geometry": {
        "type": "Point",
        "coordinates": [
          -2.9292322,
          43.2564034
        ]
      }
    },
    {
      "type": "Feature",
      "properties": {
        "weight": 1.0
      },
      "geometry": {
        "type": "Point",
        "coordinates": [
          -2.9136627,
          43.2564109
        ]
      }
    },
    {
      "type": "Feature",
      "properties": {
        "weight": 1.0,
        "id": 4710124725,
        "hasDetails": true,
        "name": "Mitote",
        "amenity": "pub",
        "website": "http://mitote.es/"
      },
      "geometry": {
        "type": "Point",
        "coordinates": [
          -2.9243686,
          43.2564127
        ]
      }
    },
    {
      "type": "Feature",
      "properties": {
        "weight": 1.0
      },
      "geometry": {
        "type": "Point",
        "coordinates": [
          -2.929744,
          43.2564227
        ]
      }
    },
    {
      "type": "Feature",
      "properties": {
        "weight": 1.0
      },
      "geometry": {
        "type": "Point",
        "coordinates": [
          -2.9226968,
          43.2564376
        ]
      }
    },
    {
      "type": "Feature",
      "properties": {
        "weight": 1.0
      },
      "geometry": {
        "type": "Point",
        "coordinates": [
          -2.9414632,
          43.256442
        ]
      }
    },
    {
      "type": "Feature",
      "properties": {
        "weight": 1.0,
        "id": 4710102012,
        "hasDetails": true,
        "name": "Batzoki Bilbo Zaharra",
        "amenity": "restaurant",
        "address": "Dendarikale kalea 17, Bilbao",
        "website": "http://www.batzokibilbao.com"
      },
      "geometry": {
        "type": "Point",
        "coordinates": [
          -2.9238465,
          43.2564598
        ]
      }
    },
    {
      "type": "Feature",
      "properties": {
        "weight": 1.0,
        "id": 4711962385,
        "hasDetails": true,
        "name": "Manolita la Primera",
        "amenity": "bar",
        "address": "Barrenkale 4, Bilbao"
      },
      "geometry": {
        "type": "Point",
        "coordinates": [
          -2.9251478,
          43.2564653
        ]
      }
    },
    {
      "type": "Feature",
      "properties": {
        "weight": 1.0,
        "id": 4232911589,
        "hasDetails": true,
        "name": "Sarima",
        "amenity": "bar",
        "address": "Zumalacarregui etorbidea 52, Bilbao"
      },
      "geometry": {
        "type": "Point",
        "coordinates": [
          -2.9119293,
          43.2564682
        ]
      }
    },
    {
      "type": "Feature",
      "properties": {
        "weight": 1.0,
        "id": 6775680991,
        "hasDetails": true,
        "name": "Bego\u00f1ako Batzokia",
        "amenity": "pub",
        "address": "Gabriel Aresti etorbidea 3A",
        "website": "https://bego%C3%B1akobatzokia.com",
        "opening_hours": "Mo-Fr 08:00-22:15; Sa 10:00-22:15; Su 10:00-14:00"
      },
      "geometry": {
        "type": "Point",
        "coordinates": [
          -2.9081502,
          43.2565083
        ]
      }
    },
    {
      "type": "Feature",
      "properties": {
        "weight": 1.0,
        "id": 4744756093,
        "hasDetails": true,
        "name": "Le Banquier",
        "amenity": "pub",
        "address": "Bilbao"
      },
      "geometry": {
        "type": "Point",
        "coordinates": [
          -2.9328328,
          43.2565196
        ]
      }
    },
    {
      "type": "Feature",
      "properties": {
        "weight": 1.0
      },
      "geometry": {
        "type": "Point",
        "coordinates": [
          -2.9300802,
          43.2565272
        ]
      }
    },
    {
      "type": "Feature",
      "properties": {
        "weight": 1.0,
        "id": 6889156490,
        "hasDetails": true,
        "name": "Mes\u00f3n Concha",
        "amenity": "restaurant",
        "address": "Concha jeneralaren kalea"
      },
      "geometry": {
        "type": "Point",
        "coordinates": [
          -2.9363344,
          43.2565388
        ]
      }
    },
    {
      "type": "Feature",
      "properties": {
        "weight": 1.0,
        "id": 11118554446,
        "hasDetails": true,
        "name": "Bidaide",
        "amenity": "cafe",
        "address": "Goienkale 29"
      },
      "geometry": {
        "type": "Point",
        "coordinates": [
          -2.9227772,
          43.2565443
        ]
      }
    },
    {
      "type": "Feature",
      "properties": {
        "weight": 1.0,
        "id": 4738272325,
        "hasDetails": true,
        "name": "Berebar",
        "amenity": "restaurant",
        "cuisine": "moroccan",
        "address": "San Frantzisko kalea 65, Bilbao"
      },
      "geometry": {
        "type": "Point",
        "coordinates": [
          -2.9305099,
          43.2565512
        ]
      }
    },
    {
      "type": "Feature",
      "properties": {
        "weight": 1.0,
        "id": 13086741031,
        "hasDetails": true,
        "name": "Il tortellino",
        "amenity": "restaurant",
        "cuisine": "italian"
      },
      "geometry": {
        "type": "Point",
        "coordinates": [
          -2.9232851,
          43.2565598
        ]
      }
    },
    {
      "type": "Feature",
      "properties": {
        "weight": 1.0
      },
      "geometry": {
        "type": "Point",
        "coordinates": [
          -2.9135087,
          43.2565682
        ]
      }
    },
    {
      "type": "Feature",
      "properties": {
        "weight": 1.0
      },
      "geometry": {
        "type": "Point",
        "coordinates": [
          -2.9298526,
          43.2565697
        ]
      }
    },
    {
      "type": "Feature",
      "properties": {
        "weight": 1.0
      },
      "geometry": {
        "type": "Point",
        "coordinates": [
          -2.9250894,
          43.2565775
        ]
      }
    },
    {
      "type": "Feature",
      "properties": {
        "weight": 1.0,
        "id": 4688363989,
        "hasDetails": true,
        "name": "Pentxo",
        "amenity": "restaurant",
        "cuisine": "spanish",
        "address": "Belostikale 20",
        "website": "http://restaurantepentxo.com",
        "opening_hours": "Mo-Sa 07:00-21:00"
      },
      "geometry": {
        "type": "Point",
        "coordinates": [
          -2.9240778,
          43.2565873
        ]
      }
    },
    {
      "type": "Feature",
      "properties": {
        "weight": 1.0
      },
      "geometry": {
        "type": "Point",
        "coordinates": [
          -2.9252216,
          43.2565929
        ]
      }
    },
    {
      "type": "Feature",
      "properties": {
        "weight": 1.0,
        "id": 4096383490,
        "hasDetails": true,
        "name": "Agape",
        "amenity": "restaurant",
        "cuisine": "regional",
        "address": "Hernani kalea 13, Bilbao",
        "website": "http://www.restauranteagape.com",
        "names": [
          "Agape",
          "La Gernikesa Mariscos"
        ],
        "amenities": [
          "restaurant",
          "bar"
        ]
      },
      "geometry": {
        "type": "Point",
        "coordinates": [
          -2.9286321,
          43.2566022
        ]
      }
    },
    {
      "type": "Feature",
      "properties": {
        "weight": 1.0,
        "id": 13970140358,
        "hasDetails": true,
        "name": "Gose",
        "amenity": "fast_food",
        "cuisine": "burger"
      },
      "geometry": {
        "type": "Point",
        "coordinates": [
          -2.9223989,
          43.2566095
        ]
      }
    },
    {
      "type": "Feature",
      "properties": {
        "weight": 1.0
      },
      "geometry": {
        "type": "Point",
        "coordinates": [
          -2.9460907,
          43.2566275
        ]
      }
    },
    {
      "type": "Feature",
      "properties": {
        "weight": 1.0
      },
      "geometry": {
        "type": "Point",
        "coordinates": [
          -2.9297316,
          43.256636
        ]
      }
    },
    {
      "type": "Feature",
      "properties": {
        "weight": 1.0
      },
      "geometry": {
        "type": "Point",
        "coordinates": [
          -2.9247088,
          43.2566419
        ]
      }
    },
    {
      "type": "Feature",
      "properties": {
        "weight": 1.0,
        "id": 4708519031,
        "hasDetails": true,
        "name": "Gose",
        "amenity": "fast_food",
        "cuisine": "burger"
      },
      "geometry": {
        "type": "Point",
        "coordinates": [
          -2.9225996,
          43.2566575
        ]
      }
    },
    {
      "type": "Feature",
      "properties": {
        "weight": 1.0
      },
      "geometry": {
        "type": "Point",
        "coordinates": [
          -2.9250617,
          43.2566679
        ]
      }
    },
    {
      "type": "Feature",
      "properties": {
        "weight": 1.0,
        "id": 4738272328,
        "hasDetails": true,
        "name": "Restaurante Halal Tetuan",
        "amenity": "fast_food",
        "outdoor_seating": "no"
      },
      "geometry": {
        "type": "Point",
        "coordinates": [
          -2.930881,
          43.2566821
        ]
      }
    },
    {
      "type": "Feature",
      "properties": {
        "weight": 1.0
      },
      "geometry": {
        "type": "Point",
        "coordinates": [
          -2.9240164,
          43.2566866
        ]
      }
    },
    {
      "type": "Feature",
      "properties": {
        "weight": 1.0
      },
      "geometry": {
        "type": "Point",
        "coordinates": [
          -2.9251831,
          43.2566893
        ]
      }
    },
    {
      "type": "Feature",
      "properties": {
        "weight": 1.0
      },
      "geometry": {
        "type": "Point",
        "coordinates": [
          -2.9235237,
          43.2567065
        ]
      }
    },
    {
      "type": "Feature",
      "properties": {
        "weight": 1.0,
        "id": 13094056900,
        "hasDetails": true,
        "name": "Somera",
        "amenity": "fast_food",
        "cuisine": "kebab"
      },
      "geometry": {
        "type": "Point",
        "coordinates": [
          -2.9228266,
          43.2567267
        ]
      }
    },
    {
      "type": "Feature",
      "properties": {
        "weight": 1.0,
        "id": 11109480405,
        "hasDetails": true,
        "name": "Tangana",
        "amenity": "restaurant",
        "cuisine": "african",
        "address": "San Frantzisko kalea 71"
      },
      "geometry": {
        "type": "Point",
        "coordinates": [
          -2.931,
          43.2567339
        ]
      }
    },
    {
      "type": "Feature",
      "properties": {
        "weight": 1.0,
        "id": 4739465034,
        "hasDetails": true,
        "name": "Marhaba",
        "amenity": "fast_food",
        "cuisine": "moroccan"
      },
      "geometry": {
        "type": "Point",
        "coordinates": [
          -2.9301442,
          43.2567346
        ]
      }
    },
    {
      "type": "Feature",
      "properties": {
        "weight": 1.0,
        "id": 5790301053,
        "hasDetails": true,
        "name": "Errondabide",
        "amenity": "pub",
        "address": "Erronda kalea 20",
        "opening_hours": "Mo-We 09:30-22:00; Th-Fr 09:30-01:00; Sa 10:30-02:00; Su 10:30-16:00"
      },
      "geometry": {
        "type": "Point",
        "coordinates": [
          -2.9222107,
          43.2567494
        ]
      }
    },
    {
      "type": "Feature",
      "properties": {
        "weight": 1.0
      },
      "geometry": {
        "type": "Point",
        "coordinates": [
          -2.9283303,
          43.2567741
        ]
      }
    },
    {
      "type": "Feature",
      "properties": {
        "weight": 1.0
      },
      "geometry": {
        "type": "Point",
        "coordinates": [
          -2.9202455,
          43.25678
        ]
      }
    },
    {
      "type": "Feature",
      "properties": {
        "weight": 1.0
      },
      "geometry": {
        "type": "Point",
        "coordinates": [
          -2.9403746,
          43.2567829
        ]
      }
    },
    {
      "type": "Feature",
      "properties": {
        "weight": 1.0
      },
      "geometry": {
        "type": "Point",
        "coordinates": [
          -2.9292733,
          43.2567924
        ]
      }
    },
    {
      "type": "Feature",
      "properties": {
        "weight": 1.0
      },
      "geometry": {
        "type": "Point",
        "coordinates": [
          -2.9240993,
          43.2568153
        ]
      }
    },
    {
      "type": "Feature",
      "properties": {
        "weight": 1.0
      },
      "geometry": {
        "type": "Point",
        "coordinates": [
          -2.9239636,
          43.2568226
        ]
      }
    },
    {
      "type": "Feature",
      "properties": {
        "weight": 1.0,
        "id": 6889156489,
        "hasDetails": true,
        "name": "Restaurante Casablanca",
        "amenity": "restaurant",
        "cuisine": "moroccan",
        "address": "Iturribide kalea 70, Bilbao",
        "opening_hours": "Su-Th 07:00-24:00, Fr,Sa 07:00-02:30"
      },
      "geometry": {
        "type": "Point",
        "coordinates": [
          -2.9170963,
          43.2568253
        ]
      }
    },
    {
      "type": "Feature",
      "properties": {
        "weight": 1.0
      },
      "geometry": {
        "type": "Point",
        "coordinates": [
          -2.9413912,
          43.2568313
        ]
      }
    },
    {
      "type": "Feature",
      "properties": {
        "weight": 1.0
      },
      "geometry": {
        "type": "Point",
        "coordinates": [
          -2.929979,
          43.2568314
        ]
      }
    },
    {
      "type": "Feature",
      "properties": {
        "weight": 1.0,
        "id": 12601042188,
        "hasDetails": true,
        "name": "Marakaibo Berria",
        "amenity": "bar",
        "address": "Labayru kalea 36"
      },
      "geometry": {
        "type": "Point",
        "coordinates": [
          -2.941134,
          43.2568322
        ]
      }
    },
    {
      "type": "Feature",
      "properties": {
        "weight": 1.0
      },
      "geometry": {
        "type": "Point",
        "coordinates": [
          -2.9257082,
          43.2568387
        ]
      }
    },
    {
      "type": "Feature",
      "properties": {
        "weight": 1.0,
        "id": 5055531769,
        "hasDetails": true,
        "name": "Tipula",
        "amenity": "restaurant",
        "address": "Barrenkale Barrena 6, Bilbao",
        "website": "https://tipula.es/",
        "names": [
          "Tipula",
          "Musume Izakaya"
        ]
      },
      "geometry": {
        "type": "Point",
        "coordinates": [
          -2.9254719,
          43.2568572
        ]
      }
    },
    {
      "type": "Feature",
      "properties": {
        "weight": 1.0
      },
      "geometry": {
        "type": "Point",
        "coordinates": [
          -2.9313224,
          43.2568575
        ]
      }
    },
    {
      "type": "Feature",
      "properties": {
        "weight": 1.0
      },
      "geometry": {
        "type": "Point",
        "coordinates": [
          -2.9287158,
          43.2568727
        ]
      }
    },
    {
      "type": "Feature",
      "properties": {
        "weight": 1.0
      },
      "geometry": {
        "type": "Point",
        "coordinates": [
          -2.9250776,
          43.2568754
        ]
      }
    },
    {
      "type": "Feature",
      "properties": {
        "weight": 1.0,
        "id": 5055529919,
        "hasDetails": true,
        "name": "Barista's club",
        "amenity": "cafe",
        "address": "Dendarikale kalea 30, Bilbao",
        "website": "https://atbaristasbilbao.com/",
        "names": [
          "Barista's club",
          "Bodega Joserra"
        ],
        "amenities": [
          "cafe",
          "pub"
        ]
      },
      "geometry": {
        "type": "Point",
        "coordinates": [
          -2.9233628,
          43.2569054
        ]
      }
    },
    {
      "type": "Feature",
      "properties": {
        "weight": 1.0,
        "id": 4744756095,
        "hasDetails": true,
        "name": "Al Hoceima",
        "amenity": "cafe",
        "address": "Bilbao"
      },
      "geometry": {
        "type": "Point",
        "coordinates": [
          -2.9325321,
          43.2569085
        ]
      }
    },
    {
      "type": "Feature",
      "properties": {
        "weight": 1.0
      },
      "geometry": {
        "type": "Point",
        "coordinates": [
          -2.9121057,
          43.2569093
        ]
      }
    },
    {
      "type": "Feature",
      "properties": {
        "weight": 1.0
      },
      "geometry": {
        "type": "Point",
        "coordinates": [
          -2.9442905,
          43.2569151
        ]
      }
    },
    {
      "type": "Feature",
      "properties": {
        "weight": 1.0
      },
      "geometry": {
        "type": "Point",
        "coordinates": [
          -2.928821,
          43.2569295
        ]
      }
    },
    {
      "type": "Feature",
      "properties": {
        "weight": 1.0
      },
      "geometry": {
        "type": "Point",
        "coordinates": [
          -2.9283799,
          43.2569366
        ]
      }
    },
    {
      "type": "Feature",
      "properties": {
        "weight": 1.0,
        "id": 12398324202,
        "hasDetails": true,
        "name": "Uztarri",
        "amenity": "pub",
        "address": "Zugastinobia kalea 2",
        "names": [
          "Uztarri",
          "La Dehesa"
        ]
      },
      "geometry": {
        "type": "Point",
        "coordinates": [
          -2.9430723,
          43.256954
        ]
      }
    },
    {
      "type": "Feature",
      "properties": {
        "weight": 1.0,
        "id": 12600247646,
        "hasDetails": true,
        "name": "Pavoneo",
        "amenity": "bar",
        "address": "Barrenkale 13, Bilbao"
      },
      "geometry": {
        "type": "Point",
        "coordinates": [
          -2.9250252,
          43.25696
        ]
      }
    },
    {
      "type": "Feature",
      "properties": {
        "weight": 1.0,
        "id": 12600247647,
        "hasDetails": true,
        "name": "Kermlin Aretoa",
        "amenity": "pub",
        "address": "Maiatzaren biko kalea 18",
        "website": "https://kremlin.eus/"
      },
      "geometry": {
        "type": "Point",
        "coordinates": [
          -2.9293168,
          43.2569637
        ]
      }
    },
    {
      "type": "Feature",
      "properties": {
        "weight": 1.0,
        "id": 5055531767,
        "hasDetails": true,
        "name": "La Ley Seca",
        "amenity": "pub",
        "address": "Barrenkale Barrena 8, Bilbao",
        "opening_hours": "Su,Tu,Th 12:00-00:00; Fr,Sa 12:00-02:30"
      },
      "geometry": {
        "type": "Point",
        "coordinates": [
          -2.9253828,
          43.2569786
        ]
      }
    },
    {
      "type": "Feature",
      "properties": {
        "weight": 1.0,
        "id": 2883905701,
        "hasDetails": true,
        "name": "La Capilla",
        "amenity": "restaurant",
        "cuisine": "regional"
      },
      "geometry": {
        "type": "Point",
        "coordinates": [
          -2.94452,
          43.25698
        ]
      }
    },
    {
      "type": "Feature",
      "properties": {
        "weight": 1.0,
        "id": 13077915270,
        "hasDetails": true,
        "name": "Takeria Txoko Mex",
        "amenity": "restaurant",
        "cuisine": "mexican",
        "amenities": [
          "restaurant",
          "fast_food"
        ]
      },
      "geometry": {
        "type": "Point",
        "coordinates": [
          -2.9248804,
          43.2569809
        ]
      }
    },
    {
      "type": "Feature",
      "properties": {
        "weight": 1.0,
        "id": 619572685,
        "hasDetails": true,
        "name": "Kobeta garagardotegia",
        "amenity": "biergarten",
        "cuisine": "chicken",
        "outdoor_seating": "yes"
      },
      "geometry": {
        "type": "Point",
        "coordinates": [
          -2.9607398,
          43.2569813
        ]
      }
    },
    {
      "type": "Feature",
      "properties": {
        "weight": 1.0
      },
      "geometry": {
        "type": "Point",
        "coordinates": [
          -2.9138726,
          43.256987
        ]
      }
    },
    {
      "type": "Feature",
      "properties": {
        "weight": 1.0
      },
      "geometry": {
        "type": "Point",
        "coordinates": [
          -2.9224136,
          43.2569872
        ]
      }
    },
    {
      "type": "Feature",
      "properties": {
        "weight": 1.0,
        "id": 12356258910,
        "hasDetails": true,
        "name": "Aritz",
        "amenity": "restaurant",
        "address": "Zugastinobia kalea 4"
      },
      "geometry": {
        "type": "Point",
        "coordinates": [
          -2.9429048,
          43.2569903
        ]
      }
    },
    {
      "type": "Feature",
      "properties": {
        "weight": 1.0,
        "id": 4739625417,
        "hasDetails": true,
        "name": "Badulake",
        "amenity": "pub",
        "address": "Hernani kalea 10, Bilbao"
      },
      "geometry": {
        "type": "Point",
        "coordinates": [
          -2.9282729,
          43.2570118
        ]
      }
    },
    {
      "type": "Feature",
      "properties": {
        "weight": 1.0
      },
      "geometry": {
        "type": "Point",
        "coordinates": [
          -2.9243464,
          43.2570208
        ]
      }
    },
    {
      "type": "Feature",
      "properties": {
        "weight": 1.0,
        "id": 4744756101,
        "hasDetails": true,
        "name": "Otxote",
        "amenity": "pub",
        "address": "Bilbao"
      },
      "geometry": {
        "type": "Point",
        "coordinates": [
          -2.9332937,
          43.2570246
        ]
      }
    },
    {
      "type": "Feature",
      "properties": {
        "weight": 1.0,
        "id": 11693600969,
        "hasDetails": true,
        "name": "Manhu",
        "amenity": "restaurant",
        "address": "San Frantzisko kalea 40",
        "website": "https://restaurantemanhu.com"
      },
      "geometry": {
        "type": "Point",
        "coordinates": [
          -2.9313657,
          43.2570389
        ]
      }
    },
    {
      "type": "Feature",
      "properties": {
        "weight": 1.0
      },
      "geometry": {
        "type": "Point",
        "coordinates": [
          -2.9336538,
          43.257052
        ]
      }
    },
    {
      "type": "Feature",
      "properties": {
        "weight": 1.0,
        "id": 11110419605,
        "hasDetails": true,
        "name": "Alpamayo",
        "amenity": "bar",
        "address": "Castillo jeneralaren kalea 5, Bilbao"
      },
      "geometry": {
        "type": "Point",
        "coordinates": [
          -2.9291959,
          43.2570537
        ]
      }
    },
    {
      "type": "Feature",
      "properties": {
        "weight": 1.0,
        "id": 7786819585,
        "hasDetails": true,
        "name": "Su\u00e1rez",
        "amenity": "bar",
        "address": "Bilbao"
      },
      "geometry": {
        "type": "Point",
        "coordinates": [
          -2.9508858,
          43.25707
        ]
      }
    },
    {
      "type": "Feature",
      "properties": {
        "weight": 1.0
      },
      "geometry": {
        "type": "Point",
        "coordinates": [
          -2.9244545,
          43.25707
        ]
      }
    },
    {
      "type": "Feature",
      "properties": {
        "weight": 1.0,
        "id": 12355682218,
        "hasDetails": true,
        "name": "Etxetxua",
        "amenity": "pub",
        "address": "Zugastinobia kalea 1"
      },
      "geometry": {
        "type": "Point",
        "coordinates": [
          -2.9431034,
          43.2570702
        ]
      }
    },
    {
      "type": "Feature",
      "properties": {
        "weight": 1.0
      },
      "geometry": {
        "type": "Point",
        "coordinates": [
          -2.9241977,
          43.257073
        ]
      }
    },
    {
      "type": "Feature",
      "properties": {
        "weight": 1.0
      },
      "geometry": {
        "type": "Point",
        "coordinates": [
          -2.9249652,
          43.2570749
        ]
      }
    },
    {
      "type": "Feature",
      "properties": {
        "weight": 1.0,
        "id": 13250610370,
        "hasDetails": true,
        "name": "KL (Kaixo & Laukiniz)",
        "amenity": "pub",
        "address": "Barrenkale 28, Bilbao",
        "outdoor_seating": "no"
      },
      "geometry": {
        "type": "Point",
        "coordinates": [
          -2.9248308,
          43.2570805
        ]
      }
    },
    {
      "type": "Feature",
      "properties": {
        "weight": 1.0,
        "id": 4739485771,
        "hasDetails": true,
        "name": "Restaurante Arima",
        "amenity": "restaurant",
        "address": "Bailen kalea 33, Bilbao",
        "website": "https://www.restaurantearima.com/"
      },
      "geometry": {
        "type": "Point",
        "coordinates": [
          -2.9296587,
          43.2570917
        ]
      }
    },
    {
      "type": "Feature",
      "properties": {
        "weight": 1.0
      },
      "geometry": {
        "type": "Point",
        "coordinates": [
          -2.9223675,
          43.2570983
        ]
      }
    },
    {
      "type": "Feature",
      "properties": {
        "weight": 1.0,
        "id": 4406048231,
        "hasDetails": true,
        "name": "Bar Sorgi\u00f1e",
        "amenity": "pub",
        "opening_hours": "Mo-Fr 07:00-22:00; Sa 08:00-15:00"
      },
      "geometry": {
        "type": "Point",
        "coordinates": [
          -2.9172773,
          43.257103
        ]
      }
    },
    {
      "type": "Feature",
      "properties": {
        "weight": 1.0,
        "id": 12355682216,
        "hasDetails": true,
        "name": "Ibarra",
        "amenity": "pub",
        "address": "Zugastinobia kalea 3"
      },
      "geometry": {
        "type": "Point",
        "coordinates": [
          -2.9428966,
          43.2571157
        ]
      }
    },
    {
      "type": "Feature",
      "properties": {
        "weight": 1.0,
        "id": 12355682213,
        "hasDetails": true,
        "name": "Txikia",
        "amenity": "pub",
        "address": "Zugastinobia kalea 10"
      },
      "geometry": {
        "type": "Point",
        "coordinates": [
          -2.9423728,
          43.2571264
        ]
      }
    },
    {
      "type": "Feature",
      "properties": {
        "weight": 1.0,
        "id": 8412834017,
        "hasDetails": true,
        "name": "Surfing Tacos",
        "amenity": "restaurant",
        "address": "Barrenkale Barrena 12"
      },
      "geometry": {
        "type": "Point",
        "coordinates": [
          -2.9252977,
          43.257127
        ]
      }
    },
    {
      "type": "Feature",
      "properties": {
        "weight": 1.0
      },
      "geometry": {
        "type": "Point",
        "coordinates": [
          -2.9224927,
          43.2571362
        ]
      }
    },
    {
      "type": "Feature",
      "properties": {
        "weight": 1.0,
        "id": 4378438300,
        "hasDetails": true,
        "name": "Taberna Basaras",
        "amenity": "bar",
        "address": "Pilota kalea, Bilbao",
        "names": [
          "Taberna Basaras",
          "Taska Beltz"
        ]
      },
      "geometry": {
        "type": "Point",
        "coordinates": [
          -2.9256809,
          43.2571391
        ]
      }
    },
    {
      "type": "Feature",
      "properties": {
        "weight": 1.0
      },
      "geometry": {
        "type": "Point",
        "coordinates": [
          -2.9199623,
          43.2571409
        ]
      }
    },
    {
      "type": "Feature",
      "properties": {
        "weight": 1.0
      },
      "geometry": {
        "type": "Point",
        "coordinates": [
          -2.9295649,
          43.2571712
        ]
      }
    },
    {
      "type": "Feature",
      "properties": {
        "weight": 1.0,
        "id": 4713230564,
        "hasDetails": true,
        "name": "Beltza",
        "amenity": "pub",
        "address": "Barrenkale 30, Bilbao"
      },
      "geometry": {
        "type": "Point",
        "coordinates": [
          -2.924769,
          43.2571717
        ]
      }
    },
    {
      "type": "Feature",
      "properties": {
        "weight": 1.0,
        "id": 4713230568,
        "hasDetails": true,
        "name": "Ander Etxea",
        "amenity": "pub",
        "opening_hours": "Mo 11:00-21:00; Tu-Fr 11:00-23:30; Su 11:00-19:00"
      },
      "geometry": {
        "type": "Point",
        "coordinates": [
          -2.9248955,
          43.2571765
        ]
      }
    },
    {
      "type": "Feature",
      "properties": {
        "weight": 1.0,
        "id": 4255922085,
        "hasDetails": true,
        "name": "Telepizza",
        "amenity": "fast_food",
        "cuisine": "pizza"
      },
      "geometry": {
        "type": "Point",
        "coordinates": [
          -2.944414,
          43.2571897
        ]
      }
    },
    {
      "type": "Feature",
      "properties": {
        "weight": 1.0
      },
      "geometry": {
        "type": "Point",
        "coordinates": [
          -2.9230733,
          43.2572048
        ]
      }
    },
    {
      "type": "Feature",
      "properties": {
        "weight": 1.0
      },
      "geometry": {
        "type": "Point",
        "coordinates": [
          -2.9372381,
          43.2572126
        ]
      }
    },
    {
      "type": "Feature",
      "properties": {
        "weight": 1.0,
        "id": 12718864378,
        "hasDetails": true,
        "name": "Ha Noi Pho & Sushi",
        "amenity": "restaurant",
        "cuisine": "vietnamese;sushi",
        "address": "Zugastinobia kalea 9"
      },
      "geometry": {
        "type": "Point",
        "coordinates": [
          -2.9424679,
          43.2572139
        ]
      }
    },
    {
      "type": "Feature",
      "properties": {
        "weight": 1.0,
        "id": 4713230577,
        "hasDetails": true,
        "name": "I\u00f1akiren Taberna",
        "amenity": "restaurant",
        "cuisine": "regional;raciones;pintxos",
        "address": "Barrenkale Barrena 10, Bilbao",
        "names": [
          "I\u00f1akiren Taberna",
          "Saibigain"
        ]
      },
      "geometry": {
        "type": "Point",
        "coordinates": [
          -2.9252279,
          43.2572188
        ]
      }
    },
    {
      "type": "Feature",
      "properties": {
        "weight": 1.0,
        "id": 4709757485,
        "hasDetails": true,
        "name": "Soka",
        "amenity": "pub",
        "address": "Goienkale 43",
        "website": "https://www.soka.bar/",
        "names": [
          "Soka",
          "Casco Viejo"
        ],
        "amenities": [
          "pub",
          "fast_food"
        ]
      },
      "geometry": {
        "type": "Point",
        "coordinates": [
          -2.9224559,
          43.2572462
        ]
      }
    },
    {
      "type": "Feature",
      "properties": {
        "weight": 1.0,
        "id": 4744700877,
        "hasDetails": true,
        "amenity": "fast_food",
        "address": "Bilbao"
      },
      "geometry": {
        "type": "Point",
        "coordinates": [
          -2.933343,
          43.2572469
        ]
      }
    },
    {
      "type": "Feature",
      "properties": {
        "weight": 1.0,
        "id": 1849794155,
        "hasDetails": true,
        "name": "Bar Oli",
        "amenity": "cafe",
        "cuisine": "spanish",
        "address": "Autonomia kalea 19"
      },
      "geometry": {
        "type": "Point",
        "coordinates": [
          -2.9380265,
          43.2572684
        ]
      }
    },
    {
      "type": "Feature",
      "properties": {
        "weight": 1.0,
        "id": 12337487947,
        "hasDetails": true,
        "name": "Atlantic",
        "amenity": "pub",
        "address": "Zugastinobia kalea 11",
        "names": [
          "Atlantic",
          "Zugasti"
        ]
      },
      "geometry": {
        "type": "Point",
        "coordinates": [
          -2.9422385,
          43.2572712
        ]
      }
    },
    {
      "type": "Feature",
      "properties": {
        "weight": 1.0
      },
      "geometry": {
        "type": "Point",
        "coordinates": [
          -2.9248289,
          43.257282
        ]
      }
    },
    {
      "type": "Feature",
      "properties": {
        "weight": 1.0
      },
      "geometry": {
        "type": "Point",
        "coordinates": [
          -2.9246762,
          43.2572856
        ]
      }
    },
    {
      "type": "Feature",
      "properties": {
        "weight": 1.0,
        "id": 5936598185,
        "hasDetails": true,
        "name": "El Chino Misterioso",
        "amenity": "restaurant",
        "address": "Iturriza kalea 19"
      },
      "geometry": {
        "type": "Point",
        "coordinates": [
          -2.9326545,
          43.2572941
        ]
      }
    },
    {
      "type": "Feature",
      "properties": {
        "weight": 1.0
      },
      "geometry": {
        "type": "Point",
        "coordinates": [
          -2.9421091,
          43.2573023
        ]
      }
    },
    {
      "type": "Feature",
      "properties": {
        "weight": 1.0,
        "id": 6586238085,
        "hasDetails": true,
        "name": "Sua Pintxoak",
        "amenity": "pub",
        "address": "Barrenkale Barrena"
      },
      "geometry": {
        "type": "Point",
        "coordinates": [
          -2.9253276,
          43.2573037
        ]
      }
    },
    {
      "type": "Feature",
      "properties": {
        "weight": 1.0,
        "id": 2883904802,
        "hasDetails": true,
        "name": "Mes\u00f3n 1800",
        "amenity": "restaurant",
        "cuisine": "regional",
        "address": "Avila kalea 1, Bilbao"
      },
      "geometry": {
        "type": "Point",
        "coordinates": [
          -2.9393417,
          43.2573241
        ]
      }
    },
    {
      "type": "Feature",
      "properties": {
        "weight": 1.0,
        "id": 4708116869,
        "hasDetails": true,
        "name": "Bok&Tak",
        "amenity": "fast_food",
        "cuisine": "sandwich",
        "names": [
          "Bok&Tak",
          "Bizuete Cafe"
        ],
        "amenities": [
          "fast_food",
          "restaurant"
        ]
      },
      "geometry": {
        "type": "Point",
        "coordinates": [
          -2.9242888,
          43.2573294
        ]
      }
    },
    {
      "type": "Feature",
      "properties": {
        "weight": 1.0,
        "id": 4713230575,
        "hasDetails": true,
        "name": "Lurrina",
        "amenity": "restaurant",
        "cuisine": "local;regional;spanish;tapas",
        "address": "Barrenkale Barrena 16",
        "website": "https://www.lurrina.com/",
        "names": [
          "Lurrina",
          "Ardibeltz Taberna"
        ]
      },
      "geometry": {
        "type": "Point",
        "coordinates": [
          -2.9251569,
          43.2573399
        ]
      }
    },
    {
      "type": "Feature",
      "properties": {
        "weight": 1.0,
        "id": 5055530447,
        "hasDetails": true,
        "name": "Dumpling",
        "amenity": "fast_food",
        "address": "Goienkale 45, Bilbao",
        "names": [
          "Dumpling",
          "Adaxka Kultur Elkartea"
        ],
        "amenities": [
          "fast_food",
          "pub"
        ]
      },
      "geometry": {
        "type": "Point",
        "coordinates": [
          -2.9224633,
          43.2573438
        ]
      }
    },
    {
      "type": "Feature",
      "properties": {
        "weight": 1.0
      },
      "geometry": {
        "type": "Point",
        "coordinates": [
          -2.9195693,
          43.2573466
        ]
      }
    },
    {
      "type": "Feature",
      "properties": {
        "weight": 1.0
      },
      "geometry": {
        "type": "Point",
        "coordinates": [
          -2.9246137,
          43.25738
        ]
      }
    },
    {
      "type": "Feature",
      "properties": {
        "weight": 1.0,
        "id": 4713230572,
        "hasDetails": true,
        "name": "Zulo",
        "amenity": "pub",
        "address": "Dorre kalea",
        "names": [
          "Zulo",
          "Zazpi Bide Taberna"
        ]
      },
      "geometry": {
        "type": "Point",
        "coordinates": [
          -2.9249208,
          43.2573867
        ]
      }
    },
    {
      "type": "Feature",
      "properties": {
        "weight": 1.0
      },
      "geometry": {
        "type": "Point",
        "coordinates": [
          -2.9255218,
          43.2573941
        ]
      }
    },
    {
      "type": "Feature",
      "properties": {
        "weight": 1.0
      },
      "geometry": {
        "type": "Point",
        "coordinates": [
          -2.9292676,
          43.2573992
        ]
      }
    },
    {
      "type": "Feature",
      "properties": {
        "weight": 1.0,
        "id": 4708116874,
        "hasDetails": true,
        "name": "Gure Txoko",
        "amenity": "pub",
        "address": "Barrenkale 31, Bilbao"
      },
      "geometry": {
        "type": "Point",
        "coordinates": [
          -2.9247317,
          43.2574095
        ]
      }
    },
    {
      "type": "Feature",
      "properties": {
        "weight": 1.0
      },
      "geometry": {
        "type": "Point",
        "coordinates": [
          -2.9224055,
          43.2574242
        ]
      }
    },
    {
      "type": "Feature",
      "properties": {
        "weight": 1.0,
        "id": 4747181501,
        "hasDetails": true,
        "name": "Caf\u00e9s Bilba\u00ednos",
        "amenity": "pub",
        "address": "Bilbao"
      },
      "geometry": {
        "type": "Point",
        "coordinates": [
          -2.935296,
          43.2574279
        ]
      }
    },
    {
      "type": "Feature",
      "properties": {
        "weight": 1.0,
        "id": 4747181504,
        "hasDetails": true,
        "name": "Rallye Bilbo",
        "amenity": "restaurant",
        "website": "http://www.rallye.es"
      },
      "geometry": {
        "type": "Point",
        "coordinates": [
          -2.9351163,
          43.2574298
        ]
      }
    },
    {
      "type": "Feature",
      "properties": {
        "weight": 1.0,
        "id": 4747181500,
        "hasDetails": true,
        "name": "Kanpantxu",
        "amenity": "cafe",
        "address": "Bilbao",
        "website": "https://kanpantxu.com/"
      },
      "geometry": {
        "type": "Point",
        "coordinates": [
          -2.9355581,
          43.2574478
        ]
      }
    },
    {
      "type": "Feature",
      "properties": {
        "weight": 1.0
      },
      "geometry": {
        "type": "Point",
        "coordinates": [
          -2.9359619,
          43.2574624
        ]
      }
    },
    {
      "type": "Feature",
      "properties": {
        "weight": 1.0,
        "id": 4747181484,
        "hasDetails": true,
        "name": "Golosinas Zabalburu",
        "amenity": "ice_cream",
        "address": "Bilbao"
      },
      "geometry": {
        "type": "Point",
        "coordinates": [
          -2.9349815,
          43.2574648
        ]
      }
    },
    {
      "type": "Feature",
      "properties": {
        "weight": 1.0,
        "id": 13988858301,
        "hasDetails": true,
        "name": "WOK",
        "amenity": "fast_food",
        "address": "Etxetxua plaza 10"
      },
      "geometry": {
        "type": "Point",
        "coordinates": [
          -2.9434137,
          43.257492
        ]
      }
    },
    {
      "type": "Feature",
      "properties": {
        "weight": 1.0
      },
      "geometry": {
        "type": "Point",
        "coordinates": [
          -2.9367859,
          43.2574938
        ]
      }
    },
    {
      "type": "Feature",
      "properties": {
        "weight": 1.0,
        "id": 4703669353,
        "hasDetails": true,
        "name": "Arambarri Food and Roll",
        "amenity": "cafe",
        "cuisine": "american;barbecue;burger;cake;coffee_shop;diner;sandwich",
        "address": "Erribera kalea 16",
        "website": "https://arambarrifoodandroll.com/"
      },
      "geometry": {
        "type": "Point",
        "coordinates": [
          -2.9262269,
          43.2574952
        ]
      }
    },
    {
      "type": "Feature",
      "properties": {
        "weight": 1.0
      },
      "geometry": {
        "type": "Point",
        "coordinates": [
          -2.9235861,
          43.2575158
        ]
      }
    },
    {
      "type": "Feature",
      "properties": {
        "weight": 1.0,
        "id": 4703669357,
        "hasDetails": true,
        "name": "Pe\u00f1a Athletic Del Casco Viejo",
        "amenity": "restaurant",
        "address": "Pilota kalea 7, Bilbao",
        "names": [
          "Pe\u00f1a Athletic Del Casco Viejo",
          "Gau~Txori"
        ]
      },
      "geometry": {
        "type": "Point",
        "coordinates": [
          -2.925645,
          43.2575248
        ]
      }
    },
    {
      "type": "Feature",
      "properties": {
        "weight": 1.0
      },
      "geometry": {
        "type": "Point",
        "coordinates": [
          -2.9250143,
          43.2575282
        ]
      }
    },
    {
      "type": "Feature",
      "properties": {
        "weight": 1.0
      },
      "geometry": {
        "type": "Point",
        "coordinates": [
          -2.9229436,
          43.2575318
        ]
      }
    },
    {
      "type": "Feature",
      "properties": {
        "weight": 1.0
      },
      "geometry": {
        "type": "Point",
        "coordinates": [
          -2.9320141,
          43.2575459
        ]
      }
    },
    {
      "type": "Feature",
      "properties": {
        "weight": 1.0,
        "id": 4739485774,
        "hasDetails": true,
        "name": "Auskalo",
        "amenity": "restaurant",
        "address": "Bailen kalea 23, Bilbao",
        "website": "https://barcafeauskalo.webs.com/"
      },
      "geometry": {
        "type": "Point",
        "coordinates": [
          -2.9290513,
          43.2575498
        ]
      }
    },
    {
      "type": "Feature",
      "properties": {
        "weight": 1.0,
        "id": 4747097663,
        "hasDetails": true,
        "name": "Clipper",
        "amenity": "restaurant",
        "address": "Bilbao",
        "names": [
          "Clipper",
          "Mosela"
        ],
        "amenities": [
          "restaurant",
          "cafe"
        ]
      },
      "geometry": {
        "type": "Point",
        "coordinates": [
          -2.9339873,
          43.2575771
        ]
      }
    },
    {
      "type": "Feature",
      "properties": {
        "weight": 1.0,
        "id": 11420242169,
        "hasDetails": true,
        "name": "Aura",
        "amenity": "restaurant",
        "address": "Dorre kalea 7",
        "website": "https://aurarestaurantebilbao.com/"
      },
      "geometry": {
        "type": "Point",
        "coordinates": [
          -2.9244635,
          43.2575859
        ]
      }
    },
    {
      "type": "Feature",
      "properties": {
        "weight": 1.0,
        "id": 14213947701,
        "hasDetails": true,
        "name": "Santagloria Coffe & Bakery",
        "amenity": "cafe",
        "cuisine": "coffee_shop",
        "address": "Trenbideko etorbidea 55",
        "website": "http://santagloria.com",
        "opening_hours": "Mo-Su 07:00-21:00"
      },
      "geometry": {
        "type": "Point",
        "coordinates": [
          -2.9462527,
          43.2576084
        ]
      }
    },
    {
      "type": "Feature",
      "properties": {
        "weight": 1.0,
        "id": 2883904803,
        "hasDetails": true,
        "name": "Asador Donosti",
        "amenity": "restaurant",
        "cuisine": "regional",
        "address": "Pablo de Alzola kalea 2, Bilbao"
      },
      "geometry": {
        "type": "Point",
        "coordinates": [
          -2.946854,
          43.2576107
        ]
      }
    },
    {
      "type": "Feature",
      "properties": {
        "weight": 1.0,
        "id": 2813304630,
        "hasDetails": true,
        "name": "Bizubi",
        "amenity": "cafe",
        "outdoor_seating": "yes"
      },
      "geometry": {
        "type": "Point",
        "coordinates": [
          -2.9240219,
          43.2576146
        ]
      }
    },
    {
      "type": "Feature",
      "properties": {
        "weight": 1.0
      },
      "geometry": {
        "type": "Point",
        "coordinates": [
          -2.9368733,
          43.2576348
        ]
      }
    },
    {
      "type": "Feature",
      "properties": {
        "weight": 1.0
      },
      "geometry": {
        "type": "Point",
        "coordinates": [
          -2.9280439,
          43.2576589
        ]
      }
    },
    {
      "type": "Feature",
      "properties": {
        "weight": 1.0,
        "id": 3678646731,
        "hasDetails": true,
        "name": "Izalzu",
        "amenity": "restaurant",
        "address": "Andra Maria kalea 18, Bilbao",
        "outdoor_seating": "yes"
      },
      "geometry": {
        "type": "Point",
        "coordinates": [
          -2.9255103,
          43.2576754
        ]
      }
    },
    {
      "type": "Feature",
      "properties": {
        "weight": 1.0
      },
      "geometry": {
        "type": "Point",
        "coordinates": [
          -2.9249397,
          43.2577002
        ]
      }
    },
    {
      "type": "Feature",
      "properties": {
        "weight": 1.0,
        "id": 2813314928,
        "hasDetails": true,
        "name": "Txakurto",
        "amenity": "pub",
        "address": "Txakur kalea",
        "names": [
          "Txakurto",
          "The Craft Tabeerna"
        ]
      },
      "geometry": {
        "type": "Point",
        "coordinates": [
          -2.9247843,
          43.257708
        ]
      }
    },
    {
      "type": "Feature",
      "properties": {
        "weight": 1.0,
        "id": 4747181493,
        "hasDetails": true,
        "name": "La Tortilla de Bilbao",
        "amenity": "cafe",
        "address": "Bilbao"
      },
      "geometry": {
        "type": "Point",
        "coordinates": [
          -2.9354266,
          43.2577104
        ]
      }
    },
    {
      "type": "Feature",
      "properties": {
        "weight": 1.0,
        "id": 4747062034,
        "hasDetails": true,
        "name": "Kazeta",
        "amenity": "restaurant",
        "address": "Bilbao"
      },
      "geometry": {
        "type": "Point",
        "coordinates": [
          -2.9349486,
          43.2577146
        ]
      }
    },
    {
      "type": "Feature",
      "properties": {
        "weight": 1.0
      },
      "geometry": {
        "type": "Point",
        "coordinates": [
          -2.9246032,
          43.2577209
        ]
      }
    },
    {
      "type": "Feature",
      "properties": {
        "weight": 1.0,
        "id": 6866154585,
        "hasDetails": true,
        "name": "Istanbul Doner Kebab",
        "amenity": "fast_food",
        "address": "Bilbao"
      },
      "geometry": {
        "type": "Point",
        "coordinates": [
          -2.9463063,
          43.2577429
        ]
      }
    },
    {
      "type": "Feature",
      "properties": {
        "weight": 1.0,
        "id": 3103245484,
        "hasDetails": true,
        "name": "100 Montaditos",
        "amenity": "restaurant",
        "cuisine": "sandwich"
      },
      "geometry": {
        "type": "Point",
        "coordinates": [
          -2.9216717,
          43.2577517
        ]
      }
    },
    {
      "type": "Feature",
      "properties": {
        "weight": 1.0
      },
      "geometry": {
        "type": "Point",
        "coordinates": [
          -2.9277424,
          43.2577583
        ]
      }
    },
    {
      "type": "Feature",
      "properties": {
        "weight": 1.0
      },
      "geometry": {
        "type": "Point",
        "coordinates": [
          -2.9253594,
          43.2577933
        ]
      }
    },
    {
      "type": "Feature",
      "properties": {
        "weight": 1.0,
        "id": 4703669360,
        "hasDetails": true,
        "name": "Santamar\u00eda",
        "amenity": "pub",
        "opening_hours": "Mo-Th 08:30-23:00; Fr, Sa 08:30-00:00; Su 12:00-16:00"
      },
      "geometry": {
        "type": "Point",
        "coordinates": [
          -2.9255686,
          43.2578031
        ]
      }
    },
    {
      "type": "Feature",
      "properties": {
        "weight": 1.0,
        "id": 2813314925,
        "hasDetails": true,
        "name": "Kalderapeko",
        "amenity": "restaurant",
        "address": "Txakur kalea 1, Bilbao",
        "names": [
          "Kalderapeko",
          "Sagarra"
        ]
      },
      "geometry": {
        "type": "Point",
        "coordinates": [
          -2.9250505,
          43.2578068
        ]
      }
    },
    {
      "type": "Feature",
      "properties": {
        "weight": 1.0,
        "id": 14090660701,
        "hasDetails": true,
        "name": "Kebab Autonom\u00eda",
        "amenity": "fast_food",
        "address": "Autonomia kalea 67",
        "outdoor_seating": "no"
      },
      "geometry": {
        "type": "Point",
        "coordinates": [
          -2.949308,
          43.2578337
        ]
      }
    },
    {
      "type": "Feature",
      "properties": {
        "weight": 1.0
      },
      "geometry": {
        "type": "Point",
        "coordinates": [
          -2.9368593,
          43.2578457
        ]
      }
    },
    {
      "type": "Feature",
      "properties": {
        "weight": 1.0
      },
      "geometry": {
        "type": "Point",
        "coordinates": [
          -2.9216104,
          43.2578501
        ]
      }
    },
    {
      "type": "Feature",
      "properties": {
        "weight": 1.0
      },
      "geometry": {
        "type": "Point",
        "coordinates": [
          -2.9262244,
          43.257851
        ]
      }
    },
    {
      "type": "Feature",
      "properties": {
        "weight": 1.0,
        "id": 4744700858,
        "hasDetails": true,
        "name": "Bacanalia",
        "amenity": "restaurant",
        "address": "Hurtado de Amezaga kalea 17, Bilbao",
        "website": "https://www.bacanalia.com/"
      },
      "geometry": {
        "type": "Point",
        "coordinates": [
          -2.9328341,
          43.2578576
        ]
      }
    },
    {
      "type": "Feature",
      "properties": {
        "weight": 1.0,
        "id": 4747208729,
        "hasDetails": true,
        "name": "Burger King",
        "amenity": "fast_food",
        "cuisine": "burger"
      },
      "geometry": {
        "type": "Point",
        "coordinates": [
          -2.9361144,
          43.2578577
        ]
      }
    },
    {
      "type": "Feature",
      "properties": {
        "weight": 1.0,
        "id": 4703361437,
        "hasDetails": true,
        "name": "Gallo Negro",
        "amenity": "cafe",
        "address": "Txakur kalea, Bilbao"
      },
      "geometry": {
        "type": "Point",
        "coordinates": [
          -2.9246885,
          43.2578642
        ]
      }
    },
    {
      "type": "Feature",
      "properties": {
        "weight": 1.0,
        "id": 14074806233,
        "hasDetails": true,
        "name": "Gaditanisima",
        "amenity": "restaurant",
        "address": "Ega\u00f1a kalea 3, Bilbao",
        "outdoor_seating": "yes"
      },
      "geometry": {
        "type": "Point",
        "coordinates": [
          -2.9362483,
          43.25788
        ]
      }
    },
    {
      "type": "Feature",
      "properties": {
        "weight": 1.0
      },
      "geometry": {
        "type": "Point",
        "coordinates": [
          -2.9256718,
          43.2578832
        ]
      }
    },
    {
      "type": "Feature",
      "properties": {
        "weight": 1.0
      },
      "geometry": {
        "type": "Point",
        "coordinates": [
          -2.9243518,
          43.2578866
        ]
      }
    },
    {
      "type": "Feature",
      "properties": {
        "weight": 1.0,
        "id": 4703302480,
        "hasDetails": true,
        "name": "Molica Focacceria",
        "amenity": "fast_food",
        "cuisine": "sandwich",
        "address": "Loteria kalea 3"
      },
      "geometry": {
        "type": "Point",
        "coordinates": [
          -2.9236133,
          43.2578975
        ]
      }
    },
    {
      "type": "Feature",
      "properties": {
        "weight": 1.0,
        "id": 4701746330,
        "hasDetails": true,
        "name": "Degustacion Aitke",
        "amenity": "cafe",
        "outdoor_seating": "yes"
      },
      "geometry": {
        "type": "Point",
        "coordinates": [
          -2.9230864,
          43.2579094
        ]
      }
    },
    {
      "type": "Feature",
      "properties": {
        "weight": 1.0,
        "id": 6566530585,
        "hasDetails": true,
        "name": "Ola Martin Berasategui",
        "amenity": "restaurant",
        "cuisine": "diner;fine_dining;local;regional",
        "address": "Erribera kalea 13",
        "website": "http://olamartinberasategui.com",
        "opening_hours": "We, Su 13:30-14:30; Th-Sa 13:30-14:30, 20:30-21:30"
      },
      "geometry": {
        "type": "Point",
        "coordinates": [
          -2.9263764,
          43.2579235
        ]
      }
    },
    {
      "type": "Feature",
      "properties": {
        "weight": 1.0,
        "id": 5055531282,
        "hasDetails": true,
        "name": "La Muga",
        "amenity": "pub",
        "cuisine": "coffee_shop;sandwich;tapas",
        "address": "Maria Mu\u00f1oz kalea 8, Bilbao",
        "website": "https://lamuga.eus/"
      },
      "geometry": {
        "type": "Point",
        "coordinates": [
          -2.9215401,
          43.2579448
        ]
      }
    },
    {
      "type": "Feature",
      "properties": {
        "weight": 1.0,
        "id": 4747097671,
        "hasDetails": true,
        "name": "Jolaset",
        "amenity": "pub",
        "address": "Bilbao"
      },
      "geometry": {
        "type": "Point",
        "coordinates": [
          -2.9331875,
          43.257948
        ]
      }
    },
    {
      "type": "Feature",
      "properties": {
        "weight": 1.0,
        "id": 4739856840,
        "hasDetails": true,
        "name": "La Barraca",
        "amenity": "restaurant",
        "cuisine": "regional",
        "address": "Garc\u00eda Salazar kalea 12, Bilbao",
        "website": "https://www.labarraca.es/"
      },
      "geometry": {
        "type": "Point",
        "coordinates": [
          -2.9316862,
          43.2579497
        ]
      }
    },
    {
      "type": "Feature",
      "properties": {
        "weight": 1.0
      },
      "geometry": {
        "type": "Point",
        "coordinates": [
          -2.9234014,
          43.2579548
        ]
      }
    },
    {
      "type": "Feature",
      "properties": {
        "weight": 1.0,
        "id": 5056335003,
        "hasDetails": true,
        "name": "Shelter",
        "amenity": "pub",
        "address": "Iturribide kalea 40, Bilbao",
        "opening_hours": "Su, We-Th 19:00-01:00; Fr 19:00-02:30; Sa 17:00-02:30"
      },
      "geometry": {
        "type": "Point",
        "coordinates": [
          -2.9189494,
          43.257955
        ]
      }
    },
    {
      "type": "Feature",
      "properties": {
        "weight": 1.0
      },
      "geometry": {
        "type": "Point",
        "coordinates": [
          -2.9368453,
          43.2579604
        ]
      }
    },
    {
      "type": "Feature",
      "properties": {
        "weight": 1.0
      },
      "geometry": {
        "type": "Point",
        "coordinates": [
          -2.9436117,
          43.2579724
        ]
      }
    },
    {
      "type": "Feature",
      "properties": {
        "weight": 1.0,
        "id": 3103245159,
        "hasDetails": true,
        "name": "Baste",
        "amenity": "pub",
        "opening_hours": "Tu-Su 09:00-00:00"
      },
      "geometry": {
        "type": "Point",
        "coordinates": [
          -2.9208197,
          43.2579835
        ]
      }
    },
    {
      "type": "Feature",
      "properties": {
        "weight": 1.0
      },
      "geometry": {
        "type": "Point",
        "coordinates": [
          -2.9192382,
          43.2579859
        ]
      }
    },
    {
      "type": "Feature",
      "properties": {
        "weight": 1.0
      },
      "geometry": {
        "type": "Point",
        "coordinates": [
          -2.9260218,
          43.2579877
        ]
      }
    },
    {
      "type": "Feature",
      "properties": {
        "weight": 1.0
      },
      "geometry": {
        "type": "Point",
        "coordinates": [
          -2.9196005,
          43.2579897
        ]
      }
    },
    {
      "type": "Feature",
      "properties": {
        "weight": 1.0
      },
      "geometry": {
        "type": "Point",
        "coordinates": [
          -2.9191041,
          43.2580056
        ]
      }
    },
    {
      "type": "Feature",
      "properties": {
        "weight": 1.0,
        "id": 2812431745,
        "hasDetails": true,
        "name": "El Txoko Berria",
        "amenity": "restaurant",
        "cuisine": "regional",
        "address": "Bidebarrieta kalea 14"
      },
      "geometry": {
        "type": "Point",
        "coordinates": [
          -2.9243841,
          43.2580068
        ]
      }
    },
    {
      "type": "Feature",
      "properties": {
        "weight": 1.0,
        "id": 4332976385,
        "hasDetails": true,
        "name": "Bertiz",
        "amenity": "cafe",
        "address": "Autonomia kalea 46, Bilbao"
      },
      "geometry": {
        "type": "Point",
        "coordinates": [
          -2.9464844,
          43.2580075
        ]
      }
    },
    {
      "type": "Feature",
      "properties": {
        "weight": 1.0
      },
      "geometry": {
        "type": "Point",
        "coordinates": [
          -2.932197,
          43.2580146
        ]
      }
    },
    {
      "type": "Feature",
      "properties": {
        "weight": 1.0,
        "id": 4708209421,
        "hasDetails": true,
        "name": "Las Fritas",
        "amenity": "fast_food",
        "cuisine": "fries",
        "address": "Gurutze kalea 6, Bilbao",
        "opening_hours": "Mo-Su 12:30-00:00",
        "outdoor_seating": "no"
      },
      "geometry": {
        "type": "Point",
        "coordinates": [
          -2.9222482,
          43.2580173
        ]
      }
    },
    {
      "type": "Feature",
      "properties": {
        "weight": 1.0
      },
      "geometry": {
        "type": "Point",
        "coordinates": [
          -2.9193717,
          43.2580302
        ]
      }
    },
    {
      "type": "Feature",
      "properties": {
        "weight": 1.0
      },
      "geometry": {
        "type": "Point",
        "coordinates": [
          -2.9372102,
          43.2580424
        ]
      }
    },
    {
      "type": "Feature",
      "properties": {
        "weight": 1.0,
        "id": 4747150463,
        "hasDetails": true,
        "name": "Concha",
        "amenity": "cafe",
        "address": "Bilbao"
      },
      "geometry": {
        "type": "Point",
        "coordinates": [
          -2.9352403,
          43.2580794
        ]
      }
    },
    {
      "type": "Feature",
      "properties": {
        "weight": 1.0,
        "id": 2270333901,
        "hasDetails": true,
        "name": "Bar Nervi\u00f3n",
        "amenity": "cafe",
        "address": "Naxa kalea 7",
        "opening_hours": "Mo-Sa 09:45-00:00; Su 12:30-00:15",
        "outdoor_seating": "yes"
      },
      "geometry": {
        "type": "Point",
        "coordinates": [
          -2.9278362,
          43.2580813
        ]
      }
    },
    {
      "type": "Feature",
      "properties": {
        "weight": 1.0
      },
      "geometry": {
        "type": "Point",
        "coordinates": [
          -2.9203394,
          43.2580873
        ]
      }
    },
    {
      "type": "Feature",
      "properties": {
        "weight": 1.0
      },
      "geometry": {
        "type": "Point",
        "coordinates": [
          -2.9196261,
          43.2580893
        ]
      }
    },
    {
      "type": "Feature",
      "properties": {
        "weight": 1.0
      },
      "geometry": {
        "type": "Point",
        "coordinates": [
          -2.9207521,
          43.2580978
        ]
      }
    },
    {
      "type": "Feature",
      "properties": {
        "weight": 1.0
      },
      "geometry": {
        "type": "Point",
        "coordinates": [
          -2.9205335,
          43.2581002
        ]
      }
    },
    {
      "type": "Feature",
      "properties": {
        "weight": 1.0,
        "id": 4748828055,
        "hasDetails": true,
        "name": "Rallye",
        "amenity": "restaurant",
        "address": "Ega\u00f1a kalea 4, Bilbao",
        "website": "https://asadorrallye.com/",
        "opening_hours": "Mo-Sa 11:30-24:00; Su 12:00-24:00; PH open",
        "outdoor_seating": "yes"
      },
      "geometry": {
        "type": "Point",
        "coordinates": [
          -2.9363819,
          43.2581061
        ]
      }
    },
    {
      "type": "Feature",
      "properties": {
        "weight": 1.0,
        "id": 2852257119,
        "hasDetails": true,
        "name": "Ferm\u00edn",
        "amenity": "pub",
        "address": "Iturribide kalea, Bilbao"
      },
      "geometry": {
        "type": "Point",
        "coordinates": [
          -2.9212698,
          43.2581092
        ]
      }
    },
    {
      "type": "Feature",
      "properties": {
        "weight": 1.0
      },
      "geometry": {
        "type": "Point",
        "coordinates": [
          -2.9209273,
          43.2581097
        ]
      }
    },
    {
      "type": "Feature",
      "properties": {
        "weight": 1.0,
        "id": 2852257121,
        "hasDetails": true,
        "name": "Gayarre",
        "amenity": "pub",
        "address": "Bilbao"
      },
      "geometry": {
        "type": "Point",
        "coordinates": [
          -2.9211149,
          43.2581158
        ]
      }
    },
    {
      "type": "Feature",
      "properties": {
        "weight": 1.0
      },
      "geometry": {
        "type": "Point",
        "coordinates": [
          -2.9254937,
          43.2581168
        ]
      }
    },
    {
      "type": "Feature",
      "properties": {
        "weight": 1.0,
        "id": 4708209458,
        "hasDetails": true,
        "name": "Melilla y Fez",
        "amenity": "pub",
        "cuisine": "moroccan;spanish;tapas",
        "address": "Iturribide kalea 7"
      },
      "geometry": {
        "type": "Point",
        "coordinates": [
          -2.9198108,
          43.2581184
        ]
      }
    },
    {
      "type": "Feature",
      "properties": {
        "weight": 1.0
      },
      "geometry": {
        "type": "Point",
        "coordinates": [
          -2.9259884,
          43.2581248
        ]
      }
    },
    {
      "type": "Feature",
      "properties": {
        "weight": 1.0,
        "id": 4748828054,
        "hasDetails": true,
        "name": "GildaToki",
        "amenity": "pub",
        "address": "Ega\u00f1a kalea 6, Bilbao",
        "opening_hours": "Mo-Su 11:00-23:00"
      },
      "geometry": {
        "type": "Point",
        "coordinates": [
          -2.9365348,
          43.2581354
        ]
      }
    },
    {
      "type": "Feature",
      "properties": {
        "weight": 1.0
      },
      "geometry": {
        "type": "Point",
        "coordinates": [
          -2.9400455,
          43.2581432
        ]
      }
    },
    {
      "type": "Feature",
      "properties": {
        "weight": 1.0,
        "id": 5056380335,
        "hasDetails": true,
        "name": "Kerren",
        "amenity": "restaurant",
        "address": "Iparraguirre kalea 56, Bilbao",
        "website": "https://kerrenasador.com/"
      },
      "geometry": {
        "type": "Point",
        "coordinates": [
          -2.9387216,
          43.258144
        ]
      }
    },
    {
      "type": "Feature",
      "properties": {
        "weight": 1.0
      },
      "geometry": {
        "type": "Point",
        "coordinates": [
          -2.9252646,
          43.258145
        ]
      }
    },
    {
      "type": "Feature",
      "properties": {
        "weight": 1.0
      },
      "geometry": {
        "type": "Point",
        "coordinates": [
          -2.936666,
          43.2581526
        ]
      }
    },
    {
      "type": "Feature",
      "properties": {
        "weight": 1.0
      },
      "geometry": {
        "type": "Point",
        "coordinates": [
          -2.9321171,
          43.2581702
        ]
      }
    },
    {
      "type": "Feature",
      "properties": {
        "weight": 1.0,
        "id": 2813304628,
        "hasDetails": true,
        "name": "Bertiz",
        "amenity": "cafe",
        "address": "Posta kalea 16, Bilbao"
      },
      "geometry": {
        "type": "Point",
        "coordinates": [
          -2.9236134,
          43.2581756
        ]
      }
    },
    {
      "type": "Feature",
      "properties": {
        "weight": 1.0,
        "id": 14066037501,
        "hasDetails": true,
        "name": "Laztana",
        "amenity": "restaurant",
        "cuisine": "regional",
        "website": "https://laztanarestaurant.es/"
      },
      "geometry": {
        "type": "Point",
        "coordinates": [
          -2.9242885,
          43.258185
        ]
      }
    },
    {
      "type": "Feature",
      "properties": {
        "weight": 1.0,
        "id": 4703598541,
        "hasDetails": true,
        "name": "Burger Toki",
        "amenity": "fast_food",
        "cuisine": "burger"
      },
      "geometry": {
        "type": "Point",
        "coordinates": [
          -2.9256093,
          43.258211
        ]
      }
    },
    {
      "type": "Feature",
      "properties": {
        "weight": 1.0
      },
      "geometry": {
        "type": "Point",
        "coordinates": [
          -2.9249419,
          43.2582187
        ]
      }
    },
    {
      "type": "Feature",
      "properties": {
        "weight": 1.0,
        "id": 4747150445,
        "hasDetails": true,
        "name": "Nino",
        "amenity": "cafe",
        "address": "Bilbao"
      },
      "geometry": {
        "type": "Point",
        "coordinates": [
          -2.9329893,
          43.2582196
        ]
      }
    },
    {
      "type": "Feature",
      "properties": {
        "weight": 1.0
      },
      "geometry": {
        "type": "Point",
        "coordinates": [
          -2.9384709,
          43.2582221
        ]
      }
    },
    {
      "type": "Feature",
      "properties": {
        "weight": 1.0,
        "id": 1247189817,
        "hasDetails": true,
        "name": "Irrintzi",
        "amenity": "restaurant",
        "cuisine": "tapas",
        "address": "Andra Maria kalea 8, Bilbao",
        "website": "http://www.irrintzi.es",
        "opening_hours": "Mo-Th 09:30-23:00; Fr 09:30-01:00; Sa 12:00-01:00; Su 12:00-17:00"
      },
      "geometry": {
        "type": "Point",
        "coordinates": [
          -2.9260796,
          43.2582347
        ]
      }
    },
    {
      "type": "Feature",
      "properties": {
        "weight": 1.0
      },
      "geometry": {
        "type": "Point",
        "coordinates": [
          -2.9254235,
          43.2582393
        ]
      }
    },
    {
      "type": "Feature",
      "properties": {
        "weight": 1.0
      },
      "geometry": {
        "type": "Point",
        "coordinates": [
          -2.9363297,
          43.2582412
        ]
      }
    },
    {
      "type": "Feature",
      "properties": {
        "weight": 1.0,
        "id": 4747150446,
        "hasDetails": true,
        "name": "Amazonas",
        "amenity": "restaurant",
        "address": "Bilbao"
      },
      "geometry": {
        "type": "Point",
        "coordinates": [
          -2.9331114,
          43.2582441
        ]
      }
    },
    {
      "type": "Feature",
      "properties": {
        "weight": 1.0,
        "id": 3528886700,
        "hasDetails": true,
        "name": "The Beetle Bar",
        "amenity": "pub",
        "address": "Miguel de Unamuno plaza 3, Bilbao",
        "opening_hours": "Mo-Fr 09:00-23:00; Sa, Su 09:30-00:00",
        "names": [
          "The Beetle Bar",
          "SweetHemp"
        ],
        "amenities": [
          "pub",
          "ice_cream"
        ]
      },
      "geometry": {
        "type": "Point",
        "coordinates": [
          -2.9212823,
          43.2582593
        ]
      }
    },
    {
      "type": "Feature",
      "properties": {
        "weight": 1.0
      },
      "geometry": {
        "type": "Point",
        "coordinates": [
          -2.923437,
          43.2582622
        ]
      }
    },
    {
      "type": "Feature",
      "properties": {
        "weight": 1.0,
        "id": 4747150448,
        "hasDetails": true,
        "name": "Flor de Sacuanjoche",
        "amenity": "restaurant",
        "cuisine": "kebab",
        "address": "Bilbao",
        "names": [
          "Flor de Sacuanjoche",
          "Jateko"
        ]
      },
      "geometry": {
        "type": "Point",
        "coordinates": [
          -2.9332724,
          43.2582776
        ]
      }
    },
    {
      "type": "Feature",
      "properties": {
        "weight": 1.0
      },
      "geometry": {
        "type": "Point",
        "coordinates": [
          -2.9251969,
          43.258298
        ]
      }
    },
    {
      "type": "Feature",
      "properties": {
        "weight": 1.0
      },
      "geometry": {
        "type": "Point",
        "coordinates": [
          -2.9259376,
          43.2582984
        ]
      }
    },
    {
      "type": "Feature",
      "properties": {
        "weight": 1.0,
        "id": 7048777657,
        "hasDetails": true,
        "name": "Caf\u00e9 Bar Distrito 13",
        "amenity": "cafe",
        "address": "Bilbao"
      },
      "geometry": {
        "type": "Point",
        "coordinates": [
          -2.9476874,
          43.2583122
        ]
      }
    },
    {
      "type": "Feature",
      "properties": {
        "weight": 1.0,
        "id": 4701746343,
        "hasDetails": true,
        "name": "Yogurissimo",
        "amenity": "ice_cream",
        "website": "https://www.yogurissimo.com/"
      },
      "geometry": {
        "type": "Point",
        "coordinates": [
          -2.9221835,
          43.2583134
        ]
      }
    },
    {
      "type": "Feature",
      "properties": {
        "weight": 1.0
      },
      "geometry": {
        "type": "Point",
        "coordinates": [
          -2.940209,
          43.2583151
        ]
      }
    },
    {
      "type": "Feature",
      "properties": {
        "weight": 1.0,
        "id": 4748887458,
        "hasDetails": true,
        "name": "El Obrador",
        "amenity": "cafe",
        "website": "http://www.elobrador.com/"
      },
      "geometry": {
        "type": "Point",
        "coordinates": [
          -2.9354769,
          43.2583168
        ]
      }
    },
    {
      "type": "Feature",
      "properties": {
        "weight": 1.0
      },
      "geometry": {
        "type": "Point",
        "coordinates": [
          -2.9176339,
          43.2583172
        ]
      }
    },
    {
      "type": "Feature",
      "properties": {
        "weight": 1.0,
        "id": 4747150450,
        "hasDetails": true,
        "name": "Garibolo",
        "amenity": "restaurant",
        "address": "Fern\u00e1ndez del Campo kalea 7, Bilbao",
        "website": "https://www.garibolo.com/"
      },
      "geometry": {
        "type": "Point",
        "coordinates": [
          -2.9335025,
          43.2583227
        ]
      }
    },
    {
      "type": "Feature",
      "properties": {
        "weight": 1.0
      },
      "geometry": {
        "type": "Point",
        "coordinates": [
          -2.9218408,
          43.2583334
        ]
      }
    },
    {
      "type": "Feature",
      "properties": {
        "weight": 1.0
      },
      "geometry": {
        "type": "Point",
        "coordinates": [
          -2.940339,
          43.2583349
        ]
      }
    },
    {
      "type": "Feature",
      "properties": {
        "weight": 1.0
      },
      "geometry": {
        "type": "Point",
        "coordinates": [
          -2.9250251,
          43.2583351
        ]
      }
    },
    {
      "type": "Feature",
      "properties": {
        "weight": 1.0
      },
      "geometry": {
        "type": "Point",
        "coordinates": [
          -2.9392211,
          43.258346
        ]
      }
    },
    {
      "type": "Feature",
      "properties": {
        "weight": 1.0,
        "id": 13259824101,
        "hasDetails": true,
        "name": "Hamburgueseria Aguinaco",
        "amenity": "fast_food",
        "cuisine": "burger;hot_dog;sandwich",
        "address": "Gregorio de la Revilla zumarkalea 41",
        "opening_hours": "Mo-Th 10:30-22:30; Fr-Sa 10:30-23:00"
      },
      "geometry": {
        "type": "Point",
        "coordinates": [
          -2.9413059,
          43.258366
        ]
      }
    },
    {
      "type": "Feature",
      "properties": {
        "weight": 1.0,
        "id": 4703389819,
        "hasDetails": true,
        "name": "Berton",
        "amenity": "restaurant",
        "address": "Jardines kalea 11, Bilbao",
        "website": "https://www.berton.eus/",
        "opening_hours": "Mo-Su 09:00-00:00"
      },
      "geometry": {
        "type": "Point",
        "coordinates": [
          -2.9247733,
          43.2583867
        ]
      }
    },
    {
      "type": "Feature",
      "properties": {
        "weight": 1.0,
        "id": 4701746320,
        "hasDetails": true,
        "name": "Pelatti Pelatti!",
        "amenity": "fast_food",
        "cuisine": "pizza",
        "names": [
          "Pelatti Pelatti!",
          "Gelati Gelati"
        ],
        "amenities": [
          "fast_food",
          "ice_cream"
        ]
      },
      "geometry": {
        "type": "Point",
        "coordinates": [
          -2.9224851,
          43.2583987
        ]
      }
    },
    {
      "type": "Feature",
      "properties": {
        "weight": 1.0,
        "id": 4748887445,
        "hasDetails": true,
        "name": "Bacalao Zuluaga &+",
        "amenity": "cafe",
        "address": "Santimami zumarkalea 22, Bilbao",
        "website": "http://www.albertozuluaga.com/"
      },
      "geometry": {
        "type": "Point",
        "coordinates": [
          -2.9361774,
          43.2584421
        ]
      }
    },
    {
      "type": "Feature",
      "properties": {
        "weight": 1.0
      },
      "geometry": {
        "type": "Point",
        "coordinates": [
          -2.9236195,
          43.2584471
        ]
      }
    },
    {
      "type": "Feature",
      "properties": {
        "weight": 1.0,
        "id": 3528886699,
        "hasDetails": true,
        "name": "La Roda",
        "amenity": "pub",
        "address": "Miguel de Unamuno plaza 2, Bilbao",
        "names": [
          "La Roda",
          "Bacaicoa"
        ]
      },
      "geometry": {
        "type": "Point",
        "coordinates": [
          -2.9212327,
          43.2584546
        ]
      }
    },
    {
      "type": "Feature",
      "properties": {
        "weight": 1.0
      },
      "geometry": {
        "type": "Point",
        "coordinates": [
          -2.9438448,
          43.2584666
        ]
      }
    },
    {
      "type": "Feature",
      "properties": {
        "weight": 1.0,
        "id": 4747150455,
        "hasDetails": true,
        "amenity": "fast_food",
        "cuisine": "sandwich",
        "amenities": [
          "fast_food",
          "restaurant"
        ]
      },
      "geometry": {
        "type": "Point",
        "coordinates": [
          -2.9341714,
          43.2584761
        ]
      }
    },
    {
      "type": "Feature",
      "properties": {
        "weight": 1.0,
        "id": 590065347,
        "hasDetails": true,
        "name": "Ega\u00f1a",
        "amenity": "restaurant",
        "cuisine": "regional",
        "address": "Ega\u00f1a kalea 14"
      },
      "geometry": {
        "type": "Point",
        "coordinates": [
          -2.9389464,
          43.2584881
        ]
      }
    },
    {
      "type": "Feature",
      "properties": {
        "weight": 1.0,
        "id": 13694829801,
        "hasDetails": true,
        "name": "Manolo Bakes",
        "amenity": "cafe",
        "address": "Kapelagile kalea 2",
        "website": "https://manolobakes.com",
        "opening_hours": "Mo-Sa 08:00-21:00; Su 09:00-21:00"
      },
      "geometry": {
        "type": "Point",
        "coordinates": [
          -2.9233406,
          43.2584918
        ]
      }
    },
    {
      "type": "Feature",
      "properties": {
        "weight": 1.0
      },
      "geometry": {
        "type": "Point",
        "coordinates": [
          -2.9322471,
          43.2585088
        ]
      }
    },
    {
      "type": "Feature",
      "properties": {
        "weight": 1.0,
        "id": 4747150456,
        "hasDetails": true,
        "name": "Jazminos",
        "amenity": "restaurant",
        "cuisine": "arab",
        "address": "Bilbao",
        "website": "https://jazminos.com",
        "opening_hours": "We-Sa 13:30-16:00, 19:30-23:00; Tu 19:30-23:00"
      },
      "geometry": {
        "type": "Point",
        "coordinates": [
          -2.9343094,
          43.2585096
        ]
      }
    },
    {
      "type": "Feature",
      "properties": {
        "weight": 1.0,
        "id": 4703598537,
        "hasDetails": true,
        "name": "Anima e Cuore Osteria",
        "amenity": "restaurant",
        "cuisine": "italian",
        "address": "Andra Maria kalea 3, Bilbao",
        "names": [
          "Anima e Cuore Osteria",
          "Pizza Via"
        ],
        "amenities": [
          "restaurant",
          "fast_food"
        ]
      },
      "geometry": {
        "type": "Point",
        "coordinates": [
          -2.9261447,
          43.2585172
        ]
      }
    },
    {
      "type": "Feature",
      "properties": {
        "weight": 1.0
      },
      "geometry": {
        "type": "Point",
        "coordinates": [
          -2.9332012,
          43.2585204
        ]
      }
    },
    {
      "type": "Feature",
      "properties": {
        "weight": 1.0,
        "id": 6563355489,
        "hasDetails": true,
        "name": "Swans",
        "amenity": "cafe",
        "address": "Bilbao"
      },
      "geometry": {
        "type": "Point",
        "coordinates": [
          -2.9475647,
          43.2585216
        ]
      }
    },
    {
      "type": "Feature",
      "properties": {
        "weight": 1.0,
        "id": 3103245192,
        "hasDetails": true,
        "name": "Pollo Riko",
        "amenity": "fast_food",
        "cuisine": "chicken",
        "address": "Miguel de Unamuno plaza"
      },
      "geometry": {
        "type": "Point",
        "coordinates": [
          -2.9220402,
          43.2585418
        ]
      }
    },
    {
      "type": "Feature",
      "properties": {
        "weight": 1.0,
        "id": 4739879007,
        "hasDetails": true,
        "name": "Casa Rufo",
        "amenity": "restaurant",
        "address": "Hurtado de Amezaga kalea 5, Bilbao",
        "website": "https://casarufo.com/"
      },
      "geometry": {
        "type": "Point",
        "coordinates": [
          -2.9315974,
          43.2585607
        ]
      }
    },
    {
      "type": "Feature",
      "properties": {
        "weight": 1.0
      },
      "geometry": {
        "type": "Point",
        "coordinates": [
          -2.9213387,
          43.2585649
        ]
      }
    },
    {
      "type": "Feature",
      "properties": {
        "weight": 1.0
      },
      "geometry": {
        "type": "Point",
        "coordinates": [
          -2.9231276,
          43.2585695
        ]
      }
    },
    {
      "type": "Feature",
      "properties": {
        "weight": 1.0,
        "id": 4746884022,
        "hasDetails": true,
        "name": "Restaurante",
        "amenity": "restaurant",
        "cuisine": "chinese"
      },
      "geometry": {
        "type": "Point",
        "coordinates": [
          -2.9334207,
          43.2585707
        ]
      }
    },
    {
      "type": "Feature",
      "properties": {
        "weight": 1.0,
        "id": 6801434336,
        "hasDetails": true,
        "name": "G\u00e9nesis",
        "amenity": "cafe",
        "address": "Bilbao"
      },
      "geometry": {
        "type": "Point",
        "coordinates": [
          -2.9465537,
          43.2585766
        ]
      }
    },
    {
      "type": "Feature",
      "properties": {
        "weight": 1.0,
        "id": 2813269279,
        "hasDetails": true,
        "name": "Black Label",
        "amenity": "fast_food",
        "cuisine": "burger"
      },
      "geometry": {
        "type": "Point",
        "coordinates": [
          -2.9245553,
          43.2585802
        ]
      }
    },
    {
      "type": "Feature",
      "properties": {
        "weight": 1.0
      },
      "geometry": {
        "type": "Point",
        "coordinates": [
          -2.9233335,
          43.2585846
        ]
      }
    },
    {
      "type": "Feature",
      "properties": {
        "weight": 1.0
      },
      "geometry": {
        "type": "Point",
        "coordinates": [
          -2.9236143,
          43.2585868
        ]
      }
    },
    {
      "type": "Feature",
      "properties": {
        "weight": 1.0
      },
      "geometry": {
        "type": "Point",
        "coordinates": [
          -2.9513405,
          43.2585997
        ]
      }
    },
    {
      "type": "Feature",
      "properties": {
        "weight": 1.0
      },
      "geometry": {
        "type": "Point",
        "coordinates": [
          -2.9323171,
          43.2586086
        ]
      }
    },
    {
      "type": "Feature",
      "properties": {
        "weight": 1.0,
        "id": 3528886698,
        "hasDetails": true,
        "name": "La Baldosita",
        "amenity": "restaurant",
        "address": "Miguel de Unamuno plaza 1, Bilbao"
      },
      "geometry": {
        "type": "Point",
        "coordinates": [
          -2.9214638,
          43.2586093
        ]
      }
    },
    {
      "type": "Feature",
      "properties": {
        "weight": 1.0,
        "id": 514121233,
        "hasDetails": true,
        "name": "KFC",
        "amenity": "fast_food",
        "cuisine": "chicken"
      },
      "geometry": {
        "type": "Point",
        "coordinates": [
          -2.9369528,
          43.2586109
        ]
      }
    },
    {
      "type": "Feature",
      "properties": {
        "weight": 1.0
      },
      "geometry": {
        "type": "Point",
        "coordinates": [
          -2.9365326,
          43.2586397
        ]
      }
    },
    {
      "type": "Feature",
      "properties": {
        "weight": 1.0,
        "id": 5784930155,
        "hasDetails": true,
        "name": "Urregin",
        "amenity": "restaurant",
        "cuisine": "regional;spanish",
        "address": "Kale Barria 4",
        "website": "https://www.urregin.com/"
      },
      "geometry": {
        "type": "Point",
        "coordinates": [
          -2.9253683,
          43.2586443
        ]
      }
    },
    {
      "type": "Feature",
      "properties": {
        "weight": 1.0
      },
      "geometry": {
        "type": "Point",
        "coordinates": [
          -2.9370997,
          43.2586912
        ]
      }
    },
    {
      "type": "Feature",
      "properties": {
        "weight": 1.0
      },
      "geometry": {
        "type": "Point",
        "coordinates": [
          -2.9225953,
          43.2587339
        ]
      }
    },
    {
      "type": "Feature",
      "properties": {
        "weight": 1.0
      },
      "geometry": {
        "type": "Point",
        "coordinates": [
          -2.9227237,
          43.2587491
        ]
      }
    },
    {
      "type": "Feature",
      "properties": {
        "weight": 1.0
      },
      "geometry": {
        "type": "Point",
        "coordinates": [
          -2.9080101,
          43.2587544
        ]
      }
    },
    {
      "type": "Feature",
      "properties": {
        "weight": 1.0,
        "id": 3213350195,
        "hasDetails": true,
        "name": "Zuga",
        "amenity": "pub",
        "address": "Plaza Barria 5"
      },
      "geometry": {
        "type": "Point",
        "coordinates": [
          -2.9229632,
          43.258773
        ]
      }
    },
    {
      "type": "Feature",
      "properties": {
        "weight": 1.0
      },
      "geometry": {
        "type": "Point",
        "coordinates": [
          -2.9243866,
          43.2587932
        ]
      }
    },
    {
      "type": "Feature",
      "properties": {
        "weight": 1.0
      },
      "geometry": {
        "type": "Point",
        "coordinates": [
          -2.9318147,
          43.2587943
        ]
      }
    },
    {
      "type": "Feature",
      "properties": {
        "weight": 1.0,
        "id": 4747035732,
        "hasDetails": true,
        "name": "Chino Elcano",
        "amenity": "restaurant",
        "address": "Elcano kalea 36, Bilbao",
        "website": "https://chinoelcanobilbao.com:443/"
      },
      "geometry": {
        "type": "Point",
        "coordinates": [
          -2.9327816,
          43.2588203
        ]
      }
    },
    {
      "type": "Feature",
      "properties": {
        "weight": 1.0
      },
      "geometry": {
        "type": "Point",
        "coordinates": [
          -2.9223358,
          43.258827
        ]
      }
    },
    {
      "type": "Feature",
      "properties": {
        "weight": 1.0
      },
      "geometry": {
        "type": "Point",
        "coordinates": [
          -2.9220091,
          43.2588486
        ]
      }
    },
    {
      "type": "Feature",
      "properties": {
        "weight": 1.0,
        "id": 3213350193,
        "hasDetails": true,
        "name": "Zaharra",
        "amenity": "pub",
        "opening_hours": "Mo-Th 08:00-22:00; Sa 09:00-23:00; Su 09:00-22:00; Fr off"
      },
      "geometry": {
        "type": "Point",
        "coordinates": [
          -2.9230938,
          43.2588492
        ]
      }
    },
    {
      "type": "Feature",
      "properties": {
        "weight": 1.0,
        "id": 514121698,
        "hasDetails": true,
        "name": "Cevitxef",
        "amenity": "restaurant",
        "address": "Recalde zumarkalea 53"
      },
      "geometry": {
        "type": "Point",
        "coordinates": [
          -2.9364729,
          43.2588525
        ]
      }
    },
    {
      "type": "Feature",
      "properties": {
        "weight": 1.0,
        "id": 4748887465,
        "hasDetails": true,
        "name": "Kal\u00ed \u00d3rexi Bar-Restaurante Griego",
        "amenity": "restaurant",
        "cuisine": "greek",
        "address": "Fern\u00e1ndez del Campo kalea 31",
        "website": "https://www.kaliorexibylabocatorio.com/",
        "opening_hours": "Su-Th 13:00-16:00, 20:00-22:00; Fr-Sa 13:00-16:00, 20:00-23:00"
      },
      "geometry": {
        "type": "Point",
        "coordinates": [
          -2.9360473,
          43.2588984
        ]
      }
    },
    {
      "type": "Feature",
      "properties": {
        "weight": 1.0,
        "id": 4745248600,
        "hasDetails": true,
        "name": "Sukalde",
        "amenity": "restaurant",
        "cuisine": "steak_house",
        "address": "Elcano kalea 31, Bilbao",
        "website": "https://sukalde.es"
      },
      "geometry": {
        "type": "Point",
        "coordinates": [
          -2.932448,
          43.2589037
        ]
      }
    },
    {
      "type": "Feature",
      "properties": {
        "weight": 1.0
      },
      "geometry": {
        "type": "Point",
        "coordinates": [
          -2.9314765,
          43.2589045
        ]
      }
    },
    {
      "type": "Feature",
      "properties": {
        "weight": 1.0,
        "id": 519646735,
        "hasDetails": true,
        "name": "Tapachula",
        "amenity": "restaurant",
        "cuisine": "mexican"
      },
      "geometry": {
        "type": "Point",
        "coordinates": [
          -2.9370198,
          43.2589382
        ]
      }
    },
    {
      "type": "Feature",
      "properties": {
        "weight": 1.0,
        "id": 6735239286,
        "hasDetails": true,
        "name": "Sabin etxea berria",
        "amenity": "bar",
        "address": "Recalde zumarkalea"
      },
      "geometry": {
        "type": "Point",
        "coordinates": [
          -2.9368173,
          43.2589461
        ]
      }
    },
    {
      "type": "Feature",
      "properties": {
        "weight": 1.0,
        "id": 2341874213,
        "hasDetails": true,
        "name": "El Boti",
        "amenity": "pub",
        "address": "Aureliano Valle kalea"
      },
      "geometry": {
        "type": "Point",
        "coordinates": [
          -2.940063,
          43.2589547
        ]
      }
    },
    {
      "type": "Feature",
      "properties": {
        "weight": 1.0,
        "id": 4748887469,
        "hasDetails": true,
        "name": "Bar Liska",
        "amenity": "cafe",
        "address": "Bilbao"
      },
      "geometry": {
        "type": "Point",
        "coordinates": [
          -2.9363427,
          43.2589665
        ]
      }
    },
    {
      "type": "Feature",
      "properties": {
        "weight": 1.0
      },
      "geometry": {
        "type": "Point",
        "coordinates": [
          -2.9497276,
          43.258973
        ]
      }
    },
    {
      "type": "Feature",
      "properties": {
        "weight": 1.0,
        "id": 3213350187,
        "hasDetails": true,
        "name": "Plaza Nueva",
        "amenity": "pub",
        "cuisine": "kebab"
      },
      "geometry": {
        "type": "Point",
        "coordinates": [
          -2.9223129,
          43.2589791
        ]
      }
    },
    {
      "type": "Feature",
      "properties": {
        "weight": 1.0,
        "id": 14094979481,
        "hasDetails": true,
        "name": "Bar Juntos",
        "amenity": "bar",
        "address": "Elcano kalea 29",
        "names": [
          "Bar Juntos",
          "Koala"
        ],
        "amenities": [
          "bar",
          "cafe"
        ]
      },
      "geometry": {
        "type": "Point",
        "coordinates": [
          -2.932525,
          43.258999
        ]
      }
    },
    {
      "type": "Feature",
      "properties": {
        "weight": 1.0
      },
      "geometry": {
        "type": "Point",
        "coordinates": [
          -2.9255718,
          43.259011
        ]
      }
    },
    {
      "type": "Feature",
      "properties": {
        "weight": 1.0
      },
      "geometry": {
        "type": "Point",
        "coordinates": [
          -2.9220225,
          43.2590218
        ]
      }
    },
    {
      "type": "Feature",
      "properties": {
        "weight": 1.0,
        "id": 4747035765,
        "hasDetails": true,
        "name": "Miss Caf\u00e9",
        "amenity": "cafe",
        "address": "Concha jeneralaren kalea 15"
      },
      "geometry": {
        "type": "Point",
        "coordinates": [
          -2.9348619,
          43.2590282
        ]
      }
    },
    {
      "type": "Feature",
      "properties": {
        "weight": 1.0
      },
      "geometry": {
        "type": "Point",
        "coordinates": [
          -2.9428306,
          43.2590363
        ]
      }
    },
    {
      "type": "Feature",
      "properties": {
        "weight": 1.0,
        "id": 13687176202,
        "hasDetails": true,
        "name": "San Telmo Pastificio",
        "amenity": "restaurant",
        "opening_hours": "Mo-Th 13:30-16:30, 20:00-23:30; Fr-Su 13:30-17:30, 20:00-23:30"
      },
      "geometry": {
        "type": "Point",
        "coordinates": [
          -2.9367659,
          43.2590468
        ]
      }
    },
    {
      "type": "Feature",
      "properties": {
        "weight": 1.0
      },
      "geometry": {
        "type": "Point",
        "coordinates": [
          -2.9230524,
          43.2590538
        ]
      }
    },
    {
      "type": "Feature",
      "properties": {
        "weight": 1.0,
        "id": 2689611798,
        "hasDetails": true,
        "name": "Regio",
        "amenity": "pub",
        "cuisine": "spanish",
        "address": "Perez Galdos kalea"
      },
      "geometry": {
        "type": "Point",
        "coordinates": [
          -2.9429611,
          43.2590721
        ]
      }
    },
    {
      "type": "Feature",
      "properties": {
        "weight": 1.0,
        "id": 4745202777,
        "hasDetails": true,
        "amenity": "fast_food",
        "cuisine": "pizza",
        "outdoor_seating": "no"
      },
      "geometry": {
        "type": "Point",
        "coordinates": [
          -2.9311827,
          43.2590857
        ]
      }
    },
    {
      "type": "Feature",
      "properties": {
        "weight": 1.0,
        "id": 6735232189,
        "hasDetails": true,
        "name": "La taberna de Zarate",
        "amenity": "bar",
        "address": "Fern\u00e1ndez del Campo kalea"
      },
      "geometry": {
        "type": "Point",
        "coordinates": [
          -2.9369417,
          43.2591005
        ]
      }
    },
    {
      "type": "Feature",
      "properties": {
        "weight": 1.0,
        "id": 6924118385,
        "hasDetails": true,
        "name": "Luxury",
        "amenity": "bar",
        "address": "Luis Bri\u00f1as kalea"
      },
      "geometry": {
        "type": "Point",
        "coordinates": [
          -2.9492991,
          43.25911
        ]
      }
    },
    {
      "type": "Feature",
      "properties": {
        "weight": 1.0
      },
      "geometry": {
        "type": "Point",
        "coordinates": [
          -2.9392487,
          43.2591115
        ]
      }
    },
    {
      "type": "Feature",
      "properties": {
        "weight": 1.0,
        "id": 4688291794,
        "hasDetails": true,
        "name": "Negresko",
        "amenity": "bar",
        "address": "Plaza Barria 10",
        "opening_hours": "Mo, Tu, Th-Su 11:00-23:00"
      },
      "geometry": {
        "type": "Point",
        "coordinates": [
          -2.9223191,
          43.2591192
        ]
      }
    },
    {
      "type": "Feature",
      "properties": {
        "weight": 1.0
      },
      "geometry": {
        "type": "Point",
        "coordinates": [
          -2.9370779,
          43.2591308
        ]
      }
    },
    {
      "type": "Feature",
      "properties": {
        "weight": 1.0
      },
      "geometry": {
        "type": "Point",
        "coordinates": [
          -2.9218681,
          43.2592073
        ]
      }
    },
    {
      "type": "Feature",
      "properties": {
        "weight": 1.0,
        "id": 3213350177,
        "hasDetails": true,
        "name": "La Olla",
        "amenity": "restaurant",
        "address": "Plaza Barria 2, Bilbao",
        "opening_hours": "Mo-Su,PH 08:00-22:00"
      },
      "geometry": {
        "type": "Point",
        "coordinates": [
          -2.9230372,
          43.2592106
        ]
      }
    },
    {
      "type": "Feature",
      "properties": {
        "weight": 1.0,
        "id": 3230414535,
        "hasDetails": true,
        "name": "Bar Amatxo",
        "amenity": "bar",
        "address": "Bego\u00f1ako Andra Mari auzoa 45, Bilbao"
      },
      "geometry": {
        "type": "Point",
        "coordinates": [
          -2.9144963,
          43.2592131
        ]
      }
    },
    {
      "type": "Feature",
      "properties": {
        "weight": 1.0
      },
      "geometry": {
        "type": "Point",
        "coordinates": [
          -2.924336,
          43.2592249
        ]
      }
    },
    {
      "type": "Feature",
      "properties": {
        "weight": 1.0,
        "id": 4384433894,
        "hasDetails": true,
        "name": "Txokomex",
        "amenity": "pub",
        "address": "Perez Galdos kalea 15"
      },
      "geometry": {
        "type": "Point",
        "coordinates": [
          -2.9436848,
          43.2592453
        ]
      }
    },
    {
      "type": "Feature",
      "properties": {
        "weight": 1.0,
        "id": 3230417035,
        "hasDetails": true,
        "name": "Pagoa Caf\u00e9",
        "amenity": "bar",
        "address": "Bego\u00f1ako Andra Mari auzoa 43, Bego\u00f1a - Bilbao"
      },
      "geometry": {
        "type": "Point",
        "coordinates": [
          -2.9147767,
          43.2592687
        ]
      }
    },
    {
      "type": "Feature",
      "properties": {
        "weight": 1.0,
        "id": 3213350163,
        "hasDetails": true,
        "name": "Coffee Break",
        "amenity": "cafe",
        "cuisine": "coffee_shop",
        "names": [
          "Coffee Break",
          "Sorginzulo"
        ],
        "amenities": [
          "cafe",
          "pub"
        ]
      },
      "geometry": {
        "type": "Point",
        "coordinates": [
          -2.922272,
          43.2592767
        ]
      }
    },
    {
      "type": "Feature",
      "properties": {
        "weight": 1.0,
        "id": 4745164876,
        "hasDetails": true,
        "name": "Urrea",
        "amenity": "restaurant",
        "cuisine": "sushi"
      },
      "geometry": {
        "type": "Point",
        "coordinates": [
          -2.9308608,
          43.2592798
        ]
      }
    },
    {
      "type": "Feature",
      "properties": {
        "weight": 1.0
      },
      "geometry": {
        "type": "Point",
        "coordinates": [
          -2.942913,
          43.2593088
        ]
      }
    },
    {
      "type": "Feature",
      "properties": {
        "weight": 1.0,
        "id": 5044340377,
        "hasDetails": true,
        "name": "Diana",
        "amenity": "cafe",
        "address": "Manuel Allende kalea 20, Bilbao"
      },
      "geometry": {
        "type": "Point",
        "coordinates": [
          -2.9421317,
          43.2593239
        ]
      }
    },
    {
      "type": "Feature",
      "properties": {
        "weight": 1.0
      },
      "geometry": {
        "type": "Point",
        "coordinates": [
          -2.9239866,
          43.2593357
        ]
      }
    },
    {
      "type": "Feature",
      "properties": {
        "weight": 1.0
      },
      "geometry": {
        "type": "Point",
        "coordinates": [
          -2.9327406,
          43.259347
        ]
      }
    },
    {
      "type": "Feature",
      "properties": {
        "weight": 1.0,
        "id": 4977504411,
        "hasDetails": true,
        "name": "Cafeter\u00eda Izcay",
        "amenity": "cafe",
        "address": "Bilbao"
      },
      "geometry": {
        "type": "Point",
        "coordinates": [
          -2.9472498,
          43.2593512
        ]
      }
    },
    {
      "type": "Feature",
      "properties": {
        "weight": 1.0,
        "id": 11162792526,
        "hasDetails": true,
        "name": "Antxoa Taberna",
        "amenity": "restaurant",
        "address": "Plaza Nueva 1",
        "website": "antxoataberna.com",
        "opening_hours": "Mo-Th, Su 12:00-23:00; Fr, Sa 12:00-00:00"
      },
      "geometry": {
        "type": "Point",
        "coordinates": [
          -2.9230082,
          43.2593528
        ]
      }
    },
    {
      "type": "Feature",
      "properties": {
        "weight": 1.0,
        "id": 3213350164,
        "hasDetails": true,
        "name": "Ekain",
        "amenity": "pub",
        "address": "Plaza Barria 12, Bilbao",
        "names": [
          "Ekain",
          "Gure Toki"
        ]
      },
      "geometry": {
        "type": "Point",
        "coordinates": [
          -2.922382,
          43.2593874
        ]
      }
    },
    {
      "type": "Feature",
      "properties": {
        "weight": 1.0,
        "id": 6779238686,
        "hasDetails": true,
        "name": "The Boar",
        "amenity": "pub",
        "address": "Arriquibar plaza 4",
        "opening_hours": "Mo-Th 13:00-23:00; Fr-Sa 12:30-01:00; Su 12:30-23:00"
      },
      "geometry": {
        "type": "Point",
        "coordinates": [
          -2.9366669,
          43.2593934
        ]
      }
    },
    {
      "type": "Feature",
      "properties": {
        "weight": 1.0,
        "id": 13738499621,
        "hasDetails": true,
        "name": "Maneki",
        "amenity": "restaurant",
        "cuisine": "japanese",
        "address": "Elcano kalea 26, Bilbao"
      },
      "geometry": {
        "type": "Point",
        "coordinates": [
          -2.9330909,
          43.2593997
        ]
      }
    },
    {
      "type": "Feature",
      "properties": {
        "weight": 1.0
      },
      "geometry": {
        "type": "Point",
        "coordinates": [
          -2.9429889,
          43.2594107
        ]
      }
    },
    {
      "type": "Feature",
      "properties": {
        "weight": 1.0
      },
      "geometry": {
        "type": "Point",
        "coordinates": [
          -2.9228587,
          43.2594282
        ]
      }
    },
    {
      "type": "Feature",
      "properties": {
        "weight": 1.0
      },
      "geometry": {
        "type": "Point",
        "coordinates": [
          -2.9387921,
          43.2594316
        ]
      }
    },
    {
      "type": "Feature",
      "properties": {
        "weight": 1.0
      },
      "geometry": {
        "type": "Point",
        "coordinates": [
          -2.9318743,
          43.2594358
        ]
      }
    },
    {
      "type": "Feature",
      "properties": {
        "weight": 1.0,
        "id": 12480408396,
        "hasDetails": true,
        "name": "La Palma",
        "amenity": "restaurant",
        "address": "Posta kalea 3, Bilbao"
      },
      "geometry": {
        "type": "Point",
        "coordinates": [
          -2.9234278,
          43.2594403
        ]
      }
    },
    {
      "type": "Feature",
      "properties": {
        "weight": 1.0,
        "id": 4232905841,
        "hasDetails": true,
        "name": "Cafeteria Josune",
        "amenity": "cafe",
        "address": "Bego\u00f1ako Andra Mari auzoa 47, Bego\u00f1a - Bilbao"
      },
      "geometry": {
        "type": "Point",
        "coordinates": [
          -2.914362,
          43.2594537
        ]
      }
    },
    {
      "type": "Feature",
      "properties": {
        "weight": 1.0
      },
      "geometry": {
        "type": "Point",
        "coordinates": [
          -2.935314,
          43.2594741
        ]
      }
    },
    {
      "type": "Feature",
      "properties": {
        "weight": 1.0,
        "id": 2341870419,
        "hasDetails": true,
        "name": "Yeti Bistro-Rest",
        "amenity": "cafe",
        "address": "Aureliano Valle kalea 2"
      },
      "geometry": {
        "type": "Point",
        "coordinates": [
          -2.9404777,
          43.2594798
        ]
      }
    },
    {
      "type": "Feature",
      "properties": {
        "weight": 1.0,
        "id": 5056375756,
        "hasDetails": true,
        "name": "Ipindo",
        "amenity": "restaurant",
        "address": "Santimami zumarkalea 39, Bilbao"
      },
      "geometry": {
        "type": "Point",
        "coordinates": [
          -2.9384769,
          43.259502
        ]
      }
    },
    {
      "type": "Feature",
      "properties": {
        "weight": 1.0
      },
      "geometry": {
        "type": "Point",
        "coordinates": [
          -2.9337228,
          43.2595086
        ]
      }
    },
    {
      "type": "Feature",
      "properties": {
        "weight": 1.0,
        "id": 1584424462,
        "hasDetails": true,
        "name": "Acomerypunto",
        "amenity": "restaurant",
        "address": "Urkixo zumarkalea 33, Bilbao",
        "website": "https://acomerypunto.es/",
        "opening_hours": "Mo-We 13:00-16:30; Th-Sa 13:00-16:00; Su off"
      },
      "geometry": {
        "type": "Point",
        "coordinates": [
          -2.9343672,
          43.2595175
        ]
      }
    },
    {
      "type": "Feature",
      "properties": {
        "weight": 1.0,
        "id": 4745228930,
        "hasDetails": true,
        "name": "La Machine",
        "amenity": "cafe",
        "outdoor_seating": "yes"
      },
      "geometry": {
        "type": "Point",
        "coordinates": [
          -2.9322639,
          43.2595246
        ]
      }
    },
    {
      "type": "Feature",
      "properties": {
        "weight": 1.0
      },
      "geometry": {
        "type": "Point",
        "coordinates": [
          -2.9224078,
          43.2595265
        ]
      }
    },
    {
      "type": "Feature",
      "properties": {
        "weight": 1.0
      },
      "geometry": {
        "type": "Point",
        "coordinates": [
          -2.935597,
          43.259534
        ]
      }
    },
    {
      "type": "Feature",
      "properties": {
        "weight": 1.0,
        "id": 5306659521,
        "hasDetails": true,
        "name": "Tukan",
        "amenity": "cafe",
        "cuisine": "sandwich;coffee;breakfast",
        "outdoor_seating": "yes"
      },
      "geometry": {
        "type": "Point",
        "coordinates": [
          -2.9448271,
          43.2595344
        ]
      }
    },
    {
      "type": "Feature",
      "properties": {
        "weight": 1.0,
        "id": 4745146814,
        "hasDetails": true,
        "name": "Mafe's Tavern",
        "amenity": "restaurant",
        "cuisine": "regional",
        "address": "Hurtado de Amezaga kalea 22, Bilbao"
      },
      "geometry": {
        "type": "Point",
        "coordinates": [
          -2.930394,
          43.2595395
        ]
      }
    },
    {
      "type": "Feature",
      "properties": {
        "weight": 1.0,
        "id": 12884470601,
        "hasDetails": true,
        "name": "Gogoa",
        "amenity": "pub",
        "cuisine": "burger",
        "address": "43 43"
      },
      "geometry": {
        "type": "Point",
        "coordinates": [
          -2.9429738,
          43.2595597
        ]
      }
    },
    {
      "type": "Feature",
      "properties": {
        "weight": 1.0
      },
      "geometry": {
        "type": "Point",
        "coordinates": [
          -2.9305591,
          43.2595814
        ]
      }
    },
    {
      "type": "Feature",
      "properties": {
        "weight": 1.0,
        "id": 4701520889,
        "hasDetails": true,
        "name": "Los Fueros",
        "amenity": "restaurant",
        "website": "https://losfueros.com/",
        "opening_hours": "Mo-Su,PH 13:00-15:30,20:00-22:30"
      },
      "geometry": {
        "type": "Point",
        "coordinates": [
          -2.9231074,
          43.259587
        ]
      }
    },
    {
      "type": "Feature",
      "properties": {
        "weight": 1.0,
        "id": 2341873961,
        "hasDetails": true,
        "name": "O'Morcego",
        "amenity": "pub",
        "address": "Aureliano Valle kalea 1"
      },
      "geometry": {
        "type": "Point",
        "coordinates": [
          -2.9401668,
          43.2595934
        ]
      }
    },
    {
      "type": "Feature",
      "properties": {
        "weight": 1.0,
        "id": 2813304648,
        "hasDetails": true,
        "name": "Buga Ramen",
        "amenity": "restaurant",
        "cuisine": "japanese",
        "address": "Areatza kalea 2, Bilbao",
        "website": "https://buga-ramen.com/",
        "opening_hours": "12:30-23:00; Fr,Sa 12:30-00:00",
        "outdoor_seating": "no"
      },
      "geometry": {
        "type": "Point",
        "coordinates": [
          -2.9234229,
          43.2595985
        ]
      }
    },
    {
      "type": "Feature",
      "properties": {
        "weight": 1.0,
        "id": 6745683885,
        "hasDetails": true,
        "name": "Egu\u00eda",
        "amenity": "bar",
        "address": "Egia jeneralaren kalea, Bilbao"
      },
      "geometry": {
        "type": "Point",
        "coordinates": [
          -2.948476,
          43.2596008
        ]
      }
    },
    {
      "type": "Feature",
      "properties": {
        "weight": 1.0,
        "id": 4394187091,
        "hasDetails": true,
        "name": "Oveja Negra",
        "amenity": "pub",
        "address": "Bilbao"
      },
      "geometry": {
        "type": "Point",
        "coordinates": [
          -2.9433455,
          43.2596069
        ]
      }
    },
    {
      "type": "Feature",
      "properties": {
        "weight": 1.0,
        "id": 5954569385,
        "hasDetails": true,
        "name": "HDH - Hambre de Hamburguesa",
        "amenity": "fast_food",
        "cuisine": "burger;sandwich",
        "address": "Santimami zumarkalea 34, Bilbao",
        "website": "https://www.hdhbilbao.com/"
      },
      "geometry": {
        "type": "Point",
        "coordinates": [
          -2.9382356,
          43.2596182
        ]
      }
    },
    {
      "type": "Feature",
      "properties": {
        "weight": 1.0
      },
      "geometry": {
        "type": "Point",
        "coordinates": [
          -2.8962526,
          43.2596341
        ]
      }
    },
    {
      "type": "Feature",
      "properties": {
        "weight": 1.0,
        "id": 4382059389,
        "hasDetails": true,
        "name": "Vka 27",
        "amenity": "pub",
        "address": "Perez Galdos kalea 27"
      },
      "geometry": {
        "type": "Point",
        "coordinates": [
          -2.9454605,
          43.259636
        ]
      }
    },
    {
      "type": "Feature",
      "properties": {
        "weight": 1.0
      },
      "geometry": {
        "type": "Point",
        "coordinates": [
          -2.9220002,
          43.2596476
        ]
      }
    },
    {
      "type": "Feature",
      "properties": {
        "weight": 1.0
      },
      "geometry": {
        "type": "Point",
        "coordinates": [
          -2.9399747,
          43.2596708
        ]
      }
    },
    {
      "type": "Feature",
      "properties": {
        "weight": 1.0,
        "id": 6655315185,
        "hasDetails": true,
        "amenity": "restaurant",
        "cuisine": "chicken;burger;coffee_shop;grill",
        "address": "Trenbideko etorbidea 2A",
        "website": "http://www.housebeef.com",
        "opening_hours": "Su-Th 13:00-16:00, 20:00-23:30; Fr-Sa 13:00-16:00, 20:00-00:30"
      },
      "geometry": {
        "type": "Point",
        "coordinates": [
          -2.9467547,
          43.2596776
        ]
      }
    },
    {
      "type": "Feature",
      "properties": {
        "weight": 1.0
      },
      "geometry": {
        "type": "Point",
        "coordinates": [
          -2.9230135,
          43.2596886
        ]
      }
    },
    {
      "type": "Feature",
      "properties": {
        "weight": 1.0
      },
      "geometry": {
        "type": "Point",
        "coordinates": [
          -2.8961038,
          43.2597059
        ]
      }
    },
    {
      "type": "Feature",
      "properties": {
        "weight": 1.0
      },
      "geometry": {
        "type": "Point",
        "coordinates": [
          -2.9407034,
          43.2597145
        ]
      }
    },
    {
      "type": "Feature",
      "properties": {
        "weight": 1.0
      },
      "geometry": {
        "type": "Point",
        "coordinates": [
          -2.9231637,
          43.259715
        ]
      }
    },
    {
      "type": "Feature",
      "properties": {
        "weight": 1.0
      },
      "geometry": {
        "type": "Point",
        "coordinates": [
          -2.9382271,
          43.259722
        ]
      }
    },
    {
      "type": "Feature",
      "properties": {
        "weight": 1.0
      },
      "geometry": {
        "type": "Point",
        "coordinates": [
          -2.9353509,
          43.2597331
        ]
      }
    },
    {
      "type": "Feature",
      "properties": {
        "weight": 1.0,
        "id": 3103245161,
        "hasDetails": true,
        "name": "Melchor",
        "amenity": "cafe",
        "address": "Bilbao"
      },
      "geometry": {
        "type": "Point",
        "coordinates": [
          -2.9220418,
          43.2597528
        ]
      }
    },
    {
      "type": "Feature",
      "properties": {
        "weight": 1.0
      },
      "geometry": {
        "type": "Point",
        "coordinates": [
          -2.9300533,
          43.2597534
        ]
      }
    },
    {
      "type": "Feature",
      "properties": {
        "weight": 1.0,
        "id": 13686240218,
        "hasDetails": true,
        "name": "Hola bar",
        "amenity": "cafe",
        "address": "Arriquibar plaza 4, Bilbao",
        "names": [
          "Hola bar",
          "Yandiola"
        ],
        "amenities": [
          "cafe",
          "restaurant"
        ]
      },
      "geometry": {
        "type": "Point",
        "coordinates": [
          -2.9365554,
          43.259763
        ]
      }
    },
    {
      "type": "Feature",
      "properties": {
        "weight": 1.0
      },
      "geometry": {
        "type": "Point",
        "coordinates": [
          -2.9361377,
          43.259766
        ]
      }
    },
    {
      "type": "Feature",
      "properties": {
        "weight": 1.0,
        "id": 4723790310,
        "hasDetails": true,
        "name": "Colmado Ib\u00e9rico",
        "amenity": "restaurant",
        "website": "http://www.colmadoiberico.com/"
      },
      "geometry": {
        "type": "Point",
        "coordinates": [
          -2.9338631,
          43.2597823
        ]
      }
    },
    {
      "type": "Feature",
      "properties": {
        "weight": 1.0
      },
      "geometry": {
        "type": "Point",
        "coordinates": [
          -2.9333373,
          43.2597961
        ]
      }
    },
    {
      "type": "Feature",
      "properties": {
        "weight": 1.0
      },
      "geometry": {
        "type": "Point",
        "coordinates": [
          -2.9183381,
          43.2598039
        ]
      }
    },
    {
      "type": "Feature",
      "properties": {
        "weight": 1.0,
        "id": 2341878680,
        "hasDetails": true,
        "name": "Cotton Club",
        "amenity": "pub",
        "address": "Gregorio de la Revilla zumarkalea 25, Bilbao",
        "website": "https://cottonbilbao.com/"
      },
      "geometry": {
        "type": "Point",
        "coordinates": [
          -2.9405238,
          43.2598104
        ]
      }
    },
    {
      "type": "Feature",
      "properties": {
        "weight": 1.0
      },
      "geometry": {
        "type": "Point",
        "coordinates": [
          -2.9228485,
          43.2598195
        ]
      }
    },
    {
      "type": "Feature",
      "properties": {
        "weight": 1.0,
        "id": 5044340386,
        "hasDetails": true,
        "name": "Grossi Pasta y Pizza",
        "amenity": "fast_food",
        "cuisine": "pizza",
        "address": "Manuel Allende kalea 12, Bilbao"
      },
      "geometry": {
        "type": "Point",
        "coordinates": [
          -2.9420444,
          43.2598239
        ]
      }
    },
    {
      "type": "Feature",
      "properties": {
        "weight": 1.0
      },
      "geometry": {
        "type": "Point",
        "coordinates": [
          -2.9357574,
          43.2598253
        ]
      }
    },
    {
      "type": "Feature",
      "properties": {
        "weight": 1.0
      },
      "geometry": {
        "type": "Point",
        "coordinates": [
          -2.9400147,
          43.2598319
        ]
      }
    },
    {
      "type": "Feature",
      "properties": {
        "weight": 1.0
      },
      "geometry": {
        "type": "Point",
        "coordinates": [
          -2.9489505,
          43.2599101
        ]
      }
    },
    {
      "type": "Feature",
      "properties": {
        "weight": 1.0
      },
      "geometry": {
        "type": "Point",
        "coordinates": [
          -2.9311773,
          43.2599103
        ]
      }
    },
    {
      "type": "Feature",
      "properties": {
        "weight": 1.0
      },
      "geometry": {
        "type": "Point",
        "coordinates": [
          -2.9420762,
          43.2599157
        ]
      }
    },
    {
      "type": "Feature",
      "properties": {
        "weight": 1.0,
        "id": 6869510288,
        "hasDetails": true,
        "name": "Casa Jes\u00fas",
        "amenity": "pub",
        "address": "Gordoniz kalea"
      },
      "geometry": {
        "type": "Point",
        "coordinates": [
          -2.938499,
          43.2599161
        ]
      }
    },
    {
      "type": "Feature",
      "properties": {
        "weight": 1.0
      },
      "geometry": {
        "type": "Point",
        "coordinates": [
          -2.934781,
          43.2599182
        ]
      }
    },
    {
      "type": "Feature",
      "properties": {
        "weight": 1.0,
        "id": 14089191001,
        "hasDetails": true,
        "name": "Bramar Bilbao",
        "amenity": "cafe",
        "address": "Pl. Garellano, 8",
        "outdoor_seating": "yes"
      },
      "geometry": {
        "type": "Point",
        "coordinates": [
          -2.9509152,
          43.2599269
        ]
      }
    },
    {
      "type": "Feature",
      "properties": {
        "weight": 1.0,
        "id": 14078327833,
        "hasDetails": true,
        "name": "Bramar Bilbao",
        "amenity": "cafe",
        "address": "Pl. Garellano, 8, Basurto-Zorroza, 48013 Bilbao, Biscay, Espagne",
        "opening_hours": "Mo-Su 09:00-16:00"
      },
      "geometry": {
        "type": "Point",
        "coordinates": [
          -2.9510438,
          43.2599475
        ]
      }
    },
    {
      "type": "Feature",
      "properties": {
        "weight": 1.0,
        "id": 13399517201,
        "hasDetails": true,
        "name": "Buga Ramen",
        "amenity": "restaurant",
        "cuisine": "japanese;ramen",
        "address": "Sabino Arana etorbidea / Avenida Sabino Arana 41, Bilbao",
        "website": "https://buga-ramen.com/"
      },
      "geometry": {
        "type": "Point",
        "coordinates": [
          -2.946991,
          43.2599514
        ]
      }
    },
    {
      "type": "Feature",
      "properties": {
        "weight": 1.0,
        "id": 4723832121,
        "hasDetails": true,
        "name": "La Brasa Canalla",
        "amenity": "restaurant",
        "cuisine": "grill",
        "address": "Elcano kalea 24",
        "website": "https://labrasacanalla.com/",
        "names": [
          "La Brasa Canalla",
          "De Boca Madre"
        ]
      },
      "geometry": {
        "type": "Point",
        "coordinates": [
          -2.9334155,
          43.2599618
        ]
      }
    },
    {
      "type": "Feature",
      "properties": {
        "weight": 1.0,
        "id": 2326489583,
        "hasDetails": true,
        "name": "La Sauser\u00eda",
        "amenity": "restaurant",
        "cuisine": "pizza"
      },
      "geometry": {
        "type": "Point",
        "coordinates": [
          -2.9352871,
          43.2599907
        ]
      }
    },
    {
      "type": "Feature",
      "properties": {
        "weight": 1.0
      },
      "geometry": {
        "type": "Point",
        "coordinates": [
          -2.9307748,
          43.2599918
        ]
      }
    },
    {
      "type": "Feature",
      "properties": {
        "weight": 1.0,
        "id": 4902635193,
        "hasDetails": true,
        "name": "McDonald's",
        "amenity": "fast_food",
        "cuisine": "burger",
        "address": "Aita Lojendio kalea 1",
        "website": "https://mcdonalds.es/",
        "opening_hours": "Su-We 09:30-02:00; Th 09:30-04:00; Fr-Sa 09:30-05:00",
        "outdoor_seating": "no"
      },
      "geometry": {
        "type": "Point",
        "coordinates": [
          -2.9296432,
          43.2600042
        ]
      }
    },
    {
      "type": "Feature",
      "properties": {
        "weight": 1.0,
        "id": 5056379018,
        "hasDetails": true,
        "name": "Grafit Rock",
        "amenity": "cafe",
        "cuisine": "breakfast;pasta;burger",
        "address": "Urrutia kalea 1, Bilbao",
        "website": "https://www.grafitcafe.com/",
        "opening_hours": "Mo-Th 08:30-24:00; Fr 08:30-24:00; Sa 00:00-02:30,10:30-24:00; Su 00:00-02:30,12:00-24:00",
        "outdoor_seating": "yes"
      },
      "geometry": {
        "type": "Point",
        "coordinates": [
          -2.9399391,
          43.2600243
        ]
      }
    },
    {
      "type": "Feature",
      "properties": {
        "weight": 1.0
      },
      "geometry": {
        "type": "Point",
        "coordinates": [
          -2.934735,
          43.2600419
        ]
      }
    },
    {
      "type": "Feature",
      "properties": {
        "weight": 1.0,
        "id": 4723832137,
        "hasDetails": true,
        "name": "Turqu\u00eda",
        "amenity": "fast_food",
        "cuisine": "kebab"
      },
      "geometry": {
        "type": "Point",
        "coordinates": [
          -2.9344686,
          43.2600436
        ]
      }
    },
    {
      "type": "Feature",
      "properties": {
        "weight": 1.0,
        "id": 5056375744,
        "hasDetails": true,
        "name": "Arapera Los Pallares 2",
        "amenity": "restaurant",
        "cuisine": "arepa",
        "address": "Santimami zumarkalea 45, Bilbao"
      },
      "geometry": {
        "type": "Point",
        "coordinates": [
          -2.9394172,
          43.2600566
        ]
      }
    },
    {
      "type": "Feature",
      "properties": {
        "weight": 1.0
      },
      "geometry": {
        "type": "Point",
        "coordinates": [
          -2.9423283,
          43.2600628
        ]
      }
    },
    {
      "type": "Feature",
      "properties": {
        "weight": 1.0,
        "id": 3999994893,
        "hasDetails": true,
        "name": "La Brasserie de Elene",
        "amenity": "restaurant",
        "address": "Arriquibar plaza 3, Bilbao"
      },
      "geometry": {
        "type": "Point",
        "coordinates": [
          -2.9357673,
          43.2600682
        ]
      }
    },
    {
      "type": "Feature",
      "properties": {
        "weight": 1.0,
        "id": 4745146831,
        "hasDetails": true,
        "name": "Kokoxaxa",
        "amenity": "restaurant",
        "cuisine": "buffet"
      },
      "geometry": {
        "type": "Point",
        "coordinates": [
          -2.930348,
          43.2600754
        ]
      }
    },
    {
      "type": "Feature",
      "properties": {
        "weight": 1.0,
        "id": 13114093401,
        "hasDetails": true,
        "name": "Taula",
        "amenity": "restaurant",
        "cuisine": "breakfast;coffee_shop;pancake;brunch",
        "address": "Gregorio de la Revilla zumarkalea 25, Bilbao",
        "website": "https://taulabilbao.com/",
        "opening_hours": "Su-Th 09:00-21:30; Fr-Sa 09:00-22:30",
        "outdoor_seating": "yes"
      },
      "geometry": {
        "type": "Point",
        "coordinates": [
          -2.9402826,
          43.2600783
        ]
      }
    },
    {
      "type": "Feature",
      "properties": {
        "weight": 1.0,
        "id": 11209529827,
        "hasDetails": true,
        "name": "Pinkerton",
        "amenity": "pub",
        "cuisine": "pizza",
        "opening_hours": "Mo-Fr 07:30-23:00; Sa, Su 09:00-23:00"
      },
      "geometry": {
        "type": "Point",
        "coordinates": [
          -2.9427091,
          43.2601066
        ]
      }
    },
    {
      "type": "Feature",
      "properties": {
        "weight": 1.0
      },
      "geometry": {
        "type": "Point",
        "coordinates": [
          -2.9395399,
          43.2601175
        ]
      }
    },
    {
      "type": "Feature",
      "properties": {
        "weight": 1.0,
        "id": 2610902806,
        "hasDetails": true,
        "name": "El Eme",
        "amenity": "restaurant",
        "cuisine": "sandwich",
        "website": "http://bar-el-eme.onbik.biz/"
      },
      "geometry": {
        "type": "Point",
        "coordinates": [
          -2.9344176,
          43.2601585
        ]
      }
    },
    {
      "type": "Feature",
      "properties": {
        "weight": 1.0,
        "id": 6888970686,
        "hasDetails": true,
        "name": "Ma\u00f1ari",
        "amenity": "cafe",
        "address": "Pedro Cort\u00e9s udal sendagilearen etxaldea"
      },
      "geometry": {
        "type": "Point",
        "coordinates": [
          -2.9172465,
          43.2601769
        ]
      }
    },
    {
      "type": "Feature",
      "properties": {
        "weight": 1.0,
        "id": 3346152191,
        "hasDetails": true,
        "name": "La Taberna de los Mundos",
        "amenity": "pub",
        "address": "Lutxana kalea 1, Bilbao",
        "website": "http://delosmundos.com/"
      },
      "geometry": {
        "type": "Point",
        "coordinates": [
          -2.9303197,
          43.2602136
        ]
      }
    },
    {
      "type": "Feature",
      "properties": {
        "weight": 1.0,
        "id": 10924005180,
        "hasDetails": true,
        "name": "Orcalada",
        "amenity": "restaurant",
        "address": "Santimami zumarkalea 42"
      },
      "geometry": {
        "type": "Point",
        "coordinates": [
          -2.9392493,
          43.260216
        ]
      }
    },
    {
      "type": "Feature",
      "properties": {
        "weight": 1.0,
        "id": 4745089991,
        "hasDetails": true,
        "name": "El Rinconcito",
        "amenity": "restaurant",
        "address": "Aita Lojendio kalea"
      },
      "geometry": {
        "type": "Point",
        "coordinates": [
          -2.9295768,
          43.260218
        ]
      }
    },
    {
      "type": "Feature",
      "properties": {
        "weight": 1.0
      },
      "geometry": {
        "type": "Point",
        "coordinates": [
          -2.9221802,
          43.2602336
        ]
      }
    },
    {
      "type": "Feature",
      "properties": {
        "weight": 1.0,
        "id": 4757942008,
        "hasDetails": true,
        "name": "Oishii Thai",
        "amenity": "restaurant",
        "cuisine": "thai"
      },
      "geometry": {
        "type": "Point",
        "coordinates": [
          -2.9366754,
          43.2602524
        ]
      }
    },
    {
      "type": "Feature",
      "properties": {
        "weight": 1.0
      },
      "geometry": {
        "type": "Point",
        "coordinates": [
          -2.9425342,
          43.260263
        ]
      }
    },
    {
      "type": "Feature",
      "properties": {
        "weight": 1.0
      },
      "geometry": {
        "type": "Point",
        "coordinates": [
          -2.9299408,
          43.260283
        ]
      }
    },
    {
      "type": "Feature",
      "properties": {
        "weight": 1.0,
        "id": 968104583,
        "hasDetails": true,
        "name": "CaFeve",
        "amenity": "cafe",
        "address": "Bailen kalea 1, Bilbao"
      },
      "geometry": {
        "type": "Point",
        "coordinates": [
          -2.9260757,
          43.2602925
        ]
      }
    },
    {
      "type": "Feature",
      "properties": {
        "weight": 1.0,
        "id": 4723777461,
        "hasDetails": true,
        "name": "Ura",
        "amenity": "restaurant",
        "cuisine": "japanese",
        "website": "https://urajapones.com/"
      },
      "geometry": {
        "type": "Point",
        "coordinates": [
          -2.9358844,
          43.2603494
        ]
      }
    },
    {
      "type": "Feature",
      "properties": {
        "weight": 1.0
      },
      "geometry": {
        "type": "Point",
        "coordinates": [
          -2.9345873,
          43.2603558
        ]
      }
    },
    {
      "type": "Feature",
      "properties": {
        "weight": 1.0
      },
      "geometry": {
        "type": "Point",
        "coordinates": [
          -2.9500769,
          43.260357
        ]
      }
    },
    {
      "type": "Feature",
      "properties": {
        "weight": 1.0,
        "id": 5056379610,
        "hasDetails": true,
        "name": "Karmelo",
        "amenity": "restaurant",
        "address": "Jose Maria Escuza kalea 27, Bilbao"
      },
      "geometry": {
        "type": "Point",
        "coordinates": [
          -2.9457844,
          43.2603893
        ]
      }
    },
    {
      "type": "Feature",
      "properties": {
        "weight": 1.0,
        "id": 7902993363,
        "hasDetails": true,
        "name": "Santagloria",
        "amenity": "cafe",
        "address": "Urkixo zumarkalea"
      },
      "geometry": {
        "type": "Point",
        "coordinates": [
          -2.9382406,
          43.2603897
        ]
      }
    },
    {
      "type": "Feature",
      "properties": {
        "weight": 1.0,
        "id": 1957615507,
        "hasDetails": true,
        "name": "La Taberna de los Mundos",
        "amenity": "pub",
        "address": "Simon Bolivar kalea 17, Bilbao",
        "website": "http://delosmundos.com/"
      },
      "geometry": {
        "type": "Point",
        "coordinates": [
          -2.9439642,
          43.2603958
        ]
      }
    },
    {
      "type": "Feature",
      "properties": {
        "weight": 1.0
      },
      "geometry": {
        "type": "Point",
        "coordinates": [
          -2.9343036,
          43.2604038
        ]
      }
    },
    {
      "type": "Feature",
      "properties": {
        "weight": 1.0,
        "id": 1736332233,
        "hasDetails": true,
        "name": "KFC",
        "amenity": "fast_food",
        "cuisine": "chicken"
      },
      "geometry": {
        "type": "Point",
        "coordinates": [
          -2.9226332,
          43.2604213
        ]
      }
    },
    {
      "type": "Feature",
      "properties": {
        "weight": 1.0,
        "id": 4040570090,
        "hasDetails": true,
        "name": "El Kiosko",
        "amenity": "bar",
        "outdoor_seating": "yes"
      },
      "geometry": {
        "type": "Point",
        "coordinates": [
          -2.9239653,
          43.2604267
        ]
      }
    },
    {
      "type": "Feature",
      "properties": {
        "weight": 1.0
      },
      "geometry": {
        "type": "Point",
        "coordinates": [
          -2.9306464,
          43.2604271
        ]
      }
    },
    {
      "type": "Feature",
      "properties": {
        "weight": 1.0
      },
      "geometry": {
        "type": "Point",
        "coordinates": [
          -2.9305103,
          43.2604294
        ]
      }
    },
    {
      "type": "Feature",
      "properties": {
        "weight": 1.0,
        "id": 10577091102,
        "hasDetails": true,
        "name": "Plaza Abando",
        "amenity": "fast_food",
        "outdoor_seating": "no"
      },
      "geometry": {
        "type": "Point",
        "coordinates": [
          -2.9274362,
          43.2604515
        ]
      }
    },
    {
      "type": "Feature",
      "properties": {
        "weight": 1.0,
        "id": 4117348889,
        "hasDetails": true,
        "name": "La Barraca",
        "amenity": "restaurant",
        "cuisine": "regional",
        "address": "Bertendona kalea 6, Bilbao"
      },
      "geometry": {
        "type": "Point",
        "coordinates": [
          -2.9315024,
          43.2604694
        ]
      }
    },
    {
      "type": "Feature",
      "properties": {
        "weight": 1.0,
        "id": 9764342917,
        "hasDetails": true,
        "name": "Aldeanos 11",
        "amenity": "bar",
        "cuisine": "spanish;tapas",
        "address": "Arechavaleta kalea 6",
        "website": "https://11aldeanos.com/"
      },
      "geometry": {
        "type": "Point",
        "coordinates": [
          -2.9413193,
          43.2604755
        ]
      }
    },
    {
      "type": "Feature",
      "properties": {
        "weight": 1.0,
        "id": 4246825554,
        "hasDetails": true,
        "name": "La Rubia",
        "amenity": "restaurant",
        "address": "Alameda Recalde 54"
      },
      "geometry": {
        "type": "Point",
        "coordinates": [
          -2.9362004,
          43.2604756
        ]
      }
    },
    {
      "type": "Feature",
      "properties": {
        "weight": 1.0
      },
      "geometry": {
        "type": "Point",
        "coordinates": [
          -2.8962907,
          43.2604819
        ]
      }
    },
    {
      "type": "Feature",
      "properties": {
        "weight": 1.0
      },
      "geometry": {
        "type": "Point",
        "coordinates": [
          -2.9358225,
          43.2605015
        ]
      }
    },
    {
      "type": "Feature",
      "properties": {
        "weight": 1.0
      },
      "geometry": {
        "type": "Point",
        "coordinates": [
          -2.9309586,
          43.2605171
        ]
      }
    },
    {
      "type": "Feature",
      "properties": {
        "weight": 1.0,
        "id": 4739826027,
        "hasDetails": true,
        "name": "Helader\u00eda Nossi-B\u00e9",
        "amenity": "ice_cream",
        "address": "Nafarroa kalea 1",
        "website": "http://www.nossi-be.com",
        "opening_hours": "Mo-Th 10:00-22:00; Fr-Sa 10:00-00:00; Su 11:00-22:00"
      },
      "geometry": {
        "type": "Point",
        "coordinates": [
          -2.926006,
          43.2605401
        ]
      }
    },
    {
      "type": "Feature",
      "properties": {
        "weight": 1.0
      },
      "geometry": {
        "type": "Point",
        "coordinates": [
          -2.937893,
          43.2605455
        ]
      }
    },
    {
      "type": "Feature",
      "properties": {
        "weight": 1.0,
        "id": 6745618985,
        "hasDetails": true,
        "name": "Caf\u00e9 Bri\u00f1as",
        "amenity": "bar",
        "address": "Luis Bri\u00f1as kalea"
      },
      "geometry": {
        "type": "Point",
        "coordinates": [
          -2.9486769,
          43.2605505
        ]
      }
    },
    {
      "type": "Feature",
      "properties": {
        "weight": 1.0,
        "id": 4757942011,
        "hasDetails": true,
        "name": "Baldomero",
        "amenity": "restaurant",
        "address": "Alameda Recalde 52"
      },
      "geometry": {
        "type": "Point",
        "coordinates": [
          -2.9361573,
          43.2605659
        ]
      }
    },
    {
      "type": "Feature",
      "properties": {
        "weight": 1.0,
        "id": 11414601304,
        "hasDetails": true,
        "name": "Malv\u00f3n",
        "amenity": "fast_food",
        "website": "https://www.malvon.es",
        "opening_hours": "Fr-Sa 10:30-23:00; Mo-Th,Su 10:30-22:30"
      },
      "geometry": {
        "type": "Point",
        "coordinates": [
          -2.9393658,
          43.2605967
        ]
      }
    },
    {
      "type": "Feature",
      "properties": {
        "weight": 1.0
      },
      "geometry": {
        "type": "Point",
        "coordinates": [
          -2.9340746,
          43.2605989
        ]
      }
    },
    {
      "type": "Feature",
      "properties": {
        "weight": 1.0,
        "id": 4757975830,
        "hasDetails": true,
        "name": "Bertiz",
        "amenity": "cafe",
        "outdoor_seating": "yes"
      },
      "geometry": {
        "type": "Point",
        "coordinates": [
          -2.9381477,
          43.2606021
        ]
      }
    },
    {
      "type": "Feature",
      "properties": {
        "weight": 1.0
      },
      "geometry": {
        "type": "Point",
        "coordinates": [
          -2.9262989,
          43.2606211
        ]
      }
    },
    {
      "type": "Feature",
      "properties": {
        "weight": 1.0,
        "id": 14090688801,
        "hasDetails": true,
        "name": "Rasputin Cafe",
        "amenity": "bar",
        "address": "Jose Maria Escuza kalea 23",
        "outdoor_seating": "yes"
      },
      "geometry": {
        "type": "Point",
        "coordinates": [
          -2.9459875,
          43.2606212
        ]
      }
    },
    {
      "type": "Feature",
      "properties": {
        "weight": 1.0,
        "id": 11141829863,
        "hasDetails": true,
        "name": "Pok\u00e9 Wok",
        "amenity": "restaurant",
        "cuisine": "asian",
        "address": "Bilbao"
      },
      "geometry": {
        "type": "Point",
        "coordinates": [
          -2.9226723,
          43.2606379
        ]
      }
    },
    {
      "type": "Feature",
      "properties": {
        "weight": 1.0,
        "id": 4757975826,
        "hasDetails": true,
        "name": "Urdazpi",
        "amenity": "restaurant",
        "website": "https://urdazpi.com/"
      },
      "geometry": {
        "type": "Point",
        "coordinates": [
          -2.9385717,
          43.260706
        ]
      }
    },
    {
      "type": "Feature",
      "properties": {
        "weight": 1.0,
        "id": 9828953299,
        "hasDetails": true,
        "name": "Rodilla",
        "amenity": "fast_food",
        "cuisine": "sandwich",
        "website": "https://www.rodilla.es/",
        "outdoor_seating": "no"
      },
      "geometry": {
        "type": "Point",
        "coordinates": [
          -2.9291354,
          43.2607106
        ]
      }
    },
    {
      "type": "Feature",
      "properties": {
        "weight": 1.0
      },
      "geometry": {
        "type": "Point",
        "coordinates": [
          -2.9174978,
          43.2607123
        ]
      }
    },
    {
      "type": "Feature",
      "properties": {
        "weight": 1.0,
        "id": 4486519842,
        "hasDetails": true,
        "name": "Chucher\u00eda El Chicle",
        "amenity": "bar",
        "address": "Bilbao"
      },
      "geometry": {
        "type": "Point",
        "coordinates": [
          -2.8966683,
          43.2607215
        ]
      }
    },
    {
      "type": "Feature",
      "properties": {
        "weight": 1.0,
        "id": 4744908723,
        "hasDetails": true,
        "name": "King",
        "amenity": "fast_food",
        "cuisine": "kebab",
        "outdoor_seating": "no"
      },
      "geometry": {
        "type": "Point",
        "coordinates": [
          -2.9283365,
          43.260722
        ]
      }
    },
    {
      "type": "Feature",
      "properties": {
        "weight": 1.0
      },
      "geometry": {
        "type": "Point",
        "coordinates": [
          -2.9287272,
          43.2607331
        ]
      }
    },
    {
      "type": "Feature",
      "properties": {
        "weight": 1.0,
        "id": 629554207,
        "hasDetails": true,
        "name": "Sela",
        "amenity": "pub",
        "address": "Simon Bolivar kalea 27, Bilbao"
      },
      "geometry": {
        "type": "Point",
        "coordinates": [
          -2.9454603,
          43.2607332
        ]
      }
    },
    {
      "type": "Feature",
      "properties": {
        "weight": 1.0,
        "id": 4745089989,
        "hasDetails": true,
        "name": "Urrestarazu",
        "amenity": "restaurant",
        "website": "http://ww16.urrestarazu.net/?sub1=20230922-0554-58be-9600-189ab171d0c8",
        "outdoor_seating": "yes"
      },
      "geometry": {
        "type": "Point",
        "coordinates": [
          -2.9301902,
          43.260738
        ]
      }
    },
    {
      "type": "Feature",
      "properties": {
        "weight": 1.0
      },
      "geometry": {
        "type": "Point",
        "coordinates": [
          -2.9222274,
          43.2607558
        ]
      }
    },
    {
      "type": "Feature",
      "properties": {
        "weight": 1.0
      },
      "geometry": {
        "type": "Point",
        "coordinates": [
          -2.9226582,
          43.2607601
        ]
      }
    },
    {
      "type": "Feature",
      "properties": {
        "weight": 1.0
      },
      "geometry": {
        "type": "Point",
        "coordinates": [
          -2.9375524,
          43.2607696
        ]
      }
    },
    {
      "type": "Feature",
      "properties": {
        "weight": 1.0,
        "id": 496205893,
        "hasDetails": true,
        "name": "La Parada de Bilbao",
        "amenity": "cafe",
        "outdoor_seating": "yes"
      },
      "geometry": {
        "type": "Point",
        "coordinates": [
          -2.9276474,
          43.2607759
        ]
      }
    },
    {
      "type": "Feature",
      "properties": {
        "weight": 1.0
      },
      "geometry": {
        "type": "Point",
        "coordinates": [
          -2.9448605,
          43.2607917
        ]
      }
    },
    {
      "type": "Feature",
      "properties": {
        "weight": 1.0,
        "id": 4723870066,
        "hasDetails": true,
        "name": "La Tagliatella",
        "amenity": "restaurant",
        "cuisine": "italian",
        "address": "Gardoki kardenalaren kalea 3, Bilbao",
        "website": "https://www.latagliatella.es/"
      },
      "geometry": {
        "type": "Point",
        "coordinates": [
          -2.9308683,
          43.2608057
        ]
      }
    },
    {
      "type": "Feature",
      "properties": {
        "weight": 1.0
      },
      "geometry": {
        "type": "Point",
        "coordinates": [
          -2.9345898,
          43.2608124
        ]
      }
    },
    {
      "type": "Feature",
      "properties": {
        "weight": 1.0
      },
      "geometry": {
        "type": "Point",
        "coordinates": [
          -2.9391418,
          43.2608137
        ]
      }
    },
    {
      "type": "Feature",
      "properties": {
        "weight": 1.0
      },
      "geometry": {
        "type": "Point",
        "coordinates": [
          -2.8967677,
          43.2608192
        ]
      }
    },
    {
      "type": "Feature",
      "properties": {
        "weight": 1.0,
        "id": 5936608285,
        "hasDetails": true,
        "name": "Fugu",
        "amenity": "restaurant",
        "cuisine": "japanese",
        "address": "Poza lizentziatuaren kalea 8"
      },
      "geometry": {
        "type": "Point",
        "coordinates": [
          -2.9347239,
          43.2608238
        ]
      }
    },
    {
      "type": "Feature",
      "properties": {
        "weight": 1.0,
        "id": 496205896,
        "hasDetails": true,
        "name": "Burger King",
        "amenity": "fast_food",
        "cuisine": "burger"
      },
      "geometry": {
        "type": "Point",
        "coordinates": [
          -2.9272608,
          43.2608457
        ]
      }
    },
    {
      "type": "Feature",
      "properties": {
        "weight": 1.0,
        "id": 4745089984,
        "hasDetails": true,
        "name": "Marisquer\u00eda Mao",
        "amenity": "restaurant",
        "cuisine": "seafood",
        "address": "Aiala kantzillerraren kalea, Bilbao",
        "outdoor_seating": "yes"
      },
      "geometry": {
        "type": "Point",
        "coordinates": [
          -2.9294509,
          43.2608485
        ]
      }
    },
    {
      "type": "Feature",
      "properties": {
        "weight": 1.0
      },
      "geometry": {
        "type": "Point",
        "coordinates": [
          -2.9224336,
          43.2608487
        ]
      }
    },
    {
      "type": "Feature",
      "properties": {
        "weight": 1.0
      },
      "geometry": {
        "type": "Point",
        "coordinates": [
          -2.9461016,
          43.26086
        ]
      }
    },
    {
      "type": "Feature",
      "properties": {
        "weight": 1.0,
        "id": 4723870071,
        "hasDetails": true,
        "name": "Kirol Bar Restaurante",
        "amenity": "restaurant",
        "website": "https://www.restaurantekirol.com/"
      },
      "geometry": {
        "type": "Point",
        "coordinates": [
          -2.9317243,
          43.260871
        ]
      }
    },
    {
      "type": "Feature",
      "properties": {
        "weight": 1.0,
        "id": 5056377091,
        "hasDetails": true,
        "name": "Code Bilbao",
        "amenity": "restaurant",
        "address": "Juan Antonio Zunzunegui etorbidea 7, Bilbao",
        "website": "https://codebilbao.es"
      },
      "geometry": {
        "type": "Point",
        "coordinates": [
          -2.9480754,
          43.2608811
        ]
      }
    },
    {
      "type": "Feature",
      "properties": {
        "weight": 1.0,
        "id": 4486519846,
        "hasDetails": true,
        "amenity": "bar",
        "address": "Bilbao"
      },
      "geometry": {
        "type": "Point",
        "coordinates": [
          -2.8968409,
          43.2608932
        ]
      }
    },
    {
      "type": "Feature",
      "properties": {
        "weight": 1.0
      },
      "geometry": {
        "type": "Point",
        "coordinates": [
          -2.9424341,
          43.2609168
        ]
      }
    },
    {
      "type": "Feature",
      "properties": {
        "weight": 1.0,
        "id": 11148382040,
        "hasDetails": true,
        "name": "\u00d1am",
        "amenity": "restaurant",
        "outdoor_seating": "yes"
      },
      "geometry": {
        "type": "Point",
        "coordinates": [
          -2.9498282,
          43.2609482
        ]
      }
    },
    {
      "type": "Feature",
      "properties": {
        "weight": 1.0
      },
      "geometry": {
        "type": "Point",
        "coordinates": [
          -2.948536,
          43.260955
        ]
      }
    },
    {
      "type": "Feature",
      "properties": {
        "weight": 1.0
      },
      "geometry": {
        "type": "Point",
        "coordinates": [
          -2.9353477,
          43.260958
        ]
      }
    },
    {
      "type": "Feature",
      "properties": {
        "weight": 1.0,
        "id": 5602670168,
        "hasDetails": true,
        "name": "Starbucks",
        "amenity": "cafe",
        "cuisine": "coffee_shop",
        "website": "https://www.starbucks.co.uk/store-locator/53273-284626/c.-navarra"
      },
      "geometry": {
        "type": "Point",
        "coordinates": [
          -2.9262821,
          43.2609713
        ]
      }
    },
    {
      "type": "Feature",
      "properties": {
        "weight": 1.0
      },
      "geometry": {
        "type": "Point",
        "coordinates": [
          -2.9351331,
          43.2610166
        ]
      }
    },
    {
      "type": "Feature",
      "properties": {
        "weight": 1.0
      },
      "geometry": {
        "type": "Point",
        "coordinates": [
          -2.9343397,
          43.2610275
        ]
      }
    },
    {
      "type": "Feature",
      "properties": {
        "weight": 1.0
      },
      "geometry": {
        "type": "Point",
        "coordinates": [
          -2.9484811,
          43.2610699
        ]
      }
    },
    {
      "type": "Feature",
      "properties": {
        "weight": 1.0,
        "id": 5056383458,
        "hasDetails": true,
        "name": "Muelle",
        "amenity": "bar",
        "address": "Erripa kalea 3, Bilbao",
        "website": "https://www.barmuelle.com/"
      },
      "geometry": {
        "type": "Point",
        "coordinates": [
          -2.9251813,
          43.2610833
        ]
      }
    },
    {
      "type": "Feature",
      "properties": {
        "weight": 1.0
      },
      "geometry": {
        "type": "Point",
        "coordinates": [
          -2.9497807,
          43.2610869
        ]
      }
    },
    {
      "type": "Feature",
      "properties": {
        "weight": 1.0,
        "id": 3754726585,
        "hasDetails": true,
        "name": "The Dreams",
        "amenity": "cafe",
        "website": "http://www.thedreamscafe.com/"
      },
      "geometry": {
        "type": "Point",
        "coordinates": [
          -2.9302474,
          43.2610964
        ]
      }
    },
    {
      "type": "Feature",
      "properties": {
        "weight": 1.0
      },
      "geometry": {
        "type": "Point",
        "coordinates": [
          -2.9350876,
          43.2611136
        ]
      }
    },
    {
      "type": "Feature",
      "properties": {
        "weight": 1.0,
        "id": 6032575485,
        "hasDetails": true,
        "name": "Bocadero",
        "amenity": "restaurant",
        "address": "Gardoki kardenalaren kalea 6",
        "names": [
          "Bocadero",
          "Panda"
        ]
      },
      "geometry": {
        "type": "Point",
        "coordinates": [
          -2.9312332,
          43.2611244
        ]
      }
    },
    {
      "type": "Feature",
      "properties": {
        "weight": 1.0,
        "id": 12699454037,
        "hasDetails": true,
        "name": "Nalu Pok\u00e9",
        "amenity": "fast_food",
        "cuisine": "poke",
        "address": "Poza lizentziatuaren kalea 10"
      },
      "geometry": {
        "type": "Point",
        "coordinates": [
          -2.9361853,
          43.2611371
        ]
      }
    },
    {
      "type": "Feature",
      "properties": {
        "weight": 1.0
      },
      "geometry": {
        "type": "Point",
        "coordinates": [
          -2.9393001,
          43.2611428
        ]
      }
    },
    {
      "type": "Feature",
      "properties": {
        "weight": 1.0,
        "id": 4737826342,
        "hasDetails": true,
        "name": "De Santa Rosal\u00eda",
        "amenity": "fast_food",
        "address": "Diputazio kalea 8, Bilbao",
        "website": "http://gourmetdesantarosalia.com/",
        "outdoor_seating": "no",
        "names": [
          "De Santa Rosal\u00eda",
          "Ginos"
        ],
        "amenities": [
          "fast_food",
          "restaurant"
        ]
      },
      "geometry": {
        "type": "Point",
        "coordinates": [
          -2.9342702,
          43.261163
        ]
      }
    },
    {
      "type": "Feature",
      "properties": {
        "weight": 1.0,
        "id": 4679833910,
        "hasDetails": true,
        "name": "Bertiz",
        "amenity": "cafe",
        "address": "Sabino Arana etorbidea 31, Bilbao"
      },
      "geometry": {
        "type": "Point",
        "coordinates": [
          -2.9465369,
          43.2611872
        ]
      }
    },
    {
      "type": "Feature",
      "properties": {
        "weight": 1.0,
        "id": 560571308,
        "hasDetails": true,
        "name": "Restaurante Merikitchen",
        "amenity": "restaurant",
        "cuisine": "pizza;snackbar",
        "address": "Adiskidetasun kalea 3",
        "opening_hours": "09:30-23:30",
        "names": [
          "Restaurante Merikitchen",
          "Lar"
        ]
      },
      "geometry": {
        "type": "Point",
        "coordinates": [
          -2.9259275,
          43.2611974
        ]
      }
    },
    {
      "type": "Feature",
      "properties": {
        "weight": 1.0,
        "id": 560571300,
        "hasDetails": true,
        "name": "BilboBeer",
        "amenity": "pub",
        "address": "Adiskidetasun kalea 4, Bilbao",
        "website": "https://bilbobeer.com/",
        "names": [
          "BilboBeer",
          "Gastrobar"
        ],
        "amenities": [
          "pub",
          "restaurant"
        ]
      },
      "geometry": {
        "type": "Point",
        "coordinates": [
          -2.9256045,
          43.2612043
        ]
      }
    },
    {
      "type": "Feature",
      "properties": {
        "weight": 1.0,
        "id": 560565214,
        "hasDetails": true,
        "name": "La Casa del Ib\u00e9rico",
        "amenity": "bar",
        "cuisine": "sandwich"
      },
      "geometry": {
        "type": "Point",
        "coordinates": [
          -2.92674,
          43.2612047
        ]
      }
    },
    {
      "type": "Feature",
      "properties": {
        "weight": 1.0,
        "id": 4737826354,
        "hasDetails": true,
        "name": "Azzurro",
        "amenity": "pub",
        "website": "http://www.pubazzurro.com/"
      },
      "geometry": {
        "type": "Point",
        "coordinates": [
          -2.9347722,
          43.2612113
        ]
      }
    },
    {
      "type": "Feature",
      "properties": {
        "weight": 1.0,
        "id": 5020930420,
        "hasDetails": true,
        "name": "Mina",
        "amenity": "restaurant",
        "cuisine": "fine_dining;regional",
        "address": "Ercilla kalea 37",
        "website": "https://www.restaurantemina.es/",
        "wikidata": "Q21571751"
      },
      "geometry": {
        "type": "Point",
        "coordinates": [
          -2.9385086,
          43.2612387
        ]
      }
    },
    {
      "type": "Feature",
      "properties": {
        "weight": 1.0,
        "id": 3187686941,
        "hasDetails": true,
        "name": "Mikel",
        "amenity": "bar",
        "address": "Bilbao"
      },
      "geometry": {
        "type": "Point",
        "coordinates": [
          -2.9475485,
          43.2612511
        ]
      }
    },
    {
      "type": "Feature",
      "properties": {
        "weight": 1.0
      },
      "geometry": {
        "type": "Point",
        "coordinates": [
          -2.9358637,
          43.2612634
        ]
      }
    },
    {
      "type": "Feature",
      "properties": {
        "weight": 1.0,
        "id": 13565061399,
        "hasDetails": true,
        "name": "Santagloria Coffe & Bakery",
        "amenity": "cafe",
        "cuisine": "cake;coffee_shop;sandwich"
      },
      "geometry": {
        "type": "Point",
        "coordinates": [
          -2.9498095,
          43.2612672
        ]
      }
    },
    {
      "type": "Feature",
      "properties": {
        "weight": 1.0,
        "id": 4759663129,
        "hasDetails": true,
        "name": "Llaollao",
        "amenity": "ice_cream",
        "cuisine": "frozen_yogurt"
      },
      "geometry": {
        "type": "Point",
        "coordinates": [
          -2.9411673,
          43.2612792
        ]
      }
    },
    {
      "type": "Feature",
      "properties": {
        "weight": 1.0,
        "id": 2937522596,
        "hasDetails": true,
        "name": "Lepanto",
        "amenity": "restaurant",
        "website": "https://www.lepantobilbao.com"
      },
      "geometry": {
        "type": "Point",
        "coordinates": [
          -2.9337526,
          43.2612852
        ]
      }
    },
    {
      "type": "Feature",
      "properties": {
        "weight": 1.0
      },
      "geometry": {
        "type": "Point",
        "coordinates": [
          -2.9368705,
          43.2612871
        ]
      }
    },
    {
      "type": "Feature",
      "properties": {
        "weight": 1.0
      },
      "geometry": {
        "type": "Point",
        "coordinates": [
          -2.9223667,
          43.2612933
        ]
      }
    },
    {
      "type": "Feature",
      "properties": {
        "weight": 1.0
      },
      "geometry": {
        "type": "Point",
        "coordinates": [
          -2.9329822,
          43.2613024
        ]
      }
    },
    {
      "type": "Feature",
      "properties": {
        "weight": 1.0
      },
      "geometry": {
        "type": "Point",
        "coordinates": [
          -2.9400607,
          43.2613277
        ]
      }
    },
    {
      "type": "Feature",
      "properties": {
        "weight": 1.0,
        "id": 9373410718,
        "hasDetails": true,
        "name": "Five Guys",
        "amenity": "fast_food",
        "cuisine": "burger",
        "address": "Plaza Biribila 5"
      },
      "geometry": {
        "type": "Point",
        "coordinates": [
          -2.9267326,
          43.2613338
        ]
      }
    },
    {
      "type": "Feature",
      "properties": {
        "weight": 1.0
      },
      "geometry": {
        "type": "Point",
        "coordinates": [
          -2.9350018,
          43.2613367
        ]
      }
    },
    {
      "type": "Feature",
      "properties": {
        "weight": 1.0
      },
      "geometry": {
        "type": "Point",
        "coordinates": [
          -2.9156041,
          43.2613427
        ]
      }
    },
    {
      "type": "Feature",
      "properties": {
        "weight": 1.0
      },
      "geometry": {
        "type": "Point",
        "coordinates": [
          -2.9415459,
          43.2613607
        ]
      }
    },
    {
      "type": "Feature",
      "properties": {
        "weight": 1.0,
        "id": 4758008134,
        "hasDetails": true,
        "name": "Lula",
        "amenity": "restaurant",
        "cuisine": "mexican"
      },
      "geometry": {
        "type": "Point",
        "coordinates": [
          -2.9380504,
          43.2613653
        ]
      }
    },
    {
      "type": "Feature",
      "properties": {
        "weight": 1.0
      },
      "geometry": {
        "type": "Point",
        "coordinates": [
          -2.9252281,
          43.2613701
        ]
      }
    },
    {
      "type": "Feature",
      "properties": {
        "weight": 1.0,
        "id": 560571305,
        "hasDetails": true,
        "name": "Kubrick",
        "amenity": "restaurant",
        "website": "https://kubrickbilbao.es/"
      },
      "geometry": {
        "type": "Point",
        "coordinates": [
          -2.9249397,
          43.2613866
        ]
      }
    },
    {
      "type": "Feature",
      "properties": {
        "weight": 1.0
      },
      "geometry": {
        "type": "Point",
        "coordinates": [
          -2.9417431,
          43.2613893
        ]
      }
    },
    {
      "type": "Feature",
      "properties": {
        "weight": 1.0
      },
      "geometry": {
        "type": "Point",
        "coordinates": [
          -2.9404209,
          43.2613921
        ]
      }
    },
    {
      "type": "Feature",
      "properties": {
        "weight": 1.0,
        "id": 5056357754,
        "hasDetails": true,
        "name": "Euskadi Kebab Express",
        "amenity": "fast_food",
        "address": "Epaltzaren alargunaren kalea 8, Bilbao"
      },
      "geometry": {
        "type": "Point",
        "coordinates": [
          -2.922835,
          43.2614094
        ]
      }
    },
    {
      "type": "Feature",
      "properties": {
        "weight": 1.0
      },
      "geometry": {
        "type": "Point",
        "coordinates": [
          -2.9375088,
          43.2614344
        ]
      }
    },
    {
      "type": "Feature",
      "properties": {
        "weight": 1.0
      },
      "geometry": {
        "type": "Point",
        "coordinates": [
          -2.9419403,
          43.2614352
        ]
      }
    },
    {
      "type": "Feature",
      "properties": {
        "weight": 1.0
      },
      "geometry": {
        "type": "Point",
        "coordinates": [
          -2.9346922,
          43.2614353
        ]
      }
    },
    {
      "type": "Feature",
      "properties": {
        "weight": 1.0,
        "id": 3101380114,
        "hasDetails": true,
        "name": "Claudio",
        "amenity": "pub",
        "cuisine": "spanish",
        "address": "Itxaropen kalea 19",
        "website": "https://www.claudiojamones.com/",
        "opening_hours": "Mo-Fr 10:00-13:30, 17:00-21:00; Sa 10:00-14:00"
      },
      "geometry": {
        "type": "Point",
        "coordinates": [
          -2.9225606,
          43.2614421
        ]
      }
    },
    {
      "type": "Feature",
      "properties": {
        "weight": 1.0,
        "id": 4759830566,
        "hasDetails": true,
        "name": "Gaztandegi",
        "amenity": "pub",
        "website": "https://gaztandegibilbao.com/"
      },
      "geometry": {
        "type": "Point",
        "coordinates": [
          -2.9407618,
          43.2614679
        ]
      }
    },
    {
      "type": "Feature",
      "properties": {
        "weight": 1.0
      },
      "geometry": {
        "type": "Point",
        "coordinates": [
          -2.9250666,
          43.2614713
        ]
      }
    },
    {
      "type": "Feature",
      "properties": {
        "weight": 1.0,
        "id": 12408929256,
        "hasDetails": true,
        "name": "Aita Sushi & Poke House",
        "amenity": "restaurant",
        "cuisine": "sushi",
        "names": [
          "Aita Sushi & Poke House",
          "La Camelia"
        ]
      },
      "geometry": {
        "type": "Point",
        "coordinates": [
          -2.9253841,
          43.2614944
        ]
      }
    },
    {
      "type": "Feature",
      "properties": {
        "weight": 1.0
      },
      "geometry": {
        "type": "Point",
        "coordinates": [
          -2.9265878,
          43.2615138
        ]
      }
    },
    {
      "type": "Feature",
      "properties": {
        "weight": 1.0,
        "id": 3587638857,
        "hasDetails": true,
        "name": "Indautxuko Batzokia",
        "amenity": "restaurant",
        "cuisine": "regional",
        "website": "https://www.batzokideindautxu.es/"
      },
      "geometry": {
        "type": "Point",
        "coordinates": [
          -2.9411727,
          43.2615572
        ]
      }
    },
    {
      "type": "Feature",
      "properties": {
        "weight": 1.0,
        "id": 2689611788,
        "hasDetails": true,
        "name": "Taco Bell",
        "amenity": "fast_food",
        "cuisine": "tex-mex",
        "names": [
          "Taco Bell",
          "Old India"
        ],
        "amenities": [
          "fast_food",
          "restaurant"
        ]
      },
      "geometry": {
        "type": "Point",
        "coordinates": [
          -2.9264775,
          43.2615733
        ]
      }
    },
    {
      "type": "Feature",
      "properties": {
        "weight": 1.0
      },
      "geometry": {
        "type": "Point",
        "coordinates": [
          -2.93906,
          43.2615924
        ]
      }
    },
    {
      "type": "Feature",
      "properties": {
        "weight": 1.0,
        "id": 3213180756,
        "hasDetails": true,
        "name": "La Olla",
        "amenity": "bar",
        "cuisine": "spanish;tapas",
        "address": "Diputazio kalea 12",
        "website": "https://barlaolla.com",
        "opening_hours": "Mo-Th 07:00-23:00; Fr 07:00-00:00; Sa 09:00-00:00; Su 11:00-23:00",
        "names": [
          "La Olla",
          "La Vi\u00f1a del Ensanche"
        ]
      },
      "geometry": {
        "type": "Point",
        "coordinates": [
          -2.9327645,
          43.2615957
        ]
      }
    },
    {
      "type": "Feature",
      "properties": {
        "weight": 1.0
      },
      "geometry": {
        "type": "Point",
        "coordinates": [
          -2.9150466,
          43.2616124
        ]
      }
    },
    {
      "type": "Feature",
      "properties": {
        "weight": 1.0,
        "id": 4714948283,
        "hasDetails": true,
        "name": "Mumbojumbo",
        "amenity": "bar",
        "address": "Erripa kalea 5, Bilbao"
      },
      "geometry": {
        "type": "Point",
        "coordinates": [
          -2.9248049,
          43.2616174
        ]
      }
    },
    {
      "type": "Feature",
      "properties": {
        "weight": 1.0,
        "id": 3187686947,
        "hasDetails": true,
        "name": "Raterpe",
        "amenity": "pub",
        "address": "Bilbao"
      },
      "geometry": {
        "type": "Point",
        "coordinates": [
          -2.9479151,
          43.2616561
        ]
      }
    },
    {
      "type": "Feature",
      "properties": {
        "weight": 1.0
      },
      "geometry": {
        "type": "Point",
        "coordinates": [
          -2.9429705,
          43.2616631
        ]
      }
    },
    {
      "type": "Feature",
      "properties": {
        "weight": 1.0
      },
      "geometry": {
        "type": "Point",
        "coordinates": [
          -2.9252764,
          43.2616749
        ]
      }
    },
    {
      "type": "Feature",
      "properties": {
        "weight": 1.0
      },
      "geometry": {
        "type": "Point",
        "coordinates": [
          -2.9402213,
          43.2616757
        ]
      }
    },
    {
      "type": "Feature",
      "properties": {
        "weight": 1.0,
        "id": 3587630333,
        "hasDetails": true,
        "name": "Joserra",
        "amenity": "bar",
        "address": "Indautxu kalea, Bilbao"
      },
      "geometry": {
        "type": "Point",
        "coordinates": [
          -2.9408935,
          43.2616823
        ]
      }
    },
    {
      "type": "Feature",
      "properties": {
        "weight": 1.0
      },
      "geometry": {
        "type": "Point",
        "coordinates": [
          -2.9394921,
          43.2616863
        ]
      }
    },
    {
      "type": "Feature",
      "properties": {
        "weight": 1.0
      },
      "geometry": {
        "type": "Point",
        "coordinates": [
          -2.9396153,
          43.2617093
        ]
      }
    },
    {
      "type": "Feature",
      "properties": {
        "weight": 1.0
      },
      "geometry": {
        "type": "Point",
        "coordinates": [
          -2.9410693,
          43.2617132
        ]
      }
    },
    {
      "type": "Feature",
      "properties": {
        "weight": 1.0,
        "id": 12187962004,
        "hasDetails": true,
        "name": "llaollao.",
        "amenity": "ice_cream",
        "cuisine": "frozen_yogurt",
        "website": "https://www.llaollaoweb.com/es/tienda/bilbao-ercilla-29/",
        "outdoor_seating": "no"
      },
      "geometry": {
        "type": "Point",
        "coordinates": [
          -2.9375151,
          43.261714
        ]
      }
    },
    {
      "type": "Feature",
      "properties": {
        "weight": 1.0,
        "id": 2743342081,
        "hasDetails": true,
        "name": "Burger King",
        "amenity": "fast_food",
        "cuisine": "burger",
        "address": "Bilbao"
      },
      "geometry": {
        "type": "Point",
        "coordinates": [
          -2.9481602,
          43.2617579
        ]
      }
    },
    {
      "type": "Feature",
      "properties": {
        "weight": 1.0
      },
      "geometry": {
        "type": "Point",
        "coordinates": [
          -2.9412986,
          43.26176
        ]
      }
    },
    {
      "type": "Feature",
      "properties": {
        "weight": 1.0,
        "id": 4759442286,
        "hasDetails": true,
        "name": "G\u00fcrekoffee",
        "amenity": "cafe",
        "cuisine": "coffee_shop"
      },
      "geometry": {
        "type": "Point",
        "coordinates": [
          -2.9389689,
          43.2617608
        ]
      }
    },
    {
      "type": "Feature",
      "properties": {
        "weight": 1.0,
        "id": 4714910714,
        "hasDetails": true,
        "name": "La Barmacia",
        "amenity": "bar",
        "outdoor_seating": "yes"
      },
      "geometry": {
        "type": "Point",
        "coordinates": [
          -2.925702,
          43.2617674
        ]
      }
    },
    {
      "type": "Feature",
      "properties": {
        "weight": 1.0
      },
      "geometry": {
        "type": "Point",
        "coordinates": [
          -2.9284877,
          43.261772
        ]
      }
    },
    {
      "type": "Feature",
      "properties": {
        "weight": 1.0,
        "id": 4763778394,
        "hasDetails": true,
        "name": "Covent Garden",
        "amenity": "pub",
        "opening_hours": "Mo-We 08:30-23:30; Th 08:30-25:00; Fr 08:30-27:00; Sa 10:00-27:00; Su 11:00-23:30",
        "names": [
          "Covent Garden",
          "Burger King"
        ],
        "amenities": [
          "pub",
          "fast_food"
        ]
      },
      "geometry": {
        "type": "Point",
        "coordinates": [
          -2.9424883,
          43.2617932
        ]
      }
    },
    {
      "type": "Feature",
      "properties": {
        "weight": 1.0
      },
      "geometry": {
        "type": "Point",
        "coordinates": [
          -2.9260794,
          43.2618046
        ]
      }
    },
    {
      "type": "Feature",
      "properties": {
        "weight": 1.0,
        "id": 4763778380,
        "hasDetails": true,
        "name": "Cervecer\u00eda Cruz Blanca",
        "amenity": "restaurant",
        "address": "Urkixo zumarkalea 80, Bilbao"
      },
      "geometry": {
        "type": "Point",
        "coordinates": [
          -2.9436422,
          43.2618101
        ]
      }
    },
    {
      "type": "Feature",
      "properties": {
        "weight": 1.0
      },
      "geometry": {
        "type": "Point",
        "coordinates": [
          -2.9246702,
          43.2618164
        ]
      }
    },
    {
      "type": "Feature",
      "properties": {
        "weight": 1.0
      },
      "geometry": {
        "type": "Point",
        "coordinates": [
          -2.9330648,
          43.2618518
        ]
      }
    },
    {
      "type": "Feature",
      "properties": {
        "weight": 1.0
      },
      "geometry": {
        "type": "Point",
        "coordinates": [
          -2.9064047,
          43.2618566
        ]
      }
    },
    {
      "type": "Feature",
      "properties": {
        "weight": 1.0,
        "id": 3477804200,
        "hasDetails": true,
        "name": "Don Kebap",
        "amenity": "fast_food",
        "cuisine": "kebab",
        "address": "Poza lizentziatuaren kalea"
      },
      "geometry": {
        "type": "Point",
        "coordinates": [
          -2.9402998,
          43.2618618
        ]
      }
    },
    {
      "type": "Feature",
      "properties": {
        "weight": 1.0
      },
      "geometry": {
        "type": "Point",
        "coordinates": [
          -2.938305,
          43.2618662
        ]
      }
    },
    {
      "type": "Feature",
      "properties": {
        "weight": 1.0,
        "id": 4759475518,
        "hasDetails": true,
        "name": "El Puertito",
        "amenity": "restaurant",
        "website": "https://www.elpuertito.es"
      },
      "geometry": {
        "type": "Point",
        "coordinates": [
          -2.9390226,
          43.2618672
        ]
      }
    },
    {
      "type": "Feature",
      "properties": {
        "weight": 1.0,
        "id": 4759422211,
        "hasDetails": true,
        "name": "Las Tortillas de Aitxu",
        "amenity": "restaurant",
        "address": "Poza lizentziatuaren kalea 24",
        "website": "https://lacocinadeaitxu.com",
        "opening_hours": "Mo-Th 09:00-23:00; Fr 09:00-01:00; Sa 10:00-01:00; Su 11:00-23:00",
        "outdoor_seating": "yes"
      },
      "geometry": {
        "type": "Point",
        "coordinates": [
          -2.9394751,
          43.2618705
        ]
      }
    },
    {
      "type": "Feature",
      "properties": {
        "weight": 1.0
      },
      "geometry": {
        "type": "Point",
        "coordinates": [
          -2.9263804,
          43.2618723
        ]
      }
    },
    {
      "type": "Feature",
      "properties": {
        "weight": 1.0
      },
      "geometry": {
        "type": "Point",
        "coordinates": [
          -2.9259623,
          43.2618773
        ]
      }
    },
    {
      "type": "Feature",
      "properties": {
        "weight": 1.0
      },
      "geometry": {
        "type": "Point",
        "coordinates": [
          -2.9404267,
          43.2618862
        ]
      }
    },
    {
      "type": "Feature",
      "properties": {
        "weight": 1.0
      },
      "geometry": {
        "type": "Point",
        "coordinates": [
          -2.9396584,
          43.2619096
        ]
      }
    },
    {
      "type": "Feature",
      "properties": {
        "weight": 1.0
      },
      "geometry": {
        "type": "Point",
        "coordinates": [
          -2.926917,
          43.2619109
        ]
      }
    },
    {
      "type": "Feature",
      "properties": {
        "weight": 1.0
      },
      "geometry": {
        "type": "Point",
        "coordinates": [
          -2.9392791,
          43.261918
        ]
      }
    },
    {
      "type": "Feature",
      "properties": {
        "weight": 1.0,
        "id": 4759830609,
        "hasDetails": true,
        "name": "Surfin Tacoa",
        "amenity": "fast_food",
        "cuisine": "mexican",
        "names": [
          "Surfin Tacoa",
          "Bilau"
        ],
        "amenities": [
          "fast_food",
          "pub"
        ]
      },
      "geometry": {
        "type": "Point",
        "coordinates": [
          -2.9406078,
          43.2619225
        ]
      }
    },
    {
      "type": "Feature",
      "properties": {
        "weight": 1.0
      },
      "geometry": {
        "type": "Point",
        "coordinates": [
          -2.9626767,
          43.261924
        ]
      }
    },
    {
      "type": "Feature",
      "properties": {
        "weight": 1.0,
        "id": 4757912338,
        "hasDetails": true,
        "name": "Don Angelo",
        "amenity": "restaurant",
        "website": "https://www.trattoriadonangelo.es/es/",
        "outdoor_seating": "no"
      },
      "geometry": {
        "type": "Point",
        "coordinates": [
          -2.9358877,
          43.2619281
        ]
      }
    },
    {
      "type": "Feature",
      "properties": {
        "weight": 1.0,
        "id": 4311525560,
        "hasDetails": true,
        "name": "Alir\u00f3n",
        "amenity": "pub",
        "address": "Luis Bri\u00f1as kalea, Bilbao"
      },
      "geometry": {
        "type": "Point",
        "coordinates": [
          -2.9481467,
          43.2619332
        ]
      }
    },
    {
      "type": "Feature",
      "properties": {
        "weight": 1.0,
        "id": 3213180754,
        "hasDetails": true,
        "name": "El Globo",
        "amenity": "bar",
        "address": "Diputazio kalea 8, Bilbao",
        "website": "http://www.barelglobo.com/",
        "names": [
          "El Globo",
          "El Embrujo de Bilbao"
        ]
      },
      "geometry": {
        "type": "Point",
        "coordinates": [
          -2.9326563,
          43.2619441
        ]
      }
    },
    {
      "type": "Feature",
      "properties": {
        "weight": 1.0
      },
      "geometry": {
        "type": "Point",
        "coordinates": [
          -2.9271061,
          43.2619453
        ]
      }
    },
    {
      "type": "Feature",
      "properties": {
        "weight": 1.0,
        "id": 3103245172,
        "hasDetails": true,
        "name": "Hator",
        "amenity": "pub",
        "cuisine": "kebab"
      },
      "geometry": {
        "type": "Point",
        "coordinates": [
          -2.9225576,
          43.2619463
        ]
      }
    },
    {
      "type": "Feature",
      "properties": {
        "weight": 1.0,
        "id": 4759422208,
        "hasDetails": true,
        "name": "BAKUN",
        "amenity": "pub",
        "address": "Gregorio de la Revilla zumarkalea 13"
      },
      "geometry": {
        "type": "Point",
        "coordinates": [
          -2.939809,
          43.2619504
        ]
      }
    },
    {
      "type": "Feature",
      "properties": {
        "weight": 1.0
      },
      "geometry": {
        "type": "Point",
        "coordinates": [
          -2.9407432,
          43.261951
        ]
      }
    },
    {
      "type": "Feature",
      "properties": {
        "weight": 1.0
      },
      "geometry": {
        "type": "Point",
        "coordinates": [
          -2.9328422,
          43.2619598
        ]
      }
    },
    {
      "type": "Feature",
      "properties": {
        "weight": 1.0
      },
      "geometry": {
        "type": "Point",
        "coordinates": [
          -2.9622225,
          43.2619805
        ]
      }
    },
    {
      "type": "Feature",
      "properties": {
        "weight": 1.0,
        "id": 4715162019,
        "hasDetails": true,
        "name": "Bassko",
        "amenity": "restaurant",
        "cuisine": "spanish",
        "outdoor_seating": "yes"
      },
      "geometry": {
        "type": "Point",
        "coordinates": [
          -2.9273033,
          43.2619897
        ]
      }
    },
    {
      "type": "Feature",
      "properties": {
        "weight": 1.0
      },
      "geometry": {
        "type": "Point",
        "coordinates": [
          -2.9444689,
          43.2619994
        ]
      }
    },
    {
      "type": "Feature",
      "properties": {
        "weight": 1.0,
        "id": 4759830615,
        "hasDetails": true,
        "name": "El Din\u00e1mico",
        "amenity": "pub",
        "website": "http://www.eldinamicobilbao.com/"
      },
      "geometry": {
        "type": "Point",
        "coordinates": [
          -2.9409758,
          43.2620052
        ]
      }
    },
    {
      "type": "Feature",
      "properties": {
        "weight": 1.0
      },
      "geometry": {
        "type": "Point",
        "coordinates": [
          -2.9385267,
          43.2620097
        ]
      }
    },
    {
      "type": "Feature",
      "properties": {
        "weight": 1.0,
        "id": 4714948600,
        "hasDetails": true,
        "name": "Komil\u00f3n Bilbao",
        "amenity": "ice_cream",
        "address": "Bilbao"
      },
      "geometry": {
        "type": "Point",
        "coordinates": [
          -2.9256357,
          43.2620198
        ]
      }
    },
    {
      "type": "Feature",
      "properties": {
        "weight": 1.0,
        "id": 4535969896,
        "hasDetails": true,
        "name": "Ledesma N\u00b05",
        "amenity": "restaurant",
        "cuisine": "spanish;pinchos",
        "address": "Ledesma kalea 5, Bilbao",
        "website": "http://Ledesma5.com",
        "outdoor_seating": "yes"
      },
      "geometry": {
        "type": "Point",
        "coordinates": [
          -2.9283311,
          43.262026
        ]
      }
    },
    {
      "type": "Feature",
      "properties": {
        "weight": 1.0
      },
      "geometry": {
        "type": "Point",
        "coordinates": [
          -2.9411157,
          43.2620295
        ]
      }
    },
    {
      "type": "Feature",
      "properties": {
        "weight": 1.0,
        "id": 4715162021,
        "hasDetails": true,
        "name": "Nicol\u00e1s",
        "amenity": "restaurant",
        "website": "http://www.restaurantenicolas.net/"
      },
      "geometry": {
        "type": "Point",
        "coordinates": [
          -2.927472,
          43.2620297
        ]
      }
    },
    {
      "type": "Feature",
      "properties": {
        "weight": 1.0,
        "id": 4759475515,
        "hasDetails": true,
        "name": "Asador Indusi",
        "amenity": "restaurant",
        "address": "Garcia Rivero maisuaren kalea 7",
        "website": "https://asadorindusi.com/"
      },
      "geometry": {
        "type": "Point",
        "coordinates": [
          -2.9389463,
          43.2620377
        ]
      }
    },
    {
      "type": "Feature",
      "properties": {
        "weight": 1.0
      },
      "geometry": {
        "type": "Point",
        "coordinates": [
          -2.9225803,
          43.2620383
        ]
      }
    },
    {
      "type": "Feature",
      "properties": {
        "weight": 1.0,
        "id": 4761544253,
        "hasDetails": true,
        "name": "Txirene",
        "amenity": "restaurant",
        "cuisine": "regional",
        "address": "Poza lizentziatuaren kalea 26, Bilbao",
        "website": "https://www.txirene.com/",
        "opening_hours": "Mo-Su 11:30-23:00"
      },
      "geometry": {
        "type": "Point",
        "coordinates": [
          -2.9402815,
          43.2620526
        ]
      }
    },
    {
      "type": "Feature",
      "properties": {
        "weight": 1.0
      },
      "geometry": {
        "type": "Point",
        "coordinates": [
          -2.9284542,
          43.262053
        ]
      }
    },
    {
      "type": "Feature",
      "properties": {
        "weight": 1.0,
        "id": 7197132485,
        "hasDetails": true,
        "name": "Zurekin",
        "amenity": "restaurant",
        "cuisine": "spanish;local",
        "address": "Diputazio kalea 8, Bilbao",
        "website": "https://www.zurekin.es/"
      },
      "geometry": {
        "type": "Point",
        "coordinates": [
          -2.9325915,
          43.2620655
        ]
      }
    },
    {
      "type": "Feature",
      "properties": {
        "weight": 1.0
      },
      "geometry": {
        "type": "Point",
        "coordinates": [
          -2.9413077,
          43.2620702
        ]
      }
    },
    {
      "type": "Feature",
      "properties": {
        "weight": 1.0,
        "id": 6304552385,
        "hasDetails": true,
        "name": "Tegobi Bierhaus",
        "amenity": "pub",
        "address": "Printzipe kalea 3",
        "opening_hours": "Tu,We,Su 18:00-23:45; Th,Fr,Sa 18:00-01:00"
      },
      "geometry": {
        "type": "Point",
        "coordinates": [
          -2.924706,
          43.262071
        ]
      }
    },
    {
      "type": "Feature",
      "properties": {
        "weight": 1.0,
        "id": 13128070131,
        "hasDetails": true,
        "name": "BAUSK",
        "amenity": "restaurant",
        "address": "Garcia Rivero maisuaren kalea 8",
        "website": "https://bausk.es/",
        "opening_hours": "Mo-Sa 12:30-16:30"
      },
      "geometry": {
        "type": "Point",
        "coordinates": [
          -2.939198,
          43.2620785
        ]
      }
    },
    {
      "type": "Feature",
      "properties": {
        "weight": 1.0,
        "id": 4715162023,
        "hasDetails": true,
        "name": "Mo'r O'rless",
        "amenity": "bar",
        "address": "Ledesma kalea 10, Bilbao"
      },
      "geometry": {
        "type": "Point",
        "coordinates": [
          -2.927655,
          43.2620786
        ]
      }
    },
    {
      "type": "Feature",
      "properties": {
        "weight": 1.0
      },
      "geometry": {
        "type": "Point",
        "coordinates": [
          -2.9264167,
          43.262084
        ]
      }
    },
    {
      "type": "Feature",
      "properties": {
        "weight": 1.0,
        "id": 11331707613,
        "hasDetails": true,
        "name": "Bihotz Zuri Gorria",
        "amenity": "pub",
        "address": "Poza lizentziatuaren kalea 30, Bilbao"
      },
      "geometry": {
        "type": "Point",
        "coordinates": [
          -2.94048,
          43.2620904
        ]
      }
    },
    {
      "type": "Feature",
      "properties": {
        "weight": 1.0
      },
      "geometry": {
        "type": "Point",
        "coordinates": [
          -2.9449762,
          43.2620909
        ]
      }
    },
    {
      "type": "Feature",
      "properties": {
        "weight": 1.0,
        "id": 12881938101,
        "hasDetails": true,
        "name": "Bar La plaza",
        "amenity": "bar",
        "address": "Altamira auzoa 26",
        "opening_hours": "Tu-Su 12:30-00:00"
      },
      "geometry": {
        "type": "Point",
        "coordinates": [
          -2.9630592,
          43.2620916
        ]
      }
    },
    {
      "type": "Feature",
      "properties": {
        "weight": 1.0
      },
      "geometry": {
        "type": "Point",
        "coordinates": [
          -2.8980035,
          43.262094
        ]
      }
    },
    {
      "type": "Feature",
      "properties": {
        "weight": 1.0,
        "id": 4714987937,
        "hasDetails": true,
        "name": "Marimar",
        "amenity": "restaurant",
        "address": "Ledesma kalea 7, Bilbao",
        "names": [
          "Marimar",
          "Artajo"
        ],
        "amenities": [
          "restaurant",
          "bar"
        ]
      },
      "geometry": {
        "type": "Point",
        "coordinates": [
          -2.9286563,
          43.2621118
        ]
      }
    },
    {
      "type": "Feature",
      "properties": {
        "weight": 1.0
      },
      "geometry": {
        "type": "Point",
        "coordinates": [
          -2.9334271,
          43.2621183
        ]
      }
    },
    {
      "type": "Feature",
      "properties": {
        "weight": 1.0
      },
      "geometry": {
        "type": "Point",
        "coordinates": [
          -2.9442798,
          43.262119
        ]
      }
    },
    {
      "type": "Feature",
      "properties": {
        "weight": 1.0
      },
      "geometry": {
        "type": "Point",
        "coordinates": [
          -2.9266821,
          43.2621252
        ]
      }
    },
    {
      "type": "Feature",
      "properties": {
        "weight": 1.0
      },
      "geometry": {
        "type": "Point",
        "coordinates": [
          -2.9355125,
          43.26213
        ]
      }
    },
    {
      "type": "Feature",
      "properties": {
        "weight": 1.0
      },
      "geometry": {
        "type": "Point",
        "coordinates": [
          -2.9416344,
          43.2621372
        ]
      }
    },
    {
      "type": "Feature",
      "properties": {
        "weight": 1.0,
        "id": 4759475513,
        "hasDetails": true,
        "name": "La Fugitiva",
        "amenity": "pub",
        "website": "https://www.lafugitiva.es/"
      },
      "geometry": {
        "type": "Point",
        "coordinates": [
          -2.9388995,
          43.2621475
        ]
      }
    },
    {
      "type": "Feature",
      "properties": {
        "weight": 1.0,
        "id": 4714987938,
        "hasDetails": true,
        "name": "Visenta",
        "amenity": "restaurant",
        "address": "Ledesma kalea, Bilbao",
        "names": [
          "Visenta",
          "Istanbul kebab"
        ],
        "amenities": [
          "restaurant",
          "fast_food"
        ]
      },
      "geometry": {
        "type": "Point",
        "coordinates": [
          -2.9288594,
          43.2621507
        ]
      }
    },
    {
      "type": "Feature",
      "properties": {
        "weight": 1.0
      },
      "geometry": {
        "type": "Point",
        "coordinates": [
          -2.9268343,
          43.2621587
        ]
      }
    },
    {
      "type": "Feature",
      "properties": {
        "weight": 1.0
      },
      "geometry": {
        "type": "Point",
        "coordinates": [
          -2.9418398,
          43.2621588
        ]
      }
    },
    {
      "type": "Feature",
      "properties": {
        "weight": 1.0,
        "id": 4701258409,
        "hasDetails": true,
        "name": "Dupla",
        "amenity": "cafe",
        "website": "https://duplabilbao.com",
        "opening_hours": "Mo-Th 08:30-16:00; Fr-Su 08:30-18:00",
        "outdoor_seating": "yes"
      },
      "geometry": {
        "type": "Point",
        "coordinates": [
          -2.922798,
          43.2621676
        ]
      }
    },
    {
      "type": "Feature",
      "properties": {
        "weight": 1.0,
        "id": 4763778401,
        "hasDetails": true,
        "name": "Casa del Caf\u00e9 & T\u00e9",
        "amenity": "cafe",
        "website": "http://casadelcafeyte.com/"
      },
      "geometry": {
        "type": "Point",
        "coordinates": [
          -2.942325,
          43.2621747
        ]
      }
    },
    {
      "type": "Feature",
      "properties": {
        "weight": 1.0,
        "id": 560577210,
        "hasDetails": true,
        "name": "Old Shanghai",
        "amenity": "restaurant",
        "cuisine": "chinese",
        "address": "Ledesma kalea 10",
        "website": "https://www.oldshanghai.es/",
        "opening_hours": "Mo-Su 13:00-16:00,20:00-24:00"
      },
      "geometry": {
        "type": "Point",
        "coordinates": [
          -2.9281317,
          43.2621785
        ]
      }
    },
    {
      "type": "Feature",
      "properties": {
        "weight": 1.0,
        "id": 11812750042,
        "hasDetails": true,
        "name": "Bar Txemi",
        "amenity": "bar",
        "address": "Altamira auzoa 21, Bilbao",
        "opening_hours": "Mo-Fr 09:00-23:00; Tu off; Sa 11:00-02:00; Su 11:00-23:00"
      },
      "geometry": {
        "type": "Point",
        "coordinates": [
          -2.9624982,
          43.2621795
        ]
      }
    },
    {
      "type": "Feature",
      "properties": {
        "weight": 1.0
      },
      "geometry": {
        "type": "Point",
        "coordinates": [
          -2.9278253,
          43.2621897
        ]
      }
    },
    {
      "type": "Feature",
      "properties": {
        "weight": 1.0,
        "id": 10589315748,
        "hasDetails": true,
        "name": "Totopo",
        "amenity": "fast_food",
        "cuisine": "mexican",
        "opening_hours": "We,Th,Su 13:00-16:00,19:00-22:00; Fr,Sa 13:00-16:00,19:00-23:00"
      },
      "geometry": {
        "type": "Point",
        "coordinates": [
          -2.9454299,
          43.2621911
        ]
      }
    },
    {
      "type": "Feature",
      "properties": {
        "weight": 1.0,
        "id": 5056383469,
        "hasDetails": true,
        "name": "Kanteen",
        "amenity": "cafe",
        "address": "Printzipe kalea 2, Bilbao"
      },
      "geometry": {
        "type": "Point",
        "coordinates": [
          -2.9246017,
          43.2621947
        ]
      }
    },
    {
      "type": "Feature",
      "properties": {
        "weight": 1.0
      },
      "geometry": {
        "type": "Point",
        "coordinates": [
          -2.9158005,
          43.2622237
        ]
      }
    },
    {
      "type": "Feature",
      "properties": {
        "weight": 1.0,
        "id": 4757866767,
        "hasDetails": true,
        "name": "Reims",
        "amenity": "cafe",
        "website": "https://cafeteriareims.multiespaciosweb.com/"
      },
      "geometry": {
        "type": "Point",
        "coordinates": [
          -2.9354724,
          43.2622478
        ]
      }
    },
    {
      "type": "Feature",
      "properties": {
        "weight": 1.0,
        "id": 4715182230,
        "hasDetails": true,
        "name": "Kafetegia Gaztedi Berria",
        "amenity": "restaurant",
        "website": "http://ww25.gaztediberria.com/?subid1=20230922-0519-14f8-b741-c2dedd5cbbed"
      },
      "geometry": {
        "type": "Point",
        "coordinates": [
          -2.926038,
          43.2622557
        ]
      }
    },
    {
      "type": "Feature",
      "properties": {
        "weight": 1.0,
        "id": 12884470505,
        "hasDetails": true,
        "name": "Hamazazpi",
        "amenity": "pub",
        "address": "Luis Bri\u00f1as kalea, Bilbao"
      },
      "geometry": {
        "type": "Point",
        "coordinates": [
          -2.9480154,
          43.2622635
        ]
      }
    },
    {
      "type": "Feature",
      "properties": {
        "weight": 1.0
      },
      "geometry": {
        "type": "Point",
        "coordinates": [
          -2.9388594,
          43.2622662
        ]
      }
    },
    {
      "type": "Feature",
      "properties": {
        "weight": 1.0,
        "id": 560577062,
        "hasDetails": true,
        "name": "FINO",
        "amenity": "restaurant",
        "cuisine": "spanish",
        "address": "Ledesma kalea 12, Bilbao",
        "website": "https://finorestaurant.es",
        "opening_hours": "Su-Th,PH 12:30-16:00,19:00-22:30; Fr-Sa 12:30-23:30",
        "outdoor_seating": "yes"
      },
      "geometry": {
        "type": "Point",
        "coordinates": [
          -2.9285954,
          43.2622764
        ]
      }
    },
    {
      "type": "Feature",
      "properties": {
        "weight": 1.0
      },
      "geometry": {
        "type": "Point",
        "coordinates": [
          -2.9347465,
          43.2622773
        ]
      }
    },
    {
      "type": "Feature",
      "properties": {
        "weight": 1.0,
        "id": 4761544247,
        "hasDetails": true,
        "name": "Poza 40",
        "amenity": "pub",
        "address": "Poza lizentziatuaren kalea 40, Bilbao",
        "names": [
          "Poza 40",
          "Poza 42"
        ]
      },
      "geometry": {
        "type": "Point",
        "coordinates": [
          -2.9412956,
          43.262283
        ]
      }
    },
    {
      "type": "Feature",
      "properties": {
        "weight": 1.0,
        "id": 4759422220,
        "hasDetails": true,
        "name": "Basque Urban Food",
        "amenity": "restaurant",
        "cuisine": "regional",
        "address": "Garcia Rivero maisuaren kalea 6, Bilbao"
      },
      "geometry": {
        "type": "Point",
        "coordinates": [
          -2.9391342,
          43.2622896
        ]
      }
    },
    {
      "type": "Feature",
      "properties": {
        "weight": 1.0,
        "id": 4757596022,
        "hasDetails": true,
        "name": "Mugi",
        "amenity": "pub",
        "address": "Poza lizentziatuaren kalea 55, Bilbao",
        "website": "https://barmugi.com/",
        "opening_hours": "Mo-Su 08:00-24:00"
      },
      "geometry": {
        "type": "Point",
        "coordinates": [
          -2.9423807,
          43.2622909
        ]
      }
    },
    {
      "type": "Feature",
      "properties": {
        "weight": 1.0,
        "id": 4759423935,
        "hasDetails": true,
        "name": "Goizeko Izarra",
        "amenity": "restaurant",
        "cuisine": "regional;steak_house",
        "address": "Gregorio de la Revilla zumarkalea 9",
        "website": "https://goizekoizarra.es"
      },
      "geometry": {
        "type": "Point",
        "coordinates": [
          -2.939685,
          43.2622944
        ]
      }
    },
    {
      "type": "Feature",
      "properties": {
        "weight": 1.0
      },
      "geometry": {
        "type": "Point",
        "coordinates": [
          -2.928722,
          43.2623044
        ]
      }
    },
    {
      "type": "Feature",
      "properties": {
        "weight": 1.0,
        "id": 2326472753,
        "hasDetails": true,
        "name": "La Tagliatella",
        "amenity": "restaurant",
        "cuisine": "italian",
        "website": "https://www.latagliatella.es/"
      },
      "geometry": {
        "type": "Point",
        "coordinates": [
          -2.9425789,
          43.2623236
        ]
      }
    },
    {
      "type": "Feature",
      "properties": {
        "weight": 1.0
      },
      "geometry": {
        "type": "Point",
        "coordinates": [
          -2.9437819,
          43.2623298
        ]
      }
    },
    {
      "type": "Feature",
      "properties": {
        "weight": 1.0
      },
      "geometry": {
        "type": "Point",
        "coordinates": [
          -2.9275457,
          43.2623353
        ]
      }
    },
    {
      "type": "Feature",
      "properties": {
        "weight": 1.0
      },
      "geometry": {
        "type": "Point",
        "coordinates": [
          -2.9289022,
          43.2623359
        ]
      }
    },
    {
      "type": "Feature",
      "properties": {
        "weight": 1.0,
        "id": 14090737201,
        "hasDetails": true,
        "name": "La Biscay Cocktail Room",
        "amenity": "bar",
        "address": "Maria Diaz Haroko kalea 22",
        "names": [
          "La Biscay Cocktail Room",
          "Corto Malt\u00e9s"
        ],
        "amenities": [
          "bar",
          "pub"
        ]
      },
      "geometry": {
        "type": "Point",
        "coordinates": [
          -2.9442217,
          43.2623463
        ]
      }
    },
    {
      "type": "Feature",
      "properties": {
        "weight": 1.0,
        "id": 4761544245,
        "hasDetails": true,
        "name": "El Gordo",
        "amenity": "pub",
        "address": "Poza lizentziatuaren kalea 46, Bilbao"
      },
      "geometry": {
        "type": "Point",
        "coordinates": [
          -2.9415841,
          43.2623476
        ]
      }
    },
    {
      "type": "Feature",
      "properties": {
        "weight": 1.0
      },
      "geometry": {
        "type": "Point",
        "coordinates": [
          -2.9226622,
          43.2623647
        ]
      }
    },
    {
      "type": "Feature",
      "properties": {
        "weight": 1.0,
        "id": 4715100820,
        "hasDetails": true,
        "name": "Las muns",
        "amenity": "fast_food",
        "address": "Ledesma kalea 16, Bilbao"
      },
      "geometry": {
        "type": "Point",
        "coordinates": [
          -2.9290293,
          43.2623696
        ]
      }
    },
    {
      "type": "Feature",
      "properties": {
        "weight": 1.0,
        "id": 4763778404,
        "hasDetails": true,
        "name": "Carl's Jr.",
        "amenity": "fast_food",
        "cuisine": "burger",
        "address": "Poza lizentziatuaren kalea",
        "website": "https://lamafia.es/",
        "opening_hours": "Su-Th 13:00-23:00; Fr,Sa 13:00-23:30"
      },
      "geometry": {
        "type": "Point",
        "coordinates": [
          -2.9428824,
          43.2623729
        ]
      }
    },
    {
      "type": "Feature",
      "properties": {
        "weight": 1.0,
        "id": 2883906001,
        "hasDetails": true,
        "name": "Bilbao Okala Jatetxea",
        "amenity": "restaurant",
        "cuisine": "regional"
      },
      "geometry": {
        "type": "Point",
        "coordinates": [
          -2.9388115,
          43.2623979
        ]
      }
    },
    {
      "type": "Feature",
      "properties": {
        "weight": 1.0,
        "id": 2326504323,
        "hasDetails": true,
        "name": "Ziripot",
        "amenity": "pub",
        "cuisine": "breakfast",
        "website": "https://www.ziripot.es",
        "outdoor_seating": "yes"
      },
      "geometry": {
        "type": "Point",
        "coordinates": [
          -2.9417429,
          43.2623985
        ]
      }
    },
    {
      "type": "Feature",
      "properties": {
        "weight": 1.0,
        "id": 4714948595,
        "hasDetails": true,
        "name": "Kovac",
        "amenity": "cafe",
        "website": "https://www.kafekovac.com/",
        "outdoor_seating": "no"
      },
      "geometry": {
        "type": "Point",
        "coordinates": [
          -2.9250483,
          43.2624124
        ]
      }
    },
    {
      "type": "Feature",
      "properties": {
        "weight": 1.0,
        "id": 11971758569,
        "hasDetails": true,
        "name": "Lasai",
        "amenity": "restaurant",
        "cuisine": "fine_dining;local;regional;spanish",
        "address": "Printzipe kalea 4",
        "website": "https://lasaibilbao.com/"
      },
      "geometry": {
        "type": "Point",
        "coordinates": [
          -2.9247432,
          43.2624178
        ]
      }
    },
    {
      "type": "Feature",
      "properties": {
        "weight": 1.0,
        "id": 5141805532,
        "hasDetails": true,
        "name": "Sukai Ramen",
        "amenity": "restaurant",
        "cuisine": "japanese;ramen",
        "address": "Erripa kalea 24, Bilbao",
        "opening_hours": "Mo-Th 11:30-16:15,19:30-23:15; Fr,Sa 11:30-16:30,19:30-24:00; PH,Su 12:00-16:15,19:30-23:15"
      },
      "geometry": {
        "type": "Point",
        "coordinates": [
          -2.924486,
          43.2624188
        ]
      }
    },
    {
      "type": "Feature",
      "properties": {
        "weight": 1.0,
        "id": 4715100822,
        "hasDetails": true,
        "name": "Sumo",
        "amenity": "restaurant",
        "cuisine": "japanese"
      },
      "geometry": {
        "type": "Point",
        "coordinates": [
          -2.9291679,
          43.2624201
        ]
      }
    },
    {
      "type": "Feature",
      "properties": {
        "weight": 1.0,
        "id": 4764059269,
        "hasDetails": true,
        "name": "Arlequ\u00edn",
        "amenity": "cafe",
        "address": "Bilbao"
      },
      "geometry": {
        "type": "Point",
        "coordinates": [
          -2.9460203,
          43.2624294
        ]
      }
    },
    {
      "type": "Feature",
      "properties": {
        "weight": 1.0
      },
      "geometry": {
        "type": "Point",
        "coordinates": [
          -2.9262632,
          43.2624453
        ]
      }
    },
    {
      "type": "Feature",
      "properties": {
        "weight": 1.0,
        "id": 4759423922,
        "hasDetails": true,
        "name": "Despacho",
        "amenity": "pub",
        "address": "Garcia Rivero maisuaren kalea 4, Bilbao",
        "website": "https://www.bardespacho.com"
      },
      "geometry": {
        "type": "Point",
        "coordinates": [
          -2.9390738,
          43.2624523
        ]
      }
    },
    {
      "type": "Feature",
      "properties": {
        "weight": 1.0,
        "id": 2331086724,
        "hasDetails": true,
        "name": "Iru\u00f1a",
        "amenity": "restaurant",
        "cuisine": "regional",
        "address": "Kolon Larreategi kalea 13, Bilbao",
        "website": "https://www.cafeirunabilbao.net/",
        "opening_hours": "Mo-Th 09:00-23:00; Fr 09:00-00:00; Sa 11:00-00:00; Su 11:00-23:00",
        "wikidata": "Q20859660",
        "outdoor_seating": "yes"
      },
      "geometry": {
        "type": "Point",
        "coordinates": [
          -2.928092,
          43.2624606
        ]
      }
    },
    {
      "type": "Feature",
      "properties": {
        "weight": 1.0,
        "id": 4763778405,
        "hasDetails": true,
        "name": "McDonald's",
        "amenity": "fast_food",
        "cuisine": "burger"
      },
      "geometry": {
        "type": "Point",
        "coordinates": [
          -2.943165,
          43.2624614
        ]
      }
    },
    {
      "type": "Feature",
      "properties": {
        "weight": 1.0
      },
      "geometry": {
        "type": "Point",
        "coordinates": [
          -2.9467528,
          43.2624879
        ]
      }
    },
    {
      "type": "Feature",
      "properties": {
        "weight": 1.0
      },
      "geometry": {
        "type": "Point",
        "coordinates": [
          -2.9417241,
          43.2624914
        ]
      }
    },
    {
      "type": "Feature",
      "properties": {
        "weight": 1.0,
        "id": 629554219,
        "hasDetails": true,
        "name": "Antxi",
        "amenity": "cafe",
        "address": "Bilbao"
      },
      "geometry": {
        "type": "Point",
        "coordinates": [
          -2.9479053,
          43.2624958
        ]
      }
    },
    {
      "type": "Feature",
      "properties": {
        "weight": 1.0,
        "id": 2326534645,
        "hasDetails": true,
        "name": "Gure",
        "amenity": "bar",
        "address": "Ercilla kalea, Bilbao",
        "opening_hours": "Mo-Sa 07:00-20:00",
        "names": [
          "Gure",
          "Oce\u00e1nico",
          "Plant bites"
        ],
        "amenities": [
          "bar",
          "restaurant"
        ]
      },
      "geometry": {
        "type": "Point",
        "coordinates": [
          -2.9363347,
          43.2624985
        ]
      }
    },
    {
      "type": "Feature",
      "properties": {
        "weight": 1.0,
        "id": 4757593925,
        "hasDetails": true,
        "name": "Penguin",
        "amenity": "pub",
        "address": "Gregorio de la Revilla zumarkalea 8",
        "website": "https://penguinbarbilbao.com/",
        "opening_hours": "Tu 12:30-22:00; We-Th 12:30-23:00; Fr-Sa 12:30-00:00; Mo 17:30-22:00; Su 13:00-22:00"
      },
      "geometry": {
        "type": "Point",
        "coordinates": [
          -2.9402433,
          43.2624987
        ]
      }
    },
    {
      "type": "Feature",
      "properties": {
        "weight": 1.0,
        "id": 4757603521,
        "hasDetails": true,
        "name": "Muskitza",
        "amenity": "pub",
        "address": "Poza lizentziatuaren kalea",
        "opening_hours": "Mo-Su 10:00-24:00",
        "outdoor_seating": "yes",
        "names": [
          "Muskitza",
          "Sushi Artist"
        ],
        "amenities": [
          "pub",
          "restaurant"
        ]
      },
      "geometry": {
        "type": "Point",
        "coordinates": [
          -2.9423303,
          43.2624993
        ]
      }
    },
    {
      "type": "Feature",
      "properties": {
        "weight": 1.0,
        "id": 3013318700,
        "hasDetails": true,
        "name": "Bar Altamira - TXUTXI",
        "amenity": "bar",
        "address": "Altamira auzoa 23A, Bilbao",
        "opening_hours": "Mo-Su 11:00-02:00; Tu off"
      },
      "geometry": {
        "type": "Point",
        "coordinates": [
          -2.9635653,
          43.2625011
        ]
      }
    },
    {
      "type": "Feature",
      "properties": {
        "weight": 1.0
      },
      "geometry": {
        "type": "Point",
        "coordinates": [
          -2.9296772,
          43.2625155
        ]
      }
    },
    {
      "type": "Feature",
      "properties": {
        "weight": 1.0,
        "id": 4759475509,
        "hasDetails": true,
        "name": "El Huevo Frito",
        "amenity": "cafe",
        "website": "https://www.elhuevofrito.com/"
      },
      "geometry": {
        "type": "Point",
        "coordinates": [
          -2.9387802,
          43.2625204
        ]
      }
    },
    {
      "type": "Feature",
      "properties": {
        "weight": 1.0,
        "id": 4538333296,
        "hasDetails": true,
        "name": "Pura Brasa",
        "amenity": "restaurant",
        "cuisine": "spanish",
        "address": "Kolon Larreategi kalea 13",
        "website": "https://plazabar.es/"
      },
      "geometry": {
        "type": "Point",
        "coordinates": [
          -2.9283857,
          43.262521
        ]
      }
    },
    {
      "type": "Feature",
      "properties": {
        "weight": 1.0,
        "id": 11013102142,
        "hasDetails": true,
        "name": "Mendo kafetegia",
        "amenity": "cafe",
        "opening_hours": "Mo-Su 10:30-23:00",
        "outdoor_seating": "yes"
      },
      "geometry": {
        "type": "Point",
        "coordinates": [
          -2.9160914,
          43.2625252
        ]
      }
    },
    {
      "type": "Feature",
      "properties": {
        "weight": 1.0,
        "id": 2326472743,
        "hasDetails": true,
        "name": "Taco Bell",
        "amenity": "fast_food",
        "cuisine": "tex-mex",
        "address": "Poza lizentziatuaren kalea 48, Bilbao"
      },
      "geometry": {
        "type": "Point",
        "coordinates": [
          -2.9424775,
          43.2625344
        ]
      }
    },
    {
      "type": "Feature",
      "properties": {
        "weight": 1.0
      },
      "geometry": {
        "type": "Point",
        "coordinates": [
          -2.9313651,
          43.2625428
        ]
      }
    },
    {
      "type": "Feature",
      "properties": {
        "weight": 1.0,
        "id": 4763778407,
        "hasDetails": true,
        "name": "Zarate",
        "amenity": "restaurant",
        "cuisine": "fish;regional;spanish",
        "address": "Poza lizentziatuaren kalea 65",
        "website": "https://zarate.restaurant/",
        "wikidata": "Q21561336"
      },
      "geometry": {
        "type": "Point",
        "coordinates": [
          -2.9435525,
          43.2625632
        ]
      }
    },
    {
      "type": "Feature",
      "properties": {
        "weight": 1.0,
        "id": 2326472759,
        "hasDetails": true,
        "name": "Bierstube by H. Thate",
        "amenity": "pub",
        "address": "Poza lizentziatuaren kalea 50, Bilbao"
      },
      "geometry": {
        "type": "Point",
        "coordinates": [
          -2.9426638,
          43.2625724
        ]
      }
    },
    {
      "type": "Feature",
      "properties": {
        "weight": 1.0,
        "id": 4762096863,
        "hasDetails": true,
        "name": "The Ten Bells",
        "amenity": "restaurant",
        "opening_hours": "Mo-Th 08:00-22:30; Fr 08:00-23:30; Sa 10:00-23:30; Su 10:00-22:30",
        "outdoor_seating": "yes"
      },
      "geometry": {
        "type": "Point",
        "coordinates": [
          -2.9421623,
          43.2625724
        ]
      }
    },
    {
      "type": "Feature",
      "properties": {
        "weight": 1.0,
        "id": 4374637635,
        "hasDetails": true,
        "name": "Copper Delli",
        "amenity": "restaurant",
        "cuisine": "sandwich",
        "address": "Mazarredo zumarkalea 6, Bilbao",
        "website": "https://www.copperdeli.com/",
        "outdoor_seating": "no"
      },
      "geometry": {
        "type": "Point",
        "coordinates": [
          -2.9291455,
          43.2625739
        ]
      }
    },
    {
      "type": "Feature",
      "properties": {
        "weight": 1.0,
        "id": 4757625523,
        "hasDetails": true,
        "name": "Estoril",
        "amenity": "cafe",
        "address": "Emilio Campuzano enparantza",
        "opening_hours": "Mo-Su 08:30-23:00"
      },
      "geometry": {
        "type": "Point",
        "coordinates": [
          -2.9394423,
          43.2625742
        ]
      }
    },
    {
      "type": "Feature",
      "properties": {
        "weight": 1.0,
        "id": 13917224428,
        "hasDetails": true,
        "name": "eltreze",
        "amenity": "cafe",
        "cuisine": "brunch;sandwich;coffee_shop;pastry",
        "address": "Kolon Larreategi kalea 13, Bilbao",
        "website": "https://eltrezebilbao.com/",
        "outdoor_seating": "yes"
      },
      "geometry": {
        "type": "Point",
        "coordinates": [
          -2.9285252,
          43.2625773
        ]
      }
    },
    {
      "type": "Feature",
      "properties": {
        "weight": 1.0
      },
      "geometry": {
        "type": "Point",
        "coordinates": [
          -2.9436786,
          43.2625778
        ]
      }
    },
    {
      "type": "Feature",
      "properties": {
        "weight": 1.0,
        "id": 4724202054,
        "hasDetails": true,
        "name": "El Puertito",
        "amenity": "restaurant",
        "website": "http://grupoelpuertito.es/"
      },
      "geometry": {
        "type": "Point",
        "coordinates": [
          -2.9308858,
          43.2625869
        ]
      }
    },
    {
      "type": "Feature",
      "properties": {
        "weight": 1.0,
        "id": 560541522,
        "hasDetails": true,
        "name": "Caf\u00e9 & T\u00e9 GR Compa\u00f1\u00eda del Tr\u00f3pico",
        "amenity": "cafe",
        "website": "https://cafeyte.es"
      },
      "geometry": {
        "type": "Point",
        "coordinates": [
          -2.9343305,
          43.2625876
        ]
      }
    },
    {
      "type": "Feature",
      "properties": {
        "weight": 1.0
      },
      "geometry": {
        "type": "Point",
        "coordinates": [
          -2.9154674,
          43.2625904
        ]
      }
    },
    {
      "type": "Feature",
      "properties": {
        "weight": 1.0,
        "id": 3264818361,
        "hasDetails": true,
        "name": "Opila",
        "amenity": "cafe",
        "cuisine": "spanish",
        "opening_hours": "PH,Mo-Su 08:00-22:00",
        "outdoor_seating": "yes"
      },
      "geometry": {
        "type": "Point",
        "coordinates": [
          -2.9227272,
          43.2625922
        ]
      }
    },
    {
      "type": "Feature",
      "properties": {
        "weight": 1.0,
        "id": 4715182234,
        "hasDetails": true,
        "name": "King Doner Kebab",
        "amenity": "fast_food",
        "cuisine": "kebab"
      },
      "geometry": {
        "type": "Point",
        "coordinates": [
          -2.9252134,
          43.2625945
        ]
      }
    },
    {
      "type": "Feature",
      "properties": {
        "weight": 1.0
      },
      "geometry": {
        "type": "Point",
        "coordinates": [
          -2.9416797,
          43.2625954
        ]
      }
    },
    {
      "type": "Feature",
      "properties": {
        "weight": 1.0
      },
      "geometry": {
        "type": "Point",
        "coordinates": [
          -2.9365573,
          43.2625964
        ]
      }
    },
    {
      "type": "Feature",
      "properties": {
        "weight": 1.0,
        "id": 14070439766,
        "hasDetails": true,
        "name": "Fratelli",
        "amenity": "restaurant",
        "cuisine": "pizza"
      },
      "geometry": {
        "type": "Point",
        "coordinates": [
          -2.9300007,
          43.2626021
        ]
      }
    },
    {
      "type": "Feature",
      "properties": {
        "weight": 1.0,
        "id": 4758142669,
        "hasDetails": true,
        "name": "East Crema Coffee",
        "amenity": "cafe",
        "cuisine": "coffee_shop",
        "address": "Rodriguez Arias kalea 22",
        "opening_hours": "Mo-Su 08:00-20:00",
        "outdoor_seating": "no"
      },
      "geometry": {
        "type": "Point",
        "coordinates": [
          -2.9379842,
          43.2626092
        ]
      }
    },
    {
      "type": "Feature",
      "properties": {
        "weight": 1.0,
        "id": 3587569700,
        "hasDetails": true,
        "name": "Promenade",
        "amenity": "bar",
        "website": "https://www.promenadebilbao.com/"
      },
      "geometry": {
        "type": "Point",
        "coordinates": [
          -2.9310612,
          43.2626125
        ]
      }
    },
    {
      "type": "Feature",
      "properties": {
        "weight": 1.0,
        "id": 2331086725,
        "hasDetails": true,
        "name": "La Nueva Nicoletta",
        "amenity": "restaurant",
        "cuisine": "italian",
        "website": "http://lanicoletta.es/"
      },
      "geometry": {
        "type": "Point",
        "coordinates": [
          -2.9288651,
          43.2626405
        ]
      }
    },
    {
      "type": "Feature",
      "properties": {
        "weight": 1.0
      },
      "geometry": {
        "type": "Point",
        "coordinates": [
          -2.931311,
          43.2626476
        ]
      }
    },
    {
      "type": "Feature",
      "properties": {
        "weight": 1.0
      },
      "geometry": {
        "type": "Point",
        "coordinates": [
          -2.9459037,
          43.2626791
        ]
      }
    },
    {
      "type": "Feature",
      "properties": {
        "weight": 1.0,
        "id": 629554227,
        "hasDetails": true,
        "name": "La Catedral",
        "amenity": "cafe",
        "website": "https://barlacatedral.com/",
        "opening_hours": "Mo-Th 08:15-23:00; Fr 08:15-24:00; Sa 09:00-24:00; PH closed",
        "outdoor_seating": "yes"
      },
      "geometry": {
        "type": "Point",
        "coordinates": [
          -2.9476425,
          43.2626898
        ]
      }
    },
    {
      "type": "Feature",
      "properties": {
        "weight": 1.0,
        "id": 561292829,
        "hasDetails": true,
        "name": "Bilbao Berria",
        "amenity": "restaurant",
        "cuisine": "international",
        "website": "http://bilbaoberria.es/"
      },
      "geometry": {
        "type": "Point",
        "coordinates": [
          -2.9305192,
          43.2626899
        ]
      }
    },
    {
      "type": "Feature",
      "properties": {
        "weight": 1.0
      },
      "geometry": {
        "type": "Point",
        "coordinates": [
          -2.9290603,
          43.2626968
        ]
      }
    },
    {
      "type": "Feature",
      "properties": {
        "weight": 1.0
      },
      "geometry": {
        "type": "Point",
        "coordinates": [
          -2.929475,
          43.2627621
        ]
      }
    },
    {
      "type": "Feature",
      "properties": {
        "weight": 1.0,
        "id": 561292816,
        "hasDetails": true,
        "name": "Asia chic",
        "amenity": "restaurant",
        "cuisine": "asian",
        "address": "Ledesma kalea 30, Bilbao",
        "website": "https://www.restauranteasiachic.com"
      },
      "geometry": {
        "type": "Point",
        "coordinates": [
          -2.9309044,
          43.2627846
        ]
      }
    },
    {
      "type": "Feature",
      "properties": {
        "weight": 1.0
      },
      "geometry": {
        "type": "Point",
        "coordinates": [
          -2.9389133,
          43.2628066
        ]
      }
    },
    {
      "type": "Feature",
      "properties": {
        "weight": 1.0
      },
      "geometry": {
        "type": "Point",
        "coordinates": [
          -2.9163507,
          43.2628105
        ]
      }
    },
    {
      "type": "Feature",
      "properties": {
        "weight": 1.0,
        "id": 11148811618,
        "hasDetails": true,
        "name": "Aloha Pok\u00e9",
        "amenity": "fast_food",
        "cuisine": "poke",
        "address": "Kolon Larreategi kalea 15",
        "opening_hours": "Mo-Th,Su 12:30-22:00; Fr-Sa 12:30-23:30",
        "outdoor_seating": "no"
      },
      "geometry": {
        "type": "Point",
        "coordinates": [
          -2.929748,
          43.2628403
        ]
      }
    },
    {
      "type": "Feature",
      "properties": {
        "weight": 1.0,
        "id": 4988442430,
        "hasDetails": true,
        "name": "Let's Cereal",
        "amenity": "cafe",
        "address": "Jose Maria Escuza kalea 2, Bilbao"
      },
      "geometry": {
        "type": "Point",
        "coordinates": [
          -2.9450226,
          43.26286
        ]
      }
    },
    {
      "type": "Feature",
      "properties": {
        "weight": 1.0,
        "id": 4701258403,
        "hasDetails": true,
        "name": "S5",
        "amenity": "pub",
        "address": "Bilbao"
      },
      "geometry": {
        "type": "Point",
        "coordinates": [
          -2.9228197,
          43.2628634
        ]
      }
    },
    {
      "type": "Feature",
      "properties": {
        "weight": 1.0,
        "id": 5056378482,
        "hasDetails": true,
        "name": "Restaurante Amaren",
        "amenity": "restaurant",
        "cuisine": "fine_dining;steak_house",
        "address": "Diputazio kalea 6, Bilbao",
        "website": "https://www.restauranteamaren.es/"
      },
      "geometry": {
        "type": "Point",
        "coordinates": [
          -2.9322612,
          43.2628707
        ]
      }
    },
    {
      "type": "Feature",
      "properties": {
        "weight": 1.0,
        "id": 4734574926,
        "hasDetails": true,
        "name": "Lasa",
        "amenity": "restaurant",
        "address": "Diputazio kalea 3, Bilbao",
        "website": "http://restaurantelasa.net/"
      },
      "geometry": {
        "type": "Point",
        "coordinates": [
          -2.9320274,
          43.2628758
        ]
      }
    },
    {
      "type": "Feature",
      "properties": {
        "weight": 1.0,
        "id": 6304552285,
        "hasDetails": true,
        "name": "Basquery",
        "amenity": "pub",
        "address": "Iba\u00f1ez de Bilbao kalea 8",
        "website": "https://www.basquery.com/",
        "opening_hours": "Mo-We 08:30-16:00; Th 08:30-22:00; Fr,Sa 08:30-23:00; Su 09:30-16:00"
      },
      "geometry": {
        "type": "Point",
        "coordinates": [
          -2.9263583,
          43.262895
        ]
      }
    },
    {
      "type": "Feature",
      "properties": {
        "weight": 1.0,
        "id": 4763951451,
        "hasDetails": true,
        "name": "Abad\u00eda del Gin & Tonic",
        "amenity": "pub",
        "website": "http://abadiadelgintonic.es/"
      },
      "geometry": {
        "type": "Point",
        "coordinates": [
          -2.9440765,
          43.2629139
        ]
      }
    },
    {
      "type": "Feature",
      "properties": {
        "weight": 1.0,
        "id": 4721811027,
        "hasDetails": true,
        "name": "Asador Ibanezde Bilbao",
        "amenity": "restaurant",
        "website": "http://www.asadoribanezdebilbao.com/"
      },
      "geometry": {
        "type": "Point",
        "coordinates": [
          -2.9258711,
          43.2629182
        ]
      }
    },
    {
      "type": "Feature",
      "properties": {
        "weight": 1.0,
        "id": 4764059258,
        "hasDetails": true,
        "name": "New York Dinner",
        "amenity": "restaurant",
        "website": "https://www.newyorkdinner.es/"
      },
      "geometry": {
        "type": "Point",
        "coordinates": [
          -2.9452797,
          43.2629271
        ]
      }
    },
    {
      "type": "Feature",
      "properties": {
        "weight": 1.0
      },
      "geometry": {
        "type": "Point",
        "coordinates": [
          -2.9453997,
          43.2629495
        ]
      }
    },
    {
      "type": "Feature",
      "properties": {
        "weight": 1.0
      },
      "geometry": {
        "type": "Point",
        "coordinates": [
          -2.9254768,
          43.2629719
        ]
      }
    },
    {
      "type": "Feature",
      "properties": {
        "weight": 1.0
      },
      "geometry": {
        "type": "Point",
        "coordinates": [
          -2.9293305,
          43.2629785
        ]
      }
    },
    {
      "type": "Feature",
      "properties": {
        "weight": 1.0
      },
      "geometry": {
        "type": "Point",
        "coordinates": [
          -2.9391998,
          43.262987
        ]
      }
    },
    {
      "type": "Feature",
      "properties": {
        "weight": 1.0,
        "id": 4701258401,
        "hasDetails": true,
        "name": "Telepizza",
        "amenity": "fast_food",
        "cuisine": "pizza",
        "address": "Zingira kalea 6",
        "website": "https://telepizza.es/",
        "opening_hours": "13:00-24:00"
      },
      "geometry": {
        "type": "Point",
        "coordinates": [
          -2.9228725,
          43.2629901
        ]
      }
    },
    {
      "type": "Feature",
      "properties": {
        "weight": 1.0,
        "id": 13936435001,
        "hasDetails": true,
        "name": "Wok Familia",
        "amenity": "restaurant",
        "cuisine": "chinese",
        "address": "Kolon Larreategi kalea 8",
        "outdoor_seating": "no"
      },
      "geometry": {
        "type": "Point",
        "coordinates": [
          -2.9295887,
          43.2630035
        ]
      }
    },
    {
      "type": "Feature",
      "properties": {
        "weight": 1.0
      },
      "geometry": {
        "type": "Point",
        "coordinates": [
          -2.9311344,
          43.2630054
        ]
      }
    },
    {
      "type": "Feature",
      "properties": {
        "weight": 1.0
      },
      "geometry": {
        "type": "Point",
        "coordinates": [
          -2.9457334,
          43.2630186
        ]
      }
    },
    {
      "type": "Feature",
      "properties": {
        "weight": 1.0,
        "id": 4763951445,
        "hasDetails": true,
        "name": "El Viejo Zortzi",
        "amenity": "restaurant",
        "address": "Poza lizentziatuaren kalea 54, Bilbao",
        "website": "https://www.viejozortzi.es"
      },
      "geometry": {
        "type": "Point",
        "coordinates": [
          -2.9446734,
          43.2630432
        ]
      }
    },
    {
      "type": "Feature",
      "properties": {
        "weight": 1.0
      },
      "geometry": {
        "type": "Point",
        "coordinates": [
          -2.9409154,
          43.263045
        ]
      }
    },
    {
      "type": "Feature",
      "properties": {
        "weight": 1.0,
        "id": 5249396121,
        "hasDetails": true,
        "name": "Hambueyser\u00eda Amaren",
        "amenity": "fast_food",
        "cuisine": "burger;coffee_shop;tapas",
        "address": "Diputazio kalea 1",
        "website": "https://hambueyseria.com/",
        "opening_hours": "Mo-Fr 08:00-23:00; Sa 09:00-23:00; Su 10:00-23:00",
        "outdoor_seating": "yes"
      },
      "geometry": {
        "type": "Point",
        "coordinates": [
          -2.931966,
          43.263055
        ]
      }
    },
    {
      "type": "Feature",
      "properties": {
        "weight": 1.0,
        "id": 4721811044,
        "hasDetails": true,
        "name": "Cafeteria Restaurante Arana",
        "amenity": "restaurant",
        "website": "http://www.euskalnet.net/aranarest/index.html",
        "names": [
          "Cafeteria Restaurante Arana",
          "Aralar"
        ]
      },
      "geometry": {
        "type": "Point",
        "coordinates": [
          -2.927211,
          43.2630855
        ]
      }
    },
    {
      "type": "Feature",
      "properties": {
        "weight": 1.0,
        "id": 4688348490,
        "hasDetails": true,
        "name": "Nido Bilbao",
        "amenity": "restaurant",
        "cuisine": "spanish",
        "address": "Barroeta Aldamar kalea 3",
        "website": "https://nidobilbao.com/",
        "opening_hours": "Mo-Sa 13:30-16:00, 20:00-23:00"
      },
      "geometry": {
        "type": "Point",
        "coordinates": [
          -2.9260706,
          43.2631066
        ]
      }
    },
    {
      "type": "Feature",
      "properties": {
        "weight": 1.0,
        "id": 4688348491,
        "hasDetails": true,
        "name": "Bascook",
        "amenity": "restaurant",
        "address": "Barroeta Aldamar kalea 8",
        "website": "https://bascook.com/",
        "opening_hours": "Mo-We 13:00-14:30; Th-Sa 13:00-15:30, 20:30-20:45"
      },
      "geometry": {
        "type": "Point",
        "coordinates": [
          -2.9262437,
          43.2631074
        ]
      }
    },
    {
      "type": "Feature",
      "properties": {
        "weight": 1.0,
        "id": 4309491700,
        "hasDetails": true,
        "name": "Cafeter\u00eda Florida Bilbao",
        "amenity": "fast_food",
        "cuisine": "burger",
        "address": "Rodriguez Arias kalea 28, Bilbao",
        "website": "http://www.cafeteriafloridabilbao.es/"
      },
      "geometry": {
        "type": "Point",
        "coordinates": [
          -2.939842,
          43.2631157
        ]
      }
    },
    {
      "type": "Feature",
      "properties": {
        "weight": 1.0,
        "id": 4727461533,
        "hasDetails": true,
        "name": "Asador Guetaria",
        "amenity": "restaurant",
        "cuisine": "regional",
        "address": "Kolon Larreategi kalea 12, Bilbao",
        "website": "https://www.guetaria.com/",
        "opening_hours": "Mo-Su 13:30-15:30, 21:00-23:00; easter off"
      },
      "geometry": {
        "type": "Point",
        "coordinates": [
          -2.9300559,
          43.2631241
        ]
      }
    },
    {
      "type": "Feature",
      "properties": {
        "weight": 1.0
      },
      "geometry": {
        "type": "Point",
        "coordinates": [
          -2.9392821,
          43.2631344
        ]
      }
    },
    {
      "type": "Feature",
      "properties": {
        "weight": 1.0,
        "id": 4761780881,
        "hasDetails": true,
        "name": "Focacceria Molica",
        "amenity": "fast_food",
        "opening_hours": "Mo,Th,Sa 12:30-23:00, Fr,Sa 12:30-24:00"
      },
      "geometry": {
        "type": "Point",
        "coordinates": [
          -2.9400188,
          43.2631523
        ]
      }
    },
    {
      "type": "Feature",
      "properties": {
        "weight": 1.0,
        "id": 4176742178,
        "hasDetails": true,
        "name": "Boss",
        "amenity": "pub",
        "outdoor_seating": "yes"
      },
      "geometry": {
        "type": "Point",
        "coordinates": [
          -2.9419044,
          43.2631629
        ]
      }
    },
    {
      "type": "Feature",
      "properties": {
        "weight": 1.0
      },
      "geometry": {
        "type": "Point",
        "coordinates": [
          -2.9380381,
          43.2631688
        ]
      }
    },
    {
      "type": "Feature",
      "properties": {
        "weight": 1.0
      },
      "geometry": {
        "type": "Point",
        "coordinates": [
          -2.943345,
          43.2631868
        ]
      }
    },
    {
      "type": "Feature",
      "properties": {
        "weight": 1.0,
        "id": 4735968197,
        "hasDetails": true,
        "name": "Margarito",
        "amenity": "restaurant",
        "address": "Portuko Markesaren kalea 4, Bilbao",
        "website": "https://margaritorestaurant.com/",
        "opening_hours": "Su-Th 13:00-16:00, 20:00-23:00; Fr-Sa 13:00-16:00, 20:00-23:30"
      },
      "geometry": {
        "type": "Point",
        "coordinates": [
          -2.9329684,
          43.2631912
        ]
      }
    },
    {
      "type": "Feature",
      "properties": {
        "weight": 1.0,
        "id": 4761780880,
        "hasDetails": true,
        "name": "La Charcu",
        "amenity": "restaurant",
        "website": "https://www.lacharcu.com/",
        "names": [
          "La Charcu",
          "Wicklow"
        ],
        "amenities": [
          "restaurant",
          "pub"
        ]
      },
      "geometry": {
        "type": "Point",
        "coordinates": [
          -2.9401988,
          43.2631952
        ]
      }
    },
    {
      "type": "Feature",
      "properties": {
        "weight": 1.0,
        "id": 3587612511,
        "hasDetails": true,
        "name": "Colombo",
        "amenity": "restaurant",
        "opening_hours": "Mo-Su 13:00-16:00,20:00-23:00"
      },
      "geometry": {
        "type": "Point",
        "coordinates": [
          -2.9404581,
          43.2631961
        ]
      }
    },
    {
      "type": "Feature",
      "properties": {
        "weight": 1.0
      },
      "geometry": {
        "type": "Point",
        "coordinates": [
          -2.9489622,
          43.2632265
        ]
      }
    },
    {
      "type": "Feature",
      "properties": {
        "weight": 1.0
      },
      "geometry": {
        "type": "Point",
        "coordinates": [
          -2.93774,
          43.2632297
        ]
      }
    },
    {
      "type": "Feature",
      "properties": {
        "weight": 1.0
      },
      "geometry": {
        "type": "Point",
        "coordinates": [
          -2.932114,
          43.2632301
        ]
      }
    },
    {
      "type": "Feature",
      "properties": {
        "weight": 1.0,
        "id": 561294783,
        "hasDetails": true,
        "name": "Abando",
        "amenity": "restaurant",
        "address": "Kolon Larreategi kalea 31, Bilbao",
        "website": "http://www.restauranteabando.com"
      },
      "geometry": {
        "type": "Point",
        "coordinates": [
          -2.9316915,
          43.2632763
        ]
      }
    },
    {
      "type": "Feature",
      "properties": {
        "weight": 1.0,
        "id": 6976333622,
        "hasDetails": true,
        "name": "Ohana",
        "amenity": "restaurant",
        "address": "Acebal Idigoras kalea"
      },
      "geometry": {
        "type": "Point",
        "coordinates": [
          -2.9251894,
          43.2633091
        ]
      }
    },
    {
      "type": "Feature",
      "properties": {
        "weight": 1.0,
        "id": 4761780849,
        "hasDetails": true,
        "name": "Piopio",
        "amenity": "fast_food",
        "cuisine": "chicken",
        "website": "https://asadorpiopio.com/",
        "opening_hours": "Mo-Su 10:30-15:30"
      },
      "geometry": {
        "type": "Point",
        "coordinates": [
          -2.9414168,
          43.2633389
        ]
      }
    },
    {
      "type": "Feature",
      "properties": {
        "weight": 1.0,
        "id": 12976817356,
        "hasDetails": true,
        "name": "Gol",
        "amenity": "pub",
        "address": "Sabino Arana etorbidea 6, Bilbao",
        "opening_hours": "Mo-Fr 09:00-21:00"
      },
      "geometry": {
        "type": "Point",
        "coordinates": [
          -2.9463415,
          43.2633431
        ]
      }
    },
    {
      "type": "Feature",
      "properties": {
        "weight": 1.0,
        "id": 4761780871,
        "hasDetails": true,
        "name": "La Revoltosa",
        "amenity": "bar",
        "address": "Bilbao"
      },
      "geometry": {
        "type": "Point",
        "coordinates": [
          -2.9404189,
          43.2633589
        ]
      }
    },
    {
      "type": "Feature",
      "properties": {
        "weight": 1.0,
        "id": 4761780887,
        "hasDetails": true,
        "name": "GildaToki",
        "amenity": "pub",
        "address": "Estrauntza kalea 1, Bilbao",
        "opening_hours": "11:00-22:00"
      },
      "geometry": {
        "type": "Point",
        "coordinates": [
          -2.9397143,
          43.2633715
        ]
      }
    },
    {
      "type": "Feature",
      "properties": {
        "weight": 1.0,
        "id": 4735968211,
        "hasDetails": true,
        "name": "Monteverdi",
        "amenity": "restaurant",
        "address": "Ercilla kalea 21, Bilbao",
        "website": "http://www.restaurantemonteverdi.com/"
      },
      "geometry": {
        "type": "Point",
        "coordinates": [
          -2.9339714,
          43.2633794
        ]
      }
    },
    {
      "type": "Feature",
      "properties": {
        "weight": 1.0,
        "id": 13048344688,
        "hasDetails": true,
        "name": "San Mam\u00e9x",
        "amenity": "restaurant",
        "cuisine": "mexican",
        "address": "Poza lizentziatuaren kalea 62, Bilbao",
        "website": "https://sanmamex.com/",
        "opening_hours": "Mo-Sa 09:00-22:00; Su 12:00-18:00"
      },
      "geometry": {
        "type": "Point",
        "coordinates": [
          -2.9464631,
          43.2633794
        ]
      }
    },
    {
      "type": "Feature",
      "properties": {
        "weight": 1.0
      },
      "geometry": {
        "type": "Point",
        "coordinates": [
          -2.926717,
          43.2633816
        ]
      }
    },
    {
      "type": "Feature",
      "properties": {
        "weight": 1.0
      },
      "geometry": {
        "type": "Point",
        "coordinates": [
          -2.9296451,
          43.2633892
        ]
      }
    },
    {
      "type": "Feature",
      "properties": {
        "weight": 1.0,
        "id": 3587596365,
        "hasDetails": true,
        "name": "UDON",
        "amenity": "restaurant",
        "cuisine": "japanese",
        "address": "Portuko Markesaren kalea 2, Bilbao",
        "website": "https://www.udon.com/",
        "opening_hours": "Mo-Fr 13:00-17:00, 20:00-23:00; Sa-Su 13:00-17:00, 20:00-23:55",
        "outdoor_seating": "yes"
      },
      "geometry": {
        "type": "Point",
        "coordinates": [
          -2.9328512,
          43.2633939
        ]
      }
    },
    {
      "type": "Feature",
      "properties": {
        "weight": 1.0
      },
      "geometry": {
        "type": "Point",
        "coordinates": [
          -2.9325823,
          43.2634057
        ]
      }
    },
    {
      "type": "Feature",
      "properties": {
        "weight": 1.0,
        "id": 4735847387,
        "hasDetails": true,
        "name": "Irache",
        "amenity": "pub",
        "address": "Bilbao"
      },
      "geometry": {
        "type": "Point",
        "coordinates": [
          -2.9322499,
          43.2634205
        ]
      }
    },
    {
      "type": "Feature",
      "properties": {
        "weight": 1.0,
        "id": 12362468665,
        "hasDetails": true,
        "name": "Taiwan Bubble Tea",
        "amenity": "cafe",
        "cuisine": "bubble_tea",
        "outdoor_seating": "no"
      },
      "geometry": {
        "type": "Point",
        "coordinates": [
          -2.9316018,
          43.2634518
        ]
      }
    },
    {
      "type": "Feature",
      "properties": {
        "weight": 1.0
      },
      "geometry": {
        "type": "Point",
        "coordinates": [
          -2.9400918,
          43.263461
        ]
      }
    },
    {
      "type": "Feature",
      "properties": {
        "weight": 1.0,
        "id": 4727461545,
        "hasDetails": true,
        "name": "Mao",
        "amenity": "restaurant",
        "cuisine": "japanese",
        "address": "Iba\u00f1ez de Bilbao kalea 11, Bilbao",
        "website": "https://restaurantemao.com/"
      },
      "geometry": {
        "type": "Point",
        "coordinates": [
          -2.9298979,
          43.263462
        ]
      }
    },
    {
      "type": "Feature",
      "properties": {
        "weight": 1.0
      },
      "geometry": {
        "type": "Point",
        "coordinates": [
          -2.9391619,
          43.2634626
        ]
      }
    },
    {
      "type": "Feature",
      "properties": {
        "weight": 1.0,
        "id": 10068170716,
        "hasDetails": true,
        "name": "Starbucks",
        "amenity": "cafe",
        "cuisine": "coffee_shop",
        "website": "https://www.starbucks.com/store-locator/store/1043700/bilbao-pl-moyua-pl-de-don-federico-moyua-bilbao-vizcaya-bilbao-bi-",
        "opening_hours": "Mo-Su 07:30-22:00",
        "outdoor_seating": "no"
      },
      "geometry": {
        "type": "Point",
        "coordinates": [
          -2.9349412,
          43.2635245
        ]
      }
    },
    {
      "type": "Feature",
      "properties": {
        "weight": 1.0,
        "id": 4701162678,
        "hasDetails": true,
        "name": "Alisas",
        "amenity": "pub",
        "address": "Bilbao"
      },
      "geometry": {
        "type": "Point",
        "coordinates": [
          -2.9228113,
          43.2635248
        ]
      }
    },
    {
      "type": "Feature",
      "properties": {
        "weight": 1.0
      },
      "geometry": {
        "type": "Point",
        "coordinates": [
          -2.9301907,
          43.2635271
        ]
      }
    },
    {
      "type": "Feature",
      "properties": {
        "weight": 1.0
      },
      "geometry": {
        "type": "Point",
        "coordinates": [
          -2.9421255,
          43.2635328
        ]
      }
    },
    {
      "type": "Feature",
      "properties": {
        "weight": 1.0,
        "id": 12884470504,
        "hasDetails": true,
        "name": "Campe\u00f3n",
        "amenity": "pub",
        "address": "Luis Bri\u00f1as kalea, Bilbao",
        "names": [
          "Campe\u00f3n",
          "Bodega"
        ]
      },
      "geometry": {
        "type": "Point",
        "coordinates": [
          -2.9469488,
          43.2635545
        ]
      }
    },
    {
      "type": "Feature",
      "properties": {
        "weight": 1.0,
        "id": 3754726776,
        "hasDetails": true,
        "name": "Trimmer",
        "amenity": "cafe",
        "address": "Kolon Larreategi kalea 35, Bilbao",
        "outdoor_seating": "yes",
        "names": [
          "Trimmer",
          "Misska"
        ],
        "amenities": [
          "cafe",
          "restaurant"
        ]
      },
      "geometry": {
        "type": "Point",
        "coordinates": [
          -2.9329568,
          43.2635577
        ]
      }
    },
    {
      "type": "Feature",
      "properties": {
        "weight": 1.0
      },
      "geometry": {
        "type": "Point",
        "coordinates": [
          -2.9265014,
          43.263582
        ]
      }
    },
    {
      "type": "Feature",
      "properties": {
        "weight": 1.0
      },
      "geometry": {
        "type": "Point",
        "coordinates": [
          -3.0149401,
          43.2636063
        ]
      }
    },
    {
      "type": "Feature",
      "properties": {
        "weight": 1.0,
        "id": 4701162680,
        "hasDetails": true,
        "name": "La Tortilla",
        "amenity": "restaurant",
        "address": "Ernesto Erkoreka plaza 4, Bilbao",
        "outdoor_seating": "yes",
        "names": [
          "La Tortilla",
          "Ernesto Kebab"
        ],
        "amenities": [
          "restaurant",
          "fast_food"
        ]
      },
      "geometry": {
        "type": "Point",
        "coordinates": [
          -2.9227524,
          43.2636077
        ]
      }
    },
    {
      "type": "Feature",
      "properties": {
        "weight": 1.0,
        "id": 4734547642,
        "hasDetails": true,
        "name": "El Din\u00e1mico",
        "amenity": "restaurant",
        "address": "Kolon Larreategi kalea 26, Bilbao"
      },
      "geometry": {
        "type": "Point",
        "coordinates": [
          -2.932308,
          43.2636112
        ]
      }
    },
    {
      "type": "Feature",
      "properties": {
        "weight": 1.0
      },
      "geometry": {
        "type": "Point",
        "coordinates": [
          -2.9331769,
          43.2636158
        ]
      }
    },
    {
      "type": "Feature",
      "properties": {
        "weight": 1.0,
        "id": 4736006767,
        "hasDetails": true,
        "name": "Eliptica",
        "amenity": "restaurant",
        "cuisine": "regional",
        "address": "Recalde zumarkalea 33, Bilbao"
      },
      "geometry": {
        "type": "Point",
        "coordinates": [
          -2.9345623,
          43.2636296
        ]
      }
    },
    {
      "type": "Feature",
      "properties": {
        "weight": 1.0,
        "id": 4761972738,
        "hasDetails": true,
        "name": "Farketa 56",
        "amenity": "restaurant",
        "address": "Rodriguez Arias kalea 56, Bilbao",
        "website": "http://farketa.com/"
      },
      "geometry": {
        "type": "Point",
        "coordinates": [
          -2.9426396,
          43.2636359
        ]
      }
    },
    {
      "type": "Feature",
      "properties": {
        "weight": 1.0,
        "id": 5052041756,
        "hasDetails": true,
        "name": "Azkena Bilbao",
        "amenity": "pub",
        "address": "Iba\u00f1ez de Bilbao kalea 26, Bilbao",
        "website": "https://azkena.eus/"
      },
      "geometry": {
        "type": "Point",
        "coordinates": [
          -2.9298367,
          43.2636492
        ]
      }
    },
    {
      "type": "Feature",
      "properties": {
        "weight": 1.0,
        "id": 560531855,
        "hasDetails": true,
        "name": "La Tagliatella",
        "amenity": "restaurant",
        "cuisine": "italian"
      },
      "geometry": {
        "type": "Point",
        "coordinates": [
          -2.9386929,
          43.2636693
        ]
      }
    },
    {
      "type": "Feature",
      "properties": {
        "weight": 1.0
      },
      "geometry": {
        "type": "Point",
        "coordinates": [
          -2.926108,
          43.2636721
        ]
      }
    },
    {
      "type": "Feature",
      "properties": {
        "weight": 1.0,
        "id": 4761860342,
        "hasDetails": true,
        "name": "Gure Kabi",
        "amenity": "restaurant",
        "website": "https://www.gurekabi.com/"
      },
      "geometry": {
        "type": "Point",
        "coordinates": [
          -2.9399953,
          43.2636729
        ]
      }
    },
    {
      "type": "Feature",
      "properties": {
        "weight": 1.0,
        "id": 11414601314,
        "hasDetails": true,
        "name": "Malv\u00f3n",
        "amenity": "fast_food",
        "website": "https://www.malvon.es",
        "opening_hours": "Mo-Th,Su 10:30-23:00; Fr-Sa 10:30-23:30"
      },
      "geometry": {
        "type": "Point",
        "coordinates": [
          -2.9345156,
          43.263719
        ]
      }
    },
    {
      "type": "Feature",
      "properties": {
        "weight": 1.0
      },
      "geometry": {
        "type": "Point",
        "coordinates": [
          -2.9431191,
          43.2637194
        ]
      }
    },
    {
      "type": "Feature",
      "properties": {
        "weight": 1.0,
        "id": 4404167590,
        "hasDetails": true,
        "name": "Aurkene",
        "amenity": "bar",
        "address": "Uribitarte kalea 1"
      },
      "geometry": {
        "type": "Point",
        "coordinates": [
          -2.9263007,
          43.2637247
        ]
      }
    },
    {
      "type": "Feature",
      "properties": {
        "weight": 1.0
      },
      "geometry": {
        "type": "Point",
        "coordinates": [
          -2.9374735,
          43.2637274
        ]
      }
    },
    {
      "type": "Feature",
      "properties": {
        "weight": 1.0,
        "id": 12884470703,
        "hasDetails": true,
        "name": "Pac\u00edfico",
        "amenity": "pub",
        "address": "Luis Bri\u00f1as kalea, Bilbao",
        "names": [
          "Pac\u00edfico",
          "Flower"
        ]
      },
      "geometry": {
        "type": "Point",
        "coordinates": [
          -2.9468664,
          43.2637315
        ]
      }
    },
    {
      "type": "Feature",
      "properties": {
        "weight": 1.0,
        "id": 4761780906,
        "hasDetails": true,
        "name": "Molly Malone",
        "amenity": "pub",
        "address": "Estrauntza kalea, Bilbao",
        "website": "http://www.mollymaloneirishpub.com",
        "opening_hours": "Mo off; Tu-Th 08:30-23:00; Fr 08:30-24:00; Sa 12:00-24:00; Su 00:00-02:00,12:30-23:00"
      },
      "geometry": {
        "type": "Point",
        "coordinates": [
          -2.9408301,
          43.2637336
        ]
      }
    },
    {
      "type": "Feature",
      "properties": {
        "weight": 1.0
      },
      "geometry": {
        "type": "Point",
        "coordinates": [
          -2.9287107,
          43.2637399
        ]
      }
    },
    {
      "type": "Feature",
      "properties": {
        "weight": 1.0,
        "id": 4736192767,
        "hasDetails": true,
        "name": "Caf\u00e9 Zagros Shawarma",
        "amenity": "cafe",
        "opening_hours": "Mo-Sa 12:00-23:00",
        "outdoor_seating": "yes"
      },
      "geometry": {
        "type": "Point",
        "coordinates": [
          -2.9348308,
          43.2637786
        ]
      }
    },
    {
      "type": "Feature",
      "properties": {
        "weight": 1.0
      },
      "geometry": {
        "type": "Point",
        "coordinates": [
          -2.9443568,
          43.2637944
        ]
      }
    },
    {
      "type": "Feature",
      "properties": {
        "weight": 1.0,
        "id": 7069199285,
        "hasDetails": true,
        "name": "Varona",
        "amenity": "cafe",
        "address": "Bilbao"
      },
      "geometry": {
        "type": "Point",
        "coordinates": [
          -2.9225911,
          43.2637955
        ]
      }
    },
    {
      "type": "Feature",
      "properties": {
        "weight": 1.0
      },
      "geometry": {
        "type": "Point",
        "coordinates": [
          -2.9431659,
          43.2638076
        ]
      }
    },
    {
      "type": "Feature",
      "properties": {
        "weight": 1.0
      },
      "geometry": {
        "type": "Point",
        "coordinates": [
          -2.9406196,
          43.2638488
        ]
      }
    },
    {
      "type": "Feature",
      "properties": {
        "weight": 1.0
      },
      "geometry": {
        "type": "Point",
        "coordinates": [
          -3.0154812,
          43.2638642
        ]
      }
    },
    {
      "type": "Feature",
      "properties": {
        "weight": 1.0
      },
      "geometry": {
        "type": "Point",
        "coordinates": [
          -2.9291177,
          43.2638678
        ]
      }
    },
    {
      "type": "Feature",
      "properties": {
        "weight": 1.0
      },
      "geometry": {
        "type": "Point",
        "coordinates": [
          -2.9282194,
          43.2638698
        ]
      }
    },
    {
      "type": "Feature",
      "properties": {
        "weight": 1.0
      },
      "geometry": {
        "type": "Point",
        "coordinates": [
          -2.9397437,
          43.2638965
        ]
      }
    },
    {
      "type": "Feature",
      "properties": {
        "weight": 1.0,
        "id": 5949134690,
        "hasDetails": true,
        "name": "Totopo",
        "amenity": "fast_food",
        "cuisine": "mexican",
        "address": "Henao kalea 1",
        "opening_hours": "Su-Th 13:00-22:00; Fr,Sa 13:00-23:00"
      },
      "geometry": {
        "type": "Point",
        "coordinates": [
          -2.9292749,
          43.2639361
        ]
      }
    },
    {
      "type": "Feature",
      "properties": {
        "weight": 1.0,
        "id": 4120888886,
        "hasDetails": true,
        "name": "New Monaco Bilbao",
        "amenity": "cafe",
        "outdoor_seating": "yes"
      },
      "geometry": {
        "type": "Point",
        "coordinates": [
          -2.9347632,
          43.2639378
        ]
      }
    },
    {
      "type": "Feature",
      "properties": {
        "weight": 1.0,
        "id": 4734343625,
        "hasDetails": true,
        "name": "La Gavilla",
        "amenity": "bar",
        "address": "Bilbao"
      },
      "geometry": {
        "type": "Point",
        "coordinates": [
          -2.9338533,
          43.2639506
        ]
      }
    },
    {
      "type": "Feature",
      "properties": {
        "weight": 1.0
      },
      "geometry": {
        "type": "Point",
        "coordinates": [
          -2.9440892,
          43.2639605
        ]
      }
    },
    {
      "type": "Feature",
      "properties": {
        "weight": 1.0,
        "id": 5977994185,
        "hasDetails": true,
        "name": "Pizzer\u00eda Trozo",
        "amenity": "restaurant",
        "cuisine": "pizza",
        "address": "Quintana kalea 5, Bilbao",
        "website": "https://www.pizzeriatrozo.com/",
        "opening_hours": "Mo-Th 19:30-23:00; Fr-Sa 13:30-16:00, 19:30-23:30; Su 13:30-16:00, 19:30-23:00"
      },
      "geometry": {
        "type": "Point",
        "coordinates": [
          -2.9218019,
          43.2639746
        ]
      }
    },
    {
      "type": "Feature",
      "properties": {
        "weight": 1.0,
        "id": 4734343624,
        "hasDetails": true,
        "name": "Chilango",
        "amenity": "bar",
        "address": "Bilbao"
      },
      "geometry": {
        "type": "Point",
        "coordinates": [
          -2.934,
          43.2639802
        ]
      }
    },
    {
      "type": "Feature",
      "properties": {
        "weight": 1.0,
        "id": 5056383450,
        "hasDetails": true,
        "name": "Cinnamon",
        "amenity": "cafe",
        "address": "Done Bikendi kalea 3, Bilbao"
      },
      "geometry": {
        "type": "Point",
        "coordinates": [
          -2.9281377,
          43.2640021
        ]
      }
    },
    {
      "type": "Feature",
      "properties": {
        "weight": 1.0,
        "id": 5056357788,
        "hasDetails": true,
        "name": "Kokken",
        "amenity": "restaurant",
        "address": "Quintana kalea 3, Bilbao"
      },
      "geometry": {
        "type": "Point",
        "coordinates": [
          -2.9220692,
          43.2640098
        ]
      }
    },
    {
      "type": "Feature",
      "properties": {
        "weight": 1.0
      },
      "geometry": {
        "type": "Point",
        "coordinates": [
          -2.9387858,
          43.2640314
        ]
      }
    },
    {
      "type": "Feature",
      "properties": {
        "weight": 1.0,
        "id": 4701258350,
        "hasDetails": true,
        "name": "Mes\u00f3n Prieto",
        "amenity": "cafe",
        "address": "Ernesto Erkoreka plaza 8, Bilbao",
        "names": [
          "Mes\u00f3n Prieto",
          "Oleaga"
        ],
        "amenities": [
          "cafe",
          "pub"
        ]
      },
      "geometry": {
        "type": "Point",
        "coordinates": [
          -2.9225305,
          43.2640386
        ]
      }
    },
    {
      "type": "Feature",
      "properties": {
        "weight": 1.0
      },
      "geometry": {
        "type": "Point",
        "coordinates": [
          -3.0166593,
          43.2640424
        ]
      }
    },
    {
      "type": "Feature",
      "properties": {
        "weight": 1.0,
        "id": 4734547621,
        "hasDetails": true,
        "name": "Ercilla",
        "amenity": "restaurant",
        "cuisine": "chinese",
        "address": "Ercilla kalea 15, Bilbao",
        "website": "https://www.chinoercilla.com/"
      },
      "geometry": {
        "type": "Point",
        "coordinates": [
          -2.9324205,
          43.2640445
        ]
      }
    },
    {
      "type": "Feature",
      "properties": {
        "weight": 1.0,
        "id": 4734343622,
        "hasDetails": true,
        "name": "Bertiz",
        "amenity": "cafe",
        "address": "Bilbao",
        "opening_hours": "Mo-Fr 07:30-21:00; PH,Sa,Su 08:00-21:00"
      },
      "geometry": {
        "type": "Point",
        "coordinates": [
          -2.9343861,
          43.2640814
        ]
      }
    },
    {
      "type": "Feature",
      "properties": {
        "weight": 1.0
      },
      "geometry": {
        "type": "Point",
        "coordinates": [
          -2.9351525,
          43.2640851
        ]
      }
    },
    {
      "type": "Feature",
      "properties": {
        "weight": 1.0,
        "id": 4721843291,
        "hasDetails": true,
        "name": "Gosari",
        "amenity": "pub",
        "outdoor_seating": "yes",
        "names": [
          "Gosari",
          "Ambig\u00fa"
        ]
      },
      "geometry": {
        "type": "Point",
        "coordinates": [
          -2.9281097,
          43.2641027
        ]
      }
    },
    {
      "type": "Feature",
      "properties": {
        "weight": 1.0,
        "id": 4749044792,
        "hasDetails": true,
        "name": "Telepizza",
        "amenity": "fast_food",
        "cuisine": "pizza",
        "website": "https://www.telepizza.es",
        "outdoor_seating": "no"
      },
      "geometry": {
        "type": "Point",
        "coordinates": [
          -2.9361823,
          43.2641309
        ]
      }
    },
    {
      "type": "Feature",
      "properties": {
        "weight": 1.0
      },
      "geometry": {
        "type": "Point",
        "coordinates": [
          -3.0181641,
          43.264139
        ]
      }
    },
    {
      "type": "Feature",
      "properties": {
        "weight": 1.0
      },
      "geometry": {
        "type": "Point",
        "coordinates": [
          -2.9450899,
          43.2641741
        ]
      }
    },
    {
      "type": "Feature",
      "properties": {
        "weight": 1.0,
        "id": 8247470017,
        "hasDetails": true,
        "name": "Indarra",
        "amenity": "bar",
        "address": "Areiltza doktorearen zumarkalea",
        "outdoor_seating": "yes"
      },
      "geometry": {
        "type": "Point",
        "coordinates": [
          -2.9414668,
          43.2641927
        ]
      }
    },
    {
      "type": "Feature",
      "properties": {
        "weight": 1.0
      },
      "geometry": {
        "type": "Point",
        "coordinates": [
          -2.9293009,
          43.2641991
        ]
      }
    },
    {
      "type": "Feature",
      "properties": {
        "weight": 1.0,
        "id": 4721843293,
        "hasDetails": true,
        "name": "Albatros",
        "amenity": "restaurant",
        "outdoor_seating": "yes"
      },
      "geometry": {
        "type": "Point",
        "coordinates": [
          -2.9281167,
          43.2642166
        ]
      }
    },
    {
      "type": "Feature",
      "properties": {
        "weight": 1.0
      },
      "geometry": {
        "type": "Point",
        "coordinates": [
          -2.9285867,
          43.264224
        ]
      }
    },
    {
      "type": "Feature",
      "properties": {
        "weight": 1.0,
        "id": 6976334609,
        "hasDetails": true,
        "name": "Txocook",
        "amenity": "pub",
        "address": "Uribitarte pasealekua"
      },
      "geometry": {
        "type": "Point",
        "coordinates": [
          -2.9262806,
          43.2642276
        ]
      }
    },
    {
      "type": "Feature",
      "properties": {
        "weight": 1.0,
        "id": 5056383478,
        "hasDetails": true,
        "name": "Txocook",
        "amenity": "restaurant",
        "address": "Nerbioi kalea 2, Bilbao"
      },
      "geometry": {
        "type": "Point",
        "coordinates": [
          -2.9265755,
          43.2642277
        ]
      }
    },
    {
      "type": "Feature",
      "properties": {
        "weight": 1.0,
        "id": 7069199386,
        "hasDetails": true,
        "name": "El Gas",
        "amenity": "pub",
        "address": "Zumalakarregui etorbidea, Bilbao"
      },
      "geometry": {
        "type": "Point",
        "coordinates": [
          -2.9225518,
          43.2642359
        ]
      }
    },
    {
      "type": "Feature",
      "properties": {
        "weight": 1.0
      },
      "geometry": {
        "type": "Point",
        "coordinates": [
          -2.9346539,
          43.2642703
        ]
      }
    },
    {
      "type": "Feature",
      "properties": {
        "weight": 1.0
      },
      "geometry": {
        "type": "Point",
        "coordinates": [
          -2.9352398,
          43.2642728
        ]
      }
    },
    {
      "type": "Feature",
      "properties": {
        "weight": 1.0
      },
      "geometry": {
        "type": "Point",
        "coordinates": [
          -2.92978,
          43.2642805
        ]
      }
    },
    {
      "type": "Feature",
      "properties": {
        "weight": 1.0,
        "id": 4734547636,
        "hasDetails": true,
        "name": "Wich\u00e9 Caf\u00e9 Bakery",
        "amenity": "cafe",
        "opening_hours": "Su-Th,PH 08:00-21:00; Fr,Sa 08:00-21:30"
      },
      "geometry": {
        "type": "Point",
        "coordinates": [
          -2.9312733,
          43.2642879
        ]
      }
    },
    {
      "type": "Feature",
      "properties": {
        "weight": 1.0
      },
      "geometry": {
        "type": "Point",
        "coordinates": [
          -2.9283829,
          43.2642903
        ]
      }
    },
    {
      "type": "Feature",
      "properties": {
        "weight": 1.0,
        "id": 9951608644,
        "hasDetails": true,
        "name": "Baka Vieja Burger Shop",
        "amenity": "fast_food",
        "cuisine": "burger",
        "address": "Maria Diaz Haroko kalea 1",
        "website": "https://bakavieja.com/",
        "opening_hours": "Mo-Th,Su 13:30-16:00,20:30-23:00; Fr-Sa 13:30-16:00,20:00-24:00",
        "outdoor_seating": "yes"
      },
      "geometry": {
        "type": "Point",
        "coordinates": [
          -2.9429741,
          43.2643618
        ]
      }
    },
    {
      "type": "Feature",
      "properties": {
        "weight": 1.0,
        "id": 4121009091,
        "hasDetails": true,
        "name": "La Cocina de Aitxu",
        "amenity": "restaurant",
        "cuisine": "spanish",
        "address": "Heros kalea 21",
        "website": "https://lacocinadeaitxu.com/",
        "opening_hours": "Mo-We 08:00-23:00; Th 08:00-00:00; Fr 08:00-01:00; Sa 11:00-01:00; Su 11:00-16:00"
      },
      "geometry": {
        "type": "Point",
        "coordinates": [
          -2.9326408,
          43.2643891
        ]
      }
    },
    {
      "type": "Feature",
      "properties": {
        "weight": 1.0
      },
      "geometry": {
        "type": "Point",
        "coordinates": [
          -2.9303772,
          43.2644
        ]
      }
    },
    {
      "type": "Feature",
      "properties": {
        "weight": 1.0,
        "id": 4734482704,
        "hasDetails": true,
        "name": "Mugarra",
        "amenity": "restaurant",
        "address": "Ercilla kalea 14, Bilbao",
        "website": "https://www.restaurantemugarra.com/"
      },
      "geometry": {
        "type": "Point",
        "coordinates": [
          -2.9322369,
          43.2644098
        ]
      }
    },
    {
      "type": "Feature",
      "properties": {
        "weight": 1.0,
        "id": 1116510726,
        "hasDetails": true,
        "name": "Nikko",
        "amenity": "restaurant",
        "cuisine": "japanese",
        "address": "Maximo Aguirre kalea 7, Bilbao",
        "opening_hours": "Mo-Su 13:00-16:00; Su-Th 20:00-23:00; Fr,Sa 20:00-24:00"
      },
      "geometry": {
        "type": "Point",
        "coordinates": [
          -2.9372035,
          43.264428
        ]
      }
    },
    {
      "type": "Feature",
      "properties": {
        "weight": 1.0,
        "id": 4734547629,
        "hasDetails": true,
        "name": "east crema coffee",
        "amenity": "cafe",
        "website": "https://www.eastcrema.com",
        "opening_hours": "Mo-Fr 08:00-20:00; Sa-Su 09:00-20:00",
        "outdoor_seating": "no",
        "names": [
          "east crema coffee",
          "Romana"
        ],
        "amenities": [
          "cafe",
          "restaurant"
        ]
      },
      "geometry": {
        "type": "Point",
        "coordinates": [
          -2.9314753,
          43.2644372
        ]
      }
    },
    {
      "type": "Feature",
      "properties": {
        "weight": 1.0,
        "id": 559659189,
        "hasDetails": true,
        "name": "Baden-Baden jatetxea",
        "amenity": "restaurant",
        "website": "https://www.restaurantebaden.com/"
      },
      "geometry": {
        "type": "Point",
        "coordinates": [
          -2.9422244,
          43.2644388
        ]
      }
    },
    {
      "type": "Feature",
      "properties": {
        "weight": 1.0,
        "id": 4121009090,
        "hasDetails": true,
        "name": "Charlotte",
        "amenity": "restaurant",
        "address": "Heros kalea 24, Bilbao"
      },
      "geometry": {
        "type": "Point",
        "coordinates": [
          -2.9328861,
          43.2644936
        ]
      }
    },
    {
      "type": "Feature",
      "properties": {
        "weight": 1.0,
        "id": 3697324674,
        "hasDetails": true,
        "name": "Txikia",
        "amenity": "pub",
        "outdoor_seating": "yes"
      },
      "geometry": {
        "type": "Point",
        "coordinates": [
          -3.0167221,
          43.2644943
        ]
      }
    },
    {
      "type": "Feature",
      "properties": {
        "weight": 1.0
      },
      "geometry": {
        "type": "Point",
        "coordinates": [
          -2.9450958,
          43.2645333
        ]
      }
    },
    {
      "type": "Feature",
      "properties": {
        "weight": 1.0,
        "id": 12477161801,
        "hasDetails": true,
        "name": "Bikandi Etxea",
        "amenity": "restaurant",
        "cuisine": "regional",
        "address": "Campo Volantin pasealekua 4",
        "website": "https://bikandietxea.wixsite.com/"
      },
      "geometry": {
        "type": "Point",
        "coordinates": [
          -2.9244492,
          43.2645523
        ]
      }
    },
    {
      "type": "Feature",
      "properties": {
        "weight": 1.0
      },
      "geometry": {
        "type": "Point",
        "coordinates": [
          -2.9368411,
          43.2646057
        ]
      }
    },
    {
      "type": "Feature",
      "properties": {
        "weight": 1.0,
        "id": 4727590973,
        "hasDetails": true,
        "name": "Zortziko",
        "amenity": "restaurant",
        "website": "https://zortziko.es/",
        "wikidata": "Q21571874"
      },
      "geometry": {
        "type": "Point",
        "coordinates": [
          -2.9294894,
          43.2646271
        ]
      }
    },
    {
      "type": "Feature",
      "properties": {
        "weight": 1.0,
        "id": 12142665691,
        "hasDetails": true,
        "name": "Bilbao Urban Sagardotegi",
        "amenity": "pub",
        "address": "Iparraguirre kalea 23, Bilbao",
        "website": "https://bilbaosagardotegi.com/",
        "opening_hours": "Mo-Th 10:30-24:00; Fr-Sa 10:30-02:00; Su 10:30-18:30"
      },
      "geometry": {
        "type": "Point",
        "coordinates": [
          -2.9357112,
          43.2646336
        ]
      }
    },
    {
      "type": "Feature",
      "properties": {
        "weight": 1.0,
        "id": 6976333623,
        "hasDetails": true,
        "name": "Dock",
        "amenity": "bar",
        "address": "Uribitarte pasealekua",
        "website": "https://www.dock-bilbao.com/"
      },
      "geometry": {
        "type": "Point",
        "coordinates": [
          -2.9269231,
          43.264643
        ]
      }
    },
    {
      "type": "Feature",
      "properties": {
        "weight": 1.0
      },
      "geometry": {
        "type": "Point",
        "coordinates": [
          -2.9307602,
          43.2646446
        ]
      }
    },
    {
      "type": "Feature",
      "properties": {
        "weight": 1.0
      },
      "geometry": {
        "type": "Point",
        "coordinates": [
          -2.9392616,
          43.2646446
        ]
      }
    },
    {
      "type": "Feature",
      "properties": {
        "weight": 1.0
      },
      "geometry": {
        "type": "Point",
        "coordinates": [
          -2.9323877,
          43.264646
        ]
      }
    },
    {
      "type": "Feature",
      "properties": {
        "weight": 1.0,
        "id": 3853344858,
        "hasDetails": true,
        "name": "plaza",
        "amenity": "bar",
        "website": "https://plazabar.es/"
      },
      "geometry": {
        "type": "Point",
        "coordinates": [
          -2.9434244,
          43.2646734
        ]
      }
    },
    {
      "type": "Feature",
      "properties": {
        "weight": 1.0,
        "id": 559659198,
        "hasDetails": true,
        "name": "UDON",
        "amenity": "restaurant",
        "cuisine": "japanese",
        "address": "On Diego Lopez Haroko kale nagusia 66"
      },
      "geometry": {
        "type": "Point",
        "coordinates": [
          -2.9417709,
          43.2646973
        ]
      }
    },
    {
      "type": "Feature",
      "properties": {
        "weight": 1.0,
        "id": 3754725934,
        "hasDetails": true,
        "name": "Teikenea",
        "amenity": "cafe",
        "address": "Henao kalea 20, Bilbao",
        "opening_hours": "Mo-Fr 08:30-00:00; Sa 10:00-00:00; Su 10:00-17:00"
      },
      "geometry": {
        "type": "Point",
        "coordinates": [
          -2.9318516,
          43.2647182
        ]
      }
    },
    {
      "type": "Feature",
      "properties": {
        "weight": 1.0,
        "id": 4734343626,
        "hasDetails": true,
        "name": "Bertiz",
        "amenity": "cafe",
        "address": "Henao kalea 15, Bilbao",
        "website": "https://www.bertiz.es",
        "opening_hours": "Mo-Fr 07:30-20:30; Sa, Su 08:00-15:00"
      },
      "geometry": {
        "type": "Point",
        "coordinates": [
          -2.9327939,
          43.2647191
        ]
      }
    },
    {
      "type": "Feature",
      "properties": {
        "weight": 1.0
      },
      "geometry": {
        "type": "Point",
        "coordinates": [
          -2.9419057,
          43.264726
        ]
      }
    },
    {
      "type": "Feature",
      "properties": {
        "weight": 1.0
      },
      "geometry": {
        "type": "Point",
        "coordinates": [
          -2.9450064,
          43.2647712
        ]
      }
    },
    {
      "type": "Feature",
      "properties": {
        "weight": 1.0,
        "id": 3754726775,
        "hasDetails": true,
        "name": "Caprico",
        "amenity": "pub",
        "address": "Henao kalea, Bilbao"
      },
      "geometry": {
        "type": "Point",
        "coordinates": [
          -2.932152,
          43.2647805
        ]
      }
    },
    {
      "type": "Feature",
      "properties": {
        "weight": 1.0,
        "id": 4750703214,
        "hasDetails": true,
        "name": "Foster's Hollywood",
        "amenity": "restaurant",
        "cuisine": "american"
      },
      "geometry": {
        "type": "Point",
        "coordinates": [
          -2.9421644,
          43.2648013
        ]
      }
    },
    {
      "type": "Feature",
      "properties": {
        "weight": 1.0
      },
      "geometry": {
        "type": "Point",
        "coordinates": [
          -2.9314465,
          43.2648188
        ]
      }
    },
    {
      "type": "Feature",
      "properties": {
        "weight": 1.0
      },
      "geometry": {
        "type": "Point",
        "coordinates": [
          -2.9331088,
          43.2648356
        ]
      }
    },
    {
      "type": "Feature",
      "properties": {
        "weight": 1.0,
        "id": 4762026957,
        "hasDetails": true,
        "name": "Le Bol Blanc",
        "amenity": "restaurant",
        "address": "On Diego Lopez Haroko kale nagusia, Bilbao"
      },
      "geometry": {
        "type": "Point",
        "coordinates": [
          -2.9441718,
          43.2648486
        ]
      }
    },
    {
      "type": "Feature",
      "properties": {
        "weight": 1.0,
        "id": 1509588131,
        "hasDetails": true,
        "name": "RockStar",
        "amenity": "pub",
        "website": "http://www.salarockstar.com/"
      },
      "geometry": {
        "type": "Point",
        "coordinates": [
          -2.9444516,
          43.2648828
        ]
      }
    },
    {
      "type": "Feature",
      "properties": {
        "weight": 1.0,
        "id": 4121209097,
        "hasDetails": true,
        "name": "Sacacorchos",
        "amenity": "bar",
        "address": "Henao kalea 28, Bilbao",
        "website": "https://adhocbilbao.com/"
      },
      "geometry": {
        "type": "Point",
        "coordinates": [
          -2.9327062,
          43.2648907
        ]
      }
    },
    {
      "type": "Feature",
      "properties": {
        "weight": 1.0,
        "id": 4701258362,
        "hasDetails": true,
        "name": "Vaquero Bar",
        "amenity": "bar",
        "outdoor_seating": "yes"
      },
      "geometry": {
        "type": "Point",
        "coordinates": [
          -2.9228054,
          43.2649263
        ]
      }
    },
    {
      "type": "Feature",
      "properties": {
        "weight": 1.0,
        "id": 12985679269,
        "hasDetails": true,
        "name": "Coffee Taberna",
        "amenity": "cafe",
        "address": "Alberca doktorearen kalea 1",
        "opening_hours": "Mo off; Tu-Fr 07:30-22:00; Sa-Su 08:30-22:00"
      },
      "geometry": {
        "type": "Point",
        "coordinates": [
          -2.9164855,
          43.2649272
        ]
      }
    },
    {
      "type": "Feature",
      "properties": {
        "weight": 1.0,
        "id": 4121209095,
        "hasDetails": true,
        "name": "Bizarre Bilbao",
        "amenity": "restaurant",
        "address": "Henao kalea 28, Bilbao",
        "names": [
          "Bizarre Bilbao",
          "Oldays"
        ],
        "amenities": [
          "restaurant",
          "bar"
        ]
      },
      "geometry": {
        "type": "Point",
        "coordinates": [
          -2.9329019,
          43.2649292
        ]
      }
    },
    {
      "type": "Feature",
      "properties": {
        "weight": 1.0,
        "id": 6392300286,
        "hasDetails": true,
        "name": "La Karola",
        "amenity": "bar",
        "address": "Olabeaga kaia"
      },
      "geometry": {
        "type": "Point",
        "coordinates": [
          -2.9545951,
          43.2649559
        ]
      }
    },
    {
      "type": "Feature",
      "properties": {
        "weight": 1.0,
        "id": 4121209092,
        "hasDetails": true,
        "name": "Restaurante Griego",
        "amenity": "restaurant",
        "cuisine": "greek",
        "address": "Henao kalea 30",
        "website": "https://www.grecocina.com/",
        "names": [
          "Restaurante Griego",
          "GildaToki"
        ],
        "amenities": [
          "restaurant",
          "bar"
        ]
      },
      "geometry": {
        "type": "Point",
        "coordinates": [
          -2.9330463,
          43.2649614
        ]
      }
    },
    {
      "type": "Feature",
      "properties": {
        "weight": 1.0,
        "id": 6392300186,
        "hasDetails": true,
        "name": "La lonja",
        "amenity": "restaurant",
        "cuisine": "fish",
        "address": "Olabeaga kaia 22",
        "website": "https://www.lalonjadeolabeaga.com",
        "opening_hours": "Mo-Th 09:00-17:00; Fr 09:00-23:00; Sa 11:00-23:00; Su 11:00-17:00"
      },
      "geometry": {
        "type": "Point",
        "coordinates": [
          -2.9544223,
          43.2649668
        ]
      }
    },
    {
      "type": "Feature",
      "properties": {
        "weight": 1.0,
        "id": 559659214,
        "hasDetails": true,
        "name": "NAP Neapolitan",
        "amenity": "restaurant",
        "cuisine": "pizza",
        "address": "Basterra kalea 1",
        "website": "https://www.napofficial.com/",
        "opening_hours": "Mo-Su 13:00-23:00"
      },
      "geometry": {
        "type": "Point",
        "coordinates": [
          -2.9431894,
          43.2649819
        ]
      }
    },
    {
      "type": "Feature",
      "properties": {
        "weight": 1.0,
        "id": 4734269230,
        "hasDetails": true,
        "name": "La Batea Mejilloner\u00edas",
        "amenity": "restaurant",
        "address": "Iparraguirre kalea 17, Bilbao"
      },
      "geometry": {
        "type": "Point",
        "coordinates": [
          -2.9355702,
          43.2649881
        ]
      }
    },
    {
      "type": "Feature",
      "properties": {
        "weight": 1.0,
        "id": 4121315926,
        "hasDetails": true,
        "name": "Ametza",
        "amenity": "bar",
        "address": "Henao kalea 25, Bilbao"
      },
      "geometry": {
        "type": "Point",
        "coordinates": [
          -2.9338747,
          43.2649954
        ]
      }
    },
    {
      "type": "Feature",
      "properties": {
        "weight": 1.0,
        "id": 157319505,
        "hasDetails": true,
        "name": "Restaurante Kate Zaharra",
        "amenity": "restaurant",
        "cuisine": "regional"
      },
      "geometry": {
        "type": "Point",
        "coordinates": [
          -2.9084535,
          43.2650067
        ]
      }
    },
    {
      "type": "Feature",
      "properties": {
        "weight": 1.0
      },
      "geometry": {
        "type": "Point",
        "coordinates": [
          -2.9370242,
          43.2650416
        ]
      }
    },
    {
      "type": "Feature",
      "properties": {
        "weight": 1.0,
        "id": 5056382918,
        "hasDetails": true,
        "name": "Naked & Sated: Bilbao",
        "amenity": "restaurant",
        "address": "Uribitarte pasealekua 4, Bilbao",
        "website": "https://nakedandsated.com/"
      },
      "geometry": {
        "type": "Point",
        "coordinates": [
          -2.9277868,
          43.2650697
        ]
      }
    },
    {
      "type": "Feature",
      "properties": {
        "weight": 1.0
      },
      "geometry": {
        "type": "Point",
        "coordinates": [
          -2.943664,
          43.2650767
        ]
      }
    },
    {
      "type": "Feature",
      "properties": {
        "weight": 1.0
      },
      "geometry": {
        "type": "Point",
        "coordinates": [
          -2.9357969,
          43.2650831
        ]
      }
    },
    {
      "type": "Feature",
      "properties": {
        "weight": 1.0,
        "id": 4732428937,
        "hasDetails": true,
        "name": "Kuma",
        "amenity": "restaurant",
        "cuisine": "japanese",
        "website": "https://restaurantekuma.com/"
      },
      "geometry": {
        "type": "Point",
        "coordinates": [
          -2.9308118,
          43.2650891
        ]
      }
    },
    {
      "type": "Feature",
      "properties": {
        "weight": 1.0,
        "id": 5056353556,
        "hasDetails": true,
        "name": "CAT CAFE",
        "amenity": "cafe",
        "address": "Kristo kalea 5, Bilbao",
        "website": "https://www.elsalondemicasa.com",
        "opening_hours": "\"by appointment\""
      },
      "geometry": {
        "type": "Point",
        "coordinates": [
          -2.9225758,
          43.2650892
        ]
      }
    },
    {
      "type": "Feature",
      "properties": {
        "weight": 1.0,
        "id": 4181360057,
        "hasDetails": true,
        "name": "San Mam\u00e9s Jatetxea",
        "amenity": "restaurant",
        "cuisine": "fine_dining;local;regional",
        "address": "Rafael Moreno Pitxitxi",
        "website": "https://sanmamesjatetxea.com/"
      },
      "geometry": {
        "type": "Point",
        "coordinates": [
          -2.9494904,
          43.2651019
        ]
      }
    },
    {
      "type": "Feature",
      "properties": {
        "weight": 1.0
      },
      "geometry": {
        "type": "Point",
        "coordinates": [
          -2.9437959,
          43.26511
        ]
      }
    },
    {
      "type": "Feature",
      "properties": {
        "weight": 1.0
      },
      "geometry": {
        "type": "Point",
        "coordinates": [
          -2.9345549,
          43.2651253
        ]
      }
    },
    {
      "type": "Feature",
      "properties": {
        "weight": 1.0,
        "id": 4727590978,
        "hasDetails": true,
        "name": "La Roca",
        "amenity": "restaurant",
        "address": "Ercilla kalea 1",
        "website": "https://larocabilbao.com/"
      },
      "geometry": {
        "type": "Point",
        "coordinates": [
          -2.9300822,
          43.2651663
        ]
      }
    },
    {
      "type": "Feature",
      "properties": {
        "weight": 1.0,
        "id": 4384470790,
        "hasDetails": true,
        "name": "Jaime",
        "amenity": "pub",
        "cuisine": "breakfast",
        "address": "On Diego Lopez Haroko kale nagusia 86"
      },
      "geometry": {
        "type": "Point",
        "coordinates": [
          -2.9443143,
          43.265203
        ]
      }
    },
    {
      "type": "Feature",
      "properties": {
        "weight": 1.0
      },
      "geometry": {
        "type": "Point",
        "coordinates": [
          -2.9369322,
          43.2652066
        ]
      }
    },
    {
      "type": "Feature",
      "properties": {
        "weight": 1.0
      },
      "geometry": {
        "type": "Point",
        "coordinates": [
          -2.9314128,
          43.265212
        ]
      }
    },
    {
      "type": "Feature",
      "properties": {
        "weight": 1.0
      },
      "geometry": {
        "type": "Point",
        "coordinates": [
          -2.937219,
          43.2652395
        ]
      }
    },
    {
      "type": "Feature",
      "properties": {
        "weight": 1.0,
        "id": 2659032778,
        "hasDetails": true,
        "name": "Restaurante Astillero Euskalduna",
        "amenity": "restaurant",
        "cuisine": "regional"
      },
      "geometry": {
        "type": "Point",
        "coordinates": [
          -2.9517136,
          43.2652532
        ]
      }
    },
    {
      "type": "Feature",
      "properties": {
        "weight": 1.0,
        "id": 10857580005,
        "hasDetails": true,
        "name": "Pizzer\u00eda Burro Canaglia",
        "amenity": "restaurant",
        "address": "Iparraguirre kalea 15"
      },
      "geometry": {
        "type": "Point",
        "coordinates": [
          -2.9354998,
          43.265264
        ]
      }
    },
    {
      "type": "Feature",
      "properties": {
        "weight": 1.0
      },
      "geometry": {
        "type": "Point",
        "coordinates": [
          -2.9351914,
          43.2652649
        ]
      }
    },
    {
      "type": "Feature",
      "properties": {
        "weight": 1.0,
        "id": 4556155291,
        "hasDetails": true,
        "name": "Mistyk",
        "amenity": "pub",
        "address": "Ercilla kalea 1, Bilbao",
        "outdoor_seating": "no"
      },
      "geometry": {
        "type": "Point",
        "coordinates": [
          -2.9298516,
          43.2652813
        ]
      }
    },
    {
      "type": "Feature",
      "properties": {
        "weight": 1.0
      },
      "geometry": {
        "type": "Point",
        "coordinates": [
          -2.9224568,
          43.2652823
        ]
      }
    },
    {
      "type": "Feature",
      "properties": {
        "weight": 1.0
      },
      "geometry": {
        "type": "Point",
        "coordinates": [
          -2.9221486,
          43.2652892
        ]
      }
    },
    {
      "type": "Feature",
      "properties": {
        "weight": 1.0
      },
      "geometry": {
        "type": "Point",
        "coordinates": [
          -2.9324853,
          43.2653461
        ]
      }
    },
    {
      "type": "Feature",
      "properties": {
        "weight": 1.0,
        "id": 11663004969,
        "hasDetails": true,
        "name": "Parrillas del Mar Bilbao",
        "amenity": "restaurant",
        "address": "Juan Ajuriaguerra kalea 7",
        "website": "https://parrillasdelmarbilbao.com/"
      },
      "geometry": {
        "type": "Point",
        "coordinates": [
          -2.9318507,
          43.2653495
        ]
      }
    },
    {
      "type": "Feature",
      "properties": {
        "weight": 1.0,
        "id": 2705593214,
        "hasDetails": true,
        "name": "Charamel",
        "amenity": "cafe",
        "cuisine": "tea",
        "opening_hours": "Mo-Fr 08:30-20:00; Sa 09:00-20:00; Su 09:00-14:45",
        "names": [
          "Charamel",
          "Beraia"
        ],
        "amenities": [
          "cafe",
          "restaurant"
        ]
      },
      "geometry": {
        "type": "Point",
        "coordinates": [
          -2.9341575,
          43.265379
        ]
      }
    },
    {
      "type": "Feature",
      "properties": {
        "weight": 1.0
      },
      "geometry": {
        "type": "Point",
        "coordinates": [
          -2.9349222,
          43.2653804
        ]
      }
    },
    {
      "type": "Feature",
      "properties": {
        "weight": 1.0
      },
      "geometry": {
        "type": "Point",
        "coordinates": [
          -2.935113,
          43.2654193
        ]
      }
    },
    {
      "type": "Feature",
      "properties": {
        "weight": 1.0,
        "id": 4734092581,
        "hasDetails": true,
        "name": "Abandoko Batzokia",
        "amenity": "restaurant",
        "address": "Henao kalea 33, Bilbao",
        "website": "http://www.abandokobatzokia.com/"
      },
      "geometry": {
        "type": "Point",
        "coordinates": [
          -2.9360057,
          43.2654258
        ]
      }
    },
    {
      "type": "Feature",
      "properties": {
        "weight": 1.0,
        "id": 5056375739,
        "hasDetails": true,
        "name": "La Despensa del Extanobe",
        "amenity": "restaurant",
        "address": "Juan Ajuriaguerra kalea 8, Bilbao"
      },
      "geometry": {
        "type": "Point",
        "coordinates": [
          -2.9314828,
          43.2654325
        ]
      }
    },
    {
      "type": "Feature",
      "properties": {
        "weight": 1.0,
        "id": 2705593213,
        "hasDetails": true,
        "name": "Restaurante Beraia",
        "amenity": "restaurant",
        "address": "Recalde zumarkalea 20",
        "website": "https://restauranteberaia.com/",
        "opening_hours": "Mo-Th 08:00-23:00; Fr 08:00-00:00; Sa 09:00-00:00; Su 10:00-17:00"
      },
      "geometry": {
        "type": "Point",
        "coordinates": [
          -2.934077,
          43.2654914
        ]
      }
    },
    {
      "type": "Feature",
      "properties": {
        "weight": 1.0,
        "id": 4121209109,
        "hasDetails": true,
        "name": "Crock & Cock",
        "amenity": "restaurant",
        "cuisine": "spanish",
        "address": "Juan Ajuriaguerra kalea 13, Bilbao",
        "website": "https://crockandcock.com/",
        "outdoor_seating": "yes"
      },
      "geometry": {
        "type": "Point",
        "coordinates": [
          -2.9324434,
          43.2654948
        ]
      }
    },
    {
      "type": "Feature",
      "properties": {
        "weight": 1.0
      },
      "geometry": {
        "type": "Point",
        "coordinates": [
          -2.9299418,
          43.2655017
        ]
      }
    },
    {
      "type": "Feature",
      "properties": {
        "weight": 1.0,
        "id": 2883904502,
        "hasDetails": true,
        "name": "Mes\u00f3n de los \u00c1ngeles",
        "amenity": "restaurant",
        "cuisine": "regional",
        "address": "Kristo kalea 12, Bilbao"
      },
      "geometry": {
        "type": "Point",
        "coordinates": [
          -2.9221053,
          43.2655063
        ]
      }
    },
    {
      "type": "Feature",
      "properties": {
        "weight": 1.0
      },
      "geometry": {
        "type": "Point",
        "coordinates": [
          -2.9320573,
          43.2655283
        ]
      }
    },
    {
      "type": "Feature",
      "properties": {
        "weight": 1.0,
        "id": 2996205277,
        "hasDetails": true,
        "name": "Olagarro La Casa del pulpo",
        "amenity": "restaurant",
        "address": "Campo Volantin pasealekua 14, Bilbao"
      },
      "geometry": {
        "type": "Point",
        "coordinates": [
          -2.9253646,
          43.265558
        ]
      }
    },
    {
      "type": "Feature",
      "properties": {
        "weight": 1.0,
        "id": 2705593180,
        "hasDetails": true,
        "name": "El Marqu\u00e9s",
        "amenity": "restaurant",
        "cuisine": "seafood"
      },
      "geometry": {
        "type": "Point",
        "coordinates": [
          -2.932638,
          43.2655584
        ]
      }
    },
    {
      "type": "Feature",
      "properties": {
        "weight": 1.0,
        "id": 11177100137,
        "hasDetails": true,
        "name": "Etxekoa Jatetxea",
        "amenity": "restaurant",
        "cuisine": "local",
        "address": "Grupo Tom\u00e1s Zubiria Ybarra 3",
        "website": "https://www.restauranteetxekoa.com/",
        "opening_hours": "Mo-Fr 07:00-22:30; Sa-Su 08:00-22:30"
      },
      "geometry": {
        "type": "Point",
        "coordinates": [
          -2.9172578,
          43.2655674
        ]
      }
    },
    {
      "type": "Feature",
      "properties": {
        "weight": 1.0,
        "id": 4721850244,
        "hasDetails": true,
        "name": "Avec Moi",
        "amenity": "restaurant",
        "website": "http://www.avecmoi.es/"
      },
      "geometry": {
        "type": "Point",
        "coordinates": [
          -2.928931,
          43.2655752
        ]
      }
    },
    {
      "type": "Feature",
      "properties": {
        "weight": 1.0
      },
      "geometry": {
        "type": "Point",
        "coordinates": [
          -2.9323875,
          43.2656289
        ]
      }
    },
    {
      "type": "Feature",
      "properties": {
        "weight": 1.0,
        "id": 9572914874,
        "hasDetails": true,
        "name": "Casa Leotta",
        "amenity": "restaurant",
        "cuisine": "italian",
        "names": [
          "Casa Leotta",
          "Las L\u00edas"
        ]
      },
      "geometry": {
        "type": "Point",
        "coordinates": [
          -2.9325224,
          43.2656586
        ]
      }
    },
    {
      "type": "Feature",
      "properties": {
        "weight": 1.0
      },
      "geometry": {
        "type": "Point",
        "coordinates": [
          -2.9359391,
          43.265691
        ]
      }
    },
    {
      "type": "Feature",
      "properties": {
        "weight": 1.0,
        "id": 9148470917,
        "hasDetails": true,
        "name": "Basuki",
        "amenity": "restaurant",
        "cuisine": "local",
        "address": "14",
        "website": "http://basukirestaurante.com"
      },
      "geometry": {
        "type": "Point",
        "coordinates": [
          -2.9326984,
          43.2656923
        ]
      }
    },
    {
      "type": "Feature",
      "properties": {
        "weight": 1.0,
        "id": 4732325918,
        "hasDetails": true,
        "name": "Bilbao Brasan",
        "amenity": "restaurant",
        "cuisine": "steak_house",
        "address": "Henao kalea 54, Bilbao",
        "website": "https://asadorbilbaobrasan.com"
      },
      "geometry": {
        "type": "Point",
        "coordinates": [
          -2.9361166,
          43.265708
        ]
      }
    },
    {
      "type": "Feature",
      "properties": {
        "weight": 1.0
      },
      "geometry": {
        "type": "Point",
        "coordinates": [
          -2.9352917,
          43.2657289
        ]
      }
    },
    {
      "type": "Feature",
      "properties": {
        "weight": 1.0,
        "id": 13910455400,
        "hasDetails": true,
        "name": "La Pizarra",
        "amenity": "restaurant",
        "address": "Juan Ajuriaguerra kalea 16, Bilbao"
      },
      "geometry": {
        "type": "Point",
        "coordinates": [
          -2.9328658,
          43.2657561
        ]
      }
    },
    {
      "type": "Feature",
      "properties": {
        "weight": 1.0
      },
      "geometry": {
        "type": "Point",
        "coordinates": [
          -2.9330459,
          43.2657752
        ]
      }
    },
    {
      "type": "Feature",
      "properties": {
        "weight": 1.0,
        "id": 13644853442,
        "hasDetails": true,
        "name": "Break",
        "amenity": "cafe",
        "opening_hours": "Mo-Fr 06:00-21:00"
      },
      "geometry": {
        "type": "Point",
        "coordinates": [
          -2.9453627,
          43.2658027
        ]
      }
    },
    {
      "type": "Feature",
      "properties": {
        "weight": 1.0,
        "id": 5056374788,
        "hasDetails": true,
        "name": "Oh! Taku",
        "amenity": "restaurant",
        "address": "Heros kalea 14, Bilbao"
      },
      "geometry": {
        "type": "Point",
        "coordinates": [
          -2.9323251,
          43.265841
        ]
      }
    },
    {
      "type": "Feature",
      "properties": {
        "weight": 1.0,
        "id": 2705593212,
        "hasDetails": true,
        "name": "Las Cepas",
        "amenity": "pub",
        "address": "Juan Ajuriaguerra kalea 22, Bilbao"
      },
      "geometry": {
        "type": "Point",
        "coordinates": [
          -2.933416,
          43.2658586
        ]
      }
    },
    {
      "type": "Feature",
      "properties": {
        "weight": 1.0
      },
      "geometry": {
        "type": "Point",
        "coordinates": [
          -2.9178627,
          43.2658605
        ]
      }
    },
    {
      "type": "Feature",
      "properties": {
        "weight": 1.0,
        "id": 4138507792,
        "hasDetails": true,
        "name": "Le Patio",
        "amenity": "restaurant",
        "cuisine": "regional",
        "address": "Juan Ajuriaguerra kalea 22"
      },
      "geometry": {
        "type": "Point",
        "coordinates": [
          -2.933572,
          43.265867
        ]
      }
    },
    {
      "type": "Feature",
      "properties": {
        "weight": 1.0
      },
      "geometry": {
        "type": "Point",
        "coordinates": [
          -2.9352514,
          43.2658727
        ]
      }
    },
    {
      "type": "Feature",
      "properties": {
        "weight": 1.0
      },
      "geometry": {
        "type": "Point",
        "coordinates": [
          -2.9322507,
          43.2659167
        ]
      }
    },
    {
      "type": "Feature",
      "properties": {
        "weight": 1.0,
        "id": 6528467640,
        "hasDetails": true,
        "name": "Pub Key",
        "amenity": "pub",
        "address": "Kristo kalea",
        "website": "https://pub-key.negocio.site/",
        "opening_hours": "Fr-Sa 22:00-04:30"
      },
      "geometry": {
        "type": "Point",
        "coordinates": [
          -2.9220323,
          43.2659288
        ]
      }
    },
    {
      "type": "Feature",
      "properties": {
        "weight": 1.0,
        "id": 4121261633,
        "hasDetails": true,
        "name": "Menphis",
        "amenity": "cafe",
        "address": "Iparraguirre kalea 16, Bilbao"
      },
      "geometry": {
        "type": "Point",
        "coordinates": [
          -2.9353946,
          43.2660168
        ]
      }
    },
    {
      "type": "Feature",
      "properties": {
        "weight": 1.0,
        "id": 4121261630,
        "hasDetails": true,
        "name": "La Embajada",
        "amenity": "bar",
        "outdoor_seating": "yes"
      },
      "geometry": {
        "type": "Point",
        "coordinates": [
          -2.9351423,
          43.2660634
        ]
      }
    },
    {
      "type": "Feature",
      "properties": {
        "weight": 1.0
      },
      "geometry": {
        "type": "Point",
        "coordinates": [
          -2.9324195,
          43.2660877
        ]
      }
    },
    {
      "type": "Feature",
      "properties": {
        "weight": 1.0
      },
      "geometry": {
        "type": "Point",
        "coordinates": [
          -2.931921,
          43.2661057
        ]
      }
    },
    {
      "type": "Feature",
      "properties": {
        "weight": 1.0,
        "id": 4121261621,
        "hasDetails": true,
        "name": "Alkartetxe",
        "amenity": "restaurant",
        "address": "Juan Ajuriaguerra kalea 26, Bilbao"
      },
      "geometry": {
        "type": "Point",
        "coordinates": [
          -2.9345443,
          43.2661059
        ]
      }
    },
    {
      "type": "Feature",
      "properties": {
        "weight": 1.0,
        "id": 4727739405,
        "hasDetails": true,
        "name": "Hammad Doner Kebab",
        "amenity": "fast_food",
        "cuisine": "kebab",
        "website": "http://www.restaurantehammaddonerkebabbilbao.com/"
      },
      "geometry": {
        "type": "Point",
        "coordinates": [
          -2.9316057,
          43.2661836
        ]
      }
    },
    {
      "type": "Feature",
      "properties": {
        "weight": 1.0,
        "id": 4732326824,
        "hasDetails": true,
        "name": "Museo Artean Taberna",
        "amenity": "pub",
        "website": "http://www.tabernaentremuseos.com/"
      },
      "geometry": {
        "type": "Point",
        "coordinates": [
          -2.9358503,
          43.2661959
        ]
      }
    },
    {
      "type": "Feature",
      "properties": {
        "weight": 1.0,
        "id": 4732218106,
        "hasDetails": true,
        "name": "Punjab Indian",
        "amenity": "restaurant",
        "cuisine": "indian"
      },
      "geometry": {
        "type": "Point",
        "coordinates": [
          -2.9338333,
          43.2662166
        ]
      }
    },
    {
      "type": "Feature",
      "properties": {
        "weight": 1.0
      },
      "geometry": {
        "type": "Point",
        "coordinates": [
          -2.9334951,
          43.2662242
        ]
      }
    },
    {
      "type": "Feature",
      "properties": {
        "weight": 1.0
      },
      "geometry": {
        "type": "Point",
        "coordinates": [
          -2.9371411,
          43.2662257
        ]
      }
    },
    {
      "type": "Feature",
      "properties": {
        "weight": 1.0
      },
      "geometry": {
        "type": "Point",
        "coordinates": [
          -2.9462629,
          43.2662514
        ]
      }
    },
    {
      "type": "Feature",
      "properties": {
        "weight": 1.0,
        "id": 3768932111,
        "hasDetails": true,
        "name": "Cafeteria Duplex-Buen Caf\u00e9",
        "amenity": "cafe",
        "address": "Anselma de Salces kalea 1, Bilbao"
      },
      "geometry": {
        "type": "Point",
        "coordinates": [
          -2.9231493,
          43.266258
        ]
      }
    },
    {
      "type": "Feature",
      "properties": {
        "weight": 1.0
      },
      "geometry": {
        "type": "Point",
        "coordinates": [
          -2.9333269,
          43.2662885
        ]
      }
    },
    {
      "type": "Feature",
      "properties": {
        "weight": 1.0,
        "id": 14142690675,
        "hasDetails": true,
        "name": "bizi caf\u00e9",
        "amenity": "cafe",
        "cuisine": "coffee_shop;breakfast;brunch;spanish;regional;mediterranean",
        "address": "Cosme Echevarrieta kalea 1, Bilbao",
        "website": "https://www.bizicafehub.com",
        "outdoor_seating": "yes"
      },
      "geometry": {
        "type": "Point",
        "coordinates": [
          -2.9304612,
          43.2662948
        ]
      }
    },
    {
      "type": "Feature",
      "properties": {
        "weight": 1.0,
        "id": 4395410404,
        "hasDetails": true,
        "name": "El Gale\u00f3n",
        "amenity": "pub",
        "address": "Bilbao",
        "website": "http://www.galeonbilbao.com"
      },
      "geometry": {
        "type": "Point",
        "coordinates": [
          -2.9302898,
          43.2663071
        ]
      }
    },
    {
      "type": "Feature",
      "properties": {
        "weight": 1.0
      },
      "geometry": {
        "type": "Point",
        "coordinates": [
          -2.9353277,
          43.2663081
        ]
      }
    },
    {
      "type": "Feature",
      "properties": {
        "weight": 1.0,
        "id": 8041974685,
        "hasDetails": true,
        "name": "Kuv\u00e9e",
        "amenity": "bar",
        "address": "Lersundi kalea 5",
        "website": "http://www.kuveebilbao.com",
        "opening_hours": "Mo-Fr 12:00-16:00"
      },
      "geometry": {
        "type": "Point",
        "coordinates": [
          -2.9315683,
          43.266327
        ]
      }
    },
    {
      "type": "Feature",
      "properties": {
        "weight": 1.0
      },
      "geometry": {
        "type": "Point",
        "coordinates": [
          -2.9326952,
          43.2663328
        ]
      }
    },
    {
      "type": "Feature",
      "properties": {
        "weight": 1.0
      },
      "geometry": {
        "type": "Point",
        "coordinates": [
          -2.9364044,
          43.2663351
        ]
      }
    },
    {
      "type": "Feature",
      "properties": {
        "weight": 1.0,
        "id": 4732325909,
        "hasDetails": true,
        "name": "Brighton",
        "amenity": "cafe",
        "outdoor_seating": "yes"
      },
      "geometry": {
        "type": "Point",
        "coordinates": [
          -2.9372698,
          43.2663869
        ]
      }
    },
    {
      "type": "Feature",
      "properties": {
        "weight": 1.0,
        "id": 4732218108,
        "hasDetails": true,
        "name": "ARVO Coffee & Plants",
        "amenity": "cafe",
        "website": "https://arvobilbao.es/",
        "opening_hours": "Mo-Sa 08:30-16:00; Su 09:00-15:30",
        "outdoor_seating": "yes"
      },
      "geometry": {
        "type": "Point",
        "coordinates": [
          -2.933936,
          43.2664076
        ]
      }
    },
    {
      "type": "Feature",
      "properties": {
        "weight": 1.0,
        "id": 5056374736,
        "hasDetails": true,
        "name": "Zuretzat",
        "amenity": "restaurant",
        "address": "Iparraguirre kalea 7, Bilbao",
        "opening_hours": "Mo-Su 07:30-23:00"
      },
      "geometry": {
        "type": "Point",
        "coordinates": [
          -2.9349882,
          43.2664151
        ]
      }
    },
    {
      "type": "Feature",
      "properties": {
        "weight": 1.0
      },
      "geometry": {
        "type": "Point",
        "coordinates": [
          -2.9256848,
          43.2664268
        ]
      }
    },
    {
      "type": "Feature",
      "properties": {
        "weight": 1.0
      },
      "geometry": {
        "type": "Point",
        "coordinates": [
          -2.9313907,
          43.2664511
        ]
      }
    },
    {
      "type": "Feature",
      "properties": {
        "weight": 1.0
      },
      "geometry": {
        "type": "Point",
        "coordinates": [
          -2.9292874,
          43.2664786
        ]
      }
    },
    {
      "type": "Feature",
      "properties": {
        "weight": 1.0,
        "id": 4732325906,
        "hasDetails": true,
        "name": "Nokora",
        "amenity": "cafe",
        "cuisine": "coffee_shop",
        "website": "https://nokora.coffee"
      },
      "geometry": {
        "type": "Point",
        "coordinates": [
          -2.9373477,
          43.2664853
        ]
      }
    },
    {
      "type": "Feature",
      "properties": {
        "weight": 1.0,
        "id": 4727739413,
        "hasDetails": true,
        "name": "Wasabi",
        "amenity": "restaurant",
        "cuisine": "japanese",
        "website": "https://www.restauranteswasabi.com/"
      },
      "geometry": {
        "type": "Point",
        "coordinates": [
          -2.9315918,
          43.2664873
        ]
      }
    },
    {
      "type": "Feature",
      "properties": {
        "weight": 1.0,
        "id": 4396537489,
        "hasDetails": true,
        "name": "Singular",
        "amenity": "pub",
        "address": "Lersundi kalea 2, Bilbao",
        "website": "https://www.singularbar.com",
        "opening_hours": "Mo-Th 09:00-23:00; Fr 09:00-01:00; Sa 12:00-01:00"
      },
      "geometry": {
        "type": "Point",
        "coordinates": [
          -2.9306886,
          43.2664898
        ]
      }
    },
    {
      "type": "Feature",
      "properties": {
        "weight": 1.0
      },
      "geometry": {
        "type": "Point",
        "coordinates": [
          -2.9257674,
          43.2664956
        ]
      }
    },
    {
      "type": "Feature",
      "properties": {
        "weight": 1.0,
        "id": 4721901221,
        "hasDetails": true,
        "name": "Larruzz",
        "amenity": "restaurant",
        "address": "Uribitarte kalea 24, Bilbao",
        "website": "https://www.larruzzbilbao.com/"
      },
      "geometry": {
        "type": "Point",
        "coordinates": [
          -2.9296337,
          43.2665146
        ]
      }
    },
    {
      "type": "Feature",
      "properties": {
        "weight": 1.0,
        "id": 12050893830,
        "hasDetails": true,
        "name": "Cokoon",
        "amenity": "cafe",
        "opening_hours": "Tu-Su 09:00-14:00",
        "outdoor_seating": "sidewalk"
      },
      "geometry": {
        "type": "Point",
        "coordinates": [
          -2.934963,
          43.2665415
        ]
      }
    },
    {
      "type": "Feature",
      "properties": {
        "weight": 1.0
      },
      "geometry": {
        "type": "Point",
        "coordinates": [
          -2.9185554,
          43.2665584
        ]
      }
    },
    {
      "type": "Feature",
      "properties": {
        "weight": 1.0,
        "id": 5056353250,
        "hasDetails": true,
        "name": "Bar Uribarri",
        "amenity": "pub",
        "address": "Uribarri kalea 7, Bilbao"
      },
      "geometry": {
        "type": "Point",
        "coordinates": [
          -2.9225283,
          43.266562
        ]
      }
    },
    {
      "type": "Feature",
      "properties": {
        "weight": 1.0,
        "id": 4267997889,
        "hasDetails": true,
        "name": "Mes\u00f3n Lersundi",
        "amenity": "restaurant",
        "cuisine": "regional",
        "address": "Lersundi kalea 6",
        "website": "https://meson-lersundi.com/",
        "opening_hours": "Su-Th 13:00-16:00; Fr-Sa 13:00-16:00, 21:30-01:30"
      },
      "geometry": {
        "type": "Point",
        "coordinates": [
          -2.9310639,
          43.2665698
        ]
      }
    },
    {
      "type": "Feature",
      "properties": {
        "weight": 1.0,
        "id": 12752798273,
        "hasDetails": true,
        "name": "Asador Uribarri",
        "amenity": "fast_food",
        "cuisine": "pizza;burger;chicken;barbecue;dessert",
        "address": "Uribarri kalea 14",
        "opening_hours": "12:00-16:00,19:30-22:00"
      },
      "geometry": {
        "type": "Point",
        "coordinates": [
          -2.9223252,
          43.2665838
        ]
      }
    },
    {
      "type": "Feature",
      "properties": {
        "weight": 1.0
      },
      "geometry": {
        "type": "Point",
        "coordinates": [
          -2.9190371,
          43.2665991
        ]
      }
    },
    {
      "type": "Feature",
      "properties": {
        "weight": 1.0,
        "id": 2326444624,
        "hasDetails": true,
        "name": "Rockade",
        "amenity": "cafe",
        "cuisine": "burger;cake;mexican;sausage;tapas",
        "address": "Recalde zumarkalea 11, Bilbao",
        "website": "https://rockade.es/"
      },
      "geometry": {
        "type": "Point",
        "coordinates": [
          -2.9333015,
          43.2666217
        ]
      }
    },
    {
      "type": "Feature",
      "properties": {
        "weight": 1.0
      },
      "geometry": {
        "type": "Point",
        "coordinates": [
          -2.9368655,
          43.2666283
        ]
      }
    },
    {
      "type": "Feature",
      "properties": {
        "weight": 1.0
      },
      "geometry": {
        "type": "Point",
        "coordinates": [
          -2.9387664,
          43.2666453
        ]
      }
    },
    {
      "type": "Feature",
      "properties": {
        "weight": 1.0
      },
      "geometry": {
        "type": "Point",
        "coordinates": [
          -2.9442555,
          43.2666712
        ]
      }
    },
    {
      "type": "Feature",
      "properties": {
        "weight": 1.0,
        "id": 14206469701,
        "hasDetails": true,
        "name": "Suculenta Denda",
        "amenity": "restaurant",
        "address": "Barrainkua kalea 16",
        "website": "http://suculenta.eus",
        "opening_hours": "Mo-Fr 11:00-16:00; Sa 11:00-14:00"
      },
      "geometry": {
        "type": "Point",
        "coordinates": [
          -2.9345729,
          43.2666935
        ]
      }
    },
    {
      "type": "Feature",
      "properties": {
        "weight": 1.0,
        "id": 4667302483,
        "hasDetails": true,
        "name": "Campo Volant\u00edn",
        "amenity": "restaurant",
        "website": "https://www.restaurantecampovolantin.es/",
        "opening_hours": "Mo-Fr 07:30-22:30; Sa,Su 07:30-15:30"
      },
      "geometry": {
        "type": "Point",
        "coordinates": [
          -2.9268105,
          43.2667131
        ]
      }
    },
    {
      "type": "Feature",
      "properties": {
        "weight": 1.0,
        "id": 11929100269,
        "hasDetails": true,
        "name": "Odoloste",
        "amenity": "restaurant",
        "cuisine": "local;regional;spanish",
        "address": "Recalde zumarkalea 11",
        "website": "https://odoloste.com/"
      },
      "geometry": {
        "type": "Point",
        "coordinates": [
          -2.933293,
          43.2667225
        ]
      }
    },
    {
      "type": "Feature",
      "properties": {
        "weight": 1.0
      },
      "geometry": {
        "type": "Point",
        "coordinates": [
          -2.9369569,
          43.2667571
        ]
      }
    },
    {
      "type": "Feature",
      "properties": {
        "weight": 1.0,
        "id": 4732017929,
        "hasDetails": true,
        "name": "La Foca Nicanora",
        "amenity": "restaurant",
        "website": "https://www.lafocanicanora.com/"
      },
      "geometry": {
        "type": "Point",
        "coordinates": [
          -2.9347962,
          43.2668142
        ]
      }
    },
    {
      "type": "Feature",
      "properties": {
        "weight": 1.0,
        "id": 4732260029,
        "hasDetails": true,
        "name": "La Casa del Bacalao",
        "amenity": "restaurant",
        "cuisine": "fish",
        "address": "Mazarredo zumarkalea 79, Bilbao",
        "website": "https://www.restauranteserantes.com/"
      },
      "geometry": {
        "type": "Point",
        "coordinates": [
          -2.9365955,
          43.2668498
        ]
      }
    },
    {
      "type": "Feature",
      "properties": {
        "weight": 1.0
      },
      "geometry": {
        "type": "Point",
        "coordinates": [
          -2.9316003,
          43.2668581
        ]
      }
    },
    {
      "type": "Feature",
      "properties": {
        "weight": 1.0,
        "id": 5696137711,
        "hasDetails": true,
        "name": "Bar Tivoli",
        "amenity": "bar",
        "cuisine": "regional"
      },
      "geometry": {
        "type": "Point",
        "coordinates": [
          -2.925313,
          43.2669027
        ]
      }
    },
    {
      "type": "Feature",
      "properties": {
        "weight": 1.0,
        "id": 4732260028,
        "hasDetails": true,
        "name": "Serantes III",
        "amenity": "restaurant",
        "address": "Mazarredo zumarkalea 75",
        "website": "https://www.restauranteserantes.com/",
        "outdoor_seating": "yes"
      },
      "geometry": {
        "type": "Point",
        "coordinates": [
          -2.9362468,
          43.2669289
        ]
      }
    },
    {
      "type": "Feature",
      "properties": {
        "weight": 1.0,
        "id": 13294740313,
        "hasDetails": true,
        "name": "La Caba\u00f1a Bar",
        "amenity": "pub",
        "address": "Maurice Ravel etorbidea 10, Bilbao",
        "opening_hours": "Th 19:00-00:00; Fr 12:30-15:00, 19:00-00:00; Sa 12:30-23:30; Su 12:00-17:00",
        "names": [
          "La Caba\u00f1a Bar",
          "Caf\u00e9 Jotaele"
        ]
      },
      "geometry": {
        "type": "Point",
        "coordinates": [
          -2.9170476,
          43.2669786
        ]
      }
    },
    {
      "type": "Feature",
      "properties": {
        "weight": 1.0,
        "id": 8325030817,
        "hasDetails": true,
        "name": "Zubizuri",
        "amenity": "restaurant",
        "address": "Campo Volantin pasealekua 23",
        "outdoor_seating": "yes"
      },
      "geometry": {
        "type": "Point",
        "coordinates": [
          -2.9272417,
          43.2669833
        ]
      }
    },
    {
      "type": "Feature",
      "properties": {
        "weight": 1.0,
        "id": 4757542421,
        "hasDetails": true,
        "name": "Aitxu",
        "amenity": "restaurant",
        "address": "Lehendakari Leizaola kalea, Bilbao"
      },
      "geometry": {
        "type": "Point",
        "coordinates": [
          -2.9396259,
          43.2670222
        ]
      }
    },
    {
      "type": "Feature",
      "properties": {
        "weight": 1.0
      },
      "geometry": {
        "type": "Point",
        "coordinates": [
          -2.9347087,
          43.2670274
        ]
      }
    },
    {
      "type": "Feature",
      "properties": {
        "weight": 1.0,
        "id": 4721901226,
        "hasDetails": true,
        "name": "Attico 14",
        "amenity": "cafe",
        "address": "Mazarredo zumarkalea 14, Bilbao",
        "website": "http://attico14.com"
      },
      "geometry": {
        "type": "Point",
        "coordinates": [
          -2.9303122,
          43.2670379
        ]
      }
    },
    {
      "type": "Feature",
      "properties": {
        "weight": 1.0,
        "id": 8867664163,
        "hasDetails": true,
        "name": "Abadia",
        "amenity": "restaurant",
        "cuisine": "regional;tapa",
        "names": [
          "Abadia",
          "Berri Ipartagirre"
        ]
      },
      "geometry": {
        "type": "Point",
        "coordinates": [
          -2.9350348,
          43.2670434
        ]
      }
    },
    {
      "type": "Feature",
      "properties": {
        "weight": 1.0,
        "id": 6027731487,
        "hasDetails": true,
        "name": "Origen",
        "amenity": "restaurant",
        "address": "Leizaola lehendakariaren kalea 7"
      },
      "geometry": {
        "type": "Point",
        "coordinates": [
          -2.9403287,
          43.2671488
        ]
      }
    },
    {
      "type": "Feature",
      "properties": {
        "weight": 1.0
      },
      "geometry": {
        "type": "Point",
        "coordinates": [
          -2.9353457,
          43.2671516
        ]
      }
    },
    {
      "type": "Feature",
      "properties": {
        "weight": 1.0
      },
      "geometry": {
        "type": "Point",
        "coordinates": [
          -2.9345116,
          43.2671591
        ]
      }
    },
    {
      "type": "Feature",
      "properties": {
        "weight": 1.0,
        "id": 4732259619,
        "hasDetails": true,
        "name": "Sua San",
        "amenity": "restaurant",
        "address": "Mazarredo zumarkalea 65, Bilbao",
        "names": [
          "Sua San",
          "London Doner Kebab"
        ],
        "amenities": [
          "restaurant",
          "fast_food"
        ]
      },
      "geometry": {
        "type": "Point",
        "coordinates": [
          -2.9352196,
          43.2671797
        ]
      }
    },
    {
      "type": "Feature",
      "properties": {
        "weight": 1.0,
        "id": 4732017926,
        "hasDetails": true,
        "name": "Amorino",
        "amenity": "ice_cream",
        "cuisine": "ice_cream",
        "address": "Iparraguirre kalea 1, Bilbao",
        "opening_hours": "Mo-Su 11:00-21:00"
      },
      "geometry": {
        "type": "Point",
        "coordinates": [
          -2.9346491,
          43.267186
        ]
      }
    },
    {
      "type": "Feature",
      "properties": {
        "weight": 1.0,
        "id": 4732259605,
        "hasDetails": true,
        "name": "Magor",
        "amenity": "pub",
        "address": "Bilbao"
      },
      "geometry": {
        "type": "Point",
        "coordinates": [
          -2.9350728,
          43.2672007
        ]
      }
    },
    {
      "type": "Feature",
      "properties": {
        "weight": 1.0,
        "id": 6577127685,
        "hasDetails": true,
        "name": "Erribera",
        "amenity": "pub",
        "address": "Deustuibarra 43",
        "opening_hours": "Mo-Fr 08:30-16:00; Sa 11:00-17:30; Su 11:00-17:30; Mo-Fr 19:30-23:00"
      },
      "geometry": {
        "type": "Point",
        "coordinates": [
          -2.9603807,
          43.267272
        ]
      }
    },
    {
      "type": "Feature",
      "properties": {
        "weight": 1.0,
        "id": 4727774403,
        "hasDetails": true,
        "name": "Il Giardino della Nonna",
        "amenity": "restaurant",
        "cuisine": "italian",
        "website": "https://www.giardinodellanonna.com/"
      },
      "geometry": {
        "type": "Point",
        "coordinates": [
          -2.9304481,
          43.2672726
        ]
      }
    },
    {
      "type": "Feature",
      "properties": {
        "weight": 1.0
      },
      "geometry": {
        "type": "Point",
        "coordinates": [
          -2.9309484,
          43.2672756
        ]
      }
    },
    {
      "type": "Feature",
      "properties": {
        "weight": 1.0,
        "id": 4750762083,
        "hasDetails": true,
        "name": "Plaza Bar",
        "amenity": "pub",
        "address": "Euskadi plaza 3",
        "website": "https://plazabar.es"
      },
      "geometry": {
        "type": "Point",
        "coordinates": [
          -2.9386144,
          43.2673325
        ]
      }
    },
    {
      "type": "Feature",
      "properties": {
        "weight": 1.0
      },
      "geometry": {
        "type": "Point",
        "coordinates": [
          -2.9253882,
          43.267341
        ]
      }
    },
    {
      "type": "Feature",
      "properties": {
        "weight": 1.0
      },
      "geometry": {
        "type": "Point",
        "coordinates": [
          -2.9389744,
          43.267398
        ]
      }
    },
    {
      "type": "Feature",
      "properties": {
        "weight": 1.0,
        "id": 4750789675,
        "hasDetails": true,
        "name": "Quatre",
        "amenity": "restaurant",
        "opening_hours": "PH,Mo-Su 11:00-23:00",
        "outdoor_seating": "yes"
      },
      "geometry": {
        "type": "Point",
        "coordinates": [
          -2.9421149,
          43.2673985
        ]
      }
    },
    {
      "type": "Feature",
      "properties": {
        "weight": 1.0
      },
      "geometry": {
        "type": "Point",
        "coordinates": [
          -2.9168844,
          43.2674233
        ]
      }
    },
    {
      "type": "Feature",
      "properties": {
        "weight": 1.0
      },
      "geometry": {
        "type": "Point",
        "coordinates": [
          -2.9267558,
          43.2674348
        ]
      }
    },
    {
      "type": "Feature",
      "properties": {
        "weight": 1.0,
        "id": 8280590851,
        "hasDetails": true,
        "name": "Oce\u00e1nico Sushi Bar",
        "amenity": "restaurant",
        "cuisine": "japanese",
        "address": "Euskadi plaza 4",
        "website": "https://oceanicosushibar.com"
      },
      "geometry": {
        "type": "Point",
        "coordinates": [
          -2.9384891,
          43.2674458
        ]
      }
    },
    {
      "type": "Feature",
      "properties": {
        "weight": 1.0,
        "id": 5056387522,
        "hasDetails": true,
        "name": "Sustraiak Catering Vegano",
        "amenity": "restaurant",
        "cuisine": "catering",
        "address": "Deustuibarra 47, Bilbao",
        "opening_hours": "Tu-Fr 11:00-17:00; Sa 11:00-15:00"
      },
      "geometry": {
        "type": "Point",
        "coordinates": [
          -2.9605936,
          43.2674489
        ]
      }
    },
    {
      "type": "Feature",
      "properties": {
        "weight": 1.0,
        "id": 4732017924,
        "hasDetails": true,
        "name": "Porrue",
        "amenity": "restaurant",
        "cuisine": "diner;fine_dining;fish;grill;local;regional;seafood",
        "address": "Recalde zumarkalea 4, Bilbao",
        "website": "https://www.porrue.com"
      },
      "geometry": {
        "type": "Point",
        "coordinates": [
          -2.9333293,
          43.2674504
        ]
      }
    },
    {
      "type": "Feature",
      "properties": {
        "weight": 1.0,
        "id": 4750762084,
        "hasDetails": true,
        "name": "Mini Bar Bilbao",
        "amenity": "pub",
        "address": "Deustuko zubia 6",
        "website": "https://www.minibarbilbao.com/",
        "opening_hours": "Mo-Th 10:00-22:30; Fr-Sa 10:00-23:00; Sa-Su 00:00-01:00"
      },
      "geometry": {
        "type": "Point",
        "coordinates": [
          -2.9390551,
          43.2674661
        ]
      }
    },
    {
      "type": "Feature",
      "properties": {
        "weight": 1.0
      },
      "geometry": {
        "type": "Point",
        "coordinates": [
          -2.9306956,
          43.2675123
        ]
      }
    },
    {
      "type": "Feature",
      "properties": {
        "weight": 1.0,
        "id": 4732017922,
        "hasDetails": true,
        "name": "The Gallery",
        "amenity": "restaurant",
        "cuisine": "fine_dining",
        "address": "Mazarredo zumarkalea 61, Bilbao",
        "website": "https://hoteltheartist.com/es/olio/"
      },
      "geometry": {
        "type": "Point",
        "coordinates": [
          -2.9339098,
          43.2675126
        ]
      }
    },
    {
      "type": "Feature",
      "properties": {
        "weight": 1.0
      },
      "geometry": {
        "type": "Point",
        "coordinates": [
          -2.9153329,
          43.2675155
        ]
      }
    },
    {
      "type": "Feature",
      "properties": {
        "weight": 1.0
      },
      "geometry": {
        "type": "Point",
        "coordinates": [
          -2.9256184,
          43.2675397
        ]
      }
    },
    {
      "type": "Feature",
      "properties": {
        "weight": 1.0,
        "id": 12580064319,
        "hasDetails": true,
        "name": "The Rooftop by The Artist",
        "amenity": "bar",
        "address": "Mazarredo zumarkalea 61, Bilbao"
      },
      "geometry": {
        "type": "Point",
        "coordinates": [
          -2.9337498,
          43.2675402
        ]
      }
    },
    {
      "type": "Feature",
      "properties": {
        "weight": 1.0
      },
      "geometry": {
        "type": "Point",
        "coordinates": [
          -2.9336023,
          43.2675719
        ]
      }
    },
    {
      "type": "Feature",
      "properties": {
        "weight": 1.0,
        "id": 4727774400,
        "hasDetails": true,
        "name": "PYRO Bar&Grill",
        "amenity": "restaurant",
        "address": "Alameda Mazarredo 20, Bilbao",
        "website": "https://www.pyrobargrill.com"
      },
      "geometry": {
        "type": "Point",
        "coordinates": [
          -2.9307797,
          43.2675804
        ]
      }
    },
    {
      "type": "Feature",
      "properties": {
        "weight": 1.0,
        "id": 4750762071,
        "hasDetails": true,
        "name": "SanwiCoffee",
        "amenity": "cafe",
        "website": "http://www.sanwicoffee.es"
      },
      "geometry": {
        "type": "Point",
        "coordinates": [
          -2.9380551,
          43.2675915
        ]
      }
    },
    {
      "type": "Feature",
      "properties": {
        "weight": 1.0
      },
      "geometry": {
        "type": "Point",
        "coordinates": [
          -2.9275833,
          43.267595
        ]
      }
    },
    {
      "type": "Feature",
      "properties": {
        "weight": 1.0
      },
      "geometry": {
        "type": "Point",
        "coordinates": [
          -2.9398365,
          43.2676194
        ]
      }
    },
    {
      "type": "Feature",
      "properties": {
        "weight": 1.0,
        "id": 6992199340,
        "hasDetails": true,
        "name": "La pasarela",
        "amenity": "bar",
        "address": "Uriortu kalea"
      },
      "geometry": {
        "type": "Point",
        "coordinates": [
          -2.927012,
          43.2676357
        ]
      }
    },
    {
      "type": "Feature",
      "properties": {
        "weight": 1.0
      },
      "geometry": {
        "type": "Point",
        "coordinates": [
          -2.923507,
          43.2676604
        ]
      }
    },
    {
      "type": "Feature",
      "properties": {
        "weight": 1.0
      },
      "geometry": {
        "type": "Point",
        "coordinates": [
          -2.9271142,
          43.2677084
        ]
      }
    },
    {
      "type": "Feature",
      "properties": {
        "weight": 1.0,
        "id": 6577251485,
        "hasDetails": true,
        "name": "Bego\u00f1a Berria",
        "amenity": "pub",
        "address": "Deustuibarrra"
      },
      "geometry": {
        "type": "Point",
        "coordinates": [
          -2.9609294,
          43.2677321
        ]
      }
    },
    {
      "type": "Feature",
      "properties": {
        "weight": 1.0,
        "id": 4727846387,
        "hasDetails": true,
        "name": "Marisqueria Mazarredo",
        "amenity": "restaurant",
        "website": "https://www.marisqueriamazarredo.com/"
      },
      "geometry": {
        "type": "Point",
        "coordinates": [
          -2.9322895,
          43.2678044
        ]
      }
    },
    {
      "type": "Feature",
      "properties": {
        "weight": 1.0
      },
      "geometry": {
        "type": "Point",
        "coordinates": [
          -2.9257677,
          43.2678636
        ]
      }
    },
    {
      "type": "Feature",
      "properties": {
        "weight": 1.0,
        "id": 3678648692,
        "hasDetails": true,
        "name": "Plaza Moraza",
        "amenity": "bar",
        "address": "Moraza plaza 1, Bilbao",
        "opening_hours": "PH,Mo-Su 06:00-23:00"
      },
      "geometry": {
        "type": "Point",
        "coordinates": [
          -2.9250041,
          43.267893
        ]
      }
    },
    {
      "type": "Feature",
      "properties": {
        "weight": 1.0,
        "id": 4941715092,
        "hasDetails": true,
        "name": "McDonald's",
        "amenity": "fast_food",
        "cuisine": "burger",
        "opening_hours": "Mo-Th 10:00-00:00; Fr-Sa 10:00-01:30; Su 12:00-00:00"
      },
      "geometry": {
        "type": "Point",
        "coordinates": [
          -2.941336,
          43.2679159
        ]
      }
    },
    {
      "type": "Feature",
      "properties": {
        "weight": 1.0
      },
      "geometry": {
        "type": "Point",
        "coordinates": [
          -2.92463,
          43.2679173
        ]
      }
    },
    {
      "type": "Feature",
      "properties": {
        "weight": 1.0,
        "id": 12503147974,
        "hasDetails": true,
        "name": "Restaurante Kondutxo",
        "amenity": "restaurant",
        "outdoor_seating": "balcony"
      },
      "geometry": {
        "type": "Point",
        "coordinates": [
          -2.9311123,
          43.2679263
        ]
      }
    },
    {
      "type": "Feature",
      "properties": {
        "weight": 1.0
      },
      "geometry": {
        "type": "Point",
        "coordinates": [
          -2.9409801,
          43.2679477
        ]
      }
    },
    {
      "type": "Feature",
      "properties": {
        "weight": 1.0
      },
      "geometry": {
        "type": "Point",
        "coordinates": [
          -2.9404267,
          43.267967
        ]
      }
    },
    {
      "type": "Feature",
      "properties": {
        "weight": 1.0,
        "id": 6992199338,
        "hasDetails": true,
        "name": "Bilba",
        "amenity": "bar",
        "address": "Uriortu kalea"
      },
      "geometry": {
        "type": "Point",
        "coordinates": [
          -2.9274046,
          43.2679746
        ]
      }
    },
    {
      "type": "Feature",
      "properties": {
        "weight": 1.0,
        "id": 13526824101,
        "hasDetails": true,
        "name": "Arte Bianca - Pizzas y focaccias gourmet",
        "amenity": "restaurant",
        "cuisine": "italian;italian_pizza",
        "address": "Leizaola lehendakariaren kalea 2",
        "website": "https://artebianca.io/",
        "opening_hours": "Su-Th 13:00-22:00; Fr-Sa 13:00-23:00",
        "names": [
          "Arte Bianca - Pizzas y focaccias gourmet",
          "Burger King"
        ],
        "amenities": [
          "restaurant",
          "fast_food"
        ]
      },
      "geometry": {
        "type": "Point",
        "coordinates": [
          -2.9412009,
          43.2679892
        ]
      }
    },
    {
      "type": "Feature",
      "properties": {
        "weight": 1.0,
        "id": 8278645400,
        "hasDetails": true,
        "amenity": "restaurant",
        "address": "Euskadi plaza 5",
        "website": "https://grupoiruna.net/espacios-exclusivos/torre-iberdrola"
      },
      "geometry": {
        "type": "Point",
        "coordinates": [
          -2.9385491,
          43.2679909
        ]
      }
    },
    {
      "type": "Feature",
      "properties": {
        "weight": 1.0
      },
      "geometry": {
        "type": "Point",
        "coordinates": [
          -2.9408115,
          43.2680103
        ]
      }
    },
    {
      "type": "Feature",
      "properties": {
        "weight": 1.0,
        "id": 5799911255,
        "hasDetails": true,
        "name": "Cruz Blanca",
        "amenity": "restaurant",
        "website": "http://www.cruzblancabilbao.com/"
      },
      "geometry": {
        "type": "Point",
        "coordinates": [
          -2.9403046,
          43.2680657
        ]
      }
    },
    {
      "type": "Feature",
      "properties": {
        "weight": 1.0
      },
      "geometry": {
        "type": "Point",
        "coordinates": [
          -2.92696,
          43.2681169
        ]
      }
    },
    {
      "type": "Feature",
      "properties": {
        "weight": 1.0,
        "id": 5799910652,
        "hasDetails": true,
        "name": "100 Montaditos",
        "amenity": "restaurant",
        "cuisine": "sandwich"
      },
      "geometry": {
        "type": "Point",
        "coordinates": [
          -2.9410878,
          43.2681243
        ]
      }
    },
    {
      "type": "Feature",
      "properties": {
        "weight": 1.0,
        "id": 5799911257,
        "hasDetails": true,
        "name": "Krunch",
        "amenity": "restaurant",
        "website": "https://krunch.es/"
      },
      "geometry": {
        "type": "Point",
        "coordinates": [
          -2.9405661,
          43.2681399
        ]
      }
    },
    {
      "type": "Feature",
      "properties": {
        "weight": 1.0,
        "id": 5799911256,
        "hasDetails": true,
        "name": "Mr. Wok",
        "amenity": "restaurant",
        "cuisine": "chinese",
        "website": "http://www.mrwok.es/"
      },
      "geometry": {
        "type": "Point",
        "coordinates": [
          -2.940782,
          43.2681584
        ]
      }
    },
    {
      "type": "Feature",
      "properties": {
        "weight": 1.0,
        "id": 8963783722,
        "hasDetails": true,
        "name": "Rallye",
        "amenity": "fast_food",
        "opening_hours": "PH,Mo-Su 11:00-16:00,18:00-22:00"
      },
      "geometry": {
        "type": "Point",
        "coordinates": [
          -2.9245731,
          43.26819
        ]
      }
    },
    {
      "type": "Feature",
      "properties": {
        "weight": 1.0
      },
      "geometry": {
        "type": "Point",
        "coordinates": [
          -2.9239562,
          43.2681981
        ]
      }
    },
    {
      "type": "Feature",
      "properties": {
        "weight": 1.0,
        "id": 1209500011,
        "hasDetails": true,
        "name": "Gelati!! Gelati!!",
        "amenity": "ice_cream",
        "website": "https://gelatigelati.com"
      },
      "geometry": {
        "type": "Point",
        "coordinates": [
          -2.9307631,
          43.2681987
        ]
      }
    },
    {
      "type": "Feature",
      "properties": {
        "weight": 1.0
      },
      "geometry": {
        "type": "Point",
        "coordinates": [
          -2.9263132,
          43.2682884
        ]
      }
    },
    {
      "type": "Feature",
      "properties": {
        "weight": 1.0
      },
      "geometry": {
        "type": "Point",
        "coordinates": [
          -2.9421429,
          43.2683193
        ]
      }
    },
    {
      "type": "Feature",
      "properties": {
        "weight": 1.0
      },
      "geometry": {
        "type": "Point",
        "coordinates": [
          -2.9420752,
          43.2684214
        ]
      }
    },
    {
      "type": "Feature",
      "properties": {
        "weight": 1.0,
        "id": 6992199337,
        "hasDetails": true,
        "name": "Fontecha",
        "amenity": "bar",
        "address": "Fontecha eta Salazar kalea"
      },
      "geometry": {
        "type": "Point",
        "coordinates": [
          -2.9278286,
          43.268427
        ]
      }
    },
    {
      "type": "Feature",
      "properties": {
        "weight": 1.0,
        "id": 14211554288,
        "hasDetails": true,
        "name": "espiral",
        "amenity": "cafe",
        "opening_hours": "Tu-Su 09:00-15:00; Mo off"
      },
      "geometry": {
        "type": "Point",
        "coordinates": [
          -2.9260955,
          43.2684273
        ]
      }
    },
    {
      "type": "Feature",
      "properties": {
        "weight": 1.0
      },
      "geometry": {
        "type": "Point",
        "coordinates": [
          -2.9265931,
          43.2685226
        ]
      }
    },
    {
      "type": "Feature",
      "properties": {
        "weight": 1.0,
        "id": 4254031727,
        "hasDetails": true,
        "name": "Toto",
        "amenity": "fast_food",
        "cuisine": "pizza"
      },
      "geometry": {
        "type": "Point",
        "coordinates": [
          -2.9466711,
          43.2686001
        ]
      }
    },
    {
      "type": "Feature",
      "properties": {
        "weight": 1.0
      },
      "geometry": {
        "type": "Point",
        "coordinates": [
          -2.9166785,
          43.2686142
        ]
      }
    },
    {
      "type": "Feature",
      "properties": {
        "weight": 1.0,
        "id": 4385670349,
        "hasDetails": true,
        "name": "Guggenheim Bilbao",
        "amenity": "bar",
        "address": "Abandoibarra etorbidea 2",
        "outdoor_seating": "yes"
      },
      "geometry": {
        "type": "Point",
        "coordinates": [
          -2.9345649,
          43.2686558
        ]
      }
    },
    {
      "type": "Feature",
      "properties": {
        "weight": 1.0
      },
      "geometry": {
        "type": "Point",
        "coordinates": [
          -2.9516191,
          43.2687214
        ]
      }
    },
    {
      "type": "Feature",
      "properties": {
        "weight": 1.0,
        "id": 174092321,
        "hasDetails": true,
        "name": "Koffijazzona",
        "amenity": "cafe",
        "outdoor_seating": "yes"
      },
      "geometry": {
        "type": "Point",
        "coordinates": [
          -2.9356928,
          43.268742
        ]
      }
    },
    {
      "type": "Feature",
      "properties": {
        "weight": 1.0
      },
      "geometry": {
        "type": "Point",
        "coordinates": [
          -2.8988189,
          43.2688059
        ]
      }
    },
    {
      "type": "Feature",
      "properties": {
        "weight": 1.0,
        "id": 4455573487,
        "hasDetails": true,
        "name": "Nerua",
        "amenity": "restaurant",
        "cuisine": "fine_dining;local;regional;spanish",
        "website": "https://www.neruaguggenheimbilbao.com/",
        "wikidata": "Q21571760"
      },
      "geometry": {
        "type": "Point",
        "coordinates": [
          -2.9325487,
          43.2688611
        ]
      }
    },
    {
      "type": "Feature",
      "properties": {
        "weight": 1.0,
        "id": 13811497002,
        "hasDetails": true,
        "name": "La Madriguera",
        "amenity": "pub",
        "address": "Saratsate musikariaren kalea 7"
      },
      "geometry": {
        "type": "Point",
        "coordinates": [
          -2.9526711,
          43.2689273
        ]
      }
    },
    {
      "type": "Feature",
      "properties": {
        "weight": 1.0,
        "id": 6866448785,
        "hasDetails": true,
        "name": "Venus",
        "amenity": "bar",
        "address": "Jon Arrospide kalea"
      },
      "geometry": {
        "type": "Point",
        "coordinates": [
          -2.9530425,
          43.2689399
        ]
      }
    },
    {
      "type": "Feature",
      "properties": {
        "weight": 1.0,
        "id": 6992199335,
        "hasDetails": true,
        "name": "Etxebarria",
        "amenity": "bar",
        "address": "Uriortu kalea"
      },
      "geometry": {
        "type": "Point",
        "coordinates": [
          -2.9290898,
          43.2690845
        ]
      }
    },
    {
      "type": "Feature",
      "properties": {
        "weight": 1.0,
        "id": 5056392308,
        "hasDetails": true,
        "name": "Jard\u00edn Secreto Bilbao",
        "amenity": "bar",
        "address": "Deustuibarra 71, Bilbao",
        "website": "https://espacioopen.com/jardin-secreto-bilbao/",
        "opening_hours": "Tu-Su 11:00-00:00"
      },
      "geometry": {
        "type": "Point",
        "coordinates": [
          -2.9626226,
          43.269111
        ]
      }
    },
    {
      "type": "Feature",
      "properties": {
        "weight": 1.0
      },
      "geometry": {
        "type": "Point",
        "coordinates": [
          -2.9289099,
          43.2691617
        ]
      }
    },
    {
      "type": "Feature",
      "properties": {
        "weight": 1.0,
        "id": 8320723317,
        "hasDetails": true,
        "name": "El canal",
        "amenity": "bar",
        "address": "Eraso jeneralaren kalea 4"
      },
      "geometry": {
        "type": "Point",
        "coordinates": [
          -2.9511288,
          43.2691664
        ]
      }
    },
    {
      "type": "Feature",
      "properties": {
        "weight": 1.0
      },
      "geometry": {
        "type": "Point",
        "coordinates": [
          -2.9838621,
          43.2692777
        ]
      }
    },
    {
      "type": "Feature",
      "properties": {
        "weight": 1.0,
        "id": 4980871212,
        "hasDetails": true,
        "name": "La Gabarra",
        "amenity": "restaurant",
        "address": "Botikazar erribera 18"
      },
      "geometry": {
        "type": "Point",
        "coordinates": [
          -2.9438564,
          43.2693365
        ]
      }
    },
    {
      "type": "Feature",
      "properties": {
        "weight": 1.0,
        "id": 6992087987,
        "hasDetails": true,
        "name": "Sagutxu",
        "amenity": "pub",
        "address": "Heliodoro de la Torre kalea"
      },
      "geometry": {
        "type": "Point",
        "coordinates": [
          -2.9439628,
          43.2693957
        ]
      }
    },
    {
      "type": "Feature",
      "properties": {
        "weight": 1.0,
        "id": 8320723417,
        "hasDetails": true,
        "name": "Goiri eder",
        "amenity": "bar",
        "address": "Eraso jeneralaren kalea 6"
      },
      "geometry": {
        "type": "Point",
        "coordinates": [
          -2.9510875,
          43.2693996
        ]
      }
    },
    {
      "type": "Feature",
      "properties": {
        "weight": 1.0
      },
      "geometry": {
        "type": "Point",
        "coordinates": [
          -2.9470614,
          43.2694019
        ]
      }
    },
    {
      "type": "Feature",
      "properties": {
        "weight": 1.0,
        "id": 6992115387,
        "hasDetails": true,
        "name": "Restaurante Deusto",
        "amenity": "fast_food",
        "address": "Heliodoro de la Torre kalea"
      },
      "geometry": {
        "type": "Point",
        "coordinates": [
          -2.9438538,
          43.2695979
        ]
      }
    },
    {
      "type": "Feature",
      "properties": {
        "weight": 1.0,
        "id": 8320723519,
        "hasDetails": true,
        "name": "Berri Haizea",
        "amenity": "bar",
        "address": "Blas de Otero kalea"
      },
      "geometry": {
        "type": "Point",
        "coordinates": [
          -2.9515794,
          43.2696342
        ]
      }
    },
    {
      "type": "Feature",
      "properties": {
        "weight": 1.0,
        "id": 6992138387,
        "hasDetails": true,
        "name": "Otero",
        "amenity": "restaurant",
        "address": "Blas de Otero kalea"
      },
      "geometry": {
        "type": "Point",
        "coordinates": [
          -2.9506871,
          43.2697609
        ]
      }
    },
    {
      "type": "Feature",
      "properties": {
        "weight": 1.0,
        "id": 6992138485,
        "hasDetails": true,
        "name": "Santa Fe",
        "amenity": "bar",
        "address": "Blas de Otero kalea"
      },
      "geometry": {
        "type": "Point",
        "coordinates": [
          -2.9504872,
          43.2697643
        ]
      }
    },
    {
      "type": "Feature",
      "properties": {
        "weight": 1.0,
        "id": 6992136086,
        "hasDetails": true,
        "name": "La tortilla",
        "amenity": "cafe",
        "outdoor_seating": "yes"
      },
      "geometry": {
        "type": "Point",
        "coordinates": [
          -2.9501234,
          43.269769
        ]
      }
    },
    {
      "type": "Feature",
      "properties": {
        "weight": 1.0,
        "id": 4918286721,
        "hasDetails": true,
        "name": "Sat\u00e9lite T",
        "amenity": "restaurant",
        "address": "Agirre Lehendakariaren etorbidea, Bilbao",
        "opening_hours": "Mo-Su 09:00-17:00"
      },
      "geometry": {
        "type": "Point",
        "coordinates": [
          -2.9414915,
          43.2697863
        ]
      }
    },
    {
      "type": "Feature",
      "properties": {
        "weight": 1.0,
        "id": 6992118585,
        "hasDetails": true,
        "name": "Deustuko batzokia",
        "amenity": "bar",
        "address": "Heliodoro de la Torre kalea"
      },
      "geometry": {
        "type": "Point",
        "coordinates": [
          -2.9442533,
          43.2698159
        ]
      }
    },
    {
      "type": "Feature",
      "properties": {
        "weight": 1.0,
        "id": 6992136185,
        "hasDetails": true,
        "name": "Jacinta",
        "amenity": "bar",
        "address": "Blas de Otero kalea"
      },
      "geometry": {
        "type": "Point",
        "coordinates": [
          -2.9495868,
          43.2698235
        ]
      }
    },
    {
      "type": "Feature",
      "properties": {
        "weight": 1.0,
        "id": 4914400042,
        "hasDetails": true,
        "name": "Eastlife",
        "amenity": "pub",
        "address": "Francesc Macia kalea",
        "opening_hours": "10:00-22:00"
      },
      "geometry": {
        "type": "Point",
        "coordinates": [
          -2.9420828,
          43.2698367
        ]
      }
    },
    {
      "type": "Feature",
      "properties": {
        "weight": 1.0
      },
      "geometry": {
        "type": "Point",
        "coordinates": [
          -2.9471361,
          43.269848
        ]
      }
    },
    {
      "type": "Feature",
      "properties": {
        "weight": 1.0,
        "id": 6992118685,
        "hasDetails": true,
        "name": "JM",
        "amenity": "bar",
        "address": "Heliodoro de la Torre kalea 4"
      },
      "geometry": {
        "type": "Point",
        "coordinates": [
          -2.9439593,
          43.2698868
        ]
      }
    },
    {
      "type": "Feature",
      "properties": {
        "weight": 1.0
      },
      "geometry": {
        "type": "Point",
        "coordinates": [
          -2.9472507,
          43.2699184
        ]
      }
    },
    {
      "type": "Feature",
      "properties": {
        "weight": 1.0,
        "id": 6992129285,
        "hasDetails": true,
        "name": "Malditas",
        "amenity": "restaurant",
        "cuisine": "burger",
        "address": "Blas de Otero kalea"
      },
      "geometry": {
        "type": "Point",
        "coordinates": [
          -2.9470485,
          43.2699258
        ]
      }
    },
    {
      "type": "Feature",
      "properties": {
        "weight": 1.0,
        "id": 10218153117,
        "hasDetails": true,
        "name": "Hamburgueser\u00eda El B\u00faho Rojo",
        "amenity": "restaurant",
        "cuisine": "burger",
        "address": "Blas de Otero kalea 23",
        "website": "https://elbuhorojo.com/"
      },
      "geometry": {
        "type": "Point",
        "coordinates": [
          -2.9469173,
          43.2699337
        ]
      }
    },
    {
      "type": "Feature",
      "properties": {
        "weight": 1.0,
        "id": 14102966101,
        "hasDetails": true,
        "name": "Don Cr\u00eape",
        "amenity": "restaurant",
        "cuisine": "crepe;savory_pancakes",
        "address": "Unibertsitate etorbidea 2"
      },
      "geometry": {
        "type": "Point",
        "coordinates": [
          -2.9316147,
          43.2699358
        ]
      }
    },
    {
      "type": "Feature",
      "properties": {
        "weight": 1.0
      },
      "geometry": {
        "type": "Point",
        "coordinates": [
          -2.9466224,
          43.2699703
        ]
      }
    },
    {
      "type": "Feature",
      "properties": {
        "weight": 1.0,
        "id": 6992118586,
        "hasDetails": true,
        "name": "Otero 9 etxea",
        "amenity": "bar",
        "address": "Blas de Otero kalea 9"
      },
      "geometry": {
        "type": "Point",
        "coordinates": [
          -2.9447835,
          43.2699991
        ]
      }
    },
    {
      "type": "Feature",
      "properties": {
        "weight": 1.0
      },
      "geometry": {
        "type": "Point",
        "coordinates": [
          -2.9770905,
          43.2700162
        ]
      }
    },
    {
      "type": "Feature",
      "properties": {
        "weight": 1.0,
        "id": 6992115390,
        "hasDetails": true,
        "name": "G\u00e9nova",
        "amenity": "restaurant",
        "address": "Blas de Otero kalea",
        "names": [
          "G\u00e9nova",
          "Txindoki"
        ],
        "amenities": [
          "restaurant",
          "bar"
        ]
      },
      "geometry": {
        "type": "Point",
        "coordinates": [
          -2.9445815,
          43.270021
        ]
      }
    },
    {
      "type": "Feature",
      "properties": {
        "weight": 1.0
      },
      "geometry": {
        "type": "Point",
        "coordinates": [
          -2.9414041,
          43.2700241
        ]
      }
    },
    {
      "type": "Feature",
      "properties": {
        "weight": 1.0,
        "id": 6992136085,
        "hasDetails": true,
        "name": "Eretza",
        "amenity": "cafe",
        "address": "Iru\u00f1a kalea"
      },
      "geometry": {
        "type": "Point",
        "coordinates": [
          -2.9495412,
          43.2700345
        ]
      }
    },
    {
      "type": "Feature",
      "properties": {
        "weight": 1.0
      },
      "geometry": {
        "type": "Point",
        "coordinates": [
          -2.9412471,
          43.2700425
        ]
      }
    },
    {
      "type": "Feature",
      "properties": {
        "weight": 1.0
      },
      "geometry": {
        "type": "Point",
        "coordinates": [
          -2.9437041,
          43.2700425
        ]
      }
    },
    {
      "type": "Feature",
      "properties": {
        "weight": 1.0
      },
      "geometry": {
        "type": "Point",
        "coordinates": [
          -2.9438483,
          43.2700469
        ]
      }
    },
    {
      "type": "Feature",
      "properties": {
        "weight": 1.0,
        "id": 11832046369,
        "hasDetails": true,
        "name": "Crazy Horse",
        "amenity": "pub",
        "cuisine": "burger;coffee_shop;sandwich",
        "address": "Unibertsitate etorbidea 5",
        "website": "https://crazyhorse.rocks/"
      },
      "geometry": {
        "type": "Point",
        "coordinates": [
          -2.9331195,
          43.2701462
        ]
      }
    },
    {
      "type": "Feature",
      "properties": {
        "weight": 1.0,
        "id": 4262220651,
        "hasDetails": true,
        "name": "Itxas Bide",
        "amenity": "restaurant",
        "address": "Bilbao",
        "names": [
          "Itxas Bide",
          "Niza barria"
        ],
        "amenities": [
          "restaurant",
          "bar"
        ]
      },
      "geometry": {
        "type": "Point",
        "coordinates": [
          -2.9457544,
          43.2701933
        ]
      }
    },
    {
      "type": "Feature",
      "properties": {
        "weight": 1.0,
        "id": 6992118587,
        "hasDetails": true,
        "name": "Txoko del vino",
        "amenity": "bar",
        "address": "Blas de Otero kalea"
      },
      "geometry": {
        "type": "Point",
        "coordinates": [
          -2.9453281,
          43.2702347
        ]
      }
    },
    {
      "type": "Feature",
      "properties": {
        "weight": 1.0,
        "id": 13592326801,
        "hasDetails": true,
        "name": "Issas comida venezolana Resto-bar",
        "amenity": "restaurant",
        "opening_hours": "Tu-Fr 10:00-23:00; Sa-Su 12:00-23:00",
        "names": [
          "Issas comida venezolana Resto-bar",
          "Mei Hao"
        ]
      },
      "geometry": {
        "type": "Point",
        "coordinates": [
          -2.942103,
          43.2702484
        ]
      }
    },
    {
      "type": "Feature",
      "properties": {
        "weight": 1.0,
        "id": 6992115392,
        "hasDetails": true,
        "name": "Lauburu",
        "amenity": "bar",
        "address": "Rafaela Ybarra kalea, Bilbao"
      },
      "geometry": {
        "type": "Point",
        "coordinates": [
          -2.9457797,
          43.270288
        ]
      }
    },
    {
      "type": "Feature",
      "properties": {
        "weight": 1.0,
        "id": 6076075587,
        "hasDetails": true,
        "name": "Pulper\u00eda Naroa",
        "amenity": "restaurant",
        "cuisine": "spanish",
        "address": "Julio Urquijo kalea 8",
        "opening_hours": "Mo-Th 08:30-22:30; Fr-Sa 08:30-00:00",
        "outdoor_seating": "yes"
      },
      "geometry": {
        "type": "Point",
        "coordinates": [
          -2.9529096,
          43.2703059
        ]
      }
    },
    {
      "type": "Feature",
      "properties": {
        "weight": 1.0
      },
      "geometry": {
        "type": "Point",
        "coordinates": [
          -2.9442817,
          43.2703302
        ]
      }
    },
    {
      "type": "Feature",
      "properties": {
        "weight": 1.0,
        "id": 4914456021,
        "hasDetails": true,
        "name": "Yofran",
        "amenity": "bar",
        "address": "Blas de Otero kalea"
      },
      "geometry": {
        "type": "Point",
        "coordinates": [
          -2.9439733,
          43.2703434
        ]
      }
    },
    {
      "type": "Feature",
      "properties": {
        "weight": 1.0,
        "id": 7572712686,
        "hasDetails": true,
        "name": "Lorea",
        "amenity": "bar",
        "opening_hours": "Mo-Fr 09:00-22:30; Sa 11:00-00:30; Su 12:00-22:30"
      },
      "geometry": {
        "type": "Point",
        "coordinates": [
          -2.9567986,
          43.2704485
        ]
      }
    },
    {
      "type": "Feature",
      "properties": {
        "weight": 1.0
      },
      "geometry": {
        "type": "Point",
        "coordinates": [
          -2.9442918,
          43.2704873
        ]
      }
    },
    {
      "type": "Feature",
      "properties": {
        "weight": 1.0
      },
      "geometry": {
        "type": "Point",
        "coordinates": [
          -2.9640025,
          43.2705047
        ]
      }
    },
    {
      "type": "Feature",
      "properties": {
        "weight": 1.0
      },
      "geometry": {
        "type": "Point",
        "coordinates": [
          -2.9439921,
          43.2705104
        ]
      }
    },
    {
      "type": "Feature",
      "properties": {
        "weight": 1.0
      },
      "geometry": {
        "type": "Point",
        "coordinates": [
          -2.9442947,
          43.2705784
        ]
      }
    },
    {
      "type": "Feature",
      "properties": {
        "weight": 1.0,
        "id": 6866496585,
        "hasDetails": true,
        "name": "Presley 2",
        "amenity": "bar",
        "address": "Julio Urquijo kalea",
        "outdoor_seating": "yes"
      },
      "geometry": {
        "type": "Point",
        "coordinates": [
          -2.952793,
          43.270703
        ]
      }
    },
    {
      "type": "Feature",
      "properties": {
        "weight": 1.0,
        "id": 4378539592,
        "hasDetails": true,
        "name": "Dena Ona",
        "amenity": "restaurant",
        "website": "https://denaona.es/",
        "outdoor_seating": "yes"
      },
      "geometry": {
        "type": "Point",
        "coordinates": [
          -2.9456259,
          43.2707533
        ]
      }
    },
    {
      "type": "Feature",
      "properties": {
        "weight": 1.0
      },
      "geometry": {
        "type": "Point",
        "coordinates": [
          -2.9443212,
          43.2708012
        ]
      }
    },
    {
      "type": "Feature",
      "properties": {
        "weight": 1.0
      },
      "geometry": {
        "type": "Point",
        "coordinates": [
          -2.9714611,
          43.2708487
        ]
      }
    },
    {
      "type": "Feature",
      "properties": {
        "weight": 1.0,
        "id": 4254043679,
        "hasDetails": true,
        "name": "Madariagako 33 Etxea",
        "amenity": "pub",
        "address": "Araba kalea"
      },
      "geometry": {
        "type": "Point",
        "coordinates": [
          -2.9487703,
          43.2708509
        ]
      }
    },
    {
      "type": "Feature",
      "properties": {
        "weight": 1.0,
        "id": 4254043796,
        "hasDetails": true,
        "name": "Ariltze Taberna",
        "amenity": "pub",
        "address": "Madariaga etorbidea, Bilbao",
        "names": [
          "Ariltze Taberna",
          "Ikatz"
        ]
      },
      "geometry": {
        "type": "Point",
        "coordinates": [
          -2.9472732,
          43.270937
        ]
      }
    },
    {
      "type": "Feature",
      "properties": {
        "weight": 1.0
      },
      "geometry": {
        "type": "Point",
        "coordinates": [
          -2.9451167,
          43.2709469
        ]
      }
    },
    {
      "type": "Feature",
      "properties": {
        "weight": 1.0,
        "id": 4262176591,
        "hasDetails": true,
        "name": "cafeter\u00eda Bertiz",
        "amenity": "cafe",
        "address": "Madariaga etorbidea 15, Bilbao"
      },
      "geometry": {
        "type": "Point",
        "coordinates": [
          -2.9468736,
          43.2709482
        ]
      }
    },
    {
      "type": "Feature",
      "properties": {
        "weight": 1.0
      },
      "geometry": {
        "type": "Point",
        "coordinates": [
          -2.9476662,
          43.270954
        ]
      }
    },
    {
      "type": "Feature",
      "properties": {
        "weight": 1.0
      },
      "geometry": {
        "type": "Point",
        "coordinates": [
          -2.9449047,
          43.2709584
        ]
      }
    },
    {
      "type": "Feature",
      "properties": {
        "weight": 1.0
      },
      "geometry": {
        "type": "Point",
        "coordinates": [
          -2.9453684,
          43.2710012
        ]
      }
    },
    {
      "type": "Feature",
      "properties": {
        "weight": 1.0,
        "id": 4978241011,
        "hasDetails": true,
        "name": "M\u00fanich",
        "amenity": "cafe",
        "address": "Madariaga etorbidea 3",
        "opening_hours": "Mo-Th, Su 19:30-00:00; Fr, Sa 19:30-01:15"
      },
      "geometry": {
        "type": "Point",
        "coordinates": [
          -2.9444229,
          43.2710104
        ]
      }
    },
    {
      "type": "Feature",
      "properties": {
        "weight": 1.0,
        "id": 10315357609,
        "hasDetails": true,
        "name": "Egoki",
        "amenity": "pub",
        "address": "Madariaga etorbidea 30, Bilbao",
        "opening_hours": "Mo-Fr 09:00-21:30; Sa 10:00-15:30"
      },
      "geometry": {
        "type": "Point",
        "coordinates": [
          -2.9506106,
          43.2711202
        ]
      }
    },
    {
      "type": "Feature",
      "properties": {
        "weight": 1.0,
        "id": 4254043800,
        "hasDetails": true,
        "name": "Maitagarri Taberna",
        "amenity": "bar",
        "address": "Madariaga etorbidea, Bilbao",
        "names": [
          "Maitagarri Taberna",
          "Stones"
        ],
        "amenities": [
          "bar",
          "pub"
        ]
      },
      "geometry": {
        "type": "Point",
        "coordinates": [
          -2.9472232,
          43.2711636
        ]
      }
    },
    {
      "type": "Feature",
      "properties": {
        "weight": 1.0,
        "id": 4254040827,
        "hasDetails": true,
        "name": "Akeita Gozo",
        "amenity": "biergarten",
        "address": "Madariaga etorbidea, Bilbao",
        "amenities": [
          "biergarten",
          "pub"
        ]
      },
      "geometry": {
        "type": "Point",
        "coordinates": [
          -2.9461672,
          43.2711743
        ]
      }
    },
    {
      "type": "Feature",
      "properties": {
        "weight": 1.0,
        "id": 4254040824,
        "hasDetails": true,
        "name": "Golf Barri",
        "amenity": "biergarten",
        "address": "Madariaga etorbidea",
        "names": [
          "Golf Barri",
          "Irish Stone"
        ]
      },
      "geometry": {
        "type": "Point",
        "coordinates": [
          -2.9453962,
          43.2711909
        ]
      }
    },
    {
      "type": "Feature",
      "properties": {
        "weight": 1.0
      },
      "geometry": {
        "type": "Point",
        "coordinates": [
          -2.9456887,
          43.2713604
        ]
      }
    },
    {
      "type": "Feature",
      "properties": {
        "weight": 1.0
      },
      "geometry": {
        "type": "Point",
        "coordinates": [
          -2.9704526,
          43.2713701
        ]
      }
    },
    {
      "type": "Feature",
      "properties": {
        "weight": 1.0,
        "id": 2554414141,
        "hasDetails": true,
        "name": "Telepizza",
        "amenity": "fast_food",
        "cuisine": "pizza"
      },
      "geometry": {
        "type": "Point",
        "coordinates": [
          -2.9494181,
          43.2715432
        ]
      }
    },
    {
      "type": "Feature",
      "properties": {
        "weight": 1.0,
        "id": 3678648279,
        "hasDetails": true,
        "name": "+Central",
        "amenity": "cafe",
        "address": "Bilbao"
      },
      "geometry": {
        "type": "Point",
        "coordinates": [
          -2.9469926,
          43.271698
        ]
      }
    },
    {
      "type": "Feature",
      "properties": {
        "weight": 1.0,
        "id": 13651615101,
        "hasDetails": true,
        "name": "Cafeter\u00eda Bidarte",
        "amenity": "cafe",
        "opening_hours": "Mo-Th 09:00-22:00; Fr 09:00-23:00; Sa 10:00-23:00; Su 10:00-22:00"
      },
      "geometry": {
        "type": "Point",
        "coordinates": [
          -2.9511233,
          43.2717171
        ]
      }
    },
    {
      "type": "Feature",
      "properties": {
        "weight": 1.0,
        "id": 3801484350,
        "hasDetails": true,
        "name": "Artea",
        "amenity": "cafe",
        "address": "Bilbao"
      },
      "geometry": {
        "type": "Point",
        "coordinates": [
          -2.9461167,
          43.2717327
        ]
      }
    },
    {
      "type": "Feature",
      "properties": {
        "weight": 1.0,
        "id": 4310563317,
        "hasDetails": true,
        "name": "Gallastegi",
        "amenity": "restaurant",
        "address": "Ram\u00f3n y Cajal etorbidea 4, Bilbao"
      },
      "geometry": {
        "type": "Point",
        "coordinates": [
          -2.9425072,
          43.2717554
        ]
      }
    },
    {
      "type": "Feature",
      "properties": {
        "weight": 1.0
      },
      "geometry": {
        "type": "Point",
        "coordinates": [
          -2.9392239,
          43.2717582
        ]
      }
    },
    {
      "type": "Feature",
      "properties": {
        "weight": 1.0
      },
      "geometry": {
        "type": "Point",
        "coordinates": [
          -2.9496028,
          43.2717701
        ]
      }
    },
    {
      "type": "Feature",
      "properties": {
        "weight": 1.0,
        "id": 3696183882,
        "hasDetails": true,
        "name": "Don C\u00e9sar",
        "amenity": "bar",
        "opening_hours": "Mo-Fr 07:00-18:00"
      },
      "geometry": {
        "type": "Point",
        "coordinates": [
          -2.9647816,
          43.2718029
        ]
      }
    },
    {
      "type": "Feature",
      "properties": {
        "weight": 1.0
      },
      "geometry": {
        "type": "Point",
        "coordinates": [
          -2.9698251,
          43.2721355
        ]
      }
    },
    {
      "type": "Feature",
      "properties": {
        "weight": 1.0
      },
      "geometry": {
        "type": "Point",
        "coordinates": [
          -2.9419023,
          43.2723212
        ]
      }
    },
    {
      "type": "Feature",
      "properties": {
        "weight": 1.0
      },
      "geometry": {
        "type": "Point",
        "coordinates": [
          -2.9444597,
          43.272441
        ]
      }
    },
    {
      "type": "Feature",
      "properties": {
        "weight": 1.0
      },
      "geometry": {
        "type": "Point",
        "coordinates": [
          -2.9445766,
          43.2724799
        ]
      }
    },
    {
      "type": "Feature",
      "properties": {
        "weight": 1.0
      },
      "geometry": {
        "type": "Point",
        "coordinates": [
          -2.9949366,
          43.2724971
        ]
      }
    },
    {
      "type": "Feature",
      "properties": {
        "weight": 1.0,
        "id": 4914732321,
        "hasDetails": true,
        "name": "Izeki",
        "amenity": "pub",
        "address": "Avenida de Ram\u00f3n y Cajal, Bilbao",
        "opening_hours": "09:00-21:00"
      },
      "geometry": {
        "type": "Point",
        "coordinates": [
          -2.9448724,
          43.2725576
        ]
      }
    },
    {
      "type": "Feature",
      "properties": {
        "weight": 1.0,
        "id": 513268311,
        "hasDetails": true,
        "name": "Restaurante Txakoli",
        "amenity": "restaurant",
        "cuisine": "regional",
        "address": "BI-3741 Artxandako errepidea 19"
      },
      "geometry": {
        "type": "Point",
        "coordinates": [
          -2.9179059,
          43.2736308
        ]
      }
    },
    {
      "type": "Feature",
      "properties": {
        "weight": 1.0
      },
      "geometry": {
        "type": "Point",
        "coordinates": [
          -2.9614612,
          43.2737908
        ]
      }
    },
    {
      "type": "Feature",
      "properties": {
        "weight": 1.0,
        "id": 6356583087,
        "hasDetails": true,
        "name": "Domino's",
        "amenity": "fast_food",
        "cuisine": "pizza",
        "opening_hours": "Mo-Th 13:00-24:00; Fr,Sa 13:00-00:30; Su 13:00-24:00"
      },
      "geometry": {
        "type": "Point",
        "coordinates": [
          -2.9571436,
          43.2738998
        ]
      }
    },
    {
      "type": "Feature",
      "properties": {
        "weight": 1.0
      },
      "geometry": {
        "type": "Point",
        "coordinates": [
          -2.961994,
          43.2740945
        ]
      }
    },
    {
      "type": "Feature",
      "properties": {
        "weight": 1.0,
        "id": 6499452786,
        "hasDetails": true,
        "name": "Cafeter\u00eda Avenida",
        "amenity": "cafe",
        "address": "Agirre lehendakariaren etorbidea",
        "opening_hours": "Mo-Sa 07:00-22:00"
      },
      "geometry": {
        "type": "Point",
        "coordinates": [
          -2.9584218,
          43.2742305
        ]
      }
    },
    {
      "type": "Feature",
      "properties": {
        "weight": 1.0,
        "id": 6983046086,
        "hasDetails": true,
        "name": "Madness",
        "amenity": "pub",
        "address": "Zorrozgoitibidea"
      },
      "geometry": {
        "type": "Point",
        "coordinates": [
          -2.9740734,
          43.2746298
        ]
      }
    },
    {
      "type": "Feature",
      "properties": {
        "weight": 1.0,
        "id": 6835539386,
        "hasDetails": true,
        "name": "La Bomba",
        "amenity": "pub",
        "address": "Kastrexana etorbidea, Bilbao"
      },
      "geometry": {
        "type": "Point",
        "coordinates": [
          -2.9731134,
          43.2746433
        ]
      }
    },
    {
      "type": "Feature",
      "properties": {
        "weight": 1.0
      },
      "geometry": {
        "type": "Point",
        "coordinates": [
          -2.9741758,
          43.2748143
        ]
      }
    },
    {
      "type": "Feature",
      "properties": {
        "weight": 1.0,
        "id": 4180549621,
        "hasDetails": true,
        "name": "Karola",
        "amenity": "cafe",
        "address": "Ganekogorta mendiaren kalea 12, bilbao"
      },
      "geometry": {
        "type": "Point",
        "coordinates": [
          -2.9474066,
          43.2749039
        ]
      }
    },
    {
      "type": "Feature",
      "properties": {
        "weight": 1.0,
        "id": 6983020834,
        "hasDetails": true,
        "name": "Itsasmendi",
        "amenity": "pub",
        "address": "Kastrexana etorbidea"
      },
      "geometry": {
        "type": "Point",
        "coordinates": [
          -2.9732064,
          43.2749238
        ]
      }
    },
    {
      "type": "Feature",
      "properties": {
        "weight": 1.0
      },
      "geometry": {
        "type": "Point",
        "coordinates": [
          -2.9570464,
          43.2749392
        ]
      }
    },
    {
      "type": "Feature",
      "properties": {
        "weight": 1.0,
        "id": 6983020405,
        "hasDetails": true,
        "name": "Txiki",
        "amenity": "bar",
        "address": "Kastrexana etorbidea"
      },
      "geometry": {
        "type": "Point",
        "coordinates": [
          -2.9727457,
          43.2749745
        ]
      }
    },
    {
      "type": "Feature",
      "properties": {
        "weight": 1.0,
        "id": 600664784,
        "hasDetails": true,
        "name": "Josebar",
        "amenity": "cafe",
        "opening_hours": "Mo-Fr 06:00-16:00; Sa 07:30-16:00",
        "names": [
          "Josebar",
          "Fervi"
        ]
      },
      "geometry": {
        "type": "Point",
        "coordinates": [
          -2.9567742,
          43.27508
        ]
      }
    },
    {
      "type": "Feature",
      "properties": {
        "weight": 1.0,
        "id": 2883899502,
        "hasDetails": true,
        "name": "Arrigorri",
        "amenity": "restaurant",
        "cuisine": "regional",
        "address": "Kastrexana etorbidea 23, Bilbao"
      },
      "geometry": {
        "type": "Point",
        "coordinates": [
          -2.9725642,
          43.2750978
        ]
      }
    },
    {
      "type": "Feature",
      "properties": {
        "weight": 1.0
      },
      "geometry": {
        "type": "Point",
        "coordinates": [
          -2.9572671,
          43.2750986
        ]
      }
    },
    {
      "type": "Feature",
      "properties": {
        "weight": 1.0,
        "id": 6862847385,
        "hasDetails": true,
        "name": "L@s leon@s",
        "amenity": "bar",
        "address": "Untziola kalea"
      },
      "geometry": {
        "type": "Point",
        "coordinates": [
          -2.9742382,
          43.2753791
        ]
      }
    },
    {
      "type": "Feature",
      "properties": {
        "weight": 1.0,
        "id": 600664781,
        "hasDetails": true,
        "name": "Tirol",
        "amenity": "cafe",
        "opening_hours": "Mo-Th 07:00-01:00; Fr,Sa 07:00-03:00; Su 09:00-01:00"
      },
      "geometry": {
        "type": "Point",
        "coordinates": [
          -2.956892,
          43.2754741
        ]
      }
    },
    {
      "type": "Feature",
      "properties": {
        "weight": 1.0
      },
      "geometry": {
        "type": "Point",
        "coordinates": [
          -2.9553759,
          43.2754751
        ]
      }
    },
    {
      "type": "Feature",
      "properties": {
        "weight": 1.0,
        "id": 6862847286,
        "hasDetails": true,
        "name": "Mila",
        "amenity": "pub",
        "address": "Untziola kalea"
      },
      "geometry": {
        "type": "Point",
        "coordinates": [
          -2.9738664,
          43.2754851
        ]
      }
    },
    {
      "type": "Feature",
      "properties": {
        "weight": 1.0
      },
      "geometry": {
        "type": "Point",
        "coordinates": [
          -2.9566917,
          43.2755711
        ]
      }
    },
    {
      "type": "Feature",
      "properties": {
        "weight": 1.0
      },
      "geometry": {
        "type": "Point",
        "coordinates": [
          -2.9751636,
          43.2756255
        ]
      }
    },
    {
      "type": "Feature",
      "properties": {
        "weight": 1.0,
        "id": 6862833888,
        "hasDetails": true,
        "name": "Anaiak",
        "amenity": "pub",
        "address": "Untziola kalea"
      },
      "geometry": {
        "type": "Point",
        "coordinates": [
          -2.9734117,
          43.2756765
        ]
      }
    },
    {
      "type": "Feature",
      "properties": {
        "weight": 1.0,
        "id": 6983020403,
        "hasDetails": true,
        "name": "Basarri",
        "amenity": "pub",
        "address": "Kastrexana etorbidea"
      },
      "geometry": {
        "type": "Point",
        "coordinates": [
          -2.9721219,
          43.2756896
        ]
      }
    },
    {
      "type": "Feature",
      "properties": {
        "weight": 1.0
      },
      "geometry": {
        "type": "Point",
        "coordinates": [
          -2.9230398,
          43.2756964
        ]
      }
    },
    {
      "type": "Feature",
      "properties": {
        "weight": 1.0,
        "id": 6983022824,
        "hasDetails": true,
        "name": "Mes\u00f3n Okondo",
        "amenity": "restaurant",
        "address": "Kastrexana etorbidea"
      },
      "geometry": {
        "type": "Point",
        "coordinates": [
          -2.9719802,
          43.2757697
        ]
      }
    },
    {
      "type": "Feature",
      "properties": {
        "weight": 1.0
      },
      "geometry": {
        "type": "Point",
        "coordinates": [
          -2.9566019,
          43.2758423
        ]
      }
    },
    {
      "type": "Feature",
      "properties": {
        "weight": 1.0
      },
      "geometry": {
        "type": "Point",
        "coordinates": [
          -2.9556985,
          43.2758873
        ]
      }
    },
    {
      "type": "Feature",
      "properties": {
        "weight": 1.0,
        "id": 6983014161,
        "hasDetails": true,
        "name": "Las Navas",
        "amenity": "bar",
        "address": "Kastrexana etorbidea"
      },
      "geometry": {
        "type": "Point",
        "coordinates": [
          -2.971777,
          43.2759114
        ]
      }
    },
    {
      "type": "Feature",
      "properties": {
        "weight": 1.0
      },
      "geometry": {
        "type": "Point",
        "coordinates": [
          -2.9568133,
          43.2759587
        ]
      }
    },
    {
      "type": "Feature",
      "properties": {
        "weight": 1.0,
        "id": 6983014159,
        "hasDetails": true,
        "name": "Milano",
        "amenity": "pub",
        "address": "Kastrexana etorbidea"
      },
      "geometry": {
        "type": "Point",
        "coordinates": [
          -2.9716481,
          43.2759872
        ]
      }
    },
    {
      "type": "Feature",
      "properties": {
        "weight": 1.0,
        "id": 13546042501,
        "hasDetails": true,
        "name": "Sajid kebab",
        "amenity": "fast_food",
        "opening_hours": "Mo-Su 09:00-23:30"
      },
      "geometry": {
        "type": "Point",
        "coordinates": [
          -2.9600631,
          43.2760226
        ]
      }
    },
    {
      "type": "Feature",
      "properties": {
        "weight": 1.0
      },
      "geometry": {
        "type": "Point",
        "coordinates": [
          -2.972665,
          43.2760285
        ]
      }
    },
    {
      "type": "Feature",
      "properties": {
        "weight": 1.0,
        "id": 2936061821,
        "hasDetails": true,
        "name": "Olivo",
        "amenity": "bar",
        "opening_hours": "Mo-We,Fr 08:00-22:00; Th 09:00-23:00; Sa 09:00-23:00; Su 10:30-22:30"
      },
      "geometry": {
        "type": "Point",
        "coordinates": [
          -2.9613603,
          43.2761118
        ]
      }
    },
    {
      "type": "Feature",
      "properties": {
        "weight": 1.0,
        "id": 4892751173,
        "hasDetails": true,
        "name": "Ron City",
        "amenity": "restaurant",
        "cuisine": "chinese"
      },
      "geometry": {
        "type": "Point",
        "coordinates": [
          -2.9581849,
          43.2761663
        ]
      }
    },
    {
      "type": "Feature",
      "properties": {
        "weight": 1.0,
        "id": 6869768985,
        "hasDetails": true,
        "name": "Castilla",
        "amenity": "bar",
        "address": "Abaro estrata"
      },
      "geometry": {
        "type": "Point",
        "coordinates": [
          -2.9738892,
          43.2761694
        ]
      }
    },
    {
      "type": "Feature",
      "properties": {
        "weight": 1.0,
        "id": 14087158301,
        "hasDetails": true,
        "name": "Kurrusku Berria Grata",
        "amenity": "cafe",
        "address": "Abaro estrata 8",
        "outdoor_seating": "yes"
      },
      "geometry": {
        "type": "Point",
        "coordinates": [
          -2.9731721,
          43.2761877
        ]
      }
    },
    {
      "type": "Feature",
      "properties": {
        "weight": 1.0
      },
      "geometry": {
        "type": "Point",
        "coordinates": [
          -2.9733712,
          43.2761956
        ]
      }
    },
    {
      "type": "Feature",
      "properties": {
        "weight": 1.0
      },
      "geometry": {
        "type": "Point",
        "coordinates": [
          -2.957688,
          43.2761977
        ]
      }
    },
    {
      "type": "Feature",
      "properties": {
        "weight": 1.0,
        "id": 6869768588,
        "hasDetails": true,
        "name": "Gutiriz",
        "amenity": "bar",
        "address": "Abaro estrata"
      },
      "geometry": {
        "type": "Point",
        "coordinates": [
          -2.9741938,
          43.2762355
        ]
      }
    },
    {
      "type": "Feature",
      "properties": {
        "weight": 1.0
      },
      "geometry": {
        "type": "Point",
        "coordinates": [
          -2.9734747,
          43.2762458
        ]
      }
    },
    {
      "type": "Feature",
      "properties": {
        "weight": 1.0
      },
      "geometry": {
        "type": "Point",
        "coordinates": [
          -2.9736204,
          43.2762752
        ]
      }
    },
    {
      "type": "Feature",
      "properties": {
        "weight": 1.0,
        "id": 6869768285,
        "hasDetails": true,
        "name": "Restaurante chino Zorroza",
        "amenity": "restaurant",
        "address": "Calle Astillero"
      },
      "geometry": {
        "type": "Point",
        "coordinates": [
          -2.9717708,
          43.2762798
        ]
      }
    },
    {
      "type": "Feature",
      "properties": {
        "weight": 1.0
      },
      "geometry": {
        "type": "Point",
        "coordinates": [
          -2.9561928,
          43.2762978
        ]
      }
    },
    {
      "type": "Feature",
      "properties": {
        "weight": 1.0
      },
      "geometry": {
        "type": "Point",
        "coordinates": [
          -2.9574549,
          43.276314
        ]
      }
    },
    {
      "type": "Feature",
      "properties": {
        "weight": 1.0
      },
      "geometry": {
        "type": "Point",
        "coordinates": [
          -2.9719457,
          43.2763541
        ]
      }
    },
    {
      "type": "Feature",
      "properties": {
        "weight": 1.0
      },
      "geometry": {
        "type": "Point",
        "coordinates": [
          -2.9738915,
          43.2763552
        ]
      }
    },
    {
      "type": "Feature",
      "properties": {
        "weight": 1.0
      },
      "geometry": {
        "type": "Point",
        "coordinates": [
          -2.9739468,
          43.2765024
        ]
      }
    },
    {
      "type": "Feature",
      "properties": {
        "weight": 1.0,
        "id": 6468587985,
        "hasDetails": true,
        "name": "Adam is King",
        "amenity": "fast_food",
        "cuisine": "chicken;pizza;kebab"
      },
      "geometry": {
        "type": "Point",
        "coordinates": [
          -2.9719275,
          43.2765025
        ]
      }
    },
    {
      "type": "Feature",
      "properties": {
        "weight": 1.0,
        "id": 4543043554,
        "hasDetails": true,
        "name": "Gernika",
        "amenity": "bar",
        "address": "Bilbao",
        "opening_hours": "Mo-We 07:30-15:30; Th 07:30-15:30,18:00-23:30; Fr 01:30-15:30,18:00-23:30; Sa 10:30-15:30"
      },
      "geometry": {
        "type": "Point",
        "coordinates": [
          -2.961981,
          43.2765651
        ]
      }
    },
    {
      "type": "Feature",
      "properties": {
        "weight": 1.0
      },
      "geometry": {
        "type": "Point",
        "coordinates": [
          -2.9576826,
          43.2765687
        ]
      }
    },
    {
      "type": "Feature",
      "properties": {
        "weight": 1.0
      },
      "geometry": {
        "type": "Point",
        "coordinates": [
          -2.9610778,
          43.2765723
        ]
      }
    },
    {
      "type": "Feature",
      "properties": {
        "weight": 1.0
      },
      "geometry": {
        "type": "Point",
        "coordinates": [
          -2.9587744,
          43.2765771
        ]
      }
    },
    {
      "type": "Feature",
      "properties": {
        "weight": 1.0
      },
      "geometry": {
        "type": "Point",
        "coordinates": [
          -2.9743375,
          43.2766478
        ]
      }
    },
    {
      "type": "Feature",
      "properties": {
        "weight": 1.0,
        "id": 2936061809,
        "hasDetails": true,
        "name": "Andanetxe",
        "amenity": "bar",
        "address": "Navarro Villoslada kalea, Bilbao",
        "names": [
          "Andanetxe",
          "Anaiak"
        ]
      },
      "geometry": {
        "type": "Point",
        "coordinates": [
          -2.9616397,
          43.2766586
        ]
      }
    },
    {
      "type": "Feature",
      "properties": {
        "weight": 1.0
      },
      "geometry": {
        "type": "Point",
        "coordinates": [
          -2.9585378,
          43.2766719
        ]
      }
    },
    {
      "type": "Feature",
      "properties": {
        "weight": 1.0,
        "id": 9645954929,
        "hasDetails": true,
        "name": "Bilbo Burger",
        "amenity": "restaurant",
        "cuisine": "burger",
        "address": "Celestino Mar\u00eda del Arenal plaza 3, Bilbao",
        "website": "https://www.bilboburger.com/",
        "opening_hours": "Mo-Tu off; We 13:00-16:00,19:30-23:00; Th-Sa 13:00-16:00,19:30-00:00; Su 13:00-16:00,19:30-23:30",
        "names": [
          "Bilbo Burger",
          "Kebab Sarriko"
        ]
      },
      "geometry": {
        "type": "Point",
        "coordinates": [
          -2.956424,
          43.2767021
        ]
      }
    },
    {
      "type": "Feature",
      "properties": {
        "weight": 1.0,
        "id": 14078285901,
        "hasDetails": true,
        "name": "Healthy Pizza & Burger",
        "amenity": "bar",
        "cuisine": "spanish",
        "address": "Zorrozgoitibidea 1",
        "opening_hours": "Mo-Su 18:30-22:30"
      },
      "geometry": {
        "type": "Point",
        "coordinates": [
          -2.9741589,
          43.2767334
        ]
      }
    },
    {
      "type": "Feature",
      "properties": {
        "weight": 1.0
      },
      "geometry": {
        "type": "Point",
        "coordinates": [
          -2.9738105,
          43.276745
        ]
      }
    },
    {
      "type": "Feature",
      "properties": {
        "weight": 1.0
      },
      "geometry": {
        "type": "Point",
        "coordinates": [
          -2.9718751,
          43.2767535
        ]
      }
    },
    {
      "type": "Feature",
      "properties": {
        "weight": 1.0
      },
      "geometry": {
        "type": "Point",
        "coordinates": [
          -2.9583208,
          43.2767679
        ]
      }
    },
    {
      "type": "Feature",
      "properties": {
        "weight": 1.0,
        "id": 3952866368,
        "hasDetails": true,
        "name": "hamburgueseria oli",
        "amenity": "fast_food",
        "address": "Fray Juan kalea 19",
        "opening_hours": "Tu-Su 10:00-23:00"
      },
      "geometry": {
        "type": "Point",
        "coordinates": [
          -2.9728328,
          43.2767866
        ]
      }
    },
    {
      "type": "Feature",
      "properties": {
        "weight": 1.0
      },
      "geometry": {
        "type": "Point",
        "coordinates": [
          -2.9720787,
          43.2767922
        ]
      }
    },
    {
      "type": "Feature",
      "properties": {
        "weight": 1.0
      },
      "geometry": {
        "type": "Point",
        "coordinates": [
          -2.9726,
          43.2769282
        ]
      }
    },
    {
      "type": "Feature",
      "properties": {
        "weight": 1.0
      },
      "geometry": {
        "type": "Point",
        "coordinates": [
          -2.9736471,
          43.2769928
        ]
      }
    },
    {
      "type": "Feature",
      "properties": {
        "weight": 1.0
      },
      "geometry": {
        "type": "Point",
        "coordinates": [
          -2.959661,
          43.2771533
        ]
      }
    },
    {
      "type": "Feature",
      "properties": {
        "weight": 1.0,
        "id": 4204519717,
        "hasDetails": true,
        "name": "Cafeter\u00eda Bertiz",
        "amenity": "cafe",
        "address": "Agirre lehendakariaren etorbidea 145",
        "website": "https://www.bertiz.es/"
      },
      "geometry": {
        "type": "Point",
        "coordinates": [
          -2.9607335,
          43.2772713
        ]
      }
    },
    {
      "type": "Feature",
      "properties": {
        "weight": 1.0
      },
      "geometry": {
        "type": "Point",
        "coordinates": [
          -2.9592392,
          43.2773402
        ]
      }
    },
    {
      "type": "Feature",
      "properties": {
        "weight": 1.0
      },
      "geometry": {
        "type": "Point",
        "coordinates": [
          -2.9598119,
          43.2773958
        ]
      }
    },
    {
      "type": "Feature",
      "properties": {
        "weight": 1.0
      },
      "geometry": {
        "type": "Point",
        "coordinates": [
          -2.9733983,
          43.277457
        ]
      }
    },
    {
      "type": "Feature",
      "properties": {
        "weight": 1.0,
        "id": 12144285625,
        "hasDetails": true,
        "name": "Amaiera",
        "amenity": "restaurant",
        "address": "Aita Patxi plaza 8, Bilbao",
        "opening_hours": "Mo-Th 08:30-22:30; Fr 08:30-24:00; Sa 11:00-24:00; Su 11:00-22:30"
      },
      "geometry": {
        "type": "Point",
        "coordinates": [
          -2.9578673,
          43.2774701
        ]
      }
    },
    {
      "type": "Feature",
      "properties": {
        "weight": 1.0
      },
      "geometry": {
        "type": "Point",
        "coordinates": [
          -2.9941646,
          43.2779362
        ]
      }
    },
    {
      "type": "Feature",
      "properties": {
        "weight": 1.0
      },
      "geometry": {
        "type": "Point",
        "coordinates": [
          -2.9729441,
          43.2779865
        ]
      }
    },
    {
      "type": "Feature",
      "properties": {
        "weight": 1.0
      },
      "geometry": {
        "type": "Point",
        "coordinates": [
          -2.9595636,
          43.2782928
        ]
      }
    },
    {
      "type": "Feature",
      "properties": {
        "weight": 1.0,
        "id": 4194976090,
        "hasDetails": true,
        "name": "Bar Degustaci\u00f3n Kerman",
        "amenity": "bar",
        "address": "Orixe kalea",
        "names": [
          "Bar Degustaci\u00f3n Kerman",
          "Club Mixto de Mayores"
        ]
      },
      "geometry": {
        "type": "Point",
        "coordinates": [
          -2.9581647,
          43.2784785
        ]
      }
    },
    {
      "type": "Feature",
      "properties": {
        "weight": 1.0
      },
      "geometry": {
        "type": "Point",
        "coordinates": [
          -2.9614388,
          43.2785416
        ]
      }
    },
    {
      "type": "Feature",
      "properties": {
        "weight": 1.0
      },
      "geometry": {
        "type": "Point",
        "coordinates": [
          -2.9174644,
          43.2787541
        ]
      }
    },
    {
      "type": "Feature",
      "properties": {
        "weight": 1.0,
        "id": 5379656452,
        "hasDetails": true,
        "name": "Urkia",
        "amenity": "pub",
        "cuisine": "burger;regional",
        "address": "Calle La Siebe 12, Barakaldo",
        "opening_hours": "Mo-Su 09:00-21:00",
        "outdoor_seating": "yes"
      },
      "geometry": {
        "type": "Point",
        "coordinates": [
          -2.9861818,
          43.2788458
        ]
      }
    },
    {
      "type": "Feature",
      "properties": {
        "weight": 1.0
      },
      "geometry": {
        "type": "Point",
        "coordinates": [
          -2.9616537,
          43.278921
        ]
      }
    },
    {
      "type": "Feature",
      "properties": {
        "weight": 1.0
      },
      "geometry": {
        "type": "Point",
        "coordinates": [
          -2.9605562,
          43.279101
        ]
      }
    },
    {
      "type": "Feature",
      "properties": {
        "weight": 1.0
      },
      "geometry": {
        "type": "Point",
        "coordinates": [
          -2.9617901,
          43.2791577
        ]
      }
    },
    {
      "type": "Feature",
      "properties": {
        "weight": 1.0
      },
      "geometry": {
        "type": "Point",
        "coordinates": [
          -2.9619377,
          43.2794092
        ]
      }
    },
    {
      "type": "Feature",
      "properties": {
        "weight": 1.0
      },
      "geometry": {
        "type": "Point",
        "coordinates": [
          -2.958143,
          43.2795263
        ]
      }
    },
    {
      "type": "Feature",
      "properties": {
        "weight": 1.0
      },
      "geometry": {
        "type": "Point",
        "coordinates": [
          -2.9458936,
          43.2797525
        ]
      }
    },
    {
      "type": "Feature",
      "properties": {
        "weight": 1.0
      },
      "geometry": {
        "type": "Point",
        "coordinates": [
          -2.9623863,
          43.2798471
        ]
      }
    },
    {
      "type": "Feature",
      "properties": {
        "weight": 1.0
      },
      "geometry": {
        "type": "Point",
        "coordinates": [
          -2.9858144,
          43.2799249
        ]
      }
    },
    {
      "type": "Feature",
      "properties": {
        "weight": 1.0
      },
      "geometry": {
        "type": "Point",
        "coordinates": [
          -2.9831483,
          43.2800278
        ]
      }
    },
    {
      "type": "Feature",
      "properties": {
        "weight": 1.0,
        "id": 4517291024,
        "hasDetails": true,
        "name": "Degustaci\u00f3n La Paz",
        "amenity": "cafe",
        "address": "Calle La Paz 1, Barakaldo"
      },
      "geometry": {
        "type": "Point",
        "coordinates": [
          -2.9852451,
          43.2801046
        ]
      }
    },
    {
      "type": "Feature",
      "properties": {
        "weight": 1.0
      },
      "geometry": {
        "type": "Point",
        "coordinates": [
          -2.9584845,
          43.280126
        ]
      }
    },
    {
      "type": "Feature",
      "properties": {
        "weight": 1.0
      },
      "geometry": {
        "type": "Point",
        "coordinates": [
          -2.9872857,
          43.2801474
        ]
      }
    },
    {
      "type": "Feature",
      "properties": {
        "weight": 1.0,
        "id": 8155371817,
        "hasDetails": true,
        "name": "Vista Alegre",
        "amenity": "bar",
        "address": "Calle Vista Alegre kalea"
      },
      "geometry": {
        "type": "Point",
        "coordinates": [
          -2.9833892,
          43.2801748
        ]
      }
    },
    {
      "type": "Feature",
      "properties": {
        "weight": 1.0,
        "id": 8155371618,
        "hasDetails": true,
        "name": "Santi",
        "amenity": "bar",
        "address": "Calle Vista Alegre kalea"
      },
      "geometry": {
        "type": "Point",
        "coordinates": [
          -2.9831366,
          43.2802925
        ]
      }
    },
    {
      "type": "Feature",
      "properties": {
        "weight": 1.0,
        "id": 13592381401,
        "hasDetails": true,
        "name": "Bertiz okindegia",
        "amenity": "cafe",
        "opening_hours": "Mo-Fr 07:30-20:30; Sa-Su 08:00-20:30"
      },
      "geometry": {
        "type": "Point",
        "coordinates": [
          -2.9626031,
          43.2805045
        ]
      }
    },
    {
      "type": "Feature",
      "properties": {
        "weight": 1.0
      },
      "geometry": {
        "type": "Point",
        "coordinates": [
          -2.9882606,
          43.280623
        ]
      }
    },
    {
      "type": "Feature",
      "properties": {
        "weight": 1.0,
        "id": 8155343618,
        "hasDetails": true,
        "name": "Al Khair doner kebab",
        "amenity": "fast_food",
        "address": "Calle Juan XXIII"
      },
      "geometry": {
        "type": "Point",
        "coordinates": [
          -2.9842082,
          43.2806757
        ]
      }
    },
    {
      "type": "Feature",
      "properties": {
        "weight": 1.0
      },
      "geometry": {
        "type": "Point",
        "coordinates": [
          -2.959161,
          43.2806881
        ]
      }
    },
    {
      "type": "Feature",
      "properties": {
        "weight": 1.0,
        "id": 8155371518,
        "hasDetails": true,
        "name": "Cruces doner kebab",
        "amenity": "fast_food",
        "address": "Plaza de Cruces"
      },
      "geometry": {
        "type": "Point",
        "coordinates": [
          -2.9829495,
          43.2807452
        ]
      }
    },
    {
      "type": "Feature",
      "properties": {
        "weight": 1.0
      },
      "geometry": {
        "type": "Point",
        "coordinates": [
          -2.9873993,
          43.2807836
        ]
      }
    },
    {
      "type": "Feature",
      "properties": {
        "weight": 1.0,
        "id": 8155371717,
        "hasDetails": true,
        "name": "Roman",
        "amenity": "bar",
        "address": "Plaza de Cruces"
      },
      "geometry": {
        "type": "Point",
        "coordinates": [
          -2.9830041,
          43.2808847
        ]
      }
    },
    {
      "type": "Feature",
      "properties": {
        "weight": 1.0
      },
      "geometry": {
        "type": "Point",
        "coordinates": [
          -2.9627908,
          43.2809158
        ]
      }
    },
    {
      "type": "Feature",
      "properties": {
        "weight": 1.0
      },
      "geometry": {
        "type": "Point",
        "coordinates": [
          -2.9628735,
          43.2810231
        ]
      }
    },
    {
      "type": "Feature",
      "properties": {
        "weight": 1.0,
        "id": 8179166857,
        "hasDetails": true,
        "name": "Taberna Cruces",
        "amenity": "bar",
        "address": "Calle Juan XXIII"
      },
      "geometry": {
        "type": "Point",
        "coordinates": [
          -2.9842654,
          43.2810848
        ]
      }
    },
    {
      "type": "Feature",
      "properties": {
        "weight": 1.0
      },
      "geometry": {
        "type": "Point",
        "coordinates": [
          -2.9822086,
          43.2811781
        ]
      }
    },
    {
      "type": "Feature",
      "properties": {
        "weight": 1.0,
        "id": 8167165095,
        "hasDetails": true,
        "name": "Telepizza",
        "amenity": "fast_food",
        "cuisine": "pizza"
      },
      "geometry": {
        "type": "Point",
        "coordinates": [
          -2.9814767,
          43.2812525
        ]
      }
    },
    {
      "type": "Feature",
      "properties": {
        "weight": 1.0,
        "id": 13649593001,
        "hasDetails": true,
        "name": "ERMITA kafetegi",
        "amenity": "cafe",
        "opening_hours": "Mo-Th 10:00-22:00; Fr 10:00-22:30; Su 11:00-22:00; Sa 11:00-22:30"
      },
      "geometry": {
        "type": "Point",
        "coordinates": [
          -2.9611523,
          43.2814338
        ]
      }
    },
    {
      "type": "Feature",
      "properties": {
        "weight": 1.0,
        "id": 14115785764,
        "hasDetails": true,
        "name": "Ttipi Ttapa Kebab Pizzer\u00eda",
        "amenity": "fast_food",
        "cuisine": "kebab;pizza;chicken;burger",
        "address": "Asturias kalea 6, Bilbao",
        "website": "https://www.just-eat.es/restaurants-kebab-san-ignacio-ttipi-ttapa-bilbao/menu?fbclid=IwT01FWAT4BLBwZG9mAWV4dG4DYWVtAjEwAHNydGMGYXBwX2lkDDM1MDY4NTUzMTcyOAABHl3Gj0oIolIjqDzm6cm50pUEmHZqFvynxTnX1OMDZdCgMPSYHhm8va0oRMey_aem_UnrRFR3J_Gew70N24fbPdA",
        "opening_hours": "Mo-Fr 12:30-23:59"
      },
      "geometry": {
        "type": "Point",
        "coordinates": [
          -2.9633426,
          43.2814675
        ]
      }
    },
    {
      "type": "Feature",
      "properties": {
        "weight": 1.0
      },
      "geometry": {
        "type": "Point",
        "coordinates": [
          -2.9631327,
          43.2814949
        ]
      }
    },
    {
      "type": "Feature",
      "properties": {
        "weight": 1.0,
        "id": 8155330117,
        "hasDetails": true,
        "name": "Gozoak",
        "amenity": "cafe",
        "address": "Gurutzeta plaza",
        "names": [
          "Gozoak",
          "plaza"
        ],
        "amenities": [
          "cafe",
          "restaurant"
        ]
      },
      "geometry": {
        "type": "Point",
        "coordinates": [
          -2.9835437,
          43.2815602
        ]
      }
    },
    {
      "type": "Feature",
      "properties": {
        "weight": 1.0
      },
      "geometry": {
        "type": "Point",
        "coordinates": [
          -2.9772765,
          43.2816546
        ]
      }
    },
    {
      "type": "Feature",
      "properties": {
        "weight": 1.0
      },
      "geometry": {
        "type": "Point",
        "coordinates": [
          -2.9653118,
          43.2818165
        ]
      }
    },
    {
      "type": "Feature",
      "properties": {
        "weight": 1.0
      },
      "geometry": {
        "type": "Point",
        "coordinates": [
          -2.9633695,
          43.2819577
        ]
      }
    },
    {
      "type": "Feature",
      "properties": {
        "weight": 1.0
      },
      "geometry": {
        "type": "Point",
        "coordinates": [
          -2.9828223,
          43.2820752
        ]
      }
    },
    {
      "type": "Feature",
      "properties": {
        "weight": 1.0
      },
      "geometry": {
        "type": "Point",
        "coordinates": [
          -2.9825589,
          43.2821278
        ]
      }
    },
    {
      "type": "Feature",
      "properties": {
        "weight": 1.0
      },
      "geometry": {
        "type": "Point",
        "coordinates": [
          -2.9657266,
          43.2823205
        ]
      }
    },
    {
      "type": "Feature",
      "properties": {
        "weight": 1.0
      },
      "geometry": {
        "type": "Point",
        "coordinates": [
          -2.9825021,
          43.2823481
        ]
      }
    },
    {
      "type": "Feature",
      "properties": {
        "weight": 1.0
      },
      "geometry": {
        "type": "Point",
        "coordinates": [
          -2.9636364,
          43.2823946
        ]
      }
    },
    {
      "type": "Feature",
      "properties": {
        "weight": 1.0
      },
      "geometry": {
        "type": "Point",
        "coordinates": [
          -2.9623846,
          43.2824051
        ]
      }
    },
    {
      "type": "Feature",
      "properties": {
        "weight": 1.0
      },
      "geometry": {
        "type": "Point",
        "coordinates": [
          -2.982355,
          43.2824513
        ]
      }
    },
    {
      "type": "Feature",
      "properties": {
        "weight": 1.0,
        "id": 12905997601,
        "hasDetails": true,
        "name": "Argaetxe",
        "amenity": "restaurant",
        "address": "Zabalenkanpa kalea 68, Barakaldo",
        "website": "https://restauranteargaetxe.es/"
      },
      "geometry": {
        "type": "Point",
        "coordinates": [
          -3.0038129,
          43.2824564
        ]
      }
    },
    {
      "type": "Feature",
      "properties": {
        "weight": 1.0
      },
      "geometry": {
        "type": "Point",
        "coordinates": [
          -2.9918466,
          43.2824678
        ]
      }
    },
    {
      "type": "Feature",
      "properties": {
        "weight": 1.0
      },
      "geometry": {
        "type": "Point",
        "coordinates": [
          -2.9821505,
          43.2825738
        ]
      }
    },
    {
      "type": "Feature",
      "properties": {
        "weight": 1.0,
        "id": 5195942036,
        "hasDetails": true,
        "name": "Gurutzeta",
        "amenity": "cafe",
        "outdoor_seating": "yes"
      },
      "geometry": {
        "type": "Point",
        "coordinates": [
          -2.9827818,
          43.2825944
        ]
      }
    },
    {
      "type": "Feature",
      "properties": {
        "weight": 1.0
      },
      "geometry": {
        "type": "Point",
        "coordinates": [
          -2.9816071,
          43.2826407
        ]
      }
    },
    {
      "type": "Feature",
      "properties": {
        "weight": 1.0
      },
      "geometry": {
        "type": "Point",
        "coordinates": [
          -2.9637874,
          43.282697
        ]
      }
    },
    {
      "type": "Feature",
      "properties": {
        "weight": 1.0,
        "id": 4698256787,
        "hasDetails": true,
        "name": "Sidrer\u00eda Ander",
        "amenity": "restaurant",
        "cuisine": "steak_house"
      },
      "geometry": {
        "type": "Point",
        "coordinates": [
          -2.9648673,
          43.2828006
        ]
      }
    },
    {
      "type": "Feature",
      "properties": {
        "weight": 1.0
      },
      "geometry": {
        "type": "Point",
        "coordinates": [
          -2.9644834,
          43.2828875
        ]
      }
    },
    {
      "type": "Feature",
      "properties": {
        "weight": 1.0,
        "id": 421480311,
        "hasDetails": true,
        "name": "Txakoli Sim\u00f3n",
        "amenity": "restaurant",
        "cuisine": "steak_house",
        "address": "Sanrokebidea bidea 89",
        "website": "https://txakolisimon.com/",
        "opening_hours": "Mo-Su 13:00-16:00"
      },
      "geometry": {
        "type": "Point",
        "coordinates": [
          -2.9159916,
          43.2829308
        ]
      }
    },
    {
      "type": "Feature",
      "properties": {
        "weight": 1.0
      },
      "geometry": {
        "type": "Point",
        "coordinates": [
          -2.995299,
          43.2830505
        ]
      }
    },
    {
      "type": "Feature",
      "properties": {
        "weight": 1.0
      },
      "geometry": {
        "type": "Point",
        "coordinates": [
          -2.9843101,
          43.2830549
        ]
      }
    },
    {
      "type": "Feature",
      "properties": {
        "weight": 1.0
      },
      "geometry": {
        "type": "Point",
        "coordinates": [
          -2.996846,
          43.2833123
        ]
      }
    },
    {
      "type": "Feature",
      "properties": {
        "weight": 1.0,
        "id": 13567405901,
        "hasDetails": true,
        "name": "La Traviata",
        "amenity": "bar",
        "opening_hours": "Mo-Su 10:00-23:00"
      },
      "geometry": {
        "type": "Point",
        "coordinates": [
          -2.9635683,
          43.2833496
        ]
      }
    },
    {
      "type": "Feature",
      "properties": {
        "weight": 1.0,
        "id": 5779483723,
        "hasDetails": true,
        "name": "Bikoitz",
        "amenity": "pub",
        "opening_hours": "Mo-Su,PH 06:00-23:00"
      },
      "geometry": {
        "type": "Point",
        "coordinates": [
          -2.9958711,
          43.2833503
        ]
      }
    },
    {
      "type": "Feature",
      "properties": {
        "weight": 1.0
      },
      "geometry": {
        "type": "Point",
        "coordinates": [
          -2.9826389,
          43.2836008
        ]
      }
    },
    {
      "type": "Feature",
      "properties": {
        "weight": 1.0,
        "id": 8155301820,
        "hasDetails": true,
        "name": "C\u00edes",
        "amenity": "pub",
        "address": "Balejo kalea, Barakaldo"
      },
      "geometry": {
        "type": "Point",
        "coordinates": [
          -2.9830932,
          43.2836136
        ]
      }
    },
    {
      "type": "Feature",
      "properties": {
        "weight": 1.0
      },
      "geometry": {
        "type": "Point",
        "coordinates": [
          -2.9659544,
          43.2836826
        ]
      }
    },
    {
      "type": "Feature",
      "properties": {
        "weight": 1.0,
        "id": 8155301722,
        "hasDetails": true,
        "name": "Jaikar",
        "amenity": "pub",
        "address": "Balejo kalea"
      },
      "geometry": {
        "type": "Point",
        "coordinates": [
          -2.9831753,
          43.2837704
        ]
      }
    },
    {
      "type": "Feature",
      "properties": {
        "weight": 1.0
      },
      "geometry": {
        "type": "Point",
        "coordinates": [
          -2.9946079,
          43.2837919
        ]
      }
    },
    {
      "type": "Feature",
      "properties": {
        "weight": 1.0,
        "id": 6873420185,
        "hasDetails": true,
        "name": "Taberna Ederra",
        "amenity": "bar",
        "address": "Avenida de Euskadi"
      },
      "geometry": {
        "type": "Point",
        "coordinates": [
          -2.9948245,
          43.2839
        ]
      }
    },
    {
      "type": "Feature",
      "properties": {
        "weight": 1.0
      },
      "geometry": {
        "type": "Point",
        "coordinates": [
          -2.9659875,
          43.283938
        ]
      }
    },
    {
      "type": "Feature",
      "properties": {
        "weight": 1.0,
        "id": 3850060740,
        "hasDetails": true,
        "name": "Caf\u00e9 Monterrey",
        "amenity": "cafe",
        "outdoor_seating": "yes"
      },
      "geometry": {
        "type": "Point",
        "coordinates": [
          -2.996407,
          43.2839448
        ]
      }
    },
    {
      "type": "Feature",
      "properties": {
        "weight": 1.0
      },
      "geometry": {
        "type": "Point",
        "coordinates": [
          -2.9952047,
          43.2839552
        ]
      }
    },
    {
      "type": "Feature",
      "properties": {
        "weight": 1.0,
        "id": 3850060433,
        "hasDetails": true,
        "name": "Itxaro Caf\u00e9",
        "amenity": "cafe",
        "outdoor_seating": "yes"
      },
      "geometry": {
        "type": "Point",
        "coordinates": [
          -2.9967209,
          43.2840747
        ]
      }
    },
    {
      "type": "Feature",
      "properties": {
        "weight": 1.0
      },
      "geometry": {
        "type": "Point",
        "coordinates": [
          -2.9832546,
          43.2840754
        ]
      }
    },
    {
      "type": "Feature",
      "properties": {
        "weight": 1.0
      },
      "geometry": {
        "type": "Point",
        "coordinates": [
          -2.9830396,
          43.2840952
        ]
      }
    },
    {
      "type": "Feature",
      "properties": {
        "weight": 1.0
      },
      "geometry": {
        "type": "Point",
        "coordinates": [
          -2.9829084,
          43.284106
        ]
      }
    },
    {
      "type": "Feature",
      "properties": {
        "weight": 1.0
      },
      "geometry": {
        "type": "Point",
        "coordinates": [
          -2.9837895,
          43.2842118
        ]
      }
    },
    {
      "type": "Feature",
      "properties": {
        "weight": 1.0,
        "id": 13591117401,
        "hasDetails": true,
        "name": "Bar Argi en Elorrieta Bilbao",
        "amenity": "cafe",
        "opening_hours": "Mo-Fr 07:00-22:30; Su 11:00-11:00, 15:30-22:30"
      },
      "geometry": {
        "type": "Point",
        "coordinates": [
          -2.9653739,
          43.2846657
        ]
      }
    },
    {
      "type": "Feature",
      "properties": {
        "weight": 1.0
      },
      "geometry": {
        "type": "Point",
        "coordinates": [
          -2.9836986,
          43.2847033
        ]
      }
    },
    {
      "type": "Feature",
      "properties": {
        "weight": 1.0
      },
      "geometry": {
        "type": "Point",
        "coordinates": [
          -2.9974277,
          43.2847774
        ]
      }
    },
    {
      "type": "Feature",
      "properties": {
        "weight": 1.0,
        "id": 8155302019,
        "hasDetails": true,
        "name": "Herradura",
        "amenity": "pub",
        "address": "Balejo kalea"
      },
      "geometry": {
        "type": "Point",
        "coordinates": [
          -2.9841654,
          43.2852132
        ]
      }
    },
    {
      "type": "Feature",
      "properties": {
        "weight": 1.0,
        "id": 1352595954,
        "hasDetails": true,
        "name": "Pollito",
        "amenity": "restaurant",
        "cuisine": "steak_house;coffee_shop;spanish;chicken;regional",
        "address": "Avenida La Ribera 1, Barakaldo",
        "website": "http://www.pollito.info",
        "opening_hours": "Fr-We,PH 10:00-24:00; Th 09:00-24:00"
      },
      "geometry": {
        "type": "Point",
        "coordinates": [
          -2.9951338,
          43.2854468
        ]
      }
    },
    {
      "type": "Feature",
      "properties": {
        "weight": 1.0
      },
      "geometry": {
        "type": "Point",
        "coordinates": [
          -2.870734,
          43.2859634
        ]
      }
    },
    {
      "type": "Feature",
      "properties": {
        "weight": 1.0,
        "id": 142603259,
        "hasDetails": true,
        "name": "McDonald's",
        "amenity": "fast_food",
        "cuisine": "burger"
      },
      "geometry": {
        "type": "Point",
        "coordinates": [
          -2.9962709,
          43.2860756
        ]
      }
    },
    {
      "type": "Feature",
      "properties": {
        "weight": 1.0
      },
      "geometry": {
        "type": "Point",
        "coordinates": [
          -2.980459,
          43.2863066
        ]
      }
    },
    {
      "type": "Feature",
      "properties": {
        "weight": 1.0,
        "id": 4799458830,
        "hasDetails": true,
        "name": "Restaurante Jakome",
        "amenity": "restaurant",
        "address": "Calle Retuerto 44, Barakaldo"
      },
      "geometry": {
        "type": "Point",
        "coordinates": [
          -3.0038098,
          43.2864474
        ]
      }
    },
    {
      "type": "Feature",
      "properties": {
        "weight": 1.0
      },
      "geometry": {
        "type": "Point",
        "coordinates": [
          -2.9799217,
          43.2865042
        ]
      }
    },
    {
      "type": "Feature",
      "properties": {
        "weight": 1.0,
        "id": 1335187989,
        "hasDetails": true,
        "name": "Burger King",
        "amenity": "fast_food",
        "cuisine": "burger",
        "address": "Retuerto kalea 42, Barakaldo",
        "opening_hours": "Mo-Su 12:00-00:00"
      },
      "geometry": {
        "type": "Point",
        "coordinates": [
          -3.0027564,
          43.286547
        ]
      }
    },
    {
      "type": "Feature",
      "properties": {
        "weight": 1.0,
        "id": 6873521385,
        "hasDetails": true,
        "name": "Kareaga 79",
        "amenity": "restaurant",
        "address": "Calle Kareaga 79"
      },
      "geometry": {
        "type": "Point",
        "coordinates": [
          -3.0070516,
          43.2865733
        ]
      }
    },
    {
      "type": "Feature",
      "properties": {
        "weight": 1.0
      },
      "geometry": {
        "type": "Point",
        "coordinates": [
          -2.9802782,
          43.2866408
        ]
      }
    },
    {
      "type": "Feature",
      "properties": {
        "weight": 1.0
      },
      "geometry": {
        "type": "Point",
        "coordinates": [
          -2.8817896,
          43.2866889
        ]
      }
    },
    {
      "type": "Feature",
      "properties": {
        "weight": 1.0
      },
      "geometry": {
        "type": "Point",
        "coordinates": [
          -2.8913989,
          43.2868824
        ]
      }
    },
    {
      "type": "Feature",
      "properties": {
        "weight": 1.0
      },
      "geometry": {
        "type": "Point",
        "coordinates": [
          -2.9994526,
          43.2878022
        ]
      }
    },
    {
      "type": "Feature",
      "properties": {
        "weight": 1.0,
        "id": 12178827685,
        "hasDetails": true,
        "name": "Krunch",
        "amenity": "fast_food",
        "cuisine": "sandwich",
        "address": "Barakaldo",
        "names": [
          "Krunch",
          "Mr. Wok",
          "Burger King"
        ],
        "amenities": [
          "fast_food",
          "restaurant"
        ]
      },
      "geometry": {
        "type": "Point",
        "coordinates": [
          -3.0080895,
          43.2878802
        ]
      }
    },
    {
      "type": "Feature",
      "properties": {
        "weight": 1.0
      },
      "geometry": {
        "type": "Point",
        "coordinates": [
          -2.9251862,
          43.2882114
        ]
      }
    },
    {
      "type": "Feature",
      "properties": {
        "weight": 1.0,
        "id": 5779484491,
        "hasDetails": true,
        "name": "Kebab Spot",
        "amenity": "fast_food",
        "cuisine": "pizza",
        "website": "https://www.papajohns.es/"
      },
      "geometry": {
        "type": "Point",
        "coordinates": [
          -2.9931442,
          43.2884718
        ]
      }
    },
    {
      "type": "Feature",
      "properties": {
        "weight": 1.0
      },
      "geometry": {
        "type": "Point",
        "coordinates": [
          -3.0070189,
          43.2885571
        ]
      }
    },
    {
      "type": "Feature",
      "properties": {
        "weight": 1.0,
        "id": 1985774544,
        "hasDetails": true,
        "name": "Doyuno",
        "amenity": "restaurant",
        "cuisine": "breakfast;tapas",
        "address": "Ronda Azkue 43",
        "website": "https://www.restaurantedoyuno.com/",
        "opening_hours": "Tu-Fr 08:00-00:00; Sa 09:00-00:00; Su 10:00-00:00",
        "outdoor_seating": "yes"
      },
      "geometry": {
        "type": "Point",
        "coordinates": [
          -2.9975608,
          43.2888397
        ]
      }
    },
    {
      "type": "Feature",
      "properties": {
        "weight": 1.0
      },
      "geometry": {
        "type": "Point",
        "coordinates": [
          -3.0082753,
          43.2888861
        ]
      }
    },
    {
      "type": "Feature",
      "properties": {
        "weight": 1.0
      },
      "geometry": {
        "type": "Point",
        "coordinates": [
          -3.0081637,
          43.2890353
        ]
      }
    },
    {
      "type": "Feature",
      "properties": {
        "weight": 1.0,
        "id": 2445868714,
        "hasDetails": true,
        "name": "Cafeter\u00eda Restaurante Miragarri",
        "amenity": "restaurant",
        "address": "Lopez de Ayala enparantza 8-9, Barakaldo",
        "opening_hours": "Mo-Fr 08:00-00:00; Sa 09:00-01:00; Su 10:00-00:00",
        "outdoor_seating": "yes"
      },
      "geometry": {
        "type": "Point",
        "coordinates": [
          -2.9982658,
          43.2892416
        ]
      }
    },
    {
      "type": "Feature",
      "properties": {
        "weight": 1.0,
        "id": 4406049698,
        "hasDetails": true,
        "name": "Fast Food Zuazo Doner Kebab",
        "amenity": "fast_food",
        "cuisine": "kebab",
        "opening_hours": "Mo-Su 12:00-00:00",
        "names": [
          "Fast Food Zuazo Doner Kebab",
          "Caf\u00e9 Adagio"
        ],
        "amenities": [
          "fast_food",
          "cafe"
        ]
      },
      "geometry": {
        "type": "Point",
        "coordinates": [
          -2.9981098,
          43.2892643
        ]
      }
    },
    {
      "type": "Feature",
      "properties": {
        "weight": 1.0
      },
      "geometry": {
        "type": "Point",
        "coordinates": [
          -2.9808892,
          43.2894007
        ]
      }
    },
    {
      "type": "Feature",
      "properties": {
        "weight": 1.0
      },
      "geometry": {
        "type": "Point",
        "coordinates": [
          -2.9771986,
          43.2895601
        ]
      }
    },
    {
      "type": "Feature",
      "properties": {
        "weight": 1.0,
        "id": 293575415,
        "hasDetails": true,
        "name": "Bar Serapio",
        "amenity": "bar",
        "address": "Enekuri bidea"
      },
      "geometry": {
        "type": "Point",
        "coordinates": [
          -2.9617559,
          43.2895982
        ]
      }
    },
    {
      "type": "Feature",
      "properties": {
        "weight": 1.0
      },
      "geometry": {
        "type": "Point",
        "coordinates": [
          -2.9259291,
          43.289682
        ]
      }
    },
    {
      "type": "Feature",
      "properties": {
        "weight": 1.0
      },
      "geometry": {
        "type": "Point",
        "coordinates": [
          -2.996449,
          43.289779
        ]
      }
    },
    {
      "type": "Feature",
      "properties": {
        "weight": 1.0
      },
      "geometry": {
        "type": "Point",
        "coordinates": [
          -2.9795987,
          43.2898741
        ]
      }
    },
    {
      "type": "Feature",
      "properties": {
        "weight": 1.0
      },
      "geometry": {
        "type": "Point",
        "coordinates": [
          -2.9963289,
          43.2900125
        ]
      }
    },
    {
      "type": "Feature",
      "properties": {
        "weight": 1.0
      },
      "geometry": {
        "type": "Point",
        "coordinates": [
          -2.9957208,
          43.2900222
        ]
      }
    },
    {
      "type": "Feature",
      "properties": {
        "weight": 1.0
      },
      "geometry": {
        "type": "Point",
        "coordinates": [
          -2.9790928,
          43.2900658
        ]
      }
    },
    {
      "type": "Feature",
      "properties": {
        "weight": 1.0,
        "id": 2893533756,
        "hasDetails": true,
        "name": "Bar Txikitin",
        "amenity": "pub",
        "outdoor_seating": "yes"
      },
      "geometry": {
        "type": "Point",
        "coordinates": [
          -2.9959517,
          43.2900692
        ]
      }
    },
    {
      "type": "Feature",
      "properties": {
        "weight": 1.0
      },
      "geometry": {
        "type": "Point",
        "coordinates": [
          -2.9781738,
          43.2900772
        ]
      }
    },
    {
      "type": "Feature",
      "properties": {
        "weight": 1.0,
        "id": 1985771491,
        "hasDetails": true,
        "name": "Cafeter\u00eda Gaud\u00ed",
        "amenity": "cafe",
        "outdoor_seating": "yes"
      },
      "geometry": {
        "type": "Point",
        "coordinates": [
          -2.9980388,
          43.2900794
        ]
      }
    },
    {
      "type": "Feature",
      "properties": {
        "weight": 1.0
      },
      "geometry": {
        "type": "Point",
        "coordinates": [
          -2.979503,
          43.29008
        ]
      }
    },
    {
      "type": "Feature",
      "properties": {
        "weight": 1.0,
        "id": 2893533751,
        "hasDetails": true,
        "name": "Bazkuna",
        "amenity": "pub",
        "opening_hours": "Tu-Th 10:30-23:00; Fr-Su 11:30-01:00"
      },
      "geometry": {
        "type": "Point",
        "coordinates": [
          -2.9963805,
          43.2901041
        ]
      }
    },
    {
      "type": "Feature",
      "properties": {
        "weight": 1.0,
        "id": 4296712996,
        "hasDetails": true,
        "name": "Domino's",
        "amenity": "fast_food",
        "cuisine": "pizza",
        "website": "https://www.dominospizza.es/",
        "opening_hours": "Mo-Th, Su 13:00-00:00; Fr, Sa 13:00-00:30"
      },
      "geometry": {
        "type": "Point",
        "coordinates": [
          -2.9933313,
          43.2901079
        ]
      }
    },
    {
      "type": "Feature",
      "properties": {
        "weight": 1.0
      },
      "geometry": {
        "type": "Point",
        "coordinates": [
          -2.9925045,
          43.2902151
        ]
      }
    },
    {
      "type": "Feature",
      "properties": {
        "weight": 1.0
      },
      "geometry": {
        "type": "Point",
        "coordinates": [
          -2.9784903,
          43.2902158
        ]
      }
    },
    {
      "type": "Feature",
      "properties": {
        "weight": 1.0,
        "id": 12551508507,
        "hasDetails": true,
        "name": "Foro",
        "amenity": "restaurant",
        "address": "Artzain Ona kalea 70, Barakaldo",
        "website": "https://gastronomiaturismo.com/recomendado/restaurante-foro/",
        "opening_hours": "Mo-Sa 06:30-22:00; Su off"
      },
      "geometry": {
        "type": "Point",
        "coordinates": [
          -2.9773848,
          43.2902169
        ]
      }
    },
    {
      "type": "Feature",
      "properties": {
        "weight": 1.0,
        "id": 143902843,
        "hasDetails": true,
        "name": "Megakafe",
        "amenity": "restaurant",
        "cuisine": "coffee_shop",
        "opening_hours": "Mo-Fr 09:30-21:30; Sa 10:00-22:00"
      },
      "geometry": {
        "type": "Point",
        "coordinates": [
          -3.0035386,
          43.2902438
        ]
      }
    },
    {
      "type": "Feature",
      "properties": {
        "weight": 1.0
      },
      "geometry": {
        "type": "Point",
        "coordinates": [
          -3.0014913,
          43.2902856
        ]
      }
    },
    {
      "type": "Feature",
      "properties": {
        "weight": 1.0
      },
      "geometry": {
        "type": "Point",
        "coordinates": [
          -2.9988358,
          43.2903083
        ]
      }
    },
    {
      "type": "Feature",
      "properties": {
        "weight": 1.0
      },
      "geometry": {
        "type": "Point",
        "coordinates": [
          -2.9961105,
          43.2903204
        ]
      }
    },
    {
      "type": "Feature",
      "properties": {
        "weight": 1.0
      },
      "geometry": {
        "type": "Point",
        "coordinates": [
          -2.9787478,
          43.2903252
        ]
      }
    },
    {
      "type": "Feature",
      "properties": {
        "weight": 1.0,
        "id": 3446691336,
        "hasDetails": true,
        "name": "Antonio",
        "amenity": "pub",
        "outdoor_seating": "yes"
      },
      "geometry": {
        "type": "Point",
        "coordinates": [
          -2.9947382,
          43.2904102
        ]
      }
    },
    {
      "type": "Feature",
      "properties": {
        "weight": 1.0,
        "id": 2917450716,
        "hasDetails": true,
        "name": "Joseba",
        "amenity": "cafe",
        "address": "Plaza Cantabria 3, Barakaldo"
      },
      "geometry": {
        "type": "Point",
        "coordinates": [
          -2.9941885,
          43.2904864
        ]
      }
    },
    {
      "type": "Feature",
      "properties": {
        "weight": 1.0
      },
      "geometry": {
        "type": "Point",
        "coordinates": [
          -2.9793487,
          43.2905126
        ]
      }
    },
    {
      "type": "Feature",
      "properties": {
        "weight": 1.0
      },
      "geometry": {
        "type": "Point",
        "coordinates": [
          -2.9899661,
          43.2905386
        ]
      }
    },
    {
      "type": "Feature",
      "properties": {
        "weight": 1.0,
        "id": 2918405118,
        "hasDetails": true,
        "name": "Garu",
        "amenity": "pub",
        "opening_hours": "Tu-Su,PH 11:30-23:00"
      },
      "geometry": {
        "type": "Point",
        "coordinates": [
          -2.9966228,
          43.2906008
        ]
      }
    },
    {
      "type": "Feature",
      "properties": {
        "weight": 1.0
      },
      "geometry": {
        "type": "Point",
        "coordinates": [
          -2.9945878,
          43.2906248
        ]
      }
    },
    {
      "type": "Feature",
      "properties": {
        "weight": 1.0,
        "id": 2879905051,
        "hasDetails": true,
        "name": "Bar Restaurante Gaztela Berria",
        "amenity": "restaurant",
        "cuisine": "spanish;seafood;mediterranean;tapas;friture"
      },
      "geometry": {
        "type": "Point",
        "coordinates": [
          -2.995599,
          43.2906417
        ]
      }
    },
    {
      "type": "Feature",
      "properties": {
        "weight": 1.0,
        "id": 11110501305,
        "hasDetails": true,
        "amenity": "bar",
        "outdoor_seating": "yes"
      },
      "geometry": {
        "type": "Point",
        "coordinates": [
          -2.8875762,
          43.2906465
        ]
      }
    },
    {
      "type": "Feature",
      "properties": {
        "weight": 1.0,
        "id": 2576849226,
        "hasDetails": true,
        "name": "El Rinc\u00f3n de la Cerveza",
        "amenity": "bar",
        "outdoor_seating": "no"
      },
      "geometry": {
        "type": "Point",
        "coordinates": [
          -2.9983439,
          43.2906857
        ]
      }
    },
    {
      "type": "Feature",
      "properties": {
        "weight": 1.0,
        "id": 2879905053,
        "hasDetails": true,
        "name": "Number One Cafe bar",
        "amenity": "cafe",
        "outdoor_seating": "yes"
      },
      "geometry": {
        "type": "Point",
        "coordinates": [
          -2.9953582,
          43.2906943
        ]
      }
    },
    {
      "type": "Feature",
      "properties": {
        "weight": 1.0
      },
      "geometry": {
        "type": "Point",
        "coordinates": [
          -2.994885,
          43.2907527
        ]
      }
    },
    {
      "type": "Feature",
      "properties": {
        "weight": 1.0,
        "id": 2576849832,
        "hasDetails": true,
        "name": "Sal\u00f3n de Juego Zuazo",
        "amenity": "cafe",
        "opening_hours": "Mo-Su,PH 08:00-24:00",
        "outdoor_seating": "no"
      },
      "geometry": {
        "type": "Point",
        "coordinates": [
          -2.9966714,
          43.2908025
        ]
      }
    },
    {
      "type": "Feature",
      "properties": {
        "weight": 1.0,
        "id": 2470011810,
        "hasDetails": true,
        "name": "Cafeter\u00eda Txalupa",
        "amenity": "cafe",
        "opening_hours": "Tu-Su 10:30-23:00"
      },
      "geometry": {
        "type": "Point",
        "coordinates": [
          -2.9920852,
          43.2908427
        ]
      }
    },
    {
      "type": "Feature",
      "properties": {
        "weight": 1.0
      },
      "geometry": {
        "type": "Point",
        "coordinates": [
          -2.9971342,
          43.2909027
        ]
      }
    },
    {
      "type": "Feature",
      "properties": {
        "weight": 1.0,
        "id": 2918431122,
        "hasDetails": true,
        "name": "Caf\u00e9 - Pub Geographic",
        "amenity": "cafe",
        "opening_hours": "Fr 09:00-01:00; Sa 11:00-02:00; Su 11:00-23:00; Mo,We,Th 09:00-23:00"
      },
      "geometry": {
        "type": "Point",
        "coordinates": [
          -2.9916178,
          43.2909113
        ]
      }
    },
    {
      "type": "Feature",
      "properties": {
        "weight": 1.0
      },
      "geometry": {
        "type": "Point",
        "coordinates": [
          -2.9951919,
          43.2909164
        ]
      }
    },
    {
      "type": "Feature",
      "properties": {
        "weight": 1.0
      },
      "geometry": {
        "type": "Point",
        "coordinates": [
          -2.9947145,
          43.2909399
        ]
      }
    },
    {
      "type": "Feature",
      "properties": {
        "weight": 1.0
      },
      "geometry": {
        "type": "Point",
        "coordinates": [
          -2.9920319,
          43.2909423
        ]
      }
    },
    {
      "type": "Feature",
      "properties": {
        "weight": 1.0,
        "id": 6661318787,
        "hasDetails": true,
        "name": "D\u00f6ner Kebab de Derio",
        "amenity": "restaurant",
        "address": "Euskalerria kalea"
      },
      "geometry": {
        "type": "Point",
        "coordinates": [
          -2.8853425,
          43.2909905
        ]
      }
    },
    {
      "type": "Feature",
      "properties": {
        "weight": 1.0
      },
      "geometry": {
        "type": "Point",
        "coordinates": [
          -2.9972225,
          43.2909992
        ]
      }
    },
    {
      "type": "Feature",
      "properties": {
        "weight": 1.0
      },
      "geometry": {
        "type": "Point",
        "coordinates": [
          -2.9949867,
          43.2910371
        ]
      }
    },
    {
      "type": "Feature",
      "properties": {
        "weight": 1.0
      },
      "geometry": {
        "type": "Point",
        "coordinates": [
          -2.9940949,
          43.2910997
        ]
      }
    },
    {
      "type": "Feature",
      "properties": {
        "weight": 1.0,
        "id": 3399730801,
        "hasDetails": true,
        "name": "Restaurante Siglo XVIII",
        "amenity": "restaurant",
        "cuisine": "regional"
      },
      "geometry": {
        "type": "Point",
        "coordinates": [
          -3.0163297,
          43.2911475
        ]
      }
    },
    {
      "type": "Feature",
      "properties": {
        "weight": 1.0
      },
      "geometry": {
        "type": "Point",
        "coordinates": [
          -2.9951634,
          43.2911587
        ]
      }
    },
    {
      "type": "Feature",
      "properties": {
        "weight": 1.0
      },
      "geometry": {
        "type": "Point",
        "coordinates": [
          -2.9929784,
          43.2911881
        ]
      }
    },
    {
      "type": "Feature",
      "properties": {
        "weight": 1.0
      },
      "geometry": {
        "type": "Point",
        "coordinates": [
          -2.8854753,
          43.2912612
        ]
      }
    },
    {
      "type": "Feature",
      "properties": {
        "weight": 1.0,
        "id": 3661733293,
        "hasDetails": true,
        "name": "La Jarra",
        "amenity": "pub",
        "outdoor_seating": "yes"
      },
      "geometry": {
        "type": "Point",
        "coordinates": [
          -2.9918272,
          43.2912698
        ]
      }
    },
    {
      "type": "Feature",
      "properties": {
        "weight": 1.0
      },
      "geometry": {
        "type": "Point",
        "coordinates": [
          -2.9940654,
          43.2913245
        ]
      }
    },
    {
      "type": "Feature",
      "properties": {
        "weight": 1.0
      },
      "geometry": {
        "type": "Point",
        "coordinates": [
          -2.989607,
          43.2913531
        ]
      }
    },
    {
      "type": "Feature",
      "properties": {
        "weight": 1.0,
        "id": 3399730803,
        "hasDetails": true,
        "name": "Bar Erdikoa",
        "amenity": "pub",
        "address": "Valle de Tr\u00e1paga-Trapagaran"
      },
      "geometry": {
        "type": "Point",
        "coordinates": [
          -3.0159793,
          43.2913742
        ]
      }
    },
    {
      "type": "Feature",
      "properties": {
        "weight": 1.0,
        "id": 1668672053,
        "hasDetails": true,
        "name": "Gure Toki Berria",
        "amenity": "restaurant",
        "cuisine": "regional",
        "address": "Ugarte kalea 2, Valle de Tr\u00e1paga-Trapagaran",
        "website": "https://www.guretokiberria.com/"
      },
      "geometry": {
        "type": "Point",
        "coordinates": [
          -3.0147016,
          43.2914035
        ]
      }
    },
    {
      "type": "Feature",
      "properties": {
        "weight": 1.0
      },
      "geometry": {
        "type": "Point",
        "coordinates": [
          -3.0039284,
          43.2915114
        ]
      }
    },
    {
      "type": "Feature",
      "properties": {
        "weight": 1.0
      },
      "geometry": {
        "type": "Point",
        "coordinates": [
          -2.9940906,
          43.2915202
        ]
      }
    },
    {
      "type": "Feature",
      "properties": {
        "weight": 1.0
      },
      "geometry": {
        "type": "Point",
        "coordinates": [
          -2.9914446,
          43.2915316
        ]
      }
    },
    {
      "type": "Feature",
      "properties": {
        "weight": 1.0
      },
      "geometry": {
        "type": "Point",
        "coordinates": [
          -2.9936409,
          43.2915319
        ]
      }
    },
    {
      "type": "Feature",
      "properties": {
        "weight": 1.0
      },
      "geometry": {
        "type": "Point",
        "coordinates": [
          -2.8865681,
          43.2915548
        ]
      }
    },
    {
      "type": "Feature",
      "properties": {
        "weight": 1.0,
        "id": 1654062568,
        "hasDetails": true,
        "name": "Adarue",
        "amenity": "pub",
        "address": "Euskalerria kalea",
        "opening_hours": "Mo-Th 06:00-18:30; Fr 06:00-23:00; Sa 07:00-18:30"
      },
      "geometry": {
        "type": "Point",
        "coordinates": [
          -2.8867503,
          43.2916124
        ]
      }
    },
    {
      "type": "Feature",
      "properties": {
        "weight": 1.0
      },
      "geometry": {
        "type": "Point",
        "coordinates": [
          -2.9897361,
          43.2916438
        ]
      }
    },
    {
      "type": "Feature",
      "properties": {
        "weight": 1.0,
        "id": 3395657001,
        "hasDetails": true,
        "name": "Batzokia",
        "amenity": "pub",
        "address": "Euskalerria kalea 2"
      },
      "geometry": {
        "type": "Point",
        "coordinates": [
          -2.8874582,
          43.2916645
        ]
      }
    },
    {
      "type": "Feature",
      "properties": {
        "weight": 1.0,
        "id": 1668671937,
        "hasDetails": true,
        "name": "Restaurante Etxebarri",
        "amenity": "restaurant",
        "cuisine": "regional"
      },
      "geometry": {
        "type": "Point",
        "coordinates": [
          -3.0149247,
          43.2916941
        ]
      }
    },
    {
      "type": "Feature",
      "properties": {
        "weight": 1.0
      },
      "geometry": {
        "type": "Point",
        "coordinates": [
          -2.9922411,
          43.2917103
        ]
      }
    },
    {
      "type": "Feature",
      "properties": {
        "weight": 1.0
      },
      "geometry": {
        "type": "Point",
        "coordinates": [
          -2.9935065,
          43.2917474
        ]
      }
    },
    {
      "type": "Feature",
      "properties": {
        "weight": 1.0,
        "id": 6661360386,
        "hasDetails": true,
        "name": "Iazi",
        "amenity": "cafe",
        "address": "Beheko kalea"
      },
      "geometry": {
        "type": "Point",
        "coordinates": [
          -2.8870225,
          43.2918467
        ]
      }
    },
    {
      "type": "Feature",
      "properties": {
        "weight": 1.0,
        "id": 2709163866,
        "hasDetails": true,
        "name": "Bodeg\u00f3n Quiroga",
        "amenity": "pub",
        "address": "Calle Landaberri 4, Barakaldo"
      },
      "geometry": {
        "type": "Point",
        "coordinates": [
          -2.9903621,
          43.2918499
        ]
      }
    },
    {
      "type": "Feature",
      "properties": {
        "weight": 1.0
      },
      "geometry": {
        "type": "Point",
        "coordinates": [
          -2.9121877,
          43.2918717
        ]
      }
    },
    {
      "type": "Feature",
      "properties": {
        "weight": 1.0
      },
      "geometry": {
        "type": "Point",
        "coordinates": [
          -2.9907752,
          43.2919629
        ]
      }
    },
    {
      "type": "Feature",
      "properties": {
        "weight": 1.0
      },
      "geometry": {
        "type": "Point",
        "coordinates": [
          -2.9926525,
          43.2919718
        ]
      }
    },
    {
      "type": "Feature",
      "properties": {
        "weight": 1.0
      },
      "geometry": {
        "type": "Point",
        "coordinates": [
          -2.9905746,
          43.2919741
        ]
      }
    },
    {
      "type": "Feature",
      "properties": {
        "weight": 1.0,
        "id": 1654062575,
        "hasDetails": true,
        "name": "Devon's Tavern",
        "amenity": "bar",
        "address": "Derio"
      },
      "geometry": {
        "type": "Point",
        "coordinates": [
          -2.8863352,
          43.2919795
        ]
      }
    },
    {
      "type": "Feature",
      "properties": {
        "weight": 1.0,
        "id": 6661360385,
        "hasDetails": true,
        "name": "Haizea",
        "amenity": "bar",
        "address": "Erdiko kalea 6"
      },
      "geometry": {
        "type": "Point",
        "coordinates": [
          -2.8869009,
          43.2920245
        ]
      }
    },
    {
      "type": "Feature",
      "properties": {
        "weight": 1.0
      },
      "geometry": {
        "type": "Point",
        "coordinates": [
          -2.9917062,
          43.2920569
        ]
      }
    },
    {
      "type": "Feature",
      "properties": {
        "weight": 1.0
      },
      "geometry": {
        "type": "Point",
        "coordinates": [
          -2.9890723,
          43.2920595
        ]
      }
    },
    {
      "type": "Feature",
      "properties": {
        "weight": 1.0
      },
      "geometry": {
        "type": "Point",
        "coordinates": [
          -2.8886734,
          43.2920796
        ]
      }
    },
    {
      "type": "Feature",
      "properties": {
        "weight": 1.0
      },
      "geometry": {
        "type": "Point",
        "coordinates": [
          -2.990757,
          43.2921194
        ]
      }
    },
    {
      "type": "Feature",
      "properties": {
        "weight": 1.0
      },
      "geometry": {
        "type": "Point",
        "coordinates": [
          -2.9900659,
          43.2921524
        ]
      }
    },
    {
      "type": "Feature",
      "properties": {
        "weight": 1.0,
        "id": 3126140387,
        "hasDetails": true,
        "name": "Mi\u00f1o",
        "amenity": "pub",
        "opening_hours": "Mo-Su 06:00-23:00"
      },
      "geometry": {
        "type": "Point",
        "coordinates": [
          -2.9925837,
          43.2921963
        ]
      }
    },
    {
      "type": "Feature",
      "properties": {
        "weight": 1.0
      },
      "geometry": {
        "type": "Point",
        "coordinates": [
          -2.9910087,
          43.2922374
        ]
      }
    },
    {
      "type": "Feature",
      "properties": {
        "weight": 1.0
      },
      "geometry": {
        "type": "Point",
        "coordinates": [
          -3.015452,
          43.2924793
        ]
      }
    },
    {
      "type": "Feature",
      "properties": {
        "weight": 1.0,
        "id": 3556441071,
        "hasDetails": true,
        "name": "China King",
        "amenity": "restaurant",
        "cuisine": "chinese",
        "address": "Lurkizaga kalea, Barakaldo",
        "opening_hours": "Mo-Su 12:00-16:30, 19:30-00:00"
      },
      "geometry": {
        "type": "Point",
        "coordinates": [
          -2.9888599,
          43.2924878
        ]
      }
    },
    {
      "type": "Feature",
      "properties": {
        "weight": 1.0
      },
      "geometry": {
        "type": "Point",
        "coordinates": [
          -2.9909624,
          43.2925923
        ]
      }
    },
    {
      "type": "Feature",
      "properties": {
        "weight": 1.0
      },
      "geometry": {
        "type": "Point",
        "coordinates": [
          -2.9915028,
          43.2926437
        ]
      }
    },
    {
      "type": "Feature",
      "properties": {
        "weight": 1.0
      },
      "geometry": {
        "type": "Point",
        "coordinates": [
          -2.9882745,
          43.2926524
        ]
      }
    },
    {
      "type": "Feature",
      "properties": {
        "weight": 1.0
      },
      "geometry": {
        "type": "Point",
        "coordinates": [
          -2.9880975,
          43.2926996
        ]
      }
    },
    {
      "type": "Feature",
      "properties": {
        "weight": 1.0
      },
      "geometry": {
        "type": "Point",
        "coordinates": [
          -2.9911568,
          43.2927248
        ]
      }
    },
    {
      "type": "Feature",
      "properties": {
        "weight": 1.0
      },
      "geometry": {
        "type": "Point",
        "coordinates": [
          -2.9848836,
          43.292937
        ]
      }
    },
    {
      "type": "Feature",
      "properties": {
        "weight": 1.0,
        "id": 3762668284,
        "hasDetails": true,
        "name": "Enrique",
        "amenity": "pub",
        "address": "Lurkizaga kalea, Barakaldo"
      },
      "geometry": {
        "type": "Point",
        "coordinates": [
          -2.9871744,
          43.2929713
        ]
      }
    },
    {
      "type": "Feature",
      "properties": {
        "weight": 1.0,
        "id": 1668671832,
        "hasDetails": true,
        "name": "Berri-Alde",
        "amenity": "restaurant",
        "cuisine": "regional"
      },
      "geometry": {
        "type": "Point",
        "coordinates": [
          -3.0129801,
          43.2934278
        ]
      }
    },
    {
      "type": "Feature",
      "properties": {
        "weight": 1.0
      },
      "geometry": {
        "type": "Point",
        "coordinates": [
          -2.9899194,
          43.2934353
        ]
      }
    },
    {
      "type": "Feature",
      "properties": {
        "weight": 1.0,
        "id": 5882082338,
        "hasDetails": true,
        "name": "Megapark",
        "amenity": "ice_cream",
        "address": "Barakaldo",
        "outdoor_seating": "no"
      },
      "geometry": {
        "type": "Point",
        "coordinates": [
          -3.00473,
          43.2937125
        ]
      }
    },
    {
      "type": "Feature",
      "properties": {
        "weight": 1.0
      },
      "geometry": {
        "type": "Point",
        "coordinates": [
          -2.9859128,
          43.2937408
        ]
      }
    },
    {
      "type": "Feature",
      "properties": {
        "weight": 1.0,
        "id": 4770786534,
        "hasDetails": true,
        "name": "La Tagliatella",
        "amenity": "restaurant",
        "cuisine": "italian",
        "website": "https://www.latagliatella.es/"
      },
      "geometry": {
        "type": "Point",
        "coordinates": [
          -3.0049525,
          43.2937478
        ]
      }
    },
    {
      "type": "Feature",
      "properties": {
        "weight": 1.0,
        "id": 10814946053,
        "hasDetails": true,
        "name": "Market Bowls",
        "amenity": "restaurant",
        "cuisine": "asian"
      },
      "geometry": {
        "type": "Point",
        "coordinates": [
          -3.0046017,
          43.2938277
        ]
      }
    },
    {
      "type": "Feature",
      "properties": {
        "weight": 1.0,
        "id": 1641761351,
        "hasDetails": true,
        "name": "Burger King",
        "amenity": "fast_food",
        "cuisine": "burger",
        "opening_hours": "Su-Th,PH 12:30-23:30; Fr,Sa 12:30-01:00"
      },
      "geometry": {
        "type": "Point",
        "coordinates": [
          -3.0051392,
          43.2938923
        ]
      }
    },
    {
      "type": "Feature",
      "properties": {
        "weight": 1.0
      },
      "geometry": {
        "type": "Point",
        "coordinates": [
          -2.9860855,
          43.293958
        ]
      }
    },
    {
      "type": "Feature",
      "properties": {
        "weight": 1.0,
        "id": 5882082339,
        "hasDetails": true,
        "name": "Krunch",
        "amenity": "restaurant",
        "opening_hours": "PH,Mo-Su 12:00-23:30"
      },
      "geometry": {
        "type": "Point",
        "coordinates": [
          -3.0044564,
          43.2939858
        ]
      }
    },
    {
      "type": "Feature",
      "properties": {
        "weight": 1.0
      },
      "geometry": {
        "type": "Point",
        "coordinates": [
          -2.9862848,
          43.293999
        ]
      }
    },
    {
      "type": "Feature",
      "properties": {
        "weight": 1.0
      },
      "geometry": {
        "type": "Point",
        "coordinates": [
          -2.9860142,
          43.2940453
        ]
      }
    },
    {
      "type": "Feature",
      "properties": {
        "weight": 1.0,
        "id": 10814932481,
        "hasDetails": true,
        "name": "Ribs",
        "amenity": "restaurant",
        "cuisine": "barbecue"
      },
      "geometry": {
        "type": "Point",
        "coordinates": [
          -3.0043755,
          43.2940883
        ]
      }
    },
    {
      "type": "Feature",
      "properties": {
        "weight": 1.0
      },
      "geometry": {
        "type": "Point",
        "coordinates": [
          -2.9870208,
          43.2941217
        ]
      }
    },
    {
      "type": "Feature",
      "properties": {
        "weight": 1.0,
        "id": 7220933486,
        "hasDetails": true,
        "name": "Copa",
        "amenity": "pub",
        "address": "Castilla y Leon kalea"
      },
      "geometry": {
        "type": "Point",
        "coordinates": [
          -2.9857436,
          43.2941511
        ]
      }
    },
    {
      "type": "Feature",
      "properties": {
        "weight": 1.0
      },
      "geometry": {
        "type": "Point",
        "coordinates": [
          -2.9844942,
          43.2941972
        ]
      }
    },
    {
      "type": "Feature",
      "properties": {
        "weight": 1.0,
        "id": 4587042692,
        "hasDetails": true,
        "name": "Cafeter\u00eda Gallery",
        "amenity": "pub",
        "opening_hours": "Tu-Fr 07:00-23:30; Sa,Su 08:00-23:30"
      },
      "geometry": {
        "type": "Point",
        "coordinates": [
          -2.9997048,
          43.294203
        ]
      }
    },
    {
      "type": "Feature",
      "properties": {
        "weight": 1.0,
        "id": 3620124352,
        "hasDetails": true,
        "name": "Don G",
        "amenity": "restaurant",
        "cuisine": "basque"
      },
      "geometry": {
        "type": "Point",
        "coordinates": [
          -3.004244,
          43.2942064
        ]
      }
    },
    {
      "type": "Feature",
      "properties": {
        "weight": 1.0,
        "id": 7220933386,
        "hasDetails": true,
        "name": "Irrintzi",
        "amenity": "pub",
        "address": "Bizkaia kalea"
      },
      "geometry": {
        "type": "Point",
        "coordinates": [
          -2.9863489,
          43.2942171
        ]
      }
    },
    {
      "type": "Feature",
      "properties": {
        "weight": 1.0
      },
      "geometry": {
        "type": "Point",
        "coordinates": [
          -3.0047823,
          43.2942616
        ]
      }
    },
    {
      "type": "Feature",
      "properties": {
        "weight": 1.0
      },
      "geometry": {
        "type": "Point",
        "coordinates": [
          -2.9873786,
          43.2942705
        ]
      }
    },
    {
      "type": "Feature",
      "properties": {
        "weight": 1.0
      },
      "geometry": {
        "type": "Point",
        "coordinates": [
          -2.9929193,
          43.2942929
        ]
      }
    },
    {
      "type": "Feature",
      "properties": {
        "weight": 1.0
      },
      "geometry": {
        "type": "Point",
        "coordinates": [
          -2.9908388,
          43.2943055
        ]
      }
    },
    {
      "type": "Feature",
      "properties": {
        "weight": 1.0
      },
      "geometry": {
        "type": "Point",
        "coordinates": [
          -2.9911096,
          43.2943077
        ]
      }
    },
    {
      "type": "Feature",
      "properties": {
        "weight": 1.0,
        "id": 1637565841,
        "hasDetails": true,
        "name": "Restaurante Japon\u00e9s Sakura",
        "amenity": "restaurant",
        "cuisine": "japanese"
      },
      "geometry": {
        "type": "Point",
        "coordinates": [
          -2.9931132,
          43.2943215
        ]
      }
    },
    {
      "type": "Feature",
      "properties": {
        "weight": 1.0
      },
      "geometry": {
        "type": "Point",
        "coordinates": [
          -2.9858889,
          43.2943269
        ]
      }
    },
    {
      "type": "Feature",
      "properties": {
        "weight": 1.0
      },
      "geometry": {
        "type": "Point",
        "coordinates": [
          -2.9855292,
          43.2943305
        ]
      }
    },
    {
      "type": "Feature",
      "properties": {
        "weight": 1.0
      },
      "geometry": {
        "type": "Point",
        "coordinates": [
          -3.0047152,
          43.2943484
        ]
      }
    },
    {
      "type": "Feature",
      "properties": {
        "weight": 1.0
      },
      "geometry": {
        "type": "Point",
        "coordinates": [
          -2.9890131,
          43.2943636
        ]
      }
    },
    {
      "type": "Feature",
      "properties": {
        "weight": 1.0
      },
      "geometry": {
        "type": "Point",
        "coordinates": [
          -2.9885043,
          43.2943773
        ]
      }
    },
    {
      "type": "Feature",
      "properties": {
        "weight": 1.0
      },
      "geometry": {
        "type": "Point",
        "coordinates": [
          -2.991481,
          43.2943803
        ]
      }
    },
    {
      "type": "Feature",
      "properties": {
        "weight": 1.0
      },
      "geometry": {
        "type": "Point",
        "coordinates": [
          -2.9863252,
          43.2943906
        ]
      }
    },
    {
      "type": "Feature",
      "properties": {
        "weight": 1.0
      },
      "geometry": {
        "type": "Point",
        "coordinates": [
          -2.9905199,
          43.2944266
        ]
      }
    },
    {
      "type": "Feature",
      "properties": {
        "weight": 1.0
      },
      "geometry": {
        "type": "Point",
        "coordinates": [
          -2.9961072,
          43.2944362
        ]
      }
    },
    {
      "type": "Feature",
      "properties": {
        "weight": 1.0,
        "id": 10814944584,
        "hasDetails": true,
        "name": "Old Jack",
        "amenity": "restaurant",
        "cuisine": "barbecue"
      },
      "geometry": {
        "type": "Point",
        "coordinates": [
          -3.0046602,
          43.2944453
        ]
      }
    },
    {
      "type": "Feature",
      "properties": {
        "weight": 1.0
      },
      "geometry": {
        "type": "Point",
        "coordinates": [
          -2.9958872,
          43.2944553
        ]
      }
    },
    {
      "type": "Feature",
      "properties": {
        "weight": 1.0
      },
      "geometry": {
        "type": "Point",
        "coordinates": [
          -2.9861518,
          43.2944809
        ]
      }
    },
    {
      "type": "Feature",
      "properties": {
        "weight": 1.0
      },
      "geometry": {
        "type": "Point",
        "coordinates": [
          -2.9956091,
          43.2944974
        ]
      }
    },
    {
      "type": "Feature",
      "properties": {
        "weight": 1.0
      },
      "geometry": {
        "type": "Point",
        "coordinates": [
          -2.9862958,
          43.2945189
        ]
      }
    },
    {
      "type": "Feature",
      "properties": {
        "weight": 1.0,
        "id": 1637565840,
        "hasDetails": true,
        "name": "Telepizza",
        "amenity": "fast_food",
        "cuisine": "pizza"
      },
      "geometry": {
        "type": "Point",
        "coordinates": [
          -2.9923811,
          43.2945597
        ]
      }
    },
    {
      "type": "Feature",
      "properties": {
        "weight": 1.0,
        "id": 695655178,
        "hasDetails": true,
        "name": "Baserri Antzokia",
        "amenity": "restaurant",
        "website": "http://www.baserriantzokia.eus/es/",
        "opening_hours": "Mo-Th 08:00-20:00; Fr 08:00-5:30; Sa 10:00-5:30; Su 10:00-22:00",
        "outdoor_seating": "yes"
      },
      "geometry": {
        "type": "Point",
        "coordinates": [
          -2.8751455,
          43.2946064
        ]
      }
    },
    {
      "type": "Feature",
      "properties": {
        "weight": 1.0,
        "id": 10814949192,
        "hasDetails": true,
        "name": "Sushisom",
        "amenity": "restaurant",
        "cuisine": "japanese"
      },
      "geometry": {
        "type": "Point",
        "coordinates": [
          -3.0046876,
          43.2946261
        ]
      }
    },
    {
      "type": "Feature",
      "properties": {
        "weight": 1.0
      },
      "geometry": {
        "type": "Point",
        "coordinates": [
          -2.9927687,
          43.2946316
        ]
      }
    },
    {
      "type": "Feature",
      "properties": {
        "weight": 1.0
      },
      "geometry": {
        "type": "Point",
        "coordinates": [
          -2.9856547,
          43.2946411
        ]
      }
    },
    {
      "type": "Feature",
      "properties": {
        "weight": 1.0
      },
      "geometry": {
        "type": "Point",
        "coordinates": [
          -2.9861443,
          43.2946507
        ]
      }
    },
    {
      "type": "Feature",
      "properties": {
        "weight": 1.0
      },
      "geometry": {
        "type": "Point",
        "coordinates": [
          -2.9850895,
          43.2946594
        ]
      }
    },
    {
      "type": "Feature",
      "properties": {
        "weight": 1.0,
        "id": 3797438027,
        "hasDetails": true,
        "name": "Tempus Fugit",
        "amenity": "cafe",
        "opening_hours": "Su-Th 07:30-23:00; Fr,Sa 07:30-02:00",
        "outdoor_seating": "yes"
      },
      "geometry": {
        "type": "Point",
        "coordinates": [
          -2.9887727,
          43.2946601
        ]
      }
    },
    {
      "type": "Feature",
      "properties": {
        "weight": 1.0
      },
      "geometry": {
        "type": "Point",
        "coordinates": [
          -2.9880695,
          43.2946603
        ]
      }
    },
    {
      "type": "Feature",
      "properties": {
        "weight": 1.0
      },
      "geometry": {
        "type": "Point",
        "coordinates": [
          -2.9901415,
          43.2946983
        ]
      }
    },
    {
      "type": "Feature",
      "properties": {
        "weight": 1.0
      },
      "geometry": {
        "type": "Point",
        "coordinates": [
          -2.9858568,
          43.2947061
        ]
      }
    },
    {
      "type": "Feature",
      "properties": {
        "weight": 1.0,
        "id": 3964855120,
        "hasDetails": true,
        "name": "El Caser\u00edo",
        "amenity": "pub",
        "outdoor_seating": "yes"
      },
      "geometry": {
        "type": "Point",
        "coordinates": [
          -2.9964484,
          43.2947201
        ]
      }
    },
    {
      "type": "Feature",
      "properties": {
        "weight": 1.0
      },
      "geometry": {
        "type": "Point",
        "coordinates": [
          -3.0093952,
          43.2948311
        ]
      }
    },
    {
      "type": "Feature",
      "properties": {
        "weight": 1.0
      },
      "geometry": {
        "type": "Point",
        "coordinates": [
          -2.9899104,
          43.2948518
        ]
      }
    },
    {
      "type": "Feature",
      "properties": {
        "weight": 1.0
      },
      "geometry": {
        "type": "Point",
        "coordinates": [
          -2.9953267,
          43.2948979
        ]
      }
    },
    {
      "type": "Feature",
      "properties": {
        "weight": 1.0
      },
      "geometry": {
        "type": "Point",
        "coordinates": [
          -2.9863271,
          43.2949132
        ]
      }
    },
    {
      "type": "Feature",
      "properties": {
        "weight": 1.0
      },
      "geometry": {
        "type": "Point",
        "coordinates": [
          -2.9974995,
          43.2949578
        ]
      }
    },
    {
      "type": "Feature",
      "properties": {
        "weight": 1.0,
        "id": 5008421442,
        "hasDetails": true,
        "name": "Mes\u00f3n Don Pedro",
        "amenity": "restaurant",
        "cuisine": "spanish;steak_house"
      },
      "geometry": {
        "type": "Point",
        "coordinates": [
          -2.9849312,
          43.2949839
        ]
      }
    },
    {
      "type": "Feature",
      "properties": {
        "weight": 1.0
      },
      "geometry": {
        "type": "Point",
        "coordinates": [
          -2.9882155,
          43.2950088
        ]
      }
    },
    {
      "type": "Feature",
      "properties": {
        "weight": 1.0
      },
      "geometry": {
        "type": "Point",
        "coordinates": [
          -3.0036693,
          43.2950477
        ]
      }
    },
    {
      "type": "Feature",
      "properties": {
        "weight": 1.0
      },
      "geometry": {
        "type": "Point",
        "coordinates": [
          -2.9986711,
          43.2951279
        ]
      }
    },
    {
      "type": "Feature",
      "properties": {
        "weight": 1.0,
        "id": 13255769869,
        "hasDetails": true,
        "name": "15.000 hops",
        "amenity": "pub",
        "address": "Gipuzkoa kalea 9",
        "website": "https://15000hops.es/"
      },
      "geometry": {
        "type": "Point",
        "coordinates": [
          -2.9868047,
          43.2951533
        ]
      }
    },
    {
      "type": "Feature",
      "properties": {
        "weight": 1.0
      },
      "geometry": {
        "type": "Point",
        "coordinates": [
          -2.9876551,
          43.2951881
        ]
      }
    },
    {
      "type": "Feature",
      "properties": {
        "weight": 1.0
      },
      "geometry": {
        "type": "Point",
        "coordinates": [
          -2.9858103,
          43.2952019
        ]
      }
    },
    {
      "type": "Feature",
      "properties": {
        "weight": 1.0
      },
      "geometry": {
        "type": "Point",
        "coordinates": [
          -2.9986041,
          43.2952177
        ]
      }
    },
    {
      "type": "Feature",
      "properties": {
        "weight": 1.0
      },
      "geometry": {
        "type": "Point",
        "coordinates": [
          -2.9926738,
          43.2952438
        ]
      }
    },
    {
      "type": "Feature",
      "properties": {
        "weight": 1.0
      },
      "geometry": {
        "type": "Point",
        "coordinates": [
          -2.9865448,
          43.2952744
        ]
      }
    },
    {
      "type": "Feature",
      "properties": {
        "weight": 1.0,
        "id": 4025858555,
        "hasDetails": true,
        "name": "Caf\u00e9 Osiris",
        "amenity": "cafe",
        "outdoor_seating": "yes"
      },
      "geometry": {
        "type": "Point",
        "coordinates": [
          -2.9964115,
          43.2952835
        ]
      }
    },
    {
      "type": "Feature",
      "properties": {
        "weight": 1.0
      },
      "geometry": {
        "type": "Point",
        "coordinates": [
          -2.993431,
          43.295312
        ]
      }
    },
    {
      "type": "Feature",
      "properties": {
        "weight": 1.0
      },
      "geometry": {
        "type": "Point",
        "coordinates": [
          -2.9980041,
          43.2953328
        ]
      }
    },
    {
      "type": "Feature",
      "properties": {
        "weight": 1.0
      },
      "geometry": {
        "type": "Point",
        "coordinates": [
          -2.9976164,
          43.2953441
        ]
      }
    },
    {
      "type": "Feature",
      "properties": {
        "weight": 1.0,
        "id": 12569773822,
        "hasDetails": true,
        "name": "Churrer\u00eda",
        "amenity": "fast_food",
        "cuisine": "donut"
      },
      "geometry": {
        "type": "Point",
        "coordinates": [
          -2.9969842,
          43.2953879
        ]
      }
    },
    {
      "type": "Feature",
      "properties": {
        "weight": 1.0,
        "id": 7061123087,
        "hasDetails": true,
        "name": "Tres Rombos",
        "amenity": "pub",
        "address": "Nafarroa kalea, Barakaldo"
      },
      "geometry": {
        "type": "Point",
        "coordinates": [
          -2.9864312,
          43.2954161
        ]
      }
    },
    {
      "type": "Feature",
      "properties": {
        "weight": 1.0
      },
      "geometry": {
        "type": "Point",
        "coordinates": [
          -2.9976205,
          43.2954612
        ]
      }
    },
    {
      "type": "Feature",
      "properties": {
        "weight": 1.0
      },
      "geometry": {
        "type": "Point",
        "coordinates": [
          -2.9982514,
          43.2954612
        ]
      }
    },
    {
      "type": "Feature",
      "properties": {
        "weight": 1.0
      },
      "geometry": {
        "type": "Point",
        "coordinates": [
          -2.9868206,
          43.2954891
        ]
      }
    },
    {
      "type": "Feature",
      "properties": {
        "weight": 1.0
      },
      "geometry": {
        "type": "Point",
        "coordinates": [
          -2.9956074,
          43.2954999
        ]
      }
    },
    {
      "type": "Feature",
      "properties": {
        "weight": 1.0
      },
      "geometry": {
        "type": "Point",
        "coordinates": [
          -2.9948231,
          43.2955094
        ]
      }
    },
    {
      "type": "Feature",
      "properties": {
        "weight": 1.0,
        "id": 3762759026,
        "hasDetails": true,
        "name": "El Palacete",
        "amenity": "cafe",
        "outdoor_seating": "yes"
      },
      "geometry": {
        "type": "Point",
        "coordinates": [
          -2.9965825,
          43.2955131
        ]
      }
    },
    {
      "type": "Feature",
      "properties": {
        "weight": 1.0
      },
      "geometry": {
        "type": "Point",
        "coordinates": [
          -2.9888684,
          43.2955133
        ]
      }
    },
    {
      "type": "Feature",
      "properties": {
        "weight": 1.0
      },
      "geometry": {
        "type": "Point",
        "coordinates": [
          -2.9885672,
          43.2955411
        ]
      }
    },
    {
      "type": "Feature",
      "properties": {
        "weight": 1.0
      },
      "geometry": {
        "type": "Point",
        "coordinates": [
          -2.9882448,
          43.295565
        ]
      }
    },
    {
      "type": "Feature",
      "properties": {
        "weight": 1.0
      },
      "geometry": {
        "type": "Point",
        "coordinates": [
          -2.9943603,
          43.2956048
        ]
      }
    },
    {
      "type": "Feature",
      "properties": {
        "weight": 1.0
      },
      "geometry": {
        "type": "Point",
        "coordinates": [
          -2.988081,
          43.2956385
        ]
      }
    },
    {
      "type": "Feature",
      "properties": {
        "weight": 1.0,
        "id": 6455657503,
        "hasDetails": true,
        "name": "Bizkaia",
        "amenity": "pub",
        "address": "Barakaldo"
      },
      "geometry": {
        "type": "Point",
        "coordinates": [
          -2.9883818,
          43.2956573
        ]
      }
    },
    {
      "type": "Feature",
      "properties": {
        "weight": 1.0
      },
      "geometry": {
        "type": "Point",
        "coordinates": [
          -2.9901128,
          43.2956877
        ]
      }
    },
    {
      "type": "Feature",
      "properties": {
        "weight": 1.0
      },
      "geometry": {
        "type": "Point",
        "coordinates": [
          -2.9947262,
          43.2957166
        ]
      }
    },
    {
      "type": "Feature",
      "properties": {
        "weight": 1.0,
        "id": 3399729585,
        "hasDetails": true,
        "name": "Restaurante Aparkabisa",
        "amenity": "restaurant",
        "cuisine": "regional",
        "address": "POLIGONO INDUSTRIAL APARKABISA, Valle de Tr\u00e1paga-Trapagaran",
        "website": "http://aparkabisarestaurante.com/"
      },
      "geometry": {
        "type": "Point",
        "coordinates": [
          -3.0118477,
          43.295759
        ]
      }
    },
    {
      "type": "Feature",
      "properties": {
        "weight": 1.0
      },
      "geometry": {
        "type": "Point",
        "coordinates": [
          -2.9885181,
          43.2957729
        ]
      }
    },
    {
      "type": "Feature",
      "properties": {
        "weight": 1.0
      },
      "geometry": {
        "type": "Point",
        "coordinates": [
          -2.9952703,
          43.2957801
        ]
      }
    },
    {
      "type": "Feature",
      "properties": {
        "weight": 1.0
      },
      "geometry": {
        "type": "Point",
        "coordinates": [
          -2.9988116,
          43.2958061
        ]
      }
    },
    {
      "type": "Feature",
      "properties": {
        "weight": 1.0,
        "id": 6455656790,
        "hasDetails": true,
        "name": "Blue Bird",
        "amenity": "pub",
        "address": "Barakaldo"
      },
      "geometry": {
        "type": "Point",
        "coordinates": [
          -2.9859282,
          43.2958289
        ]
      }
    },
    {
      "type": "Feature",
      "properties": {
        "weight": 1.0
      },
      "geometry": {
        "type": "Point",
        "coordinates": [
          -2.9886353,
          43.295875
        ]
      }
    },
    {
      "type": "Feature",
      "properties": {
        "weight": 1.0
      },
      "geometry": {
        "type": "Point",
        "coordinates": [
          -2.988488,
          43.2959755
        ]
      }
    },
    {
      "type": "Feature",
      "properties": {
        "weight": 1.0
      },
      "geometry": {
        "type": "Point",
        "coordinates": [
          -2.998429,
          43.2959766
        ]
      }
    },
    {
      "type": "Feature",
      "properties": {
        "weight": 1.0,
        "id": 7061148686,
        "hasDetails": true,
        "name": "Zazpi",
        "amenity": "pub",
        "address": "Barakaldo"
      },
      "geometry": {
        "type": "Point",
        "coordinates": [
          -2.9887757,
          43.2959867
        ]
      }
    },
    {
      "type": "Feature",
      "properties": {
        "weight": 1.0
      },
      "geometry": {
        "type": "Point",
        "coordinates": [
          -3.0028888,
          43.2960153
        ]
      }
    },
    {
      "type": "Feature",
      "properties": {
        "weight": 1.0,
        "id": 4089932200,
        "hasDetails": true,
        "name": "Gran Muralla",
        "amenity": "restaurant",
        "cuisine": "chinese",
        "opening_hours": "Mo-Su 12:00-16:00, 19:30-00:00"
      },
      "geometry": {
        "type": "Point",
        "coordinates": [
          -2.9881147,
          43.2960215
        ]
      }
    },
    {
      "type": "Feature",
      "properties": {
        "weight": 1.0
      },
      "geometry": {
        "type": "Point",
        "coordinates": [
          -2.9899772,
          43.2960703
        ]
      }
    },
    {
      "type": "Feature",
      "properties": {
        "weight": 1.0
      },
      "geometry": {
        "type": "Point",
        "coordinates": [
          -2.9894492,
          43.2960935
        ]
      }
    },
    {
      "type": "Feature",
      "properties": {
        "weight": 1.0,
        "id": 3797438029,
        "hasDetails": true,
        "name": "Batzoki Barakaldo",
        "amenity": "bar",
        "opening_hours": "Mo-Th 09:00-21:00; Fr 09:00-23:00; Sa 10:00-00:00; Su 10:00-20:00"
      },
      "geometry": {
        "type": "Point",
        "coordinates": [
          -2.9867862,
          43.2961005
        ]
      }
    },
    {
      "type": "Feature",
      "properties": {
        "weight": 1.0
      },
      "geometry": {
        "type": "Point",
        "coordinates": [
          -2.997982,
          43.2961535
        ]
      }
    },
    {
      "type": "Feature",
      "properties": {
        "weight": 1.0
      },
      "geometry": {
        "type": "Point",
        "coordinates": [
          -2.9973318,
          43.2961874
        ]
      }
    },
    {
      "type": "Feature",
      "properties": {
        "weight": 1.0
      },
      "geometry": {
        "type": "Point",
        "coordinates": [
          -2.9967069,
          43.2962294
        ]
      }
    },
    {
      "type": "Feature",
      "properties": {
        "weight": 1.0,
        "id": 7061199785,
        "hasDetails": true,
        "name": "Bizkaia",
        "amenity": "fast_food",
        "cuisine": "kebab"
      },
      "geometry": {
        "type": "Point",
        "coordinates": [
          -2.9914363,
          43.2962457
        ]
      }
    },
    {
      "type": "Feature",
      "properties": {
        "weight": 1.0,
        "id": 6454349304,
        "hasDetails": true,
        "name": "Elkano",
        "amenity": "restaurant",
        "website": "https://www.elkanobarakaldo.com/"
      },
      "geometry": {
        "type": "Point",
        "coordinates": [
          -2.9883424,
          43.2962713
        ]
      }
    },
    {
      "type": "Feature",
      "properties": {
        "weight": 1.0
      },
      "geometry": {
        "type": "Point",
        "coordinates": [
          -2.986556,
          43.2962786
        ]
      }
    },
    {
      "type": "Feature",
      "properties": {
        "weight": 1.0
      },
      "geometry": {
        "type": "Point",
        "coordinates": [
          -2.9894492,
          43.2962979
        ]
      }
    },
    {
      "type": "Feature",
      "properties": {
        "weight": 1.0,
        "id": 6584444087,
        "hasDetails": true,
        "name": "Dantzari",
        "amenity": "pub",
        "address": "Barakaldo",
        "names": [
          "Dantzari",
          "Eguzki"
        ]
      },
      "geometry": {
        "type": "Point",
        "coordinates": [
          -2.9897223,
          43.2963406
        ]
      }
    },
    {
      "type": "Feature",
      "properties": {
        "weight": 1.0
      },
      "geometry": {
        "type": "Point",
        "coordinates": [
          -2.9864035,
          43.2963691
        ]
      }
    },
    {
      "type": "Feature",
      "properties": {
        "weight": 1.0,
        "id": 3762759030,
        "hasDetails": true,
        "name": "Caf\u00e9 Norte",
        "amenity": "cafe",
        "opening_hours": "Mo-Fr 07:00-23:00; Sa,Su 09:00-23:00",
        "names": [
          "Caf\u00e9 Norte",
          "Las Tortillas de Aitxu"
        ]
      },
      "geometry": {
        "type": "Point",
        "coordinates": [
          -2.9868089,
          43.2964018
        ]
      }
    },
    {
      "type": "Feature",
      "properties": {
        "weight": 1.0
      },
      "geometry": {
        "type": "Point",
        "coordinates": [
          -3.0024775,
          43.2964132
        ]
      }
    },
    {
      "type": "Feature",
      "properties": {
        "weight": 1.0
      },
      "geometry": {
        "type": "Point",
        "coordinates": [
          -2.9966085,
          43.2964153
        ]
      }
    },
    {
      "type": "Feature",
      "properties": {
        "weight": 1.0
      },
      "geometry": {
        "type": "Point",
        "coordinates": [
          -2.9985225,
          43.2965023
        ]
      }
    },
    {
      "type": "Feature",
      "properties": {
        "weight": 1.0
      },
      "geometry": {
        "type": "Point",
        "coordinates": [
          -2.9875166,
          43.2965484
        ]
      }
    },
    {
      "type": "Feature",
      "properties": {
        "weight": 1.0
      },
      "geometry": {
        "type": "Point",
        "coordinates": [
          -2.9889913,
          43.2965501
        ]
      }
    },
    {
      "type": "Feature",
      "properties": {
        "weight": 1.0
      },
      "geometry": {
        "type": "Point",
        "coordinates": [
          -2.991494,
          43.2966148
        ]
      }
    },
    {
      "type": "Feature",
      "properties": {
        "weight": 1.0
      },
      "geometry": {
        "type": "Point",
        "coordinates": [
          -2.9860314,
          43.2966225
        ]
      }
    },
    {
      "type": "Feature",
      "properties": {
        "weight": 1.0
      },
      "geometry": {
        "type": "Point",
        "coordinates": [
          -2.9888787,
          43.2966538
        ]
      }
    },
    {
      "type": "Feature",
      "properties": {
        "weight": 1.0
      },
      "geometry": {
        "type": "Point",
        "coordinates": [
          -2.9886552,
          43.2966646
        ]
      }
    },
    {
      "type": "Feature",
      "properties": {
        "weight": 1.0,
        "id": 6442292891,
        "hasDetails": true,
        "name": "Gaztelu",
        "amenity": "bar",
        "opening_hours": "Mo-Su 09:00-22:00",
        "outdoor_seating": "yes"
      },
      "geometry": {
        "type": "Point",
        "coordinates": [
          -2.9865408,
          43.2966783
        ]
      }
    },
    {
      "type": "Feature",
      "properties": {
        "weight": 1.0
      },
      "geometry": {
        "type": "Point",
        "coordinates": [
          -2.9876751,
          43.296684
        ]
      }
    },
    {
      "type": "Feature",
      "properties": {
        "weight": 1.0
      },
      "geometry": {
        "type": "Point",
        "coordinates": [
          -2.9906496,
          43.296693
        ]
      }
    },
    {
      "type": "Feature",
      "properties": {
        "weight": 1.0,
        "id": 4215732895,
        "hasDetails": true,
        "name": "Arte Gallego",
        "amenity": "restaurant",
        "cuisine": "fish;steak_house;regional",
        "website": "http://www.artegallego.tk",
        "names": [
          "Arte Gallego",
          "Punkytxen"
        ]
      },
      "geometry": {
        "type": "Point",
        "coordinates": [
          -2.99159,
          43.2967135
        ]
      }
    },
    {
      "type": "Feature",
      "properties": {
        "weight": 1.0
      },
      "geometry": {
        "type": "Point",
        "coordinates": [
          -2.9883772,
          43.2967162
        ]
      }
    },
    {
      "type": "Feature",
      "properties": {
        "weight": 1.0
      },
      "geometry": {
        "type": "Point",
        "coordinates": [
          -2.9918914,
          43.2967703
        ]
      }
    },
    {
      "type": "Feature",
      "properties": {
        "weight": 1.0,
        "id": 5028956776,
        "hasDetails": true,
        "name": "New VOS",
        "amenity": "pub",
        "cuisine": "chicken"
      },
      "geometry": {
        "type": "Point",
        "coordinates": [
          -2.9881874,
          43.2967812
        ]
      }
    },
    {
      "type": "Feature",
      "properties": {
        "weight": 1.0
      },
      "geometry": {
        "type": "Point",
        "coordinates": [
          -2.9885459,
          43.2967826
        ]
      }
    },
    {
      "type": "Feature",
      "properties": {
        "weight": 1.0
      },
      "geometry": {
        "type": "Point",
        "coordinates": [
          -2.9914732,
          43.2968071
        ]
      }
    },
    {
      "type": "Feature",
      "properties": {
        "weight": 1.0
      },
      "geometry": {
        "type": "Point",
        "coordinates": [
          -2.9804866,
          43.2968259
        ]
      }
    },
    {
      "type": "Feature",
      "properties": {
        "weight": 1.0,
        "id": 3207058443,
        "hasDetails": true,
        "name": "Danita's Bakery",
        "amenity": "cafe",
        "address": "Arrontegi kalea 4, Barakaldo"
      },
      "geometry": {
        "type": "Point",
        "coordinates": [
          -2.9845759,
          43.2968339
        ]
      }
    },
    {
      "type": "Feature",
      "properties": {
        "weight": 1.0
      },
      "geometry": {
        "type": "Point",
        "coordinates": [
          -2.9850525,
          43.2968386
        ]
      }
    },
    {
      "type": "Feature",
      "properties": {
        "weight": 1.0
      },
      "geometry": {
        "type": "Point",
        "coordinates": [
          -2.9847086,
          43.2968566
        ]
      }
    },
    {
      "type": "Feature",
      "properties": {
        "weight": 1.0
      },
      "geometry": {
        "type": "Point",
        "coordinates": [
          -2.988625,
          43.2969169
        ]
      }
    },
    {
      "type": "Feature",
      "properties": {
        "weight": 1.0
      },
      "geometry": {
        "type": "Point",
        "coordinates": [
          -2.9883552,
          43.2969902
        ]
      }
    },
    {
      "type": "Feature",
      "properties": {
        "weight": 1.0
      },
      "geometry": {
        "type": "Point",
        "coordinates": [
          -2.9911617,
          43.2970015
        ]
      }
    },
    {
      "type": "Feature",
      "properties": {
        "weight": 1.0
      },
      "geometry": {
        "type": "Point",
        "coordinates": [
          -2.9846985,
          43.2970022
        ]
      }
    },
    {
      "type": "Feature",
      "properties": {
        "weight": 1.0
      },
      "geometry": {
        "type": "Point",
        "coordinates": [
          -2.8850593,
          43.2970234
        ]
      }
    },
    {
      "type": "Feature",
      "properties": {
        "weight": 1.0
      },
      "geometry": {
        "type": "Point",
        "coordinates": [
          -2.9885199,
          43.2970315
        ]
      }
    },
    {
      "type": "Feature",
      "properties": {
        "weight": 1.0
      },
      "geometry": {
        "type": "Point",
        "coordinates": [
          -2.885316,
          43.2970396
        ]
      }
    },
    {
      "type": "Feature",
      "properties": {
        "weight": 1.0
      },
      "geometry": {
        "type": "Point",
        "coordinates": [
          -2.9882972,
          43.2970786
        ]
      }
    },
    {
      "type": "Feature",
      "properties": {
        "weight": 1.0,
        "id": 9080795019,
        "hasDetails": true,
        "name": "King Pollo",
        "amenity": "fast_food",
        "cuisine": "chicken"
      },
      "geometry": {
        "type": "Point",
        "coordinates": [
          -2.9889631,
          43.2971371
        ]
      }
    },
    {
      "type": "Feature",
      "properties": {
        "weight": 1.0,
        "id": 5026217378,
        "hasDetails": true,
        "name": "El H\u00f3rreo",
        "amenity": "pub",
        "address": "Barakaldo"
      },
      "geometry": {
        "type": "Point",
        "coordinates": [
          -2.9882583,
          43.2971711
        ]
      }
    },
    {
      "type": "Feature",
      "properties": {
        "weight": 1.0
      },
      "geometry": {
        "type": "Point",
        "coordinates": [
          -2.9901835,
          43.297221
        ]
      }
    },
    {
      "type": "Feature",
      "properties": {
        "weight": 1.0
      },
      "geometry": {
        "type": "Point",
        "coordinates": [
          -2.988393,
          43.2972224
        ]
      }
    },
    {
      "type": "Feature",
      "properties": {
        "weight": 1.0
      },
      "geometry": {
        "type": "Point",
        "coordinates": [
          -2.9807923,
          43.2972274
        ]
      }
    },
    {
      "type": "Feature",
      "properties": {
        "weight": 1.0,
        "id": 2741033457,
        "hasDetails": true,
        "name": "Best Donner Kebab",
        "amenity": "fast_food",
        "cuisine": "kebab"
      },
      "geometry": {
        "type": "Point",
        "coordinates": [
          -2.98454,
          43.2972278
        ]
      }
    },
    {
      "type": "Feature",
      "properties": {
        "weight": 1.0
      },
      "geometry": {
        "type": "Point",
        "coordinates": [
          -2.9914239,
          43.2972405
        ]
      }
    },
    {
      "type": "Feature",
      "properties": {
        "weight": 1.0
      },
      "geometry": {
        "type": "Point",
        "coordinates": [
          -2.9881594,
          43.2972634
        ]
      }
    },
    {
      "type": "Feature",
      "properties": {
        "weight": 1.0
      },
      "geometry": {
        "type": "Point",
        "coordinates": [
          -2.8858658,
          43.2972716
        ]
      }
    },
    {
      "type": "Feature",
      "properties": {
        "weight": 1.0,
        "id": 7076235385,
        "hasDetails": true,
        "name": "Tik tak Derio",
        "amenity": "fast_food",
        "address": "Bestorrene kalea"
      },
      "geometry": {
        "type": "Point",
        "coordinates": [
          -2.8853367,
          43.2972891
        ]
      }
    },
    {
      "type": "Feature",
      "properties": {
        "weight": 1.0
      },
      "geometry": {
        "type": "Point",
        "coordinates": [
          -2.9915719,
          43.2972892
        ]
      }
    },
    {
      "type": "Feature",
      "properties": {
        "weight": 1.0
      },
      "geometry": {
        "type": "Point",
        "coordinates": [
          -2.9925841,
          43.2974046
        ]
      }
    },
    {
      "type": "Feature",
      "properties": {
        "weight": 1.0
      },
      "geometry": {
        "type": "Point",
        "coordinates": [
          -2.9865292,
          43.2974213
        ]
      }
    },
    {
      "type": "Feature",
      "properties": {
        "weight": 1.0
      },
      "geometry": {
        "type": "Point",
        "coordinates": [
          -2.9871598,
          43.297432
        ]
      }
    },
    {
      "type": "Feature",
      "properties": {
        "weight": 1.0
      },
      "geometry": {
        "type": "Point",
        "coordinates": [
          -2.9882561,
          43.2974415
        ]
      }
    },
    {
      "type": "Feature",
      "properties": {
        "weight": 1.0
      },
      "geometry": {
        "type": "Point",
        "coordinates": [
          -2.992093,
          43.2975827
        ]
      }
    },
    {
      "type": "Feature",
      "properties": {
        "weight": 1.0
      },
      "geometry": {
        "type": "Point",
        "coordinates": [
          -2.9923317,
          43.2976139
        ]
      }
    },
    {
      "type": "Feature",
      "properties": {
        "weight": 1.0
      },
      "geometry": {
        "type": "Point",
        "coordinates": [
          -2.9854695,
          43.297645
        ]
      }
    },
    {
      "type": "Feature",
      "properties": {
        "weight": 1.0,
        "id": 11693626969,
        "hasDetails": true,
        "name": "Dando la brasa",
        "amenity": "fast_food",
        "address": "Plaza Auzolan"
      },
      "geometry": {
        "type": "Point",
        "coordinates": [
          -2.9847617,
          43.2976749
        ]
      }
    },
    {
      "type": "Feature",
      "properties": {
        "weight": 1.0
      },
      "geometry": {
        "type": "Point",
        "coordinates": [
          -2.9928092,
          43.2976812
        ]
      }
    },
    {
      "type": "Feature",
      "properties": {
        "weight": 1.0
      },
      "geometry": {
        "type": "Point",
        "coordinates": [
          -2.992174,
          43.2976874
        ]
      }
    },
    {
      "type": "Feature",
      "properties": {
        "weight": 1.0
      },
      "geometry": {
        "type": "Point",
        "coordinates": [
          -2.9260051,
          43.2976886
        ]
      }
    },
    {
      "type": "Feature",
      "properties": {
        "weight": 1.0
      },
      "geometry": {
        "type": "Point",
        "coordinates": [
          -2.9929361,
          43.2977268
        ]
      }
    },
    {
      "type": "Feature",
      "properties": {
        "weight": 1.0,
        "id": 8297101026,
        "hasDetails": true,
        "name": "Embrujo",
        "amenity": "pub",
        "address": "Zaballa kalea 1"
      },
      "geometry": {
        "type": "Point",
        "coordinates": [
          -2.9876793,
          43.2977399
        ]
      }
    },
    {
      "type": "Feature",
      "properties": {
        "weight": 1.0,
        "id": 6455657490,
        "hasDetails": true,
        "name": "Lugo",
        "amenity": "cafe",
        "address": "Barakaldo"
      },
      "geometry": {
        "type": "Point",
        "coordinates": [
          -2.9839478,
          43.2977559
        ]
      }
    },
    {
      "type": "Feature",
      "properties": {
        "weight": 1.0
      },
      "geometry": {
        "type": "Point",
        "coordinates": [
          -2.9848898,
          43.2977567
        ]
      }
    },
    {
      "type": "Feature",
      "properties": {
        "weight": 1.0
      },
      "geometry": {
        "type": "Point",
        "coordinates": [
          -2.9878481,
          43.2977966
        ]
      }
    },
    {
      "type": "Feature",
      "properties": {
        "weight": 1.0
      },
      "geometry": {
        "type": "Point",
        "coordinates": [
          -2.9866595,
          43.297801
        ]
      }
    },
    {
      "type": "Feature",
      "properties": {
        "weight": 1.0
      },
      "geometry": {
        "type": "Point",
        "coordinates": [
          -2.9841427,
          43.2978169
        ]
      }
    },
    {
      "type": "Feature",
      "properties": {
        "weight": 1.0
      },
      "geometry": {
        "type": "Point",
        "coordinates": [
          -2.9863244,
          43.2978342
        ]
      }
    },
    {
      "type": "Feature",
      "properties": {
        "weight": 1.0
      },
      "geometry": {
        "type": "Point",
        "coordinates": [
          -2.9835031,
          43.2978831
        ]
      }
    },
    {
      "type": "Feature",
      "properties": {
        "weight": 1.0
      },
      "geometry": {
        "type": "Point",
        "coordinates": [
          -2.9888843,
          43.297889
        ]
      }
    },
    {
      "type": "Feature",
      "properties": {
        "weight": 1.0
      },
      "geometry": {
        "type": "Point",
        "coordinates": [
          -2.9884206,
          43.2979088
        ]
      }
    },
    {
      "type": "Feature",
      "properties": {
        "weight": 1.0
      },
      "geometry": {
        "type": "Point",
        "coordinates": [
          -2.9837071,
          43.2979637
        ]
      }
    },
    {
      "type": "Feature",
      "properties": {
        "weight": 1.0
      },
      "geometry": {
        "type": "Point",
        "coordinates": [
          -2.9861297,
          43.2979697
        ]
      }
    },
    {
      "type": "Feature",
      "properties": {
        "weight": 1.0
      },
      "geometry": {
        "type": "Point",
        "coordinates": [
          -2.8859573,
          43.2979861
        ]
      }
    },
    {
      "type": "Feature",
      "properties": {
        "weight": 1.0,
        "id": 7190109506,
        "hasDetails": true,
        "name": "Palacio Larrea Berria",
        "amenity": "restaurant",
        "website": "https://palaciolarreaberria.com/",
        "opening_hours": "Tu-Th,Su 11:00-22:00; Fr,Sa 11:00-01:00"
      },
      "geometry": {
        "type": "Point",
        "coordinates": [
          -2.9820164,
          43.298108
        ]
      }
    },
    {
      "type": "Feature",
      "properties": {
        "weight": 1.0
      },
      "geometry": {
        "type": "Point",
        "coordinates": [
          -2.9844025,
          43.2981462
        ]
      }
    },
    {
      "type": "Feature",
      "properties": {
        "weight": 1.0,
        "id": 7048788117,
        "hasDetails": true,
        "name": "London",
        "amenity": "cafe",
        "address": "Barakaldo"
      },
      "geometry": {
        "type": "Point",
        "coordinates": [
          -2.9912888,
          43.2981586
        ]
      }
    },
    {
      "type": "Feature",
      "properties": {
        "weight": 1.0
      },
      "geometry": {
        "type": "Point",
        "coordinates": [
          -2.9933352,
          43.2981651
        ]
      }
    },
    {
      "type": "Feature",
      "properties": {
        "weight": 1.0
      },
      "geometry": {
        "type": "Point",
        "coordinates": [
          -2.993125,
          43.2982338
        ]
      }
    },
    {
      "type": "Feature",
      "properties": {
        "weight": 1.0
      },
      "geometry": {
        "type": "Point",
        "coordinates": [
          -2.9848478,
          43.2982483
        ]
      }
    },
    {
      "type": "Feature",
      "properties": {
        "weight": 1.0
      },
      "geometry": {
        "type": "Point",
        "coordinates": [
          -2.9880845,
          43.2983242
        ]
      }
    },
    {
      "type": "Feature",
      "properties": {
        "weight": 1.0,
        "id": 6469592791,
        "hasDetails": true,
        "name": "Las Mar\u00edas",
        "amenity": "restaurant",
        "address": "Hogar Propio kalea, Barakaldo"
      },
      "geometry": {
        "type": "Point",
        "coordinates": [
          -2.9875228,
          43.2983497
        ]
      }
    },
    {
      "type": "Feature",
      "properties": {
        "weight": 1.0,
        "id": 6665352687,
        "hasDetails": true,
        "name": "Mandarina",
        "amenity": "cafe",
        "address": "Calle Gabriel Aresti"
      },
      "geometry": {
        "type": "Point",
        "coordinates": [
          -2.9931808,
          43.2984048
        ]
      }
    },
    {
      "type": "Feature",
      "properties": {
        "weight": 1.0,
        "id": 7154755086,
        "hasDetails": true,
        "name": "Gilda Ilargi",
        "amenity": "pub",
        "address": "Barakaldo"
      },
      "geometry": {
        "type": "Point",
        "coordinates": [
          -2.9920674,
          43.2984209
        ]
      }
    },
    {
      "type": "Feature",
      "properties": {
        "weight": 1.0,
        "id": 6374587389,
        "hasDetails": true,
        "name": "Udala",
        "amenity": "restaurant",
        "cuisine": "kebab"
      },
      "geometry": {
        "type": "Point",
        "coordinates": [
          -2.9885716,
          43.2984222
        ]
      }
    },
    {
      "type": "Feature",
      "properties": {
        "weight": 1.0,
        "id": 6665353787,
        "hasDetails": true,
        "name": "Carl's Jr.",
        "amenity": "fast_food",
        "cuisine": "burger",
        "address": "Avenida Miranda"
      },
      "geometry": {
        "type": "Point",
        "coordinates": [
          -2.9938697,
          43.2984635
        ]
      }
    },
    {
      "type": "Feature",
      "properties": {
        "weight": 1.0,
        "id": 7061212386,
        "hasDetails": true,
        "name": "Y41",
        "amenity": "cafe",
        "address": "Gabriel Aresti kalea"
      },
      "geometry": {
        "type": "Point",
        "coordinates": [
          -2.992847,
          43.298469
        ]
      }
    },
    {
      "type": "Feature",
      "properties": {
        "weight": 1.0
      },
      "geometry": {
        "type": "Point",
        "coordinates": [
          -2.9887284,
          43.2985074
        ]
      }
    },
    {
      "type": "Feature",
      "properties": {
        "weight": 1.0
      },
      "geometry": {
        "type": "Point",
        "coordinates": [
          -2.9784295,
          43.2985082
        ]
      }
    },
    {
      "type": "Feature",
      "properties": {
        "weight": 1.0,
        "id": 7076245485,
        "hasDetails": true,
        "name": "Aldekone",
        "amenity": "restaurant",
        "address": "Goikoetxe kalea"
      },
      "geometry": {
        "type": "Point",
        "coordinates": [
          -2.8854651,
          43.2985506
        ]
      }
    },
    {
      "type": "Feature",
      "properties": {
        "weight": 1.0
      },
      "geometry": {
        "type": "Point",
        "coordinates": [
          -2.9841591,
          43.2985828
        ]
      }
    },
    {
      "type": "Feature",
      "properties": {
        "weight": 1.0
      },
      "geometry": {
        "type": "Point",
        "coordinates": [
          -2.991669,
          43.2986111
        ]
      }
    },
    {
      "type": "Feature",
      "properties": {
        "weight": 1.0
      },
      "geometry": {
        "type": "Point",
        "coordinates": [
          -2.9907086,
          43.2986599
        ]
      }
    },
    {
      "type": "Feature",
      "properties": {
        "weight": 1.0,
        "id": 6469590691,
        "hasDetails": true,
        "name": "Cantina Mexicana",
        "amenity": "fast_food",
        "cuisine": "mexican"
      },
      "geometry": {
        "type": "Point",
        "coordinates": [
          -2.9877566,
          43.2986757
        ]
      }
    },
    {
      "type": "Feature",
      "properties": {
        "weight": 1.0
      },
      "geometry": {
        "type": "Point",
        "coordinates": [
          -2.9888476,
          43.2986931
        ]
      }
    },
    {
      "type": "Feature",
      "properties": {
        "weight": 1.0
      },
      "geometry": {
        "type": "Point",
        "coordinates": [
          -2.9919134,
          43.2986939
        ]
      }
    },
    {
      "type": "Feature",
      "properties": {
        "weight": 1.0,
        "id": 8167167524,
        "hasDetails": true,
        "name": "El Arte",
        "amenity": "cafe",
        "address": "Avenida Miranda"
      },
      "geometry": {
        "type": "Point",
        "coordinates": [
          -2.9934173,
          43.2987307
        ]
      }
    },
    {
      "type": "Feature",
      "properties": {
        "weight": 1.0
      },
      "geometry": {
        "type": "Point",
        "coordinates": [
          -2.9884963,
          43.2987707
        ]
      }
    },
    {
      "type": "Feature",
      "properties": {
        "weight": 1.0
      },
      "geometry": {
        "type": "Point",
        "coordinates": [
          -2.8868555,
          43.2988079
        ]
      }
    },
    {
      "type": "Feature",
      "properties": {
        "weight": 1.0
      },
      "geometry": {
        "type": "Point",
        "coordinates": [
          -2.9924858,
          43.2988338
        ]
      }
    },
    {
      "type": "Feature",
      "properties": {
        "weight": 1.0,
        "id": 7169783789,
        "hasDetails": true,
        "name": "Aitana",
        "amenity": "pub",
        "address": "Askatasun etorbidea"
      },
      "geometry": {
        "type": "Point",
        "coordinates": [
          -2.9928277,
          43.2988356
        ]
      }
    },
    {
      "type": "Feature",
      "properties": {
        "weight": 1.0
      },
      "geometry": {
        "type": "Point",
        "coordinates": [
          -2.9920088,
          43.2988681
        ]
      }
    },
    {
      "type": "Feature",
      "properties": {
        "weight": 1.0,
        "id": 6723399085,
        "hasDetails": true,
        "name": "El Potro",
        "amenity": "pub",
        "address": "Barakaldo"
      },
      "geometry": {
        "type": "Point",
        "coordinates": [
          -2.9884694,
          43.2988932
        ]
      }
    },
    {
      "type": "Feature",
      "properties": {
        "weight": 1.0,
        "id": 11698490669,
        "hasDetails": true,
        "name": "Cometa",
        "amenity": "pub",
        "address": "Europa plaza"
      },
      "geometry": {
        "type": "Point",
        "coordinates": [
          -2.9877204,
          43.2989114
        ]
      }
    },
    {
      "type": "Feature",
      "properties": {
        "weight": 1.0,
        "id": 6454364385,
        "hasDetails": true,
        "name": "El Ahorro",
        "amenity": "pub",
        "address": "Barakaldo"
      },
      "geometry": {
        "type": "Point",
        "coordinates": [
          -2.9916947,
          43.2989128
        ]
      }
    },
    {
      "type": "Feature",
      "properties": {
        "weight": 1.0,
        "id": 3618290876,
        "hasDetails": true,
        "name": "Beurko Berria",
        "amenity": "restaurant",
        "cuisine": "regional",
        "address": "Avenida Miranda, Barakaldo"
      },
      "geometry": {
        "type": "Point",
        "coordinates": [
          -2.9937531,
          43.2989166
        ]
      }
    },
    {
      "type": "Feature",
      "properties": {
        "weight": 1.0,
        "id": 11703520172,
        "hasDetails": true,
        "name": "Simpson's",
        "amenity": "pub",
        "address": "Dolores Ibarruri pasealekua"
      },
      "geometry": {
        "type": "Point",
        "coordinates": [
          -2.9847969,
          43.2989358
        ]
      }
    },
    {
      "type": "Feature",
      "properties": {
        "weight": 1.0
      },
      "geometry": {
        "type": "Point",
        "coordinates": [
          -2.9886263,
          43.2989629
        ]
      }
    },
    {
      "type": "Feature",
      "properties": {
        "weight": 1.0,
        "id": 10114127936,
        "hasDetails": true,
        "name": "Manhattan",
        "amenity": "restaurant",
        "cuisine": "regional"
      },
      "geometry": {
        "type": "Point",
        "coordinates": [
          -3.006196,
          43.2990347
        ]
      }
    },
    {
      "type": "Feature",
      "properties": {
        "weight": 1.0,
        "id": 6374587487,
        "hasDetails": true,
        "name": "Nuevo Mundo",
        "amenity": "restaurant",
        "cuisine": "chinese"
      },
      "geometry": {
        "type": "Point",
        "coordinates": [
          -2.9874192,
          43.2990522
        ]
      }
    },
    {
      "type": "Feature",
      "properties": {
        "weight": 1.0
      },
      "geometry": {
        "type": "Point",
        "coordinates": [
          -2.9937064,
          43.2990798
        ]
      }
    },
    {
      "type": "Feature",
      "properties": {
        "weight": 1.0
      },
      "geometry": {
        "type": "Point",
        "coordinates": [
          -2.8858012,
          43.2990882
        ]
      }
    },
    {
      "type": "Feature",
      "properties": {
        "weight": 1.0
      },
      "geometry": {
        "type": "Point",
        "coordinates": [
          -2.9933008,
          43.2991124
        ]
      }
    },
    {
      "type": "Feature",
      "properties": {
        "weight": 1.0
      },
      "geometry": {
        "type": "Point",
        "coordinates": [
          -2.9844485,
          43.29914
        ]
      }
    },
    {
      "type": "Feature",
      "properties": {
        "weight": 1.0
      },
      "geometry": {
        "type": "Point",
        "coordinates": [
          -2.8861367,
          43.2991769
        ]
      }
    },
    {
      "type": "Feature",
      "properties": {
        "weight": 1.0,
        "id": 6771746885,
        "hasDetails": true,
        "name": "Zerurena",
        "amenity": "restaurant",
        "address": "Errementeria kalea 22",
        "opening_hours": "Mo-Fr 12:45-18:00"
      },
      "geometry": {
        "type": "Point",
        "coordinates": [
          -2.9222759,
          43.2991798
        ]
      }
    },
    {
      "type": "Feature",
      "properties": {
        "weight": 1.0,
        "id": 7061231785,
        "hasDetails": true,
        "name": "Sas",
        "amenity": "pub",
        "address": "Barakaldo"
      },
      "geometry": {
        "type": "Point",
        "coordinates": [
          -2.9890744,
          43.2992251
        ]
      }
    },
    {
      "type": "Feature",
      "properties": {
        "weight": 1.0,
        "id": 6454349690,
        "hasDetails": true,
        "name": "Haroin Iru",
        "amenity": "pub",
        "address": "Barakaldo"
      },
      "geometry": {
        "type": "Point",
        "coordinates": [
          -2.9913943,
          43.2992801
        ]
      }
    },
    {
      "type": "Feature",
      "properties": {
        "weight": 1.0
      },
      "geometry": {
        "type": "Point",
        "coordinates": [
          -2.99248,
          43.2993375
        ]
      }
    },
    {
      "type": "Feature",
      "properties": {
        "weight": 1.0
      },
      "geometry": {
        "type": "Point",
        "coordinates": [
          -2.9928668,
          43.2993939
        ]
      }
    },
    {
      "type": "Feature",
      "properties": {
        "weight": 1.0
      },
      "geometry": {
        "type": "Point",
        "coordinates": [
          -2.9887665,
          43.2994068
        ]
      }
    },
    {
      "type": "Feature",
      "properties": {
        "weight": 1.0,
        "id": 12040259969,
        "hasDetails": true,
        "name": "Taberna Berria",
        "amenity": "pub",
        "address": "Justo Ajuria kalea 1",
        "opening_hours": "Su 10:00-23:00; Tu-We 08:00-16:00, 19:30-23:00; Th 08:00-16:00, 19:30-00:00; Fr 08:00-01:00; Sa 10:00-02:00"
      },
      "geometry": {
        "type": "Point",
        "coordinates": [
          -2.9268022,
          43.2994435
        ]
      }
    },
    {
      "type": "Feature",
      "properties": {
        "weight": 1.0
      },
      "geometry": {
        "type": "Point",
        "coordinates": [
          -2.9838085,
          43.2994924
        ]
      }
    },
    {
      "type": "Feature",
      "properties": {
        "weight": 1.0
      },
      "geometry": {
        "type": "Point",
        "coordinates": [
          -2.9884315,
          43.299514
        ]
      }
    },
    {
      "type": "Feature",
      "properties": {
        "weight": 1.0
      },
      "geometry": {
        "type": "Point",
        "coordinates": [
          -2.9840628,
          43.2995479
        ]
      }
    },
    {
      "type": "Feature",
      "properties": {
        "weight": 1.0,
        "id": 6451567987,
        "hasDetails": true,
        "name": "Station Wagon",
        "amenity": "pub",
        "address": "Ibarra kalea 21"
      },
      "geometry": {
        "type": "Point",
        "coordinates": [
          -2.9845764,
          43.2995632
        ]
      }
    },
    {
      "type": "Feature",
      "properties": {
        "weight": 1.0
      },
      "geometry": {
        "type": "Point",
        "coordinates": [
          -3.0073322,
          43.2996061
        ]
      }
    },
    {
      "type": "Feature",
      "properties": {
        "weight": 1.0
      },
      "geometry": {
        "type": "Point",
        "coordinates": [
          -2.9843365,
          43.2996694
        ]
      }
    },
    {
      "type": "Feature",
      "properties": {
        "weight": 1.0,
        "id": 5697487159,
        "hasDetails": true,
        "name": "A la Brasa",
        "amenity": "restaurant",
        "cuisine": "regional;pizza;burger;chicken",
        "address": "Aldapa kalea 10, Barakaldo",
        "opening_hours": "Tu-Su 09:00-23:30",
        "outdoor_seating": "no"
      },
      "geometry": {
        "type": "Point",
        "coordinates": [
          -2.9862928,
          43.29968
        ]
      }
    },
    {
      "type": "Feature",
      "properties": {
        "weight": 1.0
      },
      "geometry": {
        "type": "Point",
        "coordinates": [
          -2.9925006,
          43.2997449
        ]
      }
    },
    {
      "type": "Feature",
      "properties": {
        "weight": 1.0,
        "id": 2692760055,
        "hasDetails": true,
        "name": "Asador Ibarbide",
        "amenity": "restaurant",
        "cuisine": "regional"
      },
      "geometry": {
        "type": "Point",
        "coordinates": [
          -3.0202927,
          43.2997615
        ]
      }
    },
    {
      "type": "Feature",
      "properties": {
        "weight": 1.0,
        "id": 6444962285,
        "hasDetails": true,
        "name": "Salama",
        "amenity": "pub",
        "address": "El Parque kalea 6"
      },
      "geometry": {
        "type": "Point",
        "coordinates": [
          -2.9879699,
          43.2997872
        ]
      }
    },
    {
      "type": "Feature",
      "properties": {
        "weight": 1.0
      },
      "geometry": {
        "type": "Point",
        "coordinates": [
          -2.9839684,
          43.2997883
        ]
      }
    },
    {
      "type": "Feature",
      "properties": {
        "weight": 1.0
      },
      "geometry": {
        "type": "Point",
        "coordinates": [
          -2.9842217,
          43.2998464
        ]
      }
    },
    {
      "type": "Feature",
      "properties": {
        "weight": 1.0
      },
      "geometry": {
        "type": "Point",
        "coordinates": [
          -2.9929417,
          43.299847
        ]
      }
    },
    {
      "type": "Feature",
      "properties": {
        "weight": 1.0,
        "id": 6454333332,
        "hasDetails": true,
        "name": "Lagun Artea",
        "amenity": "pub",
        "address": "Murrieta kalea, Barakaldo"
      },
      "geometry": {
        "type": "Point",
        "coordinates": [
          -2.9852307,
          43.2999366
        ]
      }
    },
    {
      "type": "Feature",
      "properties": {
        "weight": 1.0,
        "id": 2692760148,
        "hasDetails": true,
        "name": "Donatto O'Clock",
        "amenity": "restaurant",
        "address": "Valle de Tr\u00e1paga-Trapagaran"
      },
      "geometry": {
        "type": "Point",
        "coordinates": [
          -3.0204391,
          43.3000348
        ]
      }
    },
    {
      "type": "Feature",
      "properties": {
        "weight": 1.0
      },
      "geometry": {
        "type": "Point",
        "coordinates": [
          -2.988985,
          43.300069
        ]
      }
    },
    {
      "type": "Feature",
      "properties": {
        "weight": 1.0
      },
      "geometry": {
        "type": "Point",
        "coordinates": [
          -2.9894485,
          43.3001906
        ]
      }
    },
    {
      "type": "Feature",
      "properties": {
        "weight": 1.0
      },
      "geometry": {
        "type": "Point",
        "coordinates": [
          -2.9929545,
          43.3002331
        ]
      }
    },
    {
      "type": "Feature",
      "properties": {
        "weight": 1.0
      },
      "geometry": {
        "type": "Point",
        "coordinates": [
          -2.9877954,
          43.3003668
        ]
      }
    },
    {
      "type": "Feature",
      "properties": {
        "weight": 1.0
      },
      "geometry": {
        "type": "Point",
        "coordinates": [
          -2.9891861,
          43.3003913
        ]
      }
    },
    {
      "type": "Feature",
      "properties": {
        "weight": 1.0
      },
      "geometry": {
        "type": "Point",
        "coordinates": [
          -2.9893316,
          43.3004491
        ]
      }
    },
    {
      "type": "Feature",
      "properties": {
        "weight": 1.0
      },
      "geometry": {
        "type": "Point",
        "coordinates": [
          -3.002348,
          43.3004595
        ]
      }
    },
    {
      "type": "Feature",
      "properties": {
        "weight": 1.0
      },
      "geometry": {
        "type": "Point",
        "coordinates": [
          -2.9931687,
          43.3005181
        ]
      }
    },
    {
      "type": "Feature",
      "properties": {
        "weight": 1.0,
        "id": 1489899428,
        "hasDetails": true,
        "name": "McDonald's",
        "amenity": "fast_food",
        "cuisine": "burger"
      },
      "geometry": {
        "type": "Point",
        "coordinates": [
          -3.0019538,
          43.3005521
        ]
      }
    },
    {
      "type": "Feature",
      "properties": {
        "weight": 1.0,
        "id": 4519455377,
        "hasDetails": true,
        "name": "Cafeter\u00eda Obramat",
        "amenity": "cafe",
        "address": "Sestao"
      },
      "geometry": {
        "type": "Point",
        "coordinates": [
          -3.0065518,
          43.300557
        ]
      }
    },
    {
      "type": "Feature",
      "properties": {
        "weight": 1.0
      },
      "geometry": {
        "type": "Point",
        "coordinates": [
          -2.9936713,
          43.3006451
        ]
      }
    },
    {
      "type": "Feature",
      "properties": {
        "weight": 1.0,
        "id": 4515563216,
        "hasDetails": true,
        "name": "Petisco",
        "amenity": "restaurant",
        "cuisine": "regional"
      },
      "geometry": {
        "type": "Point",
        "coordinates": [
          -3.0181573,
          43.3006907
        ]
      }
    },
    {
      "type": "Feature",
      "properties": {
        "weight": 1.0
      },
      "geometry": {
        "type": "Point",
        "coordinates": [
          -2.9825128,
          43.3006947
        ]
      }
    },
    {
      "type": "Feature",
      "properties": {
        "weight": 1.0
      },
      "geometry": {
        "type": "Point",
        "coordinates": [
          -2.992828,
          43.3007033
        ]
      }
    },
    {
      "type": "Feature",
      "properties": {
        "weight": 1.0
      },
      "geometry": {
        "type": "Point",
        "coordinates": [
          -2.9899741,
          43.3007211
        ]
      }
    },
    {
      "type": "Feature",
      "properties": {
        "weight": 1.0
      },
      "geometry": {
        "type": "Point",
        "coordinates": [
          -3.0326285,
          43.3008434
        ]
      }
    },
    {
      "type": "Feature",
      "properties": {
        "weight": 1.0
      },
      "geometry": {
        "type": "Point",
        "coordinates": [
          -2.9898106,
          43.3008499
        ]
      }
    },
    {
      "type": "Feature",
      "properties": {
        "weight": 1.0
      },
      "geometry": {
        "type": "Point",
        "coordinates": [
          -2.9419793,
          43.3009024
        ]
      }
    },
    {
      "type": "Feature",
      "properties": {
        "weight": 1.0
      },
      "geometry": {
        "type": "Point",
        "coordinates": [
          -2.9930611,
          43.3009798
        ]
      }
    },
    {
      "type": "Feature",
      "properties": {
        "weight": 1.0
      },
      "geometry": {
        "type": "Point",
        "coordinates": [
          -2.9936766,
          43.3009862
        ]
      }
    },
    {
      "type": "Feature",
      "properties": {
        "weight": 1.0,
        "id": 2623461438,
        "hasDetails": true,
        "name": "Betiko Quinielas",
        "amenity": "cafe",
        "cuisine": "regional",
        "address": "Maiatzaren 1a etorbidea 51, Valle de Tr\u00e1paga-Trapagaran",
        "outdoor_seating": "yes"
      },
      "geometry": {
        "type": "Point",
        "coordinates": [
          -3.0328841,
          43.3010393
        ]
      }
    },
    {
      "type": "Feature",
      "properties": {
        "weight": 1.0
      },
      "geometry": {
        "type": "Point",
        "coordinates": [
          -2.9828114,
          43.3010992
        ]
      }
    },
    {
      "type": "Feature",
      "properties": {
        "weight": 1.0
      },
      "geometry": {
        "type": "Point",
        "coordinates": [
          -2.9930184,
          43.3010994
        ]
      }
    },
    {
      "type": "Feature",
      "properties": {
        "weight": 1.0
      },
      "geometry": {
        "type": "Point",
        "coordinates": [
          -2.9906663,
          43.3011622
        ]
      }
    },
    {
      "type": "Feature",
      "properties": {
        "weight": 1.0
      },
      "geometry": {
        "type": "Point",
        "coordinates": [
          -2.9929876,
          43.3011886
        ]
      }
    },
    {
      "type": "Feature",
      "properties": {
        "weight": 1.0
      },
      "geometry": {
        "type": "Point",
        "coordinates": [
          -2.9937951,
          43.3012039
        ]
      }
    },
    {
      "type": "Feature",
      "properties": {
        "weight": 1.0
      },
      "geometry": {
        "type": "Point",
        "coordinates": [
          -2.9929369,
          43.3013211
        ]
      }
    },
    {
      "type": "Feature",
      "properties": {
        "weight": 1.0
      },
      "geometry": {
        "type": "Point",
        "coordinates": [
          -2.9413563,
          43.3013318
        ]
      }
    },
    {
      "type": "Feature",
      "properties": {
        "weight": 1.0,
        "id": 4083495693,
        "hasDetails": true,
        "name": "Caf\u00e9 Melva",
        "amenity": "cafe",
        "address": "Calle Sociedad Santa \u00c1gueda"
      },
      "geometry": {
        "type": "Point",
        "coordinates": [
          -2.9825555,
          43.3014532
        ]
      }
    },
    {
      "type": "Feature",
      "properties": {
        "weight": 1.0
      },
      "geometry": {
        "type": "Point",
        "coordinates": [
          -2.9935894,
          43.3014987
        ]
      }
    },
    {
      "type": "Feature",
      "properties": {
        "weight": 1.0
      },
      "geometry": {
        "type": "Point",
        "coordinates": [
          -3.0304085,
          43.3015129
        ]
      }
    },
    {
      "type": "Feature",
      "properties": {
        "weight": 1.0
      },
      "geometry": {
        "type": "Point",
        "coordinates": [
          -2.9934319,
          43.3015206
        ]
      }
    },
    {
      "type": "Feature",
      "properties": {
        "weight": 1.0,
        "id": 1126244307,
        "hasDetails": true,
        "name": "Burger King",
        "amenity": "fast_food",
        "cuisine": "burger",
        "address": "Sestao"
      },
      "geometry": {
        "type": "Point",
        "coordinates": [
          -3.005679,
          43.3015425
        ]
      }
    },
    {
      "type": "Feature",
      "properties": {
        "weight": 1.0,
        "id": 6328752390,
        "hasDetails": true,
        "name": "La Tortilla del Galatea",
        "amenity": "cafe",
        "address": "Plaza El Desierto, Barakaldo"
      },
      "geometry": {
        "type": "Point",
        "coordinates": [
          -2.9830605,
          43.3016039
        ]
      }
    },
    {
      "type": "Feature",
      "properties": {
        "weight": 1.0
      },
      "geometry": {
        "type": "Point",
        "coordinates": [
          -3.0347836,
          43.3016202
        ]
      }
    },
    {
      "type": "Feature",
      "properties": {
        "weight": 1.0,
        "id": 2625279893,
        "hasDetails": true,
        "name": "Restaurante Lertxundi",
        "amenity": "restaurant",
        "cuisine": "regional",
        "address": "Estrada La Rozada 4, Valle de Tr\u00e1paga-Trapagaran"
      },
      "geometry": {
        "type": "Point",
        "coordinates": [
          -3.0344954,
          43.3016209
        ]
      }
    },
    {
      "type": "Feature",
      "properties": {
        "weight": 1.0
      },
      "geometry": {
        "type": "Point",
        "coordinates": [
          -3.0330868,
          43.3016384
        ]
      }
    },
    {
      "type": "Feature",
      "properties": {
        "weight": 1.0
      },
      "geometry": {
        "type": "Point",
        "coordinates": [
          -2.992856,
          43.3016662
        ]
      }
    },
    {
      "type": "Feature",
      "properties": {
        "weight": 1.0,
        "id": 8600362218,
        "hasDetails": true,
        "name": "Belce Burger",
        "amenity": "restaurant",
        "cuisine": "burger;hot_dog",
        "address": "Plazuela de Las Fundiciones",
        "website": "http://belceburger.com"
      },
      "geometry": {
        "type": "Point",
        "coordinates": [
          -2.9829243,
          43.301935
        ]
      }
    },
    {
      "type": "Feature",
      "properties": {
        "weight": 1.0,
        "id": 3399590441,
        "hasDetails": true,
        "name": "La Pinta",
        "amenity": "pub",
        "address": "Plaza Ciudad de La Habana 3, Valle de Tr\u00e1paga-Trapagaran"
      },
      "geometry": {
        "type": "Point",
        "coordinates": [
          -3.033086,
          43.3019639
        ]
      }
    },
    {
      "type": "Feature",
      "properties": {
        "weight": 1.0,
        "id": 3978135442,
        "hasDetails": true,
        "name": "Litaliano Pizzeria",
        "amenity": "restaurant",
        "cuisine": "italian",
        "address": "Calle La Fander\u00eda 3, Barakaldo"
      },
      "geometry": {
        "type": "Point",
        "coordinates": [
          -2.9851219,
          43.3019648
        ]
      }
    },
    {
      "type": "Feature",
      "properties": {
        "weight": 1.0
      },
      "geometry": {
        "type": "Point",
        "coordinates": [
          -2.9901608,
          43.3020191
        ]
      }
    },
    {
      "type": "Feature",
      "properties": {
        "weight": 1.0,
        "id": 8831195528,
        "hasDetails": true,
        "name": "Larraineta",
        "amenity": "cafe",
        "cuisine": "regional",
        "address": "Plaza de Llano 5, Valle de Tr\u00e1paga-Trapagaran",
        "outdoor_seating": "yes"
      },
      "geometry": {
        "type": "Point",
        "coordinates": [
          -3.0351331,
          43.3020282
        ]
      }
    },
    {
      "type": "Feature",
      "properties": {
        "weight": 1.0
      },
      "geometry": {
        "type": "Point",
        "coordinates": [
          -2.9741895,
          43.3020409
        ]
      }
    },
    {
      "type": "Feature",
      "properties": {
        "weight": 1.0
      },
      "geometry": {
        "type": "Point",
        "coordinates": [
          -3.0331916,
          43.3020783
        ]
      }
    },
    {
      "type": "Feature",
      "properties": {
        "weight": 1.0
      },
      "geometry": {
        "type": "Point",
        "coordinates": [
          -2.9752811,
          43.3020788
        ]
      }
    },
    {
      "type": "Feature",
      "properties": {
        "weight": 1.0,
        "id": 13169211927,
        "hasDetails": true,
        "name": "Baba Doner Kebab",
        "amenity": "restaurant",
        "cuisine": "kebab"
      },
      "geometry": {
        "type": "Point",
        "coordinates": [
          -2.9827131,
          43.3021024
        ]
      }
    },
    {
      "type": "Feature",
      "properties": {
        "weight": 1.0
      },
      "geometry": {
        "type": "Point",
        "coordinates": [
          -2.9853798,
          43.3021166
        ]
      }
    },
    {
      "type": "Feature",
      "properties": {
        "weight": 1.0
      },
      "geometry": {
        "type": "Point",
        "coordinates": [
          -2.9865205,
          43.3021253
        ]
      }
    },
    {
      "type": "Feature",
      "properties": {
        "weight": 1.0
      },
      "geometry": {
        "type": "Point",
        "coordinates": [
          -3.03404,
          43.3021289
        ]
      }
    },
    {
      "type": "Feature",
      "properties": {
        "weight": 1.0,
        "id": 1126244308,
        "hasDetails": true,
        "name": "Popeyes",
        "amenity": "fast_food",
        "cuisine": "chicken",
        "address": "Sestao"
      },
      "geometry": {
        "type": "Point",
        "coordinates": [
          -3.0076725,
          43.3021346
        ]
      }
    },
    {
      "type": "Feature",
      "properties": {
        "weight": 1.0
      },
      "geometry": {
        "type": "Point",
        "coordinates": [
          -2.9478614,
          43.3022057
        ]
      }
    },
    {
      "type": "Feature",
      "properties": {
        "weight": 1.0,
        "id": 4881683373,
        "hasDetails": true,
        "name": "Itsasadar",
        "amenity": "restaurant",
        "address": "Calle Beurko Viejo 2",
        "opening_hours": "Mo,We 07:00-15:30; Tu 07:00-17:00; Th 07:00-16:00; Fr 07:00-17:00,21:00-23:00; Sa 13:00-17:00,21:00-23:00; Su 13:00-17:00"
      },
      "geometry": {
        "type": "Point",
        "coordinates": [
          -2.9960083,
          43.302217
        ]
      }
    },
    {
      "type": "Feature",
      "properties": {
        "weight": 1.0,
        "id": 4785647321,
        "hasDetails": true,
        "name": "Arima",
        "amenity": "pub",
        "address": "Calle Ram\u00f3n y Cajal kalea 4, Valle de Tr\u00e1paga-Trapagaran",
        "names": [
          "Arima",
          "Asador El Valle"
        ],
        "amenities": [
          "pub",
          "fast_food"
        ]
      },
      "geometry": {
        "type": "Point",
        "coordinates": [
          -3.0338778,
          43.3022313
        ]
      }
    },
    {
      "type": "Feature",
      "properties": {
        "weight": 1.0
      },
      "geometry": {
        "type": "Point",
        "coordinates": [
          -2.9834802,
          43.3023267
        ]
      }
    },
    {
      "type": "Feature",
      "properties": {
        "weight": 1.0
      },
      "geometry": {
        "type": "Point",
        "coordinates": [
          -3.033409,
          43.3023404
        ]
      }
    },
    {
      "type": "Feature",
      "properties": {
        "weight": 1.0
      },
      "geometry": {
        "type": "Point",
        "coordinates": [
          -2.9756058,
          43.3023793
        ]
      }
    },
    {
      "type": "Feature",
      "properties": {
        "weight": 1.0,
        "id": 3403834621,
        "hasDetails": true,
        "name": "Sotoki",
        "amenity": "cafe",
        "address": "Calle Ram\u00f3n y Cajal kalea 3, Valle de Tr\u00e1paga-Trapagaran"
      },
      "geometry": {
        "type": "Point",
        "coordinates": [
          -3.0338864,
          43.3024126
        ]
      }
    },
    {
      "type": "Feature",
      "properties": {
        "weight": 1.0,
        "id": 9947469339,
        "hasDetails": true,
        "name": "La Zona",
        "amenity": "pub",
        "address": "Calle Ram\u00f3n y Cajal kalea 6, Valle de Tr\u00e1paga-Trapagaran"
      },
      "geometry": {
        "type": "Point",
        "coordinates": [
          -3.0335778,
          43.3024278
        ]
      }
    },
    {
      "type": "Feature",
      "properties": {
        "weight": 1.0
      },
      "geometry": {
        "type": "Point",
        "coordinates": [
          -2.9752437,
          43.3024627
        ]
      }
    },
    {
      "type": "Feature",
      "properties": {
        "weight": 1.0
      },
      "geometry": {
        "type": "Point",
        "coordinates": [
          -2.9749002,
          43.302531
        ]
      }
    },
    {
      "type": "Feature",
      "properties": {
        "weight": 1.0,
        "id": 3399590431,
        "hasDetails": true,
        "name": "Gramola",
        "amenity": "pub",
        "cuisine": "burger",
        "address": "Maiatzaren 1a etorbidea 29, Valle de Tr\u00e1paga-Trapagaran",
        "names": [
          "Gramola",
          "Doner Kebab"
        ],
        "amenities": [
          "pub",
          "fast_food"
        ]
      },
      "geometry": {
        "type": "Point",
        "coordinates": [
          -3.0347556,
          43.3025355
        ]
      }
    },
    {
      "type": "Feature",
      "properties": {
        "weight": 1.0,
        "id": 4140669834,
        "hasDetails": true,
        "name": "Restaurante La Jarrita",
        "amenity": "restaurant",
        "cuisine": "peruvian"
      },
      "geometry": {
        "type": "Point",
        "coordinates": [
          -2.9746313,
          43.3025918
        ]
      }
    },
    {
      "type": "Feature",
      "properties": {
        "weight": 1.0
      },
      "geometry": {
        "type": "Point",
        "coordinates": [
          -3.0342851,
          43.3026704
        ]
      }
    },
    {
      "type": "Feature",
      "properties": {
        "weight": 1.0
      },
      "geometry": {
        "type": "Point",
        "coordinates": [
          -3.0344898,
          43.3027295
        ]
      }
    },
    {
      "type": "Feature",
      "properties": {
        "weight": 1.0
      },
      "geometry": {
        "type": "Point",
        "coordinates": [
          -3.0340945,
          43.3027637
        ]
      }
    },
    {
      "type": "Feature",
      "properties": {
        "weight": 1.0,
        "id": 3399590427,
        "hasDetails": true,
        "name": "Gran R\u00edo",
        "amenity": "restaurant",
        "cuisine": "chinese"
      },
      "geometry": {
        "type": "Point",
        "coordinates": [
          -3.0343086,
          43.303007
        ]
      }
    },
    {
      "type": "Feature",
      "properties": {
        "weight": 1.0
      },
      "geometry": {
        "type": "Point",
        "coordinates": [
          -3.0373905,
          43.3030268
        ]
      }
    },
    {
      "type": "Feature",
      "properties": {
        "weight": 1.0,
        "id": 2640909202,
        "hasDetails": true,
        "name": "Mes\u00f3n Gernikako",
        "amenity": "restaurant",
        "cuisine": "regional"
      },
      "geometry": {
        "type": "Point",
        "coordinates": [
          -3.0348654,
          43.3030812
        ]
      }
    },
    {
      "type": "Feature",
      "properties": {
        "weight": 1.0
      },
      "geometry": {
        "type": "Point",
        "coordinates": [
          -2.9764664,
          43.3031584
        ]
      }
    },
    {
      "type": "Feature",
      "properties": {
        "weight": 1.0,
        "id": 2640909210,
        "hasDetails": true,
        "name": "Caf\u00e9 London",
        "amenity": "cafe",
        "address": "Ramon de Dura\u00f1ona kalea 3, Valle de Tr\u00e1paga-Trapagaran"
      },
      "geometry": {
        "type": "Point",
        "coordinates": [
          -3.0362009,
          43.3031626
        ]
      }
    },
    {
      "type": "Feature",
      "properties": {
        "weight": 1.0
      },
      "geometry": {
        "type": "Point",
        "coordinates": [
          -2.976048,
          43.3032056
        ]
      }
    },
    {
      "type": "Feature",
      "properties": {
        "weight": 1.0
      },
      "geometry": {
        "type": "Point",
        "coordinates": [
          -2.9768857,
          43.3032577
        ]
      }
    },
    {
      "type": "Feature",
      "properties": {
        "weight": 1.0
      },
      "geometry": {
        "type": "Point",
        "coordinates": [
          -3.0340399,
          43.3032716
        ]
      }
    },
    {
      "type": "Feature",
      "properties": {
        "weight": 1.0
      },
      "geometry": {
        "type": "Point",
        "coordinates": [
          -3.0355984,
          43.303357
        ]
      }
    },
    {
      "type": "Feature",
      "properties": {
        "weight": 1.0
      },
      "geometry": {
        "type": "Point",
        "coordinates": [
          -2.9752962,
          43.3033767
        ]
      }
    },
    {
      "type": "Feature",
      "properties": {
        "weight": 1.0
      },
      "geometry": {
        "type": "Point",
        "coordinates": [
          -3.036537,
          43.30339
        ]
      }
    },
    {
      "type": "Feature",
      "properties": {
        "weight": 1.0,
        "id": 2623461372,
        "hasDetails": true,
        "name": "Batzoki Trapagaran",
        "amenity": "restaurant",
        "cuisine": "regional",
        "address": "Maiatzaren 1a etorbidea 10, Valle de Tr\u00e1paga-Trapagaran",
        "website": "https://www.batzokitrapagaran.com/"
      },
      "geometry": {
        "type": "Point",
        "coordinates": [
          -3.0359389,
          43.3033985
        ]
      }
    },
    {
      "type": "Feature",
      "properties": {
        "weight": 1.0,
        "id": 3744068879,
        "hasDetails": true,
        "name": "Txalaparta",
        "amenity": "cafe",
        "cuisine": "regional",
        "address": "Etxepare kalea 8, Valle de Tr\u00e1paga-Trapagaran"
      },
      "geometry": {
        "type": "Point",
        "coordinates": [
          -3.0371082,
          43.303417
        ]
      }
    },
    {
      "type": "Feature",
      "properties": {
        "weight": 1.0,
        "id": 4140666434,
        "hasDetails": true,
        "name": "Sol y Sombra",
        "amenity": "bar",
        "address": "Erandio"
      },
      "geometry": {
        "type": "Point",
        "coordinates": [
          -2.9714806,
          43.303427
        ]
      }
    },
    {
      "type": "Feature",
      "properties": {
        "weight": 1.0,
        "id": 2625279886,
        "hasDetails": true,
        "name": "Cafeter\u00eda Trasgu",
        "amenity": "cafe",
        "cuisine": "regional",
        "address": "Plaza de los Derechos Humanos 4, Valle de Tr\u00e1paga-Trapagaran"
      },
      "geometry": {
        "type": "Point",
        "coordinates": [
          -3.0381634,
          43.3034487
        ]
      }
    },
    {
      "type": "Feature",
      "properties": {
        "weight": 1.0
      },
      "geometry": {
        "type": "Point",
        "coordinates": [
          -2.9767817,
          43.3034566
        ]
      }
    },
    {
      "type": "Feature",
      "properties": {
        "weight": 1.0
      },
      "geometry": {
        "type": "Point",
        "coordinates": [
          -2.9765948,
          43.3034872
        ]
      }
    },
    {
      "type": "Feature",
      "properties": {
        "weight": 1.0
      },
      "geometry": {
        "type": "Point",
        "coordinates": [
          -2.9764465,
          43.3035019
        ]
      }
    },
    {
      "type": "Feature",
      "properties": {
        "weight": 1.0,
        "id": 9945134062,
        "hasDetails": true,
        "name": "Gure Etxea Berria",
        "amenity": "restaurant",
        "cuisine": "regional",
        "address": "Etxepare kalea 3, Valle de Tr\u00e1paga-Trapagaran"
      },
      "geometry": {
        "type": "Point",
        "coordinates": [
          -3.0366539,
          43.3035533
        ]
      }
    },
    {
      "type": "Feature",
      "properties": {
        "weight": 1.0
      },
      "geometry": {
        "type": "Point",
        "coordinates": [
          -2.9739344,
          43.3035883
        ]
      }
    },
    {
      "type": "Feature",
      "properties": {
        "weight": 1.0
      },
      "geometry": {
        "type": "Point",
        "coordinates": [
          -2.9760622,
          43.3035937
        ]
      }
    },
    {
      "type": "Feature",
      "properties": {
        "weight": 1.0
      },
      "geometry": {
        "type": "Point",
        "coordinates": [
          -3.0358248,
          43.3036195
        ]
      }
    },
    {
      "type": "Feature",
      "properties": {
        "weight": 1.0
      },
      "geometry": {
        "type": "Point",
        "coordinates": [
          -3.0379378,
          43.3036288
        ]
      }
    },
    {
      "type": "Feature",
      "properties": {
        "weight": 1.0
      },
      "geometry": {
        "type": "Point",
        "coordinates": [
          -2.973677,
          43.3036382
        ]
      }
    },
    {
      "type": "Feature",
      "properties": {
        "weight": 1.0
      },
      "geometry": {
        "type": "Point",
        "coordinates": [
          -3.0341525,
          43.3036541
        ]
      }
    },
    {
      "type": "Feature",
      "properties": {
        "weight": 1.0
      },
      "geometry": {
        "type": "Point",
        "coordinates": [
          -2.9763375,
          43.3036546
        ]
      }
    },
    {
      "type": "Feature",
      "properties": {
        "weight": 1.0,
        "id": 3684823578,
        "hasDetails": true,
        "name": "Pozo Barria",
        "amenity": "bar",
        "address": "Etxepare kalea 3, Valle de Tr\u00e1paga-Trapagaran"
      },
      "geometry": {
        "type": "Point",
        "coordinates": [
          -3.0365217,
          43.3036568
        ]
      }
    },
    {
      "type": "Feature",
      "properties": {
        "weight": 1.0
      },
      "geometry": {
        "type": "Point",
        "coordinates": [
          -2.971871,
          43.3036846
        ]
      }
    },
    {
      "type": "Feature",
      "properties": {
        "weight": 1.0
      },
      "geometry": {
        "type": "Point",
        "coordinates": [
          -2.9738629,
          43.3036952
        ]
      }
    },
    {
      "type": "Feature",
      "properties": {
        "weight": 1.0,
        "id": 2640909195,
        "hasDetails": true,
        "name": "Boulevard Kafe Antzokia",
        "amenity": "cafe",
        "cuisine": "regional",
        "address": "Doctor Mulero kalea 2, Valle de Tr\u00e1paga-Trapagaran",
        "outdoor_seating": "yes",
        "names": [
          "Boulevard Kafe Antzokia",
          "Karrantza taberna"
        ],
        "amenities": [
          "cafe",
          "bar"
        ]
      },
      "geometry": {
        "type": "Point",
        "coordinates": [
          -3.036185,
          43.3037022
        ]
      }
    },
    {
      "type": "Feature",
      "properties": {
        "weight": 1.0
      },
      "geometry": {
        "type": "Point",
        "coordinates": [
          -2.9758047,
          43.3037101
        ]
      }
    },
    {
      "type": "Feature",
      "properties": {
        "weight": 1.0,
        "id": 4140615838,
        "hasDetails": true,
        "name": "Ziaboga",
        "amenity": "cafe",
        "address": "Calle Jado"
      },
      "geometry": {
        "type": "Point",
        "coordinates": [
          -2.9752949,
          43.3037137
        ]
      }
    },
    {
      "type": "Feature",
      "properties": {
        "weight": 1.0
      },
      "geometry": {
        "type": "Point",
        "coordinates": [
          -2.9734991,
          43.3037648
        ]
      }
    },
    {
      "type": "Feature",
      "properties": {
        "weight": 1.0
      },
      "geometry": {
        "type": "Point",
        "coordinates": [
          -2.9749242,
          43.303772
        ]
      }
    },
    {
      "type": "Feature",
      "properties": {
        "weight": 1.0
      },
      "geometry": {
        "type": "Point",
        "coordinates": [
          -2.9728951,
          43.3037898
        ]
      }
    },
    {
      "type": "Feature",
      "properties": {
        "weight": 1.0
      },
      "geometry": {
        "type": "Point",
        "coordinates": [
          -2.9733374,
          43.3037958
        ]
      }
    },
    {
      "type": "Feature",
      "properties": {
        "weight": 1.0,
        "id": 4140666460,
        "hasDetails": true,
        "name": "Mikel",
        "amenity": "fast_food",
        "cuisine": "kebab"
      },
      "geometry": {
        "type": "Point",
        "coordinates": [
          -2.9727609,
          43.3038158
        ]
      }
    },
    {
      "type": "Feature",
      "properties": {
        "weight": 1.0,
        "id": 2625279881,
        "hasDetails": true,
        "name": "Zugazti-Bide Sagardotegia",
        "amenity": "restaurant",
        "cuisine": "regional",
        "address": "Calle Jos\u00e9 Rufino Olaso kalea 5-7, Valle de Tr\u00e1paga-Trapagaran"
      },
      "geometry": {
        "type": "Point",
        "coordinates": [
          -3.0390515,
          43.3038292
        ]
      }
    },
    {
      "type": "Feature",
      "properties": {
        "weight": 1.0
      },
      "geometry": {
        "type": "Point",
        "coordinates": [
          -2.9739749,
          43.3039189
        ]
      }
    },
    {
      "type": "Feature",
      "properties": {
        "weight": 1.0
      },
      "geometry": {
        "type": "Point",
        "coordinates": [
          -2.9721823,
          43.3039204
        ]
      }
    },
    {
      "type": "Feature",
      "properties": {
        "weight": 1.0,
        "id": 5793653577,
        "hasDetails": true,
        "name": "La Tacita de T\u00e9",
        "amenity": "cafe",
        "address": "Ramon de Dura\u00f1ona kalea 6, Valle de Tr\u00e1paga-Trapagaran"
      },
      "geometry": {
        "type": "Point",
        "coordinates": [
          -3.0387455,
          43.3039439
        ]
      }
    },
    {
      "type": "Feature",
      "properties": {
        "weight": 1.0
      },
      "geometry": {
        "type": "Point",
        "coordinates": [
          -3.035215,
          43.3039747
        ]
      }
    },
    {
      "type": "Feature",
      "properties": {
        "weight": 1.0,
        "id": 3399730821,
        "hasDetails": true,
        "name": "Taberna Ongi Etorri",
        "amenity": "pub",
        "address": "Calle Navas de Tolosa 4, Valle de Tr\u00e1paga-Trapagaran"
      },
      "geometry": {
        "type": "Point",
        "coordinates": [
          -3.035069,
          43.3040415
        ]
      }
    },
    {
      "type": "Feature",
      "properties": {
        "weight": 1.0
      },
      "geometry": {
        "type": "Point",
        "coordinates": [
          -2.971607,
          43.3041364
        ]
      }
    },
    {
      "type": "Feature",
      "properties": {
        "weight": 1.0
      },
      "geometry": {
        "type": "Point",
        "coordinates": [
          -2.9749611,
          43.3043132
        ]
      }
    },
    {
      "type": "Feature",
      "properties": {
        "weight": 1.0
      },
      "geometry": {
        "type": "Point",
        "coordinates": [
          -2.971505,
          43.3043996
        ]
      }
    },
    {
      "type": "Feature",
      "properties": {
        "weight": 1.0,
        "id": 574053340,
        "hasDetails": true,
        "name": "Giraffe",
        "amenity": "restaurant",
        "cuisine": "international;burger",
        "opening_hours": "Mo-Su 05:30-21:00",
        "outdoor_seating": "no"
      },
      "geometry": {
        "type": "Point",
        "coordinates": [
          -2.9053058,
          43.3044874
        ]
      }
    },
    {
      "type": "Feature",
      "properties": {
        "weight": 1.0
      },
      "geometry": {
        "type": "Point",
        "coordinates": [
          -2.9716459,
          43.304534
        ]
      }
    },
    {
      "type": "Feature",
      "properties": {
        "weight": 1.0,
        "id": 2623461397,
        "hasDetails": true,
        "name": "Gol",
        "amenity": "pub",
        "address": "Maiatzaren 1a etorbidea 5, Valle de Tr\u00e1paga-Trapagaran"
      },
      "geometry": {
        "type": "Point",
        "coordinates": [
          -3.0366142,
          43.3046257
        ]
      }
    },
    {
      "type": "Feature",
      "properties": {
        "weight": 1.0,
        "id": 574053333,
        "hasDetails": true,
        "name": "Cafe Iru\u00f1a Berria",
        "amenity": "restaurant",
        "outdoor_seating": "no"
      },
      "geometry": {
        "type": "Point",
        "coordinates": [
          -2.9057216,
          43.3047236
        ]
      }
    },
    {
      "type": "Feature",
      "properties": {
        "weight": 1.0
      },
      "geometry": {
        "type": "Point",
        "coordinates": [
          -2.9061723,
          43.3050446
        ]
      }
    },
    {
      "type": "Feature",
      "properties": {
        "weight": 1.0
      },
      "geometry": {
        "type": "Point",
        "coordinates": [
          -2.9715635,
          43.3051677
        ]
      }
    },
    {
      "type": "Feature",
      "properties": {
        "weight": 1.0
      },
      "geometry": {
        "type": "Point",
        "coordinates": [
          -3.0368619,
          43.3052465
        ]
      }
    },
    {
      "type": "Feature",
      "properties": {
        "weight": 1.0,
        "id": 574053305,
        "hasDetails": true,
        "name": "La Donatella",
        "amenity": "restaurant",
        "cuisine": "italian",
        "outdoor_seating": "no"
      },
      "geometry": {
        "type": "Point",
        "coordinates": [
          -2.9074655,
          43.3052638
        ]
      }
    },
    {
      "type": "Feature",
      "properties": {
        "weight": 1.0,
        "id": 4140649628,
        "hasDetails": true,
        "name": "Cafeteria Elorriaga",
        "amenity": "cafe",
        "address": "Tartanga kalea"
      },
      "geometry": {
        "type": "Point",
        "coordinates": [
          -2.9741417,
          43.3054344
        ]
      }
    },
    {
      "type": "Feature",
      "properties": {
        "weight": 1.0
      },
      "geometry": {
        "type": "Point",
        "coordinates": [
          -3.0408649,
          43.3054864
        ]
      }
    },
    {
      "type": "Feature",
      "properties": {
        "weight": 1.0
      },
      "geometry": {
        "type": "Point",
        "coordinates": [
          -3.0429694,
          43.3054959
        ]
      }
    },
    {
      "type": "Feature",
      "properties": {
        "weight": 1.0
      },
      "geometry": {
        "type": "Point",
        "coordinates": [
          -2.9721596,
          43.3055131
        ]
      }
    },
    {
      "type": "Feature",
      "properties": {
        "weight": 1.0
      },
      "geometry": {
        "type": "Point",
        "coordinates": [
          -2.9725592,
          43.3055205
        ]
      }
    },
    {
      "type": "Feature",
      "properties": {
        "weight": 1.0
      },
      "geometry": {
        "type": "Point",
        "coordinates": [
          -3.0406653,
          43.305579
        ]
      }
    },
    {
      "type": "Feature",
      "properties": {
        "weight": 1.0
      },
      "geometry": {
        "type": "Point",
        "coordinates": [
          -2.9712925,
          43.3056967
        ]
      }
    },
    {
      "type": "Feature",
      "properties": {
        "weight": 1.0,
        "id": 3684823581,
        "hasDetails": true,
        "name": "Las Cazuelitas",
        "amenity": "restaurant",
        "cuisine": "regional",
        "address": "Calle Txurruka kalea 12, Valle de Tr\u00e1paga-Trapagaran",
        "outdoor_seating": "no"
      },
      "geometry": {
        "type": "Point",
        "coordinates": [
          -3.0382211,
          43.305797
        ]
      }
    },
    {
      "type": "Feature",
      "properties": {
        "weight": 1.0
      },
      "geometry": {
        "type": "Point",
        "coordinates": [
          -2.8980742,
          43.3060813
        ]
      }
    },
    {
      "type": "Feature",
      "properties": {
        "weight": 1.0,
        "id": 2631616566,
        "hasDetails": true,
        "name": "Telepizza",
        "amenity": "fast_food",
        "cuisine": "pizza",
        "address": "Grupo Ram\u00f3n Rubial 4, Valle de Tr\u00e1paga-Trapagaran"
      },
      "geometry": {
        "type": "Point",
        "coordinates": [
          -3.0393646,
          43.3061756
        ]
      }
    },
    {
      "type": "Feature",
      "properties": {
        "weight": 1.0
      },
      "geometry": {
        "type": "Point",
        "coordinates": [
          -3.0084673,
          43.30633
        ]
      }
    },
    {
      "type": "Feature",
      "properties": {
        "weight": 1.0
      },
      "geometry": {
        "type": "Point",
        "coordinates": [
          -3.006577,
          43.3072945
        ]
      }
    },
    {
      "type": "Feature",
      "properties": {
        "weight": 1.0,
        "id": 6801177885,
        "hasDetails": true,
        "name": "Compostela",
        "amenity": "bar",
        "address": "Calle Buenavista"
      },
      "geometry": {
        "type": "Point",
        "coordinates": [
          -3.0076999,
          43.3073352
        ]
      }
    },
    {
      "type": "Feature",
      "properties": {
        "weight": 1.0
      },
      "geometry": {
        "type": "Point",
        "coordinates": [
          -3.0073956,
          43.3073869
        ]
      }
    },
    {
      "type": "Feature",
      "properties": {
        "weight": 1.0
      },
      "geometry": {
        "type": "Point",
        "coordinates": [
          -3.0072594,
          43.3074464
        ]
      }
    },
    {
      "type": "Feature",
      "properties": {
        "weight": 1.0
      },
      "geometry": {
        "type": "Point",
        "coordinates": [
          -3.0068101,
          43.3074732
        ]
      }
    },
    {
      "type": "Feature",
      "properties": {
        "weight": 1.0,
        "id": 9244205402,
        "hasDetails": true,
        "name": "Mandar\u00edn",
        "amenity": "restaurant",
        "cuisine": "chinese"
      },
      "geometry": {
        "type": "Point",
        "coordinates": [
          -3.0070912,
          43.3075206
        ]
      }
    },
    {
      "type": "Feature",
      "properties": {
        "weight": 1.0
      },
      "geometry": {
        "type": "Point",
        "coordinates": [
          -3.0413464,
          43.3075391
        ]
      }
    },
    {
      "type": "Feature",
      "properties": {
        "weight": 1.0
      },
      "geometry": {
        "type": "Point",
        "coordinates": [
          -3.0074457,
          43.3076109
        ]
      }
    },
    {
      "type": "Feature",
      "properties": {
        "weight": 1.0
      },
      "geometry": {
        "type": "Point",
        "coordinates": [
          -3.0071207,
          43.307674
        ]
      }
    },
    {
      "type": "Feature",
      "properties": {
        "weight": 1.0
      },
      "geometry": {
        "type": "Point",
        "coordinates": [
          -3.0040858,
          43.3076919
        ]
      }
    },
    {
      "type": "Feature",
      "properties": {
        "weight": 1.0
      },
      "geometry": {
        "type": "Point",
        "coordinates": [
          -3.0038597,
          43.3077106
        ]
      }
    },
    {
      "type": "Feature",
      "properties": {
        "weight": 1.0
      },
      "geometry": {
        "type": "Point",
        "coordinates": [
          -3.0068968,
          43.3077217
        ]
      }
    },
    {
      "type": "Feature",
      "properties": {
        "weight": 1.0
      },
      "geometry": {
        "type": "Point",
        "coordinates": [
          -3.0072277,
          43.3077466
        ]
      }
    },
    {
      "type": "Feature",
      "properties": {
        "weight": 1.0
      },
      "geometry": {
        "type": "Point",
        "coordinates": [
          -3.0021045,
          43.307762
        ]
      }
    },
    {
      "type": "Feature",
      "properties": {
        "weight": 1.0
      },
      "geometry": {
        "type": "Point",
        "coordinates": [
          -3.0025951,
          43.3077765
        ]
      }
    },
    {
      "type": "Feature",
      "properties": {
        "weight": 1.0
      },
      "geometry": {
        "type": "Point",
        "coordinates": [
          -3.0028212,
          43.3077829
        ]
      }
    },
    {
      "type": "Feature",
      "properties": {
        "weight": 1.0
      },
      "geometry": {
        "type": "Point",
        "coordinates": [
          -3.0070093,
          43.3077858
        ]
      }
    },
    {
      "type": "Feature",
      "properties": {
        "weight": 1.0
      },
      "geometry": {
        "type": "Point",
        "coordinates": [
          -2.9983218,
          43.307787
        ]
      }
    },
    {
      "type": "Feature",
      "properties": {
        "weight": 1.0
      },
      "geometry": {
        "type": "Point",
        "coordinates": [
          -3.0079688,
          43.3077904
        ]
      }
    },
    {
      "type": "Feature",
      "properties": {
        "weight": 1.0
      },
      "geometry": {
        "type": "Point",
        "coordinates": [
          -3.0077966,
          43.3078566
        ]
      }
    },
    {
      "type": "Feature",
      "properties": {
        "weight": 1.0,
        "id": 8165302818,
        "hasDetails": true,
        "name": "Nuria",
        "amenity": "cafe",
        "address": "Jose Antonio Agirre y Lekube Kale Nagusia"
      },
      "geometry": {
        "type": "Point",
        "coordinates": [
          -2.9988973,
          43.3078579
        ]
      }
    },
    {
      "type": "Feature",
      "properties": {
        "weight": 1.0
      },
      "geometry": {
        "type": "Point",
        "coordinates": [
          -3.0073994,
          43.3078621
        ]
      }
    },
    {
      "type": "Feature",
      "properties": {
        "weight": 1.0
      },
      "geometry": {
        "type": "Point",
        "coordinates": [
          -3.0427809,
          43.3078633
        ]
      }
    },
    {
      "type": "Feature",
      "properties": {
        "weight": 1.0
      },
      "geometry": {
        "type": "Point",
        "coordinates": [
          -3.0071265,
          43.3078682
        ]
      }
    },
    {
      "type": "Feature",
      "properties": {
        "weight": 1.0,
        "id": 8165305717,
        "hasDetails": true,
        "name": "Itxaso",
        "amenity": "cafe",
        "address": "Jose Antonio Agirre y Lekube Kale Nagusia"
      },
      "geometry": {
        "type": "Point",
        "coordinates": [
          -2.9990574,
          43.3078803
        ]
      }
    },
    {
      "type": "Feature",
      "properties": {
        "weight": 1.0
      },
      "geometry": {
        "type": "Point",
        "coordinates": [
          -2.9993427,
          43.3078945
        ]
      }
    },
    {
      "type": "Feature",
      "properties": {
        "weight": 1.0,
        "id": 8165305617,
        "hasDetails": true,
        "name": "La Parada",
        "amenity": "pub",
        "address": "Jose Antonio Agirre y Lekube Kale Nagusia, Sestao"
      },
      "geometry": {
        "type": "Point",
        "coordinates": [
          -2.9981936,
          43.3079058
        ]
      }
    },
    {
      "type": "Feature",
      "properties": {
        "weight": 1.0
      },
      "geometry": {
        "type": "Point",
        "coordinates": [
          -3.0080891,
          43.3079163
        ]
      }
    },
    {
      "type": "Feature",
      "properties": {
        "weight": 1.0
      },
      "geometry": {
        "type": "Point",
        "coordinates": [
          -3.0075378,
          43.3079474
        ]
      }
    },
    {
      "type": "Feature",
      "properties": {
        "weight": 1.0,
        "id": 9244205223,
        "hasDetails": true,
        "name": "Telepizza",
        "amenity": "fast_food",
        "cuisine": "pizza"
      },
      "geometry": {
        "type": "Point",
        "coordinates": [
          -3.0079818,
          43.3079651
        ]
      }
    },
    {
      "type": "Feature",
      "properties": {
        "weight": 1.0
      },
      "geometry": {
        "type": "Point",
        "coordinates": [
          -3.0063629,
          43.3079842
        ]
      }
    },
    {
      "type": "Feature",
      "properties": {
        "weight": 1.0
      },
      "geometry": {
        "type": "Point",
        "coordinates": [
          -3.0052362,
          43.3080172
        ]
      }
    },
    {
      "type": "Feature",
      "properties": {
        "weight": 1.0
      },
      "geometry": {
        "type": "Point",
        "coordinates": [
          -3.0076795,
          43.3080496
        ]
      }
    },
    {
      "type": "Feature",
      "properties": {
        "weight": 1.0
      },
      "geometry": {
        "type": "Point",
        "coordinates": [
          -3.0080765,
          43.3081062
        ]
      }
    },
    {
      "type": "Feature",
      "properties": {
        "weight": 1.0
      },
      "geometry": {
        "type": "Point",
        "coordinates": [
          -3.0078083,
          43.3081257
        ]
      }
    },
    {
      "type": "Feature",
      "properties": {
        "weight": 1.0
      },
      "geometry": {
        "type": "Point",
        "coordinates": [
          -3.0074609,
          43.3081306
        ]
      }
    },
    {
      "type": "Feature",
      "properties": {
        "weight": 1.0
      },
      "geometry": {
        "type": "Point",
        "coordinates": [
          -3.0025719,
          43.3081764
        ]
      }
    },
    {
      "type": "Feature",
      "properties": {
        "weight": 1.0,
        "id": 9244205330,
        "hasDetails": true,
        "name": "El Capricho",
        "amenity": "fast_food",
        "cuisine": "chicken"
      },
      "geometry": {
        "type": "Point",
        "coordinates": [
          -3.0055391,
          43.3081803
        ]
      }
    },
    {
      "type": "Feature",
      "properties": {
        "weight": 1.0
      },
      "geometry": {
        "type": "Point",
        "coordinates": [
          -2.958261,
          43.3082807
        ]
      }
    },
    {
      "type": "Feature",
      "properties": {
        "weight": 1.0
      },
      "geometry": {
        "type": "Point",
        "coordinates": [
          -3.0078793,
          43.3083404
        ]
      }
    },
    {
      "type": "Feature",
      "properties": {
        "weight": 1.0
      },
      "geometry": {
        "type": "Point",
        "coordinates": [
          -3.0074662,
          43.3083959
        ]
      }
    },
    {
      "type": "Feature",
      "properties": {
        "weight": 1.0
      },
      "geometry": {
        "type": "Point",
        "coordinates": [
          -3.0070921,
          43.3084077
        ]
      }
    },
    {
      "type": "Feature",
      "properties": {
        "weight": 1.0
      },
      "geometry": {
        "type": "Point",
        "coordinates": [
          -3.0059808,
          43.3084164
        ]
      }
    },
    {
      "type": "Feature",
      "properties": {
        "weight": 1.0
      },
      "geometry": {
        "type": "Point",
        "coordinates": [
          -3.0080443,
          43.3084253
        ]
      }
    },
    {
      "type": "Feature",
      "properties": {
        "weight": 1.0
      },
      "geometry": {
        "type": "Point",
        "coordinates": [
          -3.0098199,
          43.3084985
        ]
      }
    },
    {
      "type": "Feature",
      "properties": {
        "weight": 1.0
      },
      "geometry": {
        "type": "Point",
        "coordinates": [
          -3.0068755,
          43.3085673
        ]
      }
    },
    {
      "type": "Feature",
      "properties": {
        "weight": 1.0
      },
      "geometry": {
        "type": "Point",
        "coordinates": [
          -3.0060347,
          43.3085686
        ]
      }
    },
    {
      "type": "Feature",
      "properties": {
        "weight": 1.0
      },
      "geometry": {
        "type": "Point",
        "coordinates": [
          -3.0071888,
          43.308582
        ]
      }
    },
    {
      "type": "Feature",
      "properties": {
        "weight": 1.0
      },
      "geometry": {
        "type": "Point",
        "coordinates": [
          -3.0054292,
          43.3085863
        ]
      }
    },
    {
      "type": "Feature",
      "properties": {
        "weight": 1.0
      },
      "geometry": {
        "type": "Point",
        "coordinates": [
          -3.0081555,
          43.3086328
        ]
      }
    },
    {
      "type": "Feature",
      "properties": {
        "weight": 1.0
      },
      "geometry": {
        "type": "Point",
        "coordinates": [
          -2.9996445,
          43.3086532
        ]
      }
    },
    {
      "type": "Feature",
      "properties": {
        "weight": 1.0
      },
      "geometry": {
        "type": "Point",
        "coordinates": [
          -2.9994259,
          43.3086698
        ]
      }
    },
    {
      "type": "Feature",
      "properties": {
        "weight": 1.0
      },
      "geometry": {
        "type": "Point",
        "coordinates": [
          -3.0071401,
          43.3086739
        ]
      }
    },
    {
      "type": "Feature",
      "properties": {
        "weight": 1.0
      },
      "geometry": {
        "type": "Point",
        "coordinates": [
          -3.0067402,
          43.3086836
        ]
      }
    },
    {
      "type": "Feature",
      "properties": {
        "weight": 1.0
      },
      "geometry": {
        "type": "Point",
        "coordinates": [
          -3.0074469,
          43.3087017
        ]
      }
    },
    {
      "type": "Feature",
      "properties": {
        "weight": 1.0,
        "id": 4834575022,
        "hasDetails": true,
        "name": "La Herencia",
        "amenity": "pub",
        "address": "C/ Ignacio Zuloaga"
      },
      "geometry": {
        "type": "Point",
        "coordinates": [
          -3.0092385,
          43.3087226
        ]
      }
    },
    {
      "type": "Feature",
      "properties": {
        "weight": 1.0
      },
      "geometry": {
        "type": "Point",
        "coordinates": [
          -3.0049802,
          43.3087255
        ]
      }
    },
    {
      "type": "Feature",
      "properties": {
        "weight": 1.0
      },
      "geometry": {
        "type": "Point",
        "coordinates": [
          -3.0068514,
          43.3087336
        ]
      }
    },
    {
      "type": "Feature",
      "properties": {
        "weight": 1.0
      },
      "geometry": {
        "type": "Point",
        "coordinates": [
          -3.0056343,
          43.3087551
        ]
      }
    },
    {
      "type": "Feature",
      "properties": {
        "weight": 1.0,
        "id": 8165303625,
        "hasDetails": true,
        "name": "Metro Caf\u00e9",
        "amenity": "cafe",
        "address": "Gran V\u00eda de Jos\u00e9 Antonio Aguirre"
      },
      "geometry": {
        "type": "Point",
        "coordinates": [
          -3.0049108,
          43.3088646
        ]
      }
    },
    {
      "type": "Feature",
      "properties": {
        "weight": 1.0,
        "id": 4834574723,
        "hasDetails": true,
        "name": "Jai Alai",
        "amenity": "restaurant",
        "address": "Gran Via de Jos\u00e9 Antonio Aguirre"
      },
      "geometry": {
        "type": "Point",
        "coordinates": [
          -3.0061517,
          43.3089825
        ]
      }
    },
    {
      "type": "Feature",
      "properties": {
        "weight": 1.0
      },
      "geometry": {
        "type": "Point",
        "coordinates": [
          -3.0066797,
          43.3090137
        ]
      }
    },
    {
      "type": "Feature",
      "properties": {
        "weight": 1.0
      },
      "geometry": {
        "type": "Point",
        "coordinates": [
          -3.0081204,
          43.3091055
        ]
      }
    },
    {
      "type": "Feature",
      "properties": {
        "weight": 1.0,
        "id": 194858534,
        "hasDetails": true,
        "name": "Aspaldiko",
        "amenity": "restaurant",
        "website": "https://aspaldiko.com/"
      },
      "geometry": {
        "type": "Point",
        "coordinates": [
          -2.9325736,
          43.3091076
        ]
      }
    },
    {
      "type": "Feature",
      "properties": {
        "weight": 1.0
      },
      "geometry": {
        "type": "Point",
        "coordinates": [
          -3.0059132,
          43.3091112
        ]
      }
    },
    {
      "type": "Feature",
      "properties": {
        "weight": 1.0
      },
      "geometry": {
        "type": "Point",
        "coordinates": [
          -3.0065564,
          43.3091152
        ]
      }
    },
    {
      "type": "Feature",
      "properties": {
        "weight": 1.0
      },
      "geometry": {
        "type": "Point",
        "coordinates": [
          -3.0008391,
          43.3091732
        ]
      }
    },
    {
      "type": "Feature",
      "properties": {
        "weight": 1.0,
        "id": 8165302821,
        "hasDetails": true,
        "name": "O'Ryan",
        "amenity": "pub",
        "address": "Calle Los Ba\u00f1os"
      },
      "geometry": {
        "type": "Point",
        "coordinates": [
          -3.0047312,
          43.3092252
        ]
      }
    },
    {
      "type": "Feature",
      "properties": {
        "weight": 1.0
      },
      "geometry": {
        "type": "Point",
        "coordinates": [
          -3.0085533,
          43.3092774
        ]
      }
    },
    {
      "type": "Feature",
      "properties": {
        "weight": 1.0
      },
      "geometry": {
        "type": "Point",
        "coordinates": [
          -3.0043845,
          43.3092922
        ]
      }
    },
    {
      "type": "Feature",
      "properties": {
        "weight": 1.0
      },
      "geometry": {
        "type": "Point",
        "coordinates": [
          -3.0039229,
          43.3094236
        ]
      }
    },
    {
      "type": "Feature",
      "properties": {
        "weight": 1.0
      },
      "geometry": {
        "type": "Point",
        "coordinates": [
          -3.0060273,
          43.3094665
        ]
      }
    },
    {
      "type": "Feature",
      "properties": {
        "weight": 1.0,
        "id": 4735898725,
        "hasDetails": true,
        "name": "Hamburgo",
        "amenity": "cafe",
        "address": "Plaza del Kasko"
      },
      "geometry": {
        "type": "Point",
        "coordinates": [
          -3.0066128,
          43.3094966
        ]
      }
    },
    {
      "type": "Feature",
      "properties": {
        "weight": 1.0,
        "id": 9219786523,
        "hasDetails": true,
        "name": "Caf\u00e9 Fum",
        "amenity": "pub",
        "address": "Los Ba\u00f1os kalea 17, Sestao"
      },
      "geometry": {
        "type": "Point",
        "coordinates": [
          -3.0030697,
          43.3095385
        ]
      }
    },
    {
      "type": "Feature",
      "properties": {
        "weight": 1.0
      },
      "geometry": {
        "type": "Point",
        "coordinates": [
          -3.0064825,
          43.3095762
        ]
      }
    },
    {
      "type": "Feature",
      "properties": {
        "weight": 1.0
      },
      "geometry": {
        "type": "Point",
        "coordinates": [
          -3.0060989,
          43.309586
        ]
      }
    },
    {
      "type": "Feature",
      "properties": {
        "weight": 1.0,
        "id": 4734232322,
        "hasDetails": true,
        "name": "Edurmendi",
        "amenity": "cafe",
        "address": "Plaza del Kasko",
        "outdoor_seating": "yes"
      },
      "geometry": {
        "type": "Point",
        "coordinates": [
          -3.0070536,
          43.3095978
        ]
      }
    },
    {
      "type": "Feature",
      "properties": {
        "weight": 1.0,
        "id": 12635772122,
        "hasDetails": true,
        "name": "La Roca",
        "amenity": "fast_food",
        "cuisine": "kebab"
      },
      "geometry": {
        "type": "Point",
        "coordinates": [
          -3.0091556,
          43.3096358
        ]
      }
    },
    {
      "type": "Feature",
      "properties": {
        "weight": 1.0
      },
      "geometry": {
        "type": "Point",
        "coordinates": [
          -3.0036743,
          43.3096739
        ]
      }
    },
    {
      "type": "Feature",
      "properties": {
        "weight": 1.0
      },
      "geometry": {
        "type": "Point",
        "coordinates": [
          -3.0098601,
          43.3096963
        ]
      }
    },
    {
      "type": "Feature",
      "properties": {
        "weight": 1.0
      },
      "geometry": {
        "type": "Point",
        "coordinates": [
          -3.0070117,
          43.3097076
        ]
      }
    },
    {
      "type": "Feature",
      "properties": {
        "weight": 1.0
      },
      "geometry": {
        "type": "Point",
        "coordinates": [
          -3.0068319,
          43.3097163
        ]
      }
    },
    {
      "type": "Feature",
      "properties": {
        "weight": 1.0
      },
      "geometry": {
        "type": "Point",
        "coordinates": [
          -3.0064596,
          43.3097392
        ]
      }
    },
    {
      "type": "Feature",
      "properties": {
        "weight": 1.0,
        "id": 9246539078,
        "hasDetails": true,
        "name": "Piccola",
        "amenity": "restaurant",
        "cuisine": "pizza"
      },
      "geometry": {
        "type": "Point",
        "coordinates": [
          -2.9991021,
          43.3097423
        ]
      }
    },
    {
      "type": "Feature",
      "properties": {
        "weight": 1.0,
        "id": 9219662932,
        "hasDetails": true,
        "name": "Landa Etxea",
        "amenity": "restaurant",
        "address": "Aizpuru kalea 1, Sestao"
      },
      "geometry": {
        "type": "Point",
        "coordinates": [
          -3.0073145,
          43.3098434
        ]
      }
    },
    {
      "type": "Feature",
      "properties": {
        "weight": 1.0,
        "id": 4897266722,
        "hasDetails": true,
        "name": "Las Llanas",
        "amenity": "fast_food",
        "cuisine": "kebab",
        "address": "Alameda las Llanas"
      },
      "geometry": {
        "type": "Point",
        "coordinates": [
          -3.0096508,
          43.3098793
        ]
      }
    },
    {
      "type": "Feature",
      "properties": {
        "weight": 1.0
      },
      "geometry": {
        "type": "Point",
        "coordinates": [
          -3.040381,
          43.3101773
        ]
      }
    },
    {
      "type": "Feature",
      "properties": {
        "weight": 1.0,
        "id": 14107281562,
        "hasDetails": true,
        "name": "Ardandegi Alkatea Kebab",
        "amenity": "fast_food",
        "cuisine": "kebab"
      },
      "geometry": {
        "type": "Point",
        "coordinates": [
          -3.0050391,
          43.3101933
        ]
      }
    },
    {
      "type": "Feature",
      "properties": {
        "weight": 1.0,
        "id": 9244205241,
        "hasDetails": true,
        "name": "Ross",
        "amenity": "fast_food",
        "cuisine": "kebab"
      },
      "geometry": {
        "type": "Point",
        "coordinates": [
          -3.0067775,
          43.310353
        ]
      }
    },
    {
      "type": "Feature",
      "properties": {
        "weight": 1.0
      },
      "geometry": {
        "type": "Point",
        "coordinates": [
          -3.0108149,
          43.310439
        ]
      }
    },
    {
      "type": "Feature",
      "properties": {
        "weight": 1.0
      },
      "geometry": {
        "type": "Point",
        "coordinates": [
          -3.0033212,
          43.3106225
        ]
      }
    },
    {
      "type": "Feature",
      "properties": {
        "weight": 1.0
      },
      "geometry": {
        "type": "Point",
        "coordinates": [
          -2.9568414,
          43.3107136
        ]
      }
    },
    {
      "type": "Feature",
      "properties": {
        "weight": 1.0
      },
      "geometry": {
        "type": "Point",
        "coordinates": [
          -3.0407347,
          43.3107442
        ]
      }
    },
    {
      "type": "Feature",
      "properties": {
        "weight": 1.0,
        "id": 194858527,
        "hasDetails": true,
        "name": "Azoka Sagardotegia",
        "amenity": "restaurant",
        "website": "https://www.sidreria-loiu.com/es/"
      },
      "geometry": {
        "type": "Point",
        "coordinates": [
          -2.9292795,
          43.3108121
        ]
      }
    },
    {
      "type": "Feature",
      "properties": {
        "weight": 1.0
      },
      "geometry": {
        "type": "Point",
        "coordinates": [
          -3.0021102,
          43.3108166
        ]
      }
    },
    {
      "type": "Feature",
      "properties": {
        "weight": 1.0,
        "id": 3818294832,
        "hasDetails": true,
        "name": "Cafeter\u00eda Yuri",
        "amenity": "cafe",
        "address": "Urioste"
      },
      "geometry": {
        "type": "Point",
        "coordinates": [
          -3.0403527,
          43.3108491
        ]
      }
    },
    {
      "type": "Feature",
      "properties": {
        "weight": 1.0
      },
      "geometry": {
        "type": "Point",
        "coordinates": [
          -3.0044813,
          43.3110636
        ]
      }
    },
    {
      "type": "Feature",
      "properties": {
        "weight": 1.0
      },
      "geometry": {
        "type": "Point",
        "coordinates": [
          -3.0036096,
          43.3110909
        ]
      }
    },
    {
      "type": "Feature",
      "properties": {
        "weight": 1.0,
        "id": 9246539082,
        "hasDetails": true,
        "name": "Bulevar",
        "amenity": "fast_food",
        "cuisine": "kebab"
      },
      "geometry": {
        "type": "Point",
        "coordinates": [
          -3.0034165,
          43.3110997
        ]
      }
    },
    {
      "type": "Feature",
      "properties": {
        "weight": 1.0,
        "id": 9795795090,
        "hasDetails": true,
        "name": "Taco Bell",
        "amenity": "fast_food",
        "cuisine": "tex-mex",
        "outdoor_seating": "terrace",
        "names": [
          "Taco Bell",
          "100 Montaditos"
        ],
        "amenities": [
          "fast_food",
          "restaurant"
        ]
      },
      "geometry": {
        "type": "Point",
        "coordinates": [
          -3.0216698,
          43.3111019
        ]
      }
    },
    {
      "type": "Feature",
      "properties": {
        "weight": 1.0,
        "id": 9794299343,
        "hasDetails": true,
        "name": "Krunch",
        "amenity": "restaurant",
        "website": "https://www.ccballonti.com/index.php/es/donde-comer/item/232-krunch",
        "outdoor_seating": "terrace"
      },
      "geometry": {
        "type": "Point",
        "coordinates": [
          -3.0218376,
          43.3111887
        ]
      }
    },
    {
      "type": "Feature",
      "properties": {
        "weight": 1.0
      },
      "geometry": {
        "type": "Point",
        "coordinates": [
          -3.0026051,
          43.3112002
        ]
      }
    },
    {
      "type": "Feature",
      "properties": {
        "weight": 1.0
      },
      "geometry": {
        "type": "Point",
        "coordinates": [
          -3.0050325,
          43.3112119
        ]
      }
    },
    {
      "type": "Feature",
      "properties": {
        "weight": 1.0,
        "id": 9794299349,
        "hasDetails": true,
        "name": "Mr. Wok",
        "amenity": "restaurant",
        "website": "https://www.ccballonti.com/index.php/es/donde-comer/item/230-mr-wok",
        "outdoor_seating": "terrace"
      },
      "geometry": {
        "type": "Point",
        "coordinates": [
          -3.022004,
          43.3112567
        ]
      }
    },
    {
      "type": "Feature",
      "properties": {
        "weight": 1.0
      },
      "geometry": {
        "type": "Point",
        "coordinates": [
          -3.0039666,
          43.3113007
        ]
      }
    },
    {
      "type": "Feature",
      "properties": {
        "weight": 1.0,
        "id": 10235960413,
        "hasDetails": true,
        "name": "Kaisen",
        "amenity": "restaurant",
        "outdoor_seating": "no"
      },
      "geometry": {
        "type": "Point",
        "coordinates": [
          -3.0207216,
          43.3113792
        ]
      }
    },
    {
      "type": "Feature",
      "properties": {
        "weight": 1.0,
        "id": 10236031785,
        "hasDetails": true,
        "name": "\u00d1am",
        "amenity": "pub",
        "address": "Portugalete",
        "outdoor_seating": "no"
      },
      "geometry": {
        "type": "Point",
        "coordinates": [
          -3.021858,
          43.3114393
        ]
      }
    },
    {
      "type": "Feature",
      "properties": {
        "weight": 1.0,
        "id": 10236031787,
        "hasDetails": true,
        "name": "Foster's Hollywood",
        "amenity": "restaurant",
        "cuisine": "american",
        "outdoor_seating": "no"
      },
      "geometry": {
        "type": "Point",
        "coordinates": [
          -3.0217616,
          43.3115246
        ]
      }
    },
    {
      "type": "Feature",
      "properties": {
        "weight": 1.0,
        "id": 11268700403,
        "hasDetails": true,
        "name": "Goss",
        "amenity": "bar",
        "address": "Axpeko erribera 5, Erandio"
      },
      "geometry": {
        "type": "Point",
        "coordinates": [
          -2.9799416,
          43.3115794
        ]
      }
    },
    {
      "type": "Feature",
      "properties": {
        "weight": 1.0,
        "id": 11112165444,
        "hasDetails": true,
        "name": "Popeyes",
        "amenity": "fast_food",
        "cuisine": "chicken",
        "address": "Portugalete",
        "outdoor_seating": "no"
      },
      "geometry": {
        "type": "Point",
        "coordinates": [
          -3.0216313,
          43.3116664
        ]
      }
    },
    {
      "type": "Feature",
      "properties": {
        "weight": 1.0,
        "id": 10235960412,
        "hasDetails": true,
        "name": "The Good Burger",
        "amenity": "fast_food",
        "cuisine": "burger",
        "outdoor_seating": "no"
      },
      "geometry": {
        "type": "Point",
        "coordinates": [
          -3.0210256,
          43.3116907
        ]
      }
    },
    {
      "type": "Feature",
      "properties": {
        "weight": 1.0,
        "id": 10236221549,
        "hasDetails": true,
        "name": "Loops & Coffee",
        "amenity": "fast_food",
        "cuisine": "donut",
        "address": "Portugalete",
        "outdoor_seating": "no"
      },
      "geometry": {
        "type": "Point",
        "coordinates": [
          -3.0218987,
          43.3117228
        ]
      }
    },
    {
      "type": "Feature",
      "properties": {
        "weight": 1.0,
        "id": 2603690617,
        "hasDetails": true,
        "name": "Burger King",
        "amenity": "fast_food",
        "cuisine": "burger",
        "website": "https://www.ccballonti.com/index.php/es/donde-comer/item/223-burger-king",
        "outdoor_seating": "no"
      },
      "geometry": {
        "type": "Point",
        "coordinates": [
          -3.0214259,
          43.3117381
        ]
      }
    },
    {
      "type": "Feature",
      "properties": {
        "weight": 1.0
      },
      "geometry": {
        "type": "Point",
        "coordinates": [
          -3.0058358,
          43.3117467
        ]
      }
    },
    {
      "type": "Feature",
      "properties": {
        "weight": 1.0,
        "id": 10236108284,
        "hasDetails": true,
        "name": "Pomodoro",
        "amenity": "restaurant",
        "cuisine": "italian;pasta;pizza",
        "outdoor_seating": "no"
      },
      "geometry": {
        "type": "Point",
        "coordinates": [
          -3.0215106,
          43.3119255
        ]
      }
    },
    {
      "type": "Feature",
      "properties": {
        "weight": 1.0,
        "id": 10236108283,
        "hasDetails": true,
        "name": "Don G",
        "amenity": "fast_food",
        "outdoor_seating": "no"
      },
      "geometry": {
        "type": "Point",
        "coordinates": [
          -3.0214298,
          43.3120004
        ]
      }
    },
    {
      "type": "Feature",
      "properties": {
        "weight": 1.0
      },
      "geometry": {
        "type": "Point",
        "coordinates": [
          -3.0057567,
          43.3121331
        ]
      }
    },
    {
      "type": "Feature",
      "properties": {
        "weight": 1.0
      },
      "geometry": {
        "type": "Point",
        "coordinates": [
          -3.0116149,
          43.3123476
        ]
      }
    },
    {
      "type": "Feature",
      "properties": {
        "weight": 1.0,
        "id": 12709854922,
        "hasDetails": true,
        "name": "Caf\u00e9 Ballonti",
        "amenity": "cafe",
        "outdoor_seating": "no"
      },
      "geometry": {
        "type": "Point",
        "coordinates": [
          -3.0229765,
          43.3124237
        ]
      }
    },
    {
      "type": "Feature",
      "properties": {
        "weight": 1.0,
        "id": 5569265182,
        "hasDetails": true,
        "name": "La Roca del Fraile",
        "amenity": "bar",
        "outdoor_seating": "yes"
      },
      "geometry": {
        "type": "Point",
        "coordinates": [
          -2.9810734,
          43.3126091
        ]
      }
    },
    {
      "type": "Feature",
      "properties": {
        "weight": 1.0,
        "id": 12327340351,
        "hasDetails": true,
        "name": "Bombon Boss",
        "amenity": "cafe",
        "outdoor_seating": "no"
      },
      "geometry": {
        "type": "Point",
        "coordinates": [
          -3.0234308,
          43.3126768
        ]
      }
    },
    {
      "type": "Feature",
      "properties": {
        "weight": 1.0,
        "id": 11112165443,
        "hasDetails": true,
        "name": "KFC",
        "amenity": "fast_food",
        "cuisine": "chicken",
        "address": "Barrio de Ballonti 18, Portugalete",
        "website": "https://www.kfc.es/",
        "outdoor_seating": "no"
      },
      "geometry": {
        "type": "Point",
        "coordinates": [
          -3.0231009,
          43.3137815
        ]
      }
    },
    {
      "type": "Feature",
      "properties": {
        "weight": 1.0
      },
      "geometry": {
        "type": "Point",
        "coordinates": [
          -3.0161638,
          43.3141079
        ]
      }
    },
    {
      "type": "Feature",
      "properties": {
        "weight": 1.0,
        "id": 8036307295,
        "hasDetails": true,
        "name": "Arrantzale",
        "amenity": "pub",
        "address": "Calle Atxutegi"
      },
      "geometry": {
        "type": "Point",
        "coordinates": [
          -2.984323,
          43.31464
        ]
      }
    },
    {
      "type": "Feature",
      "properties": {
        "weight": 1.0,
        "id": 1252785314,
        "hasDetails": true,
        "name": "El Adrian",
        "amenity": "restaurant",
        "address": "Plaza Gorbeamendi"
      },
      "geometry": {
        "type": "Point",
        "coordinates": [
          -3.0169648,
          43.3148608
        ]
      }
    },
    {
      "type": "Feature",
      "properties": {
        "weight": 1.0
      },
      "geometry": {
        "type": "Point",
        "coordinates": [
          -2.9799486,
          43.3150384
        ]
      }
    },
    {
      "type": "Feature",
      "properties": {
        "weight": 1.0
      },
      "geometry": {
        "type": "Point",
        "coordinates": [
          -3.0135109,
          43.3151503
        ]
      }
    },
    {
      "type": "Feature",
      "properties": {
        "weight": 1.0
      },
      "geometry": {
        "type": "Point",
        "coordinates": [
          -3.0165802,
          43.3152041
        ]
      }
    },
    {
      "type": "Feature",
      "properties": {
        "weight": 1.0,
        "id": 4398497857,
        "hasDetails": true,
        "name": "Duga",
        "amenity": "pub",
        "address": "Portugalete"
      },
      "geometry": {
        "type": "Point",
        "coordinates": [
          -3.0209034,
          43.3153531
        ]
      }
    },
    {
      "type": "Feature",
      "properties": {
        "weight": 1.0
      },
      "geometry": {
        "type": "Point",
        "coordinates": [
          -3.0202867,
          43.3154051
        ]
      }
    },
    {
      "type": "Feature",
      "properties": {
        "weight": 1.0
      },
      "geometry": {
        "type": "Point",
        "coordinates": [
          -3.0140529,
          43.3154094
        ]
      }
    },
    {
      "type": "Feature",
      "properties": {
        "weight": 1.0
      },
      "geometry": {
        "type": "Point",
        "coordinates": [
          -3.0211589,
          43.315481
        ]
      }
    },
    {
      "type": "Feature",
      "properties": {
        "weight": 1.0
      },
      "geometry": {
        "type": "Point",
        "coordinates": [
          -3.0212812,
          43.3155377
        ]
      }
    },
    {
      "type": "Feature",
      "properties": {
        "weight": 1.0
      },
      "geometry": {
        "type": "Point",
        "coordinates": [
          -3.0204794,
          43.3155589
        ]
      }
    },
    {
      "type": "Feature",
      "properties": {
        "weight": 1.0,
        "id": 8036307296,
        "hasDetails": true,
        "name": "Taska Barri",
        "amenity": "pub",
        "address": "Calle Etxegorri"
      },
      "geometry": {
        "type": "Point",
        "coordinates": [
          -2.9846764,
          43.3155915
        ]
      }
    },
    {
      "type": "Feature",
      "properties": {
        "weight": 1.0
      },
      "geometry": {
        "type": "Point",
        "coordinates": [
          -3.0214112,
          43.3156166
        ]
      }
    },
    {
      "type": "Feature",
      "properties": {
        "weight": 1.0,
        "id": 8036307589,
        "hasDetails": true,
        "name": "Gambrinus",
        "amenity": "pub",
        "address": "Atze bidea"
      },
      "geometry": {
        "type": "Point",
        "coordinates": [
          -2.9829308,
          43.3156357
        ]
      }
    },
    {
      "type": "Feature",
      "properties": {
        "weight": 1.0
      },
      "geometry": {
        "type": "Point",
        "coordinates": [
          -3.0161438,
          43.3156647
        ]
      }
    },
    {
      "type": "Feature",
      "properties": {
        "weight": 1.0,
        "id": 8036307887,
        "hasDetails": true,
        "name": "Etxegorri",
        "amenity": "pub",
        "address": "Calle Etxegorri",
        "names": [
          "Etxegorri",
          "Coppi"
        ]
      },
      "geometry": {
        "type": "Point",
        "coordinates": [
          -2.9844376,
          43.3157172
        ]
      }
    },
    {
      "type": "Feature",
      "properties": {
        "weight": 1.0
      },
      "geometry": {
        "type": "Point",
        "coordinates": [
          -2.9838264,
          43.3158213
        ]
      }
    },
    {
      "type": "Feature",
      "properties": {
        "weight": 1.0,
        "id": 8036307187,
        "hasDetails": true,
        "name": "Asador Valpara\u00edso",
        "amenity": "fast_food",
        "address": "Calle Lubarri",
        "names": [
          "Asador Valpara\u00edso",
          "Primera L\u00ednea"
        ],
        "amenities": [
          "fast_food",
          "pub"
        ]
      },
      "geometry": {
        "type": "Point",
        "coordinates": [
          -2.9832832,
          43.3159409
        ]
      }
    },
    {
      "type": "Feature",
      "properties": {
        "weight": 1.0,
        "id": 8036307588,
        "hasDetails": true,
        "name": "Istanbul Doner Kebab",
        "amenity": "fast_food",
        "cuisine": "kebab",
        "address": "Calle Mezo"
      },
      "geometry": {
        "type": "Point",
        "coordinates": [
          -2.9829117,
          43.3159565
        ]
      }
    },
    {
      "type": "Feature",
      "properties": {
        "weight": 1.0,
        "id": 13589407419,
        "hasDetails": true,
        "name": "Maitari",
        "amenity": "pub",
        "opening_hours": "Su-We 09:00-22:00; Th 09:00-23:00; Fr,Sa 09:00-23:59",
        "outdoor_seating": "yes"
      },
      "geometry": {
        "type": "Point",
        "coordinates": [
          -3.0176776,
          43.3160113
        ]
      }
    },
    {
      "type": "Feature",
      "properties": {
        "weight": 1.0,
        "id": 8036307087,
        "hasDetails": true,
        "name": "Atxebeko",
        "amenity": "pub",
        "address": "Lubarri kalea 2"
      },
      "geometry": {
        "type": "Point",
        "coordinates": [
          -2.9837005,
          43.316051
        ]
      }
    },
    {
      "type": "Feature",
      "properties": {
        "weight": 1.0
      },
      "geometry": {
        "type": "Point",
        "coordinates": [
          -2.9839907,
          43.3160564
        ]
      }
    },
    {
      "type": "Feature",
      "properties": {
        "weight": 1.0,
        "id": 8036307485,
        "hasDetails": true,
        "name": "CLC",
        "amenity": "pub",
        "address": "Calle Trabudua"
      },
      "geometry": {
        "type": "Point",
        "coordinates": [
          -2.983119,
          43.3160693
        ]
      }
    },
    {
      "type": "Feature",
      "properties": {
        "weight": 1.0
      },
      "geometry": {
        "type": "Point",
        "coordinates": [
          -3.0205004,
          43.3160724
        ]
      }
    },
    {
      "type": "Feature",
      "properties": {
        "weight": 1.0,
        "id": 8036307289,
        "hasDetails": true,
        "name": "Trabudua",
        "amenity": "pub",
        "address": "Calle Trabudua"
      },
      "geometry": {
        "type": "Point",
        "coordinates": [
          -2.983336,
          43.3161057
        ]
      }
    },
    {
      "type": "Feature",
      "properties": {
        "weight": 1.0
      },
      "geometry": {
        "type": "Point",
        "coordinates": [
          -3.0203914,
          43.3161647
        ]
      }
    },
    {
      "type": "Feature",
      "properties": {
        "weight": 1.0
      },
      "geometry": {
        "type": "Point",
        "coordinates": [
          -2.9829732,
          43.3161789
        ]
      }
    },
    {
      "type": "Feature",
      "properties": {
        "weight": 1.0
      },
      "geometry": {
        "type": "Point",
        "coordinates": [
          -2.9798691,
          43.3162126
        ]
      }
    },
    {
      "type": "Feature",
      "properties": {
        "weight": 1.0,
        "id": 8036307586,
        "hasDetails": true,
        "name": "Stop",
        "amenity": "pub",
        "address": "Calle Consulado de Bilbao"
      },
      "geometry": {
        "type": "Point",
        "coordinates": [
          -2.9828157,
          43.3162824
        ]
      }
    },
    {
      "type": "Feature",
      "properties": {
        "weight": 1.0
      },
      "geometry": {
        "type": "Point",
        "coordinates": [
          -2.9834252,
          43.3163217
        ]
      }
    },
    {
      "type": "Feature",
      "properties": {
        "weight": 1.0,
        "id": 1481969224,
        "hasDetails": true,
        "name": "Mentxu",
        "amenity": "pub",
        "outdoor_seating": "yes"
      },
      "geometry": {
        "type": "Point",
        "coordinates": [
          -3.0195044,
          43.3163326
        ]
      }
    },
    {
      "type": "Feature",
      "properties": {
        "weight": 1.0
      },
      "geometry": {
        "type": "Point",
        "coordinates": [
          -2.9814071,
          43.3163609
        ]
      }
    },
    {
      "type": "Feature",
      "properties": {
        "weight": 1.0,
        "id": 8036307186,
        "hasDetails": true,
        "name": "Antonio",
        "amenity": "pub",
        "address": "Calle Etxegorri"
      },
      "geometry": {
        "type": "Point",
        "coordinates": [
          -2.983315,
          43.3163848
        ]
      }
    },
    {
      "type": "Feature",
      "properties": {
        "weight": 1.0
      },
      "geometry": {
        "type": "Point",
        "coordinates": [
          -3.0223233,
          43.3164782
        ]
      }
    },
    {
      "type": "Feature",
      "properties": {
        "weight": 1.0,
        "id": 4398550518,
        "hasDetails": true,
        "name": "La Florida",
        "amenity": "cafe",
        "address": "Portugalete",
        "outdoor_seating": "pedestrian_zone"
      },
      "geometry": {
        "type": "Point",
        "coordinates": [
          -3.0279362,
          43.3164809
        ]
      }
    },
    {
      "type": "Feature",
      "properties": {
        "weight": 1.0,
        "id": 8035936786,
        "hasDetails": true,
        "name": "V\u00edctor",
        "amenity": "pub",
        "address": "Erandio"
      },
      "geometry": {
        "type": "Point",
        "coordinates": [
          -2.9836005,
          43.3165791
        ]
      }
    },
    {
      "type": "Feature",
      "properties": {
        "weight": 1.0,
        "id": 6365588786,
        "hasDetails": true,
        "name": "Arboladi",
        "amenity": "pub",
        "address": "Alfonso del Pozo kalea, Portugalete"
      },
      "geometry": {
        "type": "Point",
        "coordinates": [
          -3.0206419,
          43.316624
        ]
      }
    },
    {
      "type": "Feature",
      "properties": {
        "weight": 1.0
      },
      "geometry": {
        "type": "Point",
        "coordinates": [
          -2.9842759,
          43.3167312
        ]
      }
    },
    {
      "type": "Feature",
      "properties": {
        "weight": 1.0,
        "id": 13815568653,
        "hasDetails": true,
        "name": "Gusto",
        "amenity": "restaurant",
        "cuisine": "pizza",
        "outdoor_seating": "no"
      },
      "geometry": {
        "type": "Point",
        "coordinates": [
          -3.0236202,
          43.3167384
        ]
      }
    },
    {
      "type": "Feature",
      "properties": {
        "weight": 1.0
      },
      "geometry": {
        "type": "Point",
        "coordinates": [
          -2.9838597,
          43.3167505
        ]
      }
    },
    {
      "type": "Feature",
      "properties": {
        "weight": 1.0,
        "id": 5162474778,
        "hasDetails": true,
        "name": "Iglesia",
        "amenity": "pub",
        "address": "Portugalete"
      },
      "geometry": {
        "type": "Point",
        "coordinates": [
          -3.0210092,
          43.316854
        ]
      }
    },
    {
      "type": "Feature",
      "properties": {
        "weight": 1.0,
        "id": 14153077113,
        "hasDetails": true,
        "name": "La Zona",
        "amenity": "cafe",
        "outdoor_seating": "sidewalk",
        "names": [
          "La Zona",
          "Gurea"
        ]
      },
      "geometry": {
        "type": "Point",
        "coordinates": [
          -3.0226015,
          43.3168657
        ]
      }
    },
    {
      "type": "Feature",
      "properties": {
        "weight": 1.0,
        "id": 5102786845,
        "hasDetails": true,
        "name": "Bide zaharra",
        "amenity": "cafe",
        "address": "Avenida de Carlos VII",
        "outdoor_seating": "sidewalk"
      },
      "geometry": {
        "type": "Point",
        "coordinates": [
          -3.0231291,
          43.3168659
        ]
      }
    },
    {
      "type": "Feature",
      "properties": {
        "weight": 1.0
      },
      "geometry": {
        "type": "Point",
        "coordinates": [
          -3.0287493,
          43.3169564
        ]
      }
    },
    {
      "type": "Feature",
      "properties": {
        "weight": 1.0,
        "id": 14153046661,
        "hasDetails": true,
        "name": "Los \u00e1ngeles",
        "amenity": "cafe",
        "outdoor_seating": "sidewalk"
      },
      "geometry": {
        "type": "Point",
        "coordinates": [
          -3.0227561,
          43.3169715
        ]
      }
    },
    {
      "type": "Feature",
      "properties": {
        "weight": 1.0,
        "id": 4359093478,
        "hasDetails": true,
        "name": "Samoa",
        "amenity": "fast_food",
        "cuisine": "burger"
      },
      "geometry": {
        "type": "Point",
        "coordinates": [
          -2.9834581,
          43.317
        ]
      }
    },
    {
      "type": "Feature",
      "properties": {
        "weight": 1.0,
        "id": 667396923,
        "hasDetails": true,
        "amenity": "pub",
        "address": "Calle La Vid kalea 8, Portugalete"
      },
      "geometry": {
        "type": "Point",
        "coordinates": [
          -3.0160577,
          43.3170288
        ]
      }
    },
    {
      "type": "Feature",
      "properties": {
        "weight": 1.0
      },
      "geometry": {
        "type": "Point",
        "coordinates": [
          -3.0225041,
          43.3170543
        ]
      }
    },
    {
      "type": "Feature",
      "properties": {
        "weight": 1.0,
        "id": 8041715187,
        "hasDetails": true,
        "name": "Conde",
        "amenity": "pub",
        "address": "Calle Consulado de Bilbao"
      },
      "geometry": {
        "type": "Point",
        "coordinates": [
          -2.9840099,
          43.3170898
        ]
      }
    },
    {
      "type": "Feature",
      "properties": {
        "weight": 1.0,
        "id": 8022746585,
        "hasDetails": true,
        "name": "Saper",
        "amenity": "pub",
        "outdoor_seating": "yes"
      },
      "geometry": {
        "type": "Point",
        "coordinates": [
          -3.0229851,
          43.3171398
        ]
      }
    },
    {
      "type": "Feature",
      "properties": {
        "weight": 1.0,
        "id": 4344783991,
        "hasDetails": true,
        "name": "Hiri-Berri",
        "amenity": "cafe",
        "address": "Calle Karl Marx kalea"
      },
      "geometry": {
        "type": "Point",
        "coordinates": [
          -2.9836017,
          43.3172532
        ]
      }
    },
    {
      "type": "Feature",
      "properties": {
        "weight": 1.0,
        "id": 8036527585,
        "hasDetails": true,
        "name": "Cervecera El Trenti",
        "amenity": "restaurant",
        "address": "Calle Consulado de Bilbao"
      },
      "geometry": {
        "type": "Point",
        "coordinates": [
          -2.9842525,
          43.3172564
        ]
      }
    },
    {
      "type": "Feature",
      "properties": {
        "weight": 1.0,
        "id": 4403919026,
        "hasDetails": true,
        "name": "Astileku Txokoa",
        "amenity": "restaurant",
        "outdoor_seating": "sidewalk"
      },
      "geometry": {
        "type": "Point",
        "coordinates": [
          -3.030011,
          43.3173155
        ]
      }
    },
    {
      "type": "Feature",
      "properties": {
        "weight": 1.0,
        "id": 13566766891,
        "hasDetails": true,
        "name": "Marrakech",
        "amenity": "cafe",
        "cuisine": "tea",
        "outdoor_seating": "yes"
      },
      "geometry": {
        "type": "Point",
        "coordinates": [
          -3.0232827,
          43.3174172
        ]
      }
    },
    {
      "type": "Feature",
      "properties": {
        "weight": 1.0,
        "id": 13904677160,
        "hasDetails": true,
        "name": "Venecia",
        "amenity": "cafe",
        "outdoor_seating": "sidewalk",
        "names": [
          "Venecia",
          "Bazkuna"
        ],
        "amenities": [
          "cafe",
          "pub"
        ]
      },
      "geometry": {
        "type": "Point",
        "coordinates": [
          -3.0222426,
          43.3174857
        ]
      }
    },
    {
      "type": "Feature",
      "properties": {
        "weight": 1.0
      },
      "geometry": {
        "type": "Point",
        "coordinates": [
          -3.0250377,
          43.3175225
        ]
      }
    },
    {
      "type": "Feature",
      "properties": {
        "weight": 1.0,
        "id": 6367795627,
        "hasDetails": true,
        "name": "SuperPollo2",
        "amenity": "fast_food",
        "cuisine": "chicken"
      },
      "geometry": {
        "type": "Point",
        "coordinates": [
          -2.973798,
          43.3175568
        ]
      }
    },
    {
      "type": "Feature",
      "properties": {
        "weight": 1.0,
        "id": 6367795759,
        "hasDetails": true,
        "name": "Cafeter\u00eda Garay kafetegia",
        "amenity": "cafe",
        "cuisine": "regional",
        "outdoor_seating": "yes"
      },
      "geometry": {
        "type": "Point",
        "coordinates": [
          -2.9734386,
          43.3175607
        ]
      }
    },
    {
      "type": "Feature",
      "properties": {
        "weight": 1.0,
        "id": 8036527685,
        "hasDetails": true,
        "name": "La Monta\u00f1a",
        "amenity": "pub",
        "address": "Calle Consulado de Bilbao"
      },
      "geometry": {
        "type": "Point",
        "coordinates": [
          -2.9844396,
          43.3176671
        ]
      }
    },
    {
      "type": "Feature",
      "properties": {
        "weight": 1.0,
        "id": 3756974180,
        "hasDetails": true,
        "name": "Mes\u00f3n Bilbao",
        "amenity": "pub",
        "outdoor_seating": "yes"
      },
      "geometry": {
        "type": "Point",
        "coordinates": [
          -3.0218003,
          43.3177475
        ]
      }
    },
    {
      "type": "Feature",
      "properties": {
        "weight": 1.0,
        "id": 3756967914,
        "hasDetails": true,
        "name": "Kiowa",
        "amenity": "pub",
        "outdoor_seating": "no"
      },
      "geometry": {
        "type": "Point",
        "coordinates": [
          -3.0223307,
          43.3177532
        ]
      }
    },
    {
      "type": "Feature",
      "properties": {
        "weight": 1.0,
        "id": 13589447140,
        "hasDetails": true,
        "name": "Ruiz",
        "amenity": "pub",
        "outdoor_seating": "yes"
      },
      "geometry": {
        "type": "Point",
        "coordinates": [
          -3.02203,
          43.3177757
        ]
      }
    },
    {
      "type": "Feature",
      "properties": {
        "weight": 1.0,
        "id": 3756974176,
        "hasDetails": true,
        "name": "El Bodeg\u00f3n",
        "amenity": "pub",
        "outdoor_seating": "sidewalk",
        "names": [
          "El Bodeg\u00f3n",
          "Cant\u00e1brico"
        ]
      },
      "geometry": {
        "type": "Point",
        "coordinates": [
          -3.0219381,
          43.3178678
        ]
      }
    },
    {
      "type": "Feature",
      "properties": {
        "weight": 1.0,
        "id": 3756967915,
        "hasDetails": true,
        "name": "Roke Deuna",
        "amenity": "pub",
        "outdoor_seating": "sidewalk"
      },
      "geometry": {
        "type": "Point",
        "coordinates": [
          -3.0222292,
          43.3179004
        ]
      }
    },
    {
      "type": "Feature",
      "properties": {
        "weight": 1.0,
        "id": 13539105867,
        "hasDetails": true,
        "name": "Aira",
        "amenity": "pub",
        "outdoor_seating": "yes"
      },
      "geometry": {
        "type": "Point",
        "coordinates": [
          -3.0229976,
          43.3179228
        ]
      }
    },
    {
      "type": "Feature",
      "properties": {
        "weight": 1.0,
        "id": 9397095489,
        "hasDetails": true,
        "name": "Aldatza",
        "amenity": "pub",
        "address": "Calle Jos\u00e9 Zaldua kalea 2",
        "outdoor_seating": "pedestrian_zone"
      },
      "geometry": {
        "type": "Point",
        "coordinates": [
          -3.022431,
          43.3182091
        ]
      }
    },
    {
      "type": "Feature",
      "properties": {
        "weight": 1.0,
        "id": 4398562827,
        "hasDetails": true,
        "name": "Kaia",
        "amenity": "bar",
        "address": "Portugalete",
        "outdoor_seating": "yes"
      },
      "geometry": {
        "type": "Point",
        "coordinates": [
          -3.0211638,
          43.3183259
        ]
      }
    },
    {
      "type": "Feature",
      "properties": {
        "weight": 1.0,
        "id": 13273027152,
        "hasDetails": true,
        "name": "Bar Ferry",
        "amenity": "bar",
        "outdoor_seating": "yes"
      },
      "geometry": {
        "type": "Point",
        "coordinates": [
          -3.0230149,
          43.3183486
        ]
      }
    },
    {
      "type": "Feature",
      "properties": {
        "weight": 1.0,
        "id": 4398546986,
        "hasDetails": true,
        "name": "Trigo",
        "amenity": "pub",
        "address": "Calle Jos\u00e9 Zaldua kalea, Portugalete"
      },
      "geometry": {
        "type": "Point",
        "coordinates": [
          -3.0277862,
          43.3185071
        ]
      }
    },
    {
      "type": "Feature",
      "properties": {
        "weight": 1.0,
        "id": 13623771260,
        "hasDetails": true,
        "name": "Degustaci\u00f3n Ezkerra",
        "amenity": "bar",
        "outdoor_seating": "yes"
      },
      "geometry": {
        "type": "Point",
        "coordinates": [
          -3.0228474,
          43.3186202
        ]
      }
    },
    {
      "type": "Feature",
      "properties": {
        "weight": 1.0,
        "id": 323444330,
        "hasDetails": true,
        "name": "Restaurante Artebakarra",
        "amenity": "restaurant",
        "cuisine": "regional",
        "address": "17, Derio",
        "website": "https://www.restauranteartebakarra.es",
        "opening_hours": "Mo,We 10:00-17:00; Th 10:00-23:00; Fr,Sa 10:00-23:30; Su 11:00-18:00"
      },
      "geometry": {
        "type": "Point",
        "coordinates": [
          -2.8772154,
          43.3186588
        ]
      }
    },
    {
      "type": "Feature",
      "properties": {
        "weight": 1.0,
        "id": 583756354,
        "hasDetails": true,
        "name": "Burger King",
        "amenity": "fast_food",
        "cuisine": "burger",
        "outdoor_seating": "yes"
      },
      "geometry": {
        "type": "Point",
        "coordinates": [
          -2.9746312,
          43.3187051
        ]
      }
    },
    {
      "type": "Feature",
      "properties": {
        "weight": 1.0,
        "id": 13537523084,
        "hasDetails": true,
        "name": "Pisco Per\u00fa",
        "amenity": "pub",
        "outdoor_seating": "no"
      },
      "geometry": {
        "type": "Point",
        "coordinates": [
          -3.022395,
          43.318726
        ]
      }
    },
    {
      "type": "Feature",
      "properties": {
        "weight": 1.0,
        "id": 11907751924,
        "hasDetails": true,
        "name": "La Caba\u00f1a del T\u00edo Tom",
        "amenity": "pub",
        "address": "Portugalete"
      },
      "geometry": {
        "type": "Point",
        "coordinates": [
          -3.0279411,
          43.3187287
        ]
      }
    },
    {
      "type": "Feature",
      "properties": {
        "weight": 1.0,
        "id": 13546881900,
        "hasDetails": true,
        "name": "Caf\u00e9 Bar Mar",
        "amenity": "pub",
        "outdoor_seating": "yes"
      },
      "geometry": {
        "type": "Point",
        "coordinates": [
          -3.0202763,
          43.318741
        ]
      }
    },
    {
      "type": "Feature",
      "properties": {
        "weight": 1.0,
        "id": 11234521979,
        "hasDetails": true,
        "name": "Telepizza",
        "amenity": "fast_food",
        "cuisine": "pizza",
        "address": "Calle Araba kalea 5, Portugalete",
        "website": "https://telepizza.es/",
        "outdoor_seating": "no"
      },
      "geometry": {
        "type": "Point",
        "coordinates": [
          -3.020832,
          43.318843
        ]
      }
    },
    {
      "type": "Feature",
      "properties": {
        "weight": 1.0,
        "id": 13537528827,
        "hasDetails": true,
        "name": "Kaixo Portu",
        "amenity": "pub",
        "outdoor_seating": "sidewalk"
      },
      "geometry": {
        "type": "Point",
        "coordinates": [
          -3.0221501,
          43.3188534
        ]
      }
    },
    {
      "type": "Feature",
      "properties": {
        "weight": 1.0,
        "id": 13537521974,
        "hasDetails": true,
        "name": "El Caser\u00edo",
        "amenity": "pub",
        "outdoor_seating": "yes"
      },
      "geometry": {
        "type": "Point",
        "coordinates": [
          -3.019496,
          43.3188973
        ]
      }
    },
    {
      "type": "Feature",
      "properties": {
        "weight": 1.0,
        "id": 13546865475,
        "hasDetails": true,
        "name": "Txangurro",
        "amenity": "pub",
        "outdoor_seating": "sidewalk"
      },
      "geometry": {
        "type": "Point",
        "coordinates": [
          -3.0196596,
          43.3189435
        ]
      }
    },
    {
      "type": "Feature",
      "properties": {
        "weight": 1.0,
        "id": 5102951928,
        "hasDetails": true,
        "name": "Covery",
        "amenity": "pub",
        "outdoor_seating": "yes"
      },
      "geometry": {
        "type": "Point",
        "coordinates": [
          -3.0192391,
          43.3190415
        ]
      }
    },
    {
      "type": "Feature",
      "properties": {
        "weight": 1.0
      },
      "geometry": {
        "type": "Point",
        "coordinates": [
          -2.9902137,
          43.3191574
        ]
      }
    },
    {
      "type": "Feature",
      "properties": {
        "weight": 1.0
      },
      "geometry": {
        "type": "Point",
        "coordinates": [
          -3.0183131,
          43.3192032
        ]
      }
    },
    {
      "type": "Feature",
      "properties": {
        "weight": 1.0,
        "id": 13546030403,
        "hasDetails": true,
        "name": "Sopelana",
        "amenity": "cafe",
        "outdoor_seating": "yes",
        "names": [
          "Sopelana",
          "Urduliz"
        ],
        "amenities": [
          "cafe",
          "pub"
        ]
      },
      "geometry": {
        "type": "Point",
        "coordinates": [
          -3.019668,
          43.3193144
        ]
      }
    },
    {
      "type": "Feature",
      "properties": {
        "weight": 1.0
      },
      "geometry": {
        "type": "Point",
        "coordinates": [
          -2.9937497,
          43.3193793
        ]
      }
    },
    {
      "type": "Feature",
      "properties": {
        "weight": 1.0,
        "id": 13546044343,
        "hasDetails": true,
        "name": "Min's",
        "amenity": "pub",
        "outdoor_seating": "yes"
      },
      "geometry": {
        "type": "Point",
        "coordinates": [
          -3.0197123,
          43.3194244
        ]
      }
    },
    {
      "type": "Feature",
      "properties": {
        "weight": 1.0,
        "id": 13546027064,
        "hasDetails": true,
        "name": "Pika Pollo",
        "amenity": "fast_food",
        "cuisine": "chicken",
        "outdoor_seating": "no"
      },
      "geometry": {
        "type": "Point",
        "coordinates": [
          -3.0199564,
          43.3195357
        ]
      }
    },
    {
      "type": "Feature",
      "properties": {
        "weight": 1.0,
        "id": 13546051385,
        "hasDetails": true,
        "name": "Elorrio",
        "amenity": "pub",
        "outdoor_seating": "yes",
        "names": [
          "Elorrio",
          "Jockey"
        ]
      },
      "geometry": {
        "type": "Point",
        "coordinates": [
          -3.0204991,
          43.3195724
        ]
      }
    },
    {
      "type": "Feature",
      "properties": {
        "weight": 1.0,
        "id": 11234521980,
        "hasDetails": true,
        "name": "Domino's",
        "amenity": "fast_food",
        "cuisine": "pizza",
        "address": "Avenida Carlos VII 7, Portugalete",
        "website": "https://dominospizza.es/",
        "opening_hours": "Mo-Su 13:00-00:00",
        "outdoor_seating": "no"
      },
      "geometry": {
        "type": "Point",
        "coordinates": [
          -3.0209088,
          43.3196114
        ]
      }
    },
    {
      "type": "Feature",
      "properties": {
        "weight": 1.0
      },
      "geometry": {
        "type": "Point",
        "coordinates": [
          -2.9945851,
          43.3196167
        ]
      }
    },
    {
      "type": "Feature",
      "properties": {
        "weight": 1.0,
        "id": 13539922006,
        "hasDetails": true,
        "name": "Unai",
        "amenity": "restaurant",
        "outdoor_seating": "sidewalk"
      },
      "geometry": {
        "type": "Point",
        "coordinates": [
          -3.0201954,
          43.3196526
        ]
      }
    },
    {
      "type": "Feature",
      "properties": {
        "weight": 1.0
      },
      "geometry": {
        "type": "Point",
        "coordinates": [
          -2.9891024,
          43.3196674
        ]
      }
    },
    {
      "type": "Feature",
      "properties": {
        "weight": 1.0
      },
      "geometry": {
        "type": "Point",
        "coordinates": [
          -3.0260508,
          43.3196785
        ]
      }
    },
    {
      "type": "Feature",
      "properties": {
        "weight": 1.0,
        "id": 13630276140,
        "hasDetails": true,
        "name": "Merinat",
        "amenity": "pub",
        "outdoor_seating": "yes"
      },
      "geometry": {
        "type": "Point",
        "coordinates": [
          -3.0190946,
          43.3197211
        ]
      }
    },
    {
      "type": "Feature",
      "properties": {
        "weight": 1.0,
        "id": 4557301248,
        "hasDetails": true,
        "name": "Adriatik",
        "amenity": "bar",
        "address": "Avenida Sabino Arana 16, Leioa"
      },
      "geometry": {
        "type": "Point",
        "coordinates": [
          -2.9886977,
          43.3198552
        ]
      }
    },
    {
      "type": "Feature",
      "properties": {
        "weight": 1.0
      },
      "geometry": {
        "type": "Point",
        "coordinates": [
          -3.0187346,
          43.3199187
        ]
      }
    },
    {
      "type": "Feature",
      "properties": {
        "weight": 1.0,
        "id": 13539919910,
        "hasDetails": true,
        "name": "Kai Zaharra",
        "amenity": "pub",
        "outdoor_seating": "sidewalk"
      },
      "geometry": {
        "type": "Point",
        "coordinates": [
          -3.0160877,
          43.319955
        ]
      }
    },
    {
      "type": "Feature",
      "properties": {
        "weight": 1.0,
        "id": 1954544168,
        "hasDetails": true,
        "name": "Sidrer\u00eda Amaike",
        "amenity": "restaurant",
        "cuisine": "regional"
      },
      "geometry": {
        "type": "Point",
        "coordinates": [
          -3.0315265,
          43.3200132
        ]
      }
    },
    {
      "type": "Feature",
      "properties": {
        "weight": 1.0,
        "id": 13630288830,
        "hasDetails": true,
        "name": "Victor",
        "amenity": "pub",
        "outdoor_seating": "yes"
      },
      "geometry": {
        "type": "Point",
        "coordinates": [
          -3.0189854,
          43.3200148
        ]
      }
    },
    {
      "type": "Feature",
      "properties": {
        "weight": 1.0,
        "id": 13589338972,
        "hasDetails": true,
        "name": "Hamabost",
        "amenity": "pub",
        "outdoor_seating": "yes"
      },
      "geometry": {
        "type": "Point",
        "coordinates": [
          -3.0191614,
          43.3201009
        ]
      }
    },
    {
      "type": "Feature",
      "properties": {
        "weight": 1.0,
        "id": 13630285767,
        "hasDetails": true,
        "name": "Bar Mika",
        "amenity": "pub",
        "outdoor_seating": "yes"
      },
      "geometry": {
        "type": "Point",
        "coordinates": [
          -3.0180012,
          43.3201147
        ]
      }
    },
    {
      "type": "Feature",
      "properties": {
        "weight": 1.0
      },
      "geometry": {
        "type": "Point",
        "coordinates": [
          -2.9881765,
          43.3201702
        ]
      }
    },
    {
      "type": "Feature",
      "properties": {
        "weight": 1.0,
        "id": 4398604873,
        "hasDetails": true,
        "name": "El Faro",
        "amenity": "pub",
        "address": "Portugalete",
        "names": [
          "El Faro",
          "La Terraza"
        ]
      },
      "geometry": {
        "type": "Point",
        "coordinates": [
          -3.0189341,
          43.3201762
        ]
      }
    },
    {
      "type": "Feature",
      "properties": {
        "weight": 1.0,
        "id": 3754184092,
        "hasDetails": true,
        "name": "Maribel Berria",
        "amenity": "pub",
        "address": "Calle Camino de los Hoyos, Portugalete"
      },
      "geometry": {
        "type": "Point",
        "coordinates": [
          -3.0316457,
          43.3201917
        ]
      }
    },
    {
      "type": "Feature",
      "properties": {
        "weight": 1.0
      },
      "geometry": {
        "type": "Point",
        "coordinates": [
          -3.0194879,
          43.320201
        ]
      }
    },
    {
      "type": "Feature",
      "properties": {
        "weight": 1.0,
        "id": 4398556211,
        "hasDetails": true,
        "name": "La Canilla",
        "amenity": "pub",
        "outdoor_seating": "yes"
      },
      "geometry": {
        "type": "Point",
        "coordinates": [
          -3.0163339,
          43.3202032
        ]
      }
    },
    {
      "type": "Feature",
      "properties": {
        "weight": 1.0
      },
      "geometry": {
        "type": "Point",
        "coordinates": [
          -2.986499,
          43.3202602
        ]
      }
    },
    {
      "type": "Feature",
      "properties": {
        "weight": 1.0
      },
      "geometry": {
        "type": "Point",
        "coordinates": [
          -3.0196596,
          43.3202891
        ]
      }
    },
    {
      "type": "Feature",
      "properties": {
        "weight": 1.0
      },
      "geometry": {
        "type": "Point",
        "coordinates": [
          -2.9961604,
          43.3203016
        ]
      }
    },
    {
      "type": "Feature",
      "properties": {
        "weight": 1.0,
        "id": 4398562837,
        "hasDetails": true,
        "name": "Akelarre",
        "amenity": "pub",
        "address": "Calle Manuel Calvo, Portugalete",
        "outdoor_seating": "yes"
      },
      "geometry": {
        "type": "Point",
        "coordinates": [
          -3.0165613,
          43.3203316
        ]
      }
    },
    {
      "type": "Feature",
      "properties": {
        "weight": 1.0
      },
      "geometry": {
        "type": "Point",
        "coordinates": [
          -3.0182897,
          43.3203384
        ]
      }
    },
    {
      "type": "Feature",
      "properties": {
        "weight": 1.0
      },
      "geometry": {
        "type": "Point",
        "coordinates": [
          -3.0221473,
          43.3203432
        ]
      }
    },
    {
      "type": "Feature",
      "properties": {
        "weight": 1.0,
        "id": 13624142039,
        "hasDetails": true,
        "name": "Akelarre",
        "amenity": "pub",
        "address": "Calle Manuel Calvo kalea, Portugalete",
        "outdoor_seating": "yes"
      },
      "geometry": {
        "type": "Point",
        "coordinates": [
          -3.0167337,
          43.3204617
        ]
      }
    },
    {
      "type": "Feature",
      "properties": {
        "weight": 1.0
      },
      "geometry": {
        "type": "Point",
        "coordinates": [
          -3.0184463,
          43.3205185
        ]
      }
    },
    {
      "type": "Feature",
      "properties": {
        "weight": 1.0,
        "id": 4398562838,
        "hasDetails": true,
        "name": "Siglo XX",
        "amenity": "pub",
        "outdoor_seating": "pedestrian_zone"
      },
      "geometry": {
        "type": "Point",
        "coordinates": [
          -3.0168912,
          43.3205243
        ]
      }
    },
    {
      "type": "Feature",
      "properties": {
        "weight": 1.0
      },
      "geometry": {
        "type": "Point",
        "coordinates": [
          -3.022353,
          43.3205849
        ]
      }
    },
    {
      "type": "Feature",
      "properties": {
        "weight": 1.0
      },
      "geometry": {
        "type": "Point",
        "coordinates": [
          -3.017002,
          43.3206333
        ]
      }
    },
    {
      "type": "Feature",
      "properties": {
        "weight": 1.0,
        "id": 5102694238,
        "hasDetails": true,
        "name": "Hogar Hosteler\u00eda Igone",
        "amenity": "restaurant",
        "address": "Calle Gipuzkoa, Portugalete"
      },
      "geometry": {
        "type": "Point",
        "coordinates": [
          -3.022551,
          43.3206617
        ]
      }
    },
    {
      "type": "Feature",
      "properties": {
        "weight": 1.0,
        "id": 11978279469,
        "hasDetails": true,
        "name": "El Hule",
        "amenity": "restaurant",
        "outdoor_seating": "no"
      },
      "geometry": {
        "type": "Point",
        "coordinates": [
          -3.0177386,
          43.3206792
        ]
      }
    },
    {
      "type": "Feature",
      "properties": {
        "weight": 1.0,
        "id": 1624686445,
        "hasDetails": true,
        "name": "Rovira",
        "amenity": "cafe",
        "outdoor_seating": "yes"
      },
      "geometry": {
        "type": "Point",
        "coordinates": [
          -3.0169535,
          43.320794
        ]
      }
    },
    {
      "type": "Feature",
      "properties": {
        "weight": 1.0
      },
      "geometry": {
        "type": "Point",
        "coordinates": [
          -2.9875481,
          43.3208931
        ]
      }
    },
    {
      "type": "Feature",
      "properties": {
        "weight": 1.0
      },
      "geometry": {
        "type": "Point",
        "coordinates": [
          -3.0185833,
          43.3209385
        ]
      }
    },
    {
      "type": "Feature",
      "properties": {
        "weight": 1.0
      },
      "geometry": {
        "type": "Point",
        "coordinates": [
          -3.024001,
          43.3209738
        ]
      }
    },
    {
      "type": "Feature",
      "properties": {
        "weight": 1.0
      },
      "geometry": {
        "type": "Point",
        "coordinates": [
          -2.9873511,
          43.3210015
        ]
      }
    },
    {
      "type": "Feature",
      "properties": {
        "weight": 1.0
      },
      "geometry": {
        "type": "Point",
        "coordinates": [
          -3.0087662,
          43.3210687
        ]
      }
    },
    {
      "type": "Feature",
      "properties": {
        "weight": 1.0
      },
      "geometry": {
        "type": "Point",
        "coordinates": [
          -3.0343066,
          43.3212011
        ]
      }
    },
    {
      "type": "Feature",
      "properties": {
        "weight": 1.0,
        "id": 4943575952,
        "hasDetails": true,
        "name": "Bar Vinillos",
        "amenity": "pub",
        "address": "Koskojales kalea 6, Portugalete"
      },
      "geometry": {
        "type": "Point",
        "coordinates": [
          -3.0180116,
          43.3212745
        ]
      }
    },
    {
      "type": "Feature",
      "properties": {
        "weight": 1.0
      },
      "geometry": {
        "type": "Point",
        "coordinates": [
          -3.0348181,
          43.3213405
        ]
      }
    },
    {
      "type": "Feature",
      "properties": {
        "weight": 1.0
      },
      "geometry": {
        "type": "Point",
        "coordinates": [
          -3.0177194,
          43.3213474
        ]
      }
    },
    {
      "type": "Feature",
      "properties": {
        "weight": 1.0
      },
      "geometry": {
        "type": "Point",
        "coordinates": [
          -3.0203868,
          43.3213775
        ]
      }
    },
    {
      "type": "Feature",
      "properties": {
        "weight": 1.0
      },
      "geometry": {
        "type": "Point",
        "coordinates": [
          -3.0356546,
          43.3213839
        ]
      }
    },
    {
      "type": "Feature",
      "properties": {
        "weight": 1.0,
        "id": 3756926280,
        "hasDetails": true,
        "name": "Batzoki",
        "amenity": "bar",
        "outdoor_seating": "yes"
      },
      "geometry": {
        "type": "Point",
        "coordinates": [
          -3.018235,
          43.3214243
        ]
      }
    },
    {
      "type": "Feature",
      "properties": {
        "weight": 1.0
      },
      "geometry": {
        "type": "Point",
        "coordinates": [
          -3.0353963,
          43.3214315
        ]
      }
    },
    {
      "type": "Feature",
      "properties": {
        "weight": 1.0,
        "id": 4564887867,
        "hasDetails": true,
        "name": "Leioako erretegia",
        "amenity": "fast_food",
        "cuisine": "chicken"
      },
      "geometry": {
        "type": "Point",
        "coordinates": [
          -2.9863395,
          43.3214443
        ]
      }
    },
    {
      "type": "Feature",
      "properties": {
        "weight": 1.0
      },
      "geometry": {
        "type": "Point",
        "coordinates": [
          -3.0200409,
          43.3214569
        ]
      }
    },
    {
      "type": "Feature",
      "properties": {
        "weight": 1.0
      },
      "geometry": {
        "type": "Point",
        "coordinates": [
          -3.0351814,
          43.3214943
        ]
      }
    },
    {
      "type": "Feature",
      "properties": {
        "weight": 1.0,
        "id": 4940337797,
        "hasDetails": true,
        "name": "Txiki",
        "amenity": "bar",
        "outdoor_seating": "sidewalk"
      },
      "geometry": {
        "type": "Point",
        "coordinates": [
          -3.0174858,
          43.3215347
        ]
      }
    },
    {
      "type": "Feature",
      "properties": {
        "weight": 1.0
      },
      "geometry": {
        "type": "Point",
        "coordinates": [
          -3.0195811,
          43.3215862
        ]
      }
    },
    {
      "type": "Feature",
      "properties": {
        "weight": 1.0
      },
      "geometry": {
        "type": "Point",
        "coordinates": [
          -3.0026436,
          43.3217463
        ]
      }
    },
    {
      "type": "Feature",
      "properties": {
        "weight": 1.0
      },
      "geometry": {
        "type": "Point",
        "coordinates": [
          -3.0099223,
          43.3217577
        ]
      }
    },
    {
      "type": "Feature",
      "properties": {
        "weight": 1.0
      },
      "geometry": {
        "type": "Point",
        "coordinates": [
          -2.9860725,
          43.3217887
        ]
      }
    },
    {
      "type": "Feature",
      "properties": {
        "weight": 1.0,
        "id": 5102778615,
        "hasDetails": true,
        "name": "La Selecta",
        "amenity": "bar",
        "outdoor_seating": "yes"
      },
      "geometry": {
        "type": "Point",
        "coordinates": [
          -3.017698,
          43.3217962
        ]
      }
    },
    {
      "type": "Feature",
      "properties": {
        "weight": 1.0,
        "id": 5102787548,
        "hasDetails": true,
        "name": "Portu Doner Kebab",
        "amenity": "fast_food",
        "cuisine": "kebab",
        "address": "Calle General Casta\u00f1os, Portugalete"
      },
      "geometry": {
        "type": "Point",
        "coordinates": [
          -3.0232795,
          43.3218544
        ]
      }
    },
    {
      "type": "Feature",
      "properties": {
        "weight": 1.0
      },
      "geometry": {
        "type": "Point",
        "coordinates": [
          -3.0181053,
          43.3218729
        ]
      }
    },
    {
      "type": "Feature",
      "properties": {
        "weight": 1.0,
        "id": 5102778618,
        "hasDetails": true,
        "amenity": "bar",
        "outdoor_seating": "yes"
      },
      "geometry": {
        "type": "Point",
        "coordinates": [
          -3.0173945,
          43.3219251
        ]
      }
    },
    {
      "type": "Feature",
      "properties": {
        "weight": 1.0,
        "id": 4492619211,
        "hasDetails": true,
        "name": "La Alacena",
        "amenity": "cafe",
        "cuisine": "regional",
        "names": [
          "La Alacena",
          "Geltoki"
        ],
        "amenities": [
          "cafe",
          "pub"
        ]
      },
      "geometry": {
        "type": "Point",
        "coordinates": [
          -3.0011743,
          43.3220358
        ]
      }
    },
    {
      "type": "Feature",
      "properties": {
        "weight": 1.0,
        "id": 13738548318,
        "hasDetails": true,
        "name": "Sky",
        "amenity": "cafe",
        "cuisine": "coffee_shop",
        "address": "Portugalete"
      },
      "geometry": {
        "type": "Point",
        "coordinates": [
          -3.0222942,
          43.3220802
        ]
      }
    },
    {
      "type": "Feature",
      "properties": {
        "weight": 1.0,
        "id": 4582696866,
        "hasDetails": true,
        "name": "Tom\u00e9",
        "amenity": "pub",
        "address": "Calle Ortu\u00f1o de Alango, Portugalete"
      },
      "geometry": {
        "type": "Point",
        "coordinates": [
          -3.0220852,
          43.3220955
        ]
      }
    },
    {
      "type": "Feature",
      "properties": {
        "weight": 1.0,
        "id": 4492619215,
        "hasDetails": true,
        "name": "Goyo",
        "amenity": "pub",
        "address": "Langileria kalea, Leioa"
      },
      "geometry": {
        "type": "Point",
        "coordinates": [
          -3.0017134,
          43.3221243
        ]
      }
    },
    {
      "type": "Feature",
      "properties": {
        "weight": 1.0
      },
      "geometry": {
        "type": "Point",
        "coordinates": [
          -3.0222088,
          43.3221546
        ]
      }
    },
    {
      "type": "Feature",
      "properties": {
        "weight": 1.0,
        "id": 10557482672,
        "hasDetails": true,
        "name": "Elight Sushi&Poke",
        "amenity": "restaurant",
        "cuisine": "sushi"
      },
      "geometry": {
        "type": "Point",
        "coordinates": [
          -2.9871867,
          43.322246
        ]
      }
    },
    {
      "type": "Feature",
      "properties": {
        "weight": 1.0
      },
      "geometry": {
        "type": "Point",
        "coordinates": [
          -3.0146824,
          43.3223225
        ]
      }
    },
    {
      "type": "Feature",
      "properties": {
        "weight": 1.0,
        "id": 3754371552,
        "hasDetails": true,
        "name": "Caf\u00e9 Bar Jennifer",
        "amenity": "cafe",
        "address": "Calle Ortu\u00f1o de Alango"
      },
      "geometry": {
        "type": "Point",
        "coordinates": [
          -3.0228902,
          43.3223438
        ]
      }
    },
    {
      "type": "Feature",
      "properties": {
        "weight": 1.0
      },
      "geometry": {
        "type": "Point",
        "coordinates": [
          -3.0179945,
          43.322355
        ]
      }
    },
    {
      "type": "Feature",
      "properties": {
        "weight": 1.0
      },
      "geometry": {
        "type": "Point",
        "coordinates": [
          -2.985004,
          43.3224005
        ]
      }
    },
    {
      "type": "Feature",
      "properties": {
        "weight": 1.0
      },
      "geometry": {
        "type": "Point",
        "coordinates": [
          -3.0276652,
          43.3224362
        ]
      }
    },
    {
      "type": "Feature",
      "properties": {
        "weight": 1.0
      },
      "geometry": {
        "type": "Point",
        "coordinates": [
          -2.9845054,
          43.3224761
        ]
      }
    },
    {
      "type": "Feature",
      "properties": {
        "weight": 1.0,
        "id": 1954544169,
        "hasDetails": true,
        "name": "El Ka\u00f1onazo",
        "amenity": "restaurant",
        "cuisine": "regional"
      },
      "geometry": {
        "type": "Point",
        "coordinates": [
          -3.0355968,
          43.3224844
        ]
      }
    },
    {
      "type": "Feature",
      "properties": {
        "weight": 1.0
      },
      "geometry": {
        "type": "Point",
        "coordinates": [
          -3.0200494,
          43.3225181
        ]
      }
    },
    {
      "type": "Feature",
      "properties": {
        "weight": 1.0
      },
      "geometry": {
        "type": "Point",
        "coordinates": [
          -2.9841715,
          43.3226222
        ]
      }
    },
    {
      "type": "Feature",
      "properties": {
        "weight": 1.0
      },
      "geometry": {
        "type": "Point",
        "coordinates": [
          -2.986521,
          43.3226602
        ]
      }
    },
    {
      "type": "Feature",
      "properties": {
        "weight": 1.0,
        "id": 8759814275,
        "hasDetails": true,
        "name": "Oishi Sushi",
        "amenity": "restaurant",
        "cuisine": "asian;sushi",
        "address": "Plaza Ibaiondo 1, Leioa",
        "website": "https://www.oishibilbao.com/"
      },
      "geometry": {
        "type": "Point",
        "coordinates": [
          -3.0087614,
          43.3226671
        ]
      }
    },
    {
      "type": "Feature",
      "properties": {
        "weight": 1.0,
        "id": 3756952767,
        "hasDetails": true,
        "name": "Caf\u00e9 Bambata",
        "amenity": "fast_food",
        "cuisine": "kebab",
        "address": "Calle Alberto Palacio, Portugalete"
      },
      "geometry": {
        "type": "Point",
        "coordinates": [
          -3.0213831,
          43.3226983
        ]
      }
    },
    {
      "type": "Feature",
      "properties": {
        "weight": 1.0,
        "id": 5102693949,
        "hasDetails": true,
        "name": "Nervi\u00f3n",
        "amenity": "cafe",
        "address": "Portugalete"
      },
      "geometry": {
        "type": "Point",
        "coordinates": [
          -3.0185819,
          43.3227092
        ]
      }
    },
    {
      "type": "Feature",
      "properties": {
        "weight": 1.0,
        "id": 1055941435,
        "hasDetails": true,
        "name": "Volant\u00edn",
        "amenity": "cafe",
        "cuisine": "coffee_shop",
        "address": "Calle Crist\u00f3bal Mello, Portugalete"
      },
      "geometry": {
        "type": "Point",
        "coordinates": [
          -3.0187085,
          43.322728
        ]
      }
    },
    {
      "type": "Feature",
      "properties": {
        "weight": 1.0
      },
      "geometry": {
        "type": "Point",
        "coordinates": [
          -3.018164,
          43.3227376
        ]
      }
    },
    {
      "type": "Feature",
      "properties": {
        "weight": 1.0,
        "id": 5102693946,
        "hasDetails": true,
        "name": "Zubi-Ondo",
        "amenity": "cafe",
        "address": "Portugalete"
      },
      "geometry": {
        "type": "Point",
        "coordinates": [
          -3.0183717,
          43.3227401
        ]
      }
    },
    {
      "type": "Feature",
      "properties": {
        "weight": 1.0,
        "id": 3756952768,
        "hasDetails": true,
        "name": "Pollos Asados Txema",
        "amenity": "fast_food",
        "cuisine": "chicken",
        "opening_hours": "Tu 10:00-15:30; We 10:00-16:00; Th 10:00-15:00; Fr 10:00-15:30, 19:30-22:00; Sa 10:00-15:30, 19:30-22:00; Su 10:00-16:00"
      },
      "geometry": {
        "type": "Point",
        "coordinates": [
          -3.021244,
          43.3227999
        ]
      }
    },
    {
      "type": "Feature",
      "properties": {
        "weight": 1.0,
        "id": 5913659285,
        "hasDetails": true,
        "name": "Jaque",
        "amenity": "cafe",
        "address": "Portugalete"
      },
      "geometry": {
        "type": "Point",
        "coordinates": [
          -3.0186906,
          43.3228544
        ]
      }
    },
    {
      "type": "Feature",
      "properties": {
        "weight": 1.0
      },
      "geometry": {
        "type": "Point",
        "coordinates": [
          -3.0268236,
          43.3229049
        ]
      }
    },
    {
      "type": "Feature",
      "properties": {
        "weight": 1.0,
        "id": 5102693951,
        "hasDetails": true,
        "name": "Travel",
        "amenity": "cafe",
        "address": "Portugalete"
      },
      "geometry": {
        "type": "Point",
        "coordinates": [
          -3.0188053,
          43.3229633
        ]
      }
    },
    {
      "type": "Feature",
      "properties": {
        "weight": 1.0
      },
      "geometry": {
        "type": "Point",
        "coordinates": [
          -3.0259538,
          43.3229718
        ]
      }
    },
    {
      "type": "Feature",
      "properties": {
        "weight": 1.0
      },
      "geometry": {
        "type": "Point",
        "coordinates": [
          -3.0195303,
          43.3230035
        ]
      }
    },
    {
      "type": "Feature",
      "properties": {
        "weight": 1.0
      },
      "geometry": {
        "type": "Point",
        "coordinates": [
          -3.0241415,
          43.3230319
        ]
      }
    },
    {
      "type": "Feature",
      "properties": {
        "weight": 1.0
      },
      "geometry": {
        "type": "Point",
        "coordinates": [
          -3.0242956,
          43.3230787
        ]
      }
    },
    {
      "type": "Feature",
      "properties": {
        "weight": 1.0
      },
      "geometry": {
        "type": "Point",
        "coordinates": [
          -2.9872171,
          43.323103
        ]
      }
    },
    {
      "type": "Feature",
      "properties": {
        "weight": 1.0,
        "id": 5102693947,
        "hasDetails": true,
        "name": "Garbatella",
        "amenity": "restaurant",
        "outdoor_seating": "no"
      },
      "geometry": {
        "type": "Point",
        "coordinates": [
          -3.0187315,
          43.3231353
        ]
      }
    },
    {
      "type": "Feature",
      "properties": {
        "weight": 1.0
      },
      "geometry": {
        "type": "Point",
        "coordinates": [
          -3.026403,
          43.323179
        ]
      }
    },
    {
      "type": "Feature",
      "properties": {
        "weight": 1.0
      },
      "geometry": {
        "type": "Point",
        "coordinates": [
          -2.9870147,
          43.3232713
        ]
      }
    },
    {
      "type": "Feature",
      "properties": {
        "weight": 1.0
      },
      "geometry": {
        "type": "Point",
        "coordinates": [
          -3.0157696,
          43.3233228
        ]
      }
    },
    {
      "type": "Feature",
      "properties": {
        "weight": 1.0,
        "id": 10012355949,
        "hasDetails": true,
        "name": "Cafeter\u00eda Mirador",
        "amenity": "cafe",
        "address": "Barrio Txorierri, Leioa - Lejona"
      },
      "geometry": {
        "type": "Point",
        "coordinates": [
          -2.9986007,
          43.3233998
        ]
      }
    },
    {
      "type": "Feature",
      "properties": {
        "weight": 1.0
      },
      "geometry": {
        "type": "Point",
        "coordinates": [
          -3.0297928,
          43.3234121
        ]
      }
    },
    {
      "type": "Feature",
      "properties": {
        "weight": 1.0
      },
      "geometry": {
        "type": "Point",
        "coordinates": [
          -3.0155888,
          43.3234558
        ]
      }
    },
    {
      "type": "Feature",
      "properties": {
        "weight": 1.0
      },
      "geometry": {
        "type": "Point",
        "coordinates": [
          -3.0246886,
          43.3234943
        ]
      }
    },
    {
      "type": "Feature",
      "properties": {
        "weight": 1.0,
        "id": 8765317181,
        "hasDetails": true,
        "name": "Aqu\u00ed Te Espero",
        "amenity": "pub",
        "address": "Calle General Casta\u00f1os 87, Portugalete",
        "opening_hours": "Mo, Tu 08:00-23:30; We, Th, Su 08:00-23:00; Fr, Sa 08:00-00:00"
      },
      "geometry": {
        "type": "Point",
        "coordinates": [
          -3.0271789,
          43.3235058
        ]
      }
    },
    {
      "type": "Feature",
      "properties": {
        "weight": 1.0
      },
      "geometry": {
        "type": "Point",
        "coordinates": [
          -3.0194059,
          43.3235162
        ]
      }
    },
    {
      "type": "Feature",
      "properties": {
        "weight": 1.0,
        "id": 10030335297,
        "hasDetails": true,
        "name": "Centro de Mayores",
        "amenity": "cafe",
        "outdoor_seating": "yes"
      },
      "geometry": {
        "type": "Point",
        "coordinates": [
          -2.9966587,
          43.3235227
        ]
      }
    },
    {
      "type": "Feature",
      "properties": {
        "weight": 1.0,
        "id": 11364272629,
        "hasDetails": true,
        "name": "Fratellos",
        "amenity": "fast_food",
        "cuisine": "pizza",
        "address": "Calle General Casta\u00f1os 66, Portugalete",
        "opening_hours": "Tu-We 18:30-22:30; Th 19:00-23:00; Fr 13:00-16:00,19:00-24:00; Sa 13:00-16:30,19:00-24:00; Su 13:00-16:00,19:00-23:00"
      },
      "geometry": {
        "type": "Point",
        "coordinates": [
          -3.0267591,
          43.323549
        ]
      }
    },
    {
      "type": "Feature",
      "properties": {
        "weight": 1.0,
        "id": 5172901565,
        "hasDetails": true,
        "name": "Sukam",
        "amenity": "restaurant",
        "website": "https://www.sukam.es/"
      },
      "geometry": {
        "type": "Point",
        "coordinates": [
          -3.0153775,
          43.3235652
        ]
      }
    },
    {
      "type": "Feature",
      "properties": {
        "weight": 1.0
      },
      "geometry": {
        "type": "Point",
        "coordinates": [
          -3.0298616,
          43.3235753
        ]
      }
    },
    {
      "type": "Feature",
      "properties": {
        "weight": 1.0,
        "id": 13649357956,
        "hasDetails": true,
        "name": "Punta Malabata",
        "amenity": "restaurant",
        "outdoor_seating": "no"
      },
      "geometry": {
        "type": "Point",
        "coordinates": [
          -3.0188623,
          43.3236288
        ]
      }
    },
    {
      "type": "Feature",
      "properties": {
        "weight": 1.0
      },
      "geometry": {
        "type": "Point",
        "coordinates": [
          -2.9873074,
          43.3236654
        ]
      }
    },
    {
      "type": "Feature",
      "properties": {
        "weight": 1.0
      },
      "geometry": {
        "type": "Point",
        "coordinates": [
          -2.9858158,
          43.3236734
        ]
      }
    },
    {
      "type": "Feature",
      "properties": {
        "weight": 1.0
      },
      "geometry": {
        "type": "Point",
        "coordinates": [
          -3.0297475,
          43.32374
        ]
      }
    },
    {
      "type": "Feature",
      "properties": {
        "weight": 1.0
      },
      "geometry": {
        "type": "Point",
        "coordinates": [
          -3.0251873,
          43.3237404
        ]
      }
    },
    {
      "type": "Feature",
      "properties": {
        "weight": 1.0,
        "id": 820450166,
        "hasDetails": true,
        "name": "Mendibile Jauregia",
        "amenity": "restaurant",
        "address": "Barrio Mendibile 42, Lejona - Leioa",
        "wikidata": "Q12263401"
      },
      "geometry": {
        "type": "Point",
        "coordinates": [
          -2.9801184,
          43.3238235
        ]
      }
    },
    {
      "type": "Feature",
      "properties": {
        "weight": 1.0,
        "id": 4398606648,
        "hasDetails": true,
        "name": "La Ola",
        "amenity": "cafe",
        "address": "Calle Hermanos Ubao 4, Portugalete",
        "opening_hours": "Mo-Th 08:30-23:00; Fr 08:30-00:00; Sa 10:00-23:30; Su 11:00-23:00",
        "outdoor_seating": "yes"
      },
      "geometry": {
        "type": "Point",
        "coordinates": [
          -3.0227768,
          43.3238521
        ]
      }
    },
    {
      "type": "Feature",
      "properties": {
        "weight": 1.0
      },
      "geometry": {
        "type": "Point",
        "coordinates": [
          -3.0196382,
          43.3238629
        ]
      }
    },
    {
      "type": "Feature",
      "properties": {
        "weight": 1.0
      },
      "geometry": {
        "type": "Point",
        "coordinates": [
          -3.030307,
          43.323929
        ]
      }
    },
    {
      "type": "Feature",
      "properties": {
        "weight": 1.0,
        "id": 8448533402,
        "hasDetails": true,
        "name": "Bergant\u00edn",
        "amenity": "cafe",
        "cuisine": "burger;sandwich",
        "outdoor_seating": "yes"
      },
      "geometry": {
        "type": "Point",
        "coordinates": [
          -3.0355563,
          43.3239823
        ]
      }
    },
    {
      "type": "Feature",
      "properties": {
        "weight": 1.0
      },
      "geometry": {
        "type": "Point",
        "coordinates": [
          -3.0154313,
          43.3240412
        ]
      }
    },
    {
      "type": "Feature",
      "properties": {
        "weight": 1.0
      },
      "geometry": {
        "type": "Point",
        "coordinates": [
          -3.0165018,
          43.3240737
        ]
      }
    },
    {
      "type": "Feature",
      "properties": {
        "weight": 1.0
      },
      "geometry": {
        "type": "Point",
        "coordinates": [
          -3.0141912,
          43.3241207
        ]
      }
    },
    {
      "type": "Feature",
      "properties": {
        "weight": 1.0,
        "id": 5172779324,
        "hasDetails": true,
        "name": "Caf\u00e9 R\u00edo",
        "amenity": "restaurant",
        "cuisine": "mexican"
      },
      "geometry": {
        "type": "Point",
        "coordinates": [
          -3.015516,
          43.3241219
        ]
      }
    },
    {
      "type": "Feature",
      "properties": {
        "weight": 1.0,
        "id": 5172778109,
        "hasDetails": true,
        "name": "Fugu Las Arenas",
        "amenity": "fast_food",
        "cuisine": "sushi",
        "website": "https://www.fugutakeaway.com/"
      },
      "geometry": {
        "type": "Point",
        "coordinates": [
          -3.01633,
          43.3241566
        ]
      }
    },
    {
      "type": "Feature",
      "properties": {
        "weight": 1.0
      },
      "geometry": {
        "type": "Point",
        "coordinates": [
          -3.0256567,
          43.3242198
        ]
      }
    },
    {
      "type": "Feature",
      "properties": {
        "weight": 1.0,
        "id": 10707282862,
        "hasDetails": true,
        "name": "Libano",
        "amenity": "cafe",
        "address": "Doctor Luis Bilbao Libano kalea 1, Leioa - Lejona",
        "outdoor_seating": "yes"
      },
      "geometry": {
        "type": "Point",
        "coordinates": [
          -2.98586,
          43.3242572
        ]
      }
    },
    {
      "type": "Feature",
      "properties": {
        "weight": 1.0,
        "id": 14108195045,
        "hasDetails": true,
        "amenity": "bar",
        "address": "Portugalete"
      },
      "geometry": {
        "type": "Point",
        "coordinates": [
          -3.0255478,
          43.3242715
        ]
      }
    },
    {
      "type": "Feature",
      "properties": {
        "weight": 1.0
      },
      "geometry": {
        "type": "Point",
        "coordinates": [
          -2.9871275,
          43.3242789
        ]
      }
    },
    {
      "type": "Feature",
      "properties": {
        "weight": 1.0
      },
      "geometry": {
        "type": "Point",
        "coordinates": [
          -3.0254077,
          43.3242902
        ]
      }
    },
    {
      "type": "Feature",
      "properties": {
        "weight": 1.0,
        "id": 8836517008,
        "hasDetails": true,
        "name": "Pulcinella",
        "amenity": "restaurant",
        "cuisine": "italian",
        "outdoor_seating": "no"
      },
      "geometry": {
        "type": "Point",
        "coordinates": [
          -3.0143986,
          43.324396
        ]
      }
    },
    {
      "type": "Feature",
      "properties": {
        "weight": 1.0,
        "id": 10707281178,
        "hasDetails": true,
        "name": "Sokaire",
        "amenity": "cafe",
        "address": "Luis Bilbao Libano kalea 4, Leioa - Lejona",
        "outdoor_seating": "yes"
      },
      "geometry": {
        "type": "Point",
        "coordinates": [
          -2.986135,
          43.3245703
        ]
      }
    },
    {
      "type": "Feature",
      "properties": {
        "weight": 1.0
      },
      "geometry": {
        "type": "Point",
        "coordinates": [
          -2.9833165,
          43.3245868
        ]
      }
    },
    {
      "type": "Feature",
      "properties": {
        "weight": 1.0,
        "id": 1128271466,
        "hasDetails": true,
        "name": "Domino's",
        "amenity": "fast_food",
        "cuisine": "pizza"
      },
      "geometry": {
        "type": "Point",
        "coordinates": [
          -3.0132728,
          43.3245915
        ]
      }
    },
    {
      "type": "Feature",
      "properties": {
        "weight": 1.0,
        "id": 6806340519,
        "hasDetails": true,
        "name": "Oh! Sushi",
        "amenity": "restaurant",
        "address": "Amistad kalea",
        "names": [
          "Oh! Sushi",
          "El Patio"
        ],
        "amenities": [
          "restaurant",
          "pub"
        ]
      },
      "geometry": {
        "type": "Point",
        "coordinates": [
          -3.0143136,
          43.3246159
        ]
      }
    },
    {
      "type": "Feature",
      "properties": {
        "weight": 1.0,
        "id": 3914974774,
        "hasDetails": true,
        "name": "La Dehesa",
        "amenity": "pub",
        "address": "Amistad kalea 4, Getxo",
        "names": [
          "La Dehesa",
          "Amistad"
        ]
      },
      "geometry": {
        "type": "Point",
        "coordinates": [
          -3.0140936,
          43.3246186
        ]
      }
    },
    {
      "type": "Feature",
      "properties": {
        "weight": 1.0,
        "id": 5913624986,
        "hasDetails": true,
        "name": "Uji",
        "amenity": "restaurant",
        "cuisine": "sushi"
      },
      "geometry": {
        "type": "Point",
        "coordinates": [
          -3.0148454,
          43.3246391
        ]
      }
    },
    {
      "type": "Feature",
      "properties": {
        "weight": 1.0
      },
      "geometry": {
        "type": "Point",
        "coordinates": [
          -3.0073659,
          43.3247004
        ]
      }
    },
    {
      "type": "Feature",
      "properties": {
        "weight": 1.0
      },
      "geometry": {
        "type": "Point",
        "coordinates": [
          -3.0080322,
          43.3247082
        ]
      }
    },
    {
      "type": "Feature",
      "properties": {
        "weight": 1.0
      },
      "geometry": {
        "type": "Point",
        "coordinates": [
          -2.9848123,
          43.3248139
        ]
      }
    },
    {
      "type": "Feature",
      "properties": {
        "weight": 1.0
      },
      "geometry": {
        "type": "Point",
        "coordinates": [
          -2.9874386,
          43.3248437
        ]
      }
    },
    {
      "type": "Feature",
      "properties": {
        "weight": 1.0
      },
      "geometry": {
        "type": "Point",
        "coordinates": [
          -3.0148725,
          43.3249183
        ]
      }
    },
    {
      "type": "Feature",
      "properties": {
        "weight": 1.0
      },
      "geometry": {
        "type": "Point",
        "coordinates": [
          -3.0069636,
          43.3250044
        ]
      }
    },
    {
      "type": "Feature",
      "properties": {
        "weight": 1.0,
        "id": 8812333434,
        "hasDetails": true,
        "name": "La Tagliatella",
        "amenity": "restaurant",
        "cuisine": "italian",
        "address": "Amistad kalea 9, Getxo",
        "website": "https://www.latagliatella.es/"
      },
      "geometry": {
        "type": "Point",
        "coordinates": [
          -3.0149796,
          43.3250391
        ]
      }
    },
    {
      "type": "Feature",
      "properties": {
        "weight": 1.0
      },
      "geometry": {
        "type": "Point",
        "coordinates": [
          -2.9852488,
          43.3251436
        ]
      }
    },
    {
      "type": "Feature",
      "properties": {
        "weight": 1.0
      },
      "geometry": {
        "type": "Point",
        "coordinates": [
          -2.9871527,
          43.3251783
        ]
      }
    },
    {
      "type": "Feature",
      "properties": {
        "weight": 1.0,
        "id": 7415396740,
        "hasDetails": true,
        "name": "El rinc\u00f3n de la reja",
        "amenity": "restaurant",
        "address": "Cordeleria kalea 2, Getxo"
      },
      "geometry": {
        "type": "Point",
        "coordinates": [
          -3.0146264,
          43.3252321
        ]
      }
    },
    {
      "type": "Feature",
      "properties": {
        "weight": 1.0,
        "id": 8836517007,
        "hasDetails": true,
        "name": "Aberasturi",
        "amenity": "ice_cream",
        "outdoor_seating": "no"
      },
      "geometry": {
        "type": "Point",
        "coordinates": [
          -3.0142355,
          43.3252452
        ]
      }
    },
    {
      "type": "Feature",
      "properties": {
        "weight": 1.0
      },
      "geometry": {
        "type": "Point",
        "coordinates": [
          -3.0105991,
          43.3253157
        ]
      }
    },
    {
      "type": "Feature",
      "properties": {
        "weight": 1.0
      },
      "geometry": {
        "type": "Point",
        "coordinates": [
          -3.0146325,
          43.3254443
        ]
      }
    },
    {
      "type": "Feature",
      "properties": {
        "weight": 1.0
      },
      "geometry": {
        "type": "Point",
        "coordinates": [
          -3.0144783,
          43.3255235
        ]
      }
    },
    {
      "type": "Feature",
      "properties": {
        "weight": 1.0
      },
      "geometry": {
        "type": "Point",
        "coordinates": [
          -3.0136874,
          43.3255605
        ]
      }
    },
    {
      "type": "Feature",
      "properties": {
        "weight": 1.0,
        "id": 8812333431,
        "hasDetails": true,
        "name": "Heidelberg",
        "amenity": "restaurant",
        "cuisine": "german"
      },
      "geometry": {
        "type": "Point",
        "coordinates": [
          -3.0143747,
          43.3255786
        ]
      }
    },
    {
      "type": "Feature",
      "properties": {
        "weight": 1.0
      },
      "geometry": {
        "type": "Point",
        "coordinates": [
          -2.9673301,
          43.3255837
        ]
      }
    },
    {
      "type": "Feature",
      "properties": {
        "weight": 1.0,
        "id": 4557300930,
        "hasDetails": true,
        "name": "Telepizza",
        "amenity": "fast_food",
        "cuisine": "pizza",
        "opening_hours": "Su-Th 13:00-23:30; Fr,Sa 13:00-24:00"
      },
      "geometry": {
        "type": "Point",
        "coordinates": [
          -2.9861741,
          43.3256506
        ]
      }
    },
    {
      "type": "Feature",
      "properties": {
        "weight": 1.0,
        "id": 4557300927,
        "hasDetails": true,
        "name": "Taberna Txiki",
        "amenity": "bar",
        "address": "Avenida Iparragirre 58, Leioa"
      },
      "geometry": {
        "type": "Point",
        "coordinates": [
          -2.9888386,
          43.3256958
        ]
      }
    },
    {
      "type": "Feature",
      "properties": {
        "weight": 1.0,
        "id": 9813019672,
        "hasDetails": true,
        "name": "Casa El Gallo",
        "amenity": "restaurant",
        "cuisine": "chicken"
      },
      "geometry": {
        "type": "Point",
        "coordinates": [
          -3.0076092,
          43.3257385
        ]
      }
    },
    {
      "type": "Feature",
      "properties": {
        "weight": 1.0
      },
      "geometry": {
        "type": "Point",
        "coordinates": [
          -2.9450176,
          43.3257683
        ]
      }
    },
    {
      "type": "Feature",
      "properties": {
        "weight": 1.0
      },
      "geometry": {
        "type": "Point",
        "coordinates": [
          -2.9846816,
          43.3257949
        ]
      }
    },
    {
      "type": "Feature",
      "properties": {
        "weight": 1.0,
        "id": 4557274348,
        "hasDetails": true,
        "name": "El Rinc\u00f3n",
        "amenity": "bar",
        "address": "Calle Ondizko Andra Mari 2 bajo, Leioa"
      },
      "geometry": {
        "type": "Point",
        "coordinates": [
          -2.9896918,
          43.3258258
        ]
      }
    },
    {
      "type": "Feature",
      "properties": {
        "weight": 1.0
      },
      "geometry": {
        "type": "Point",
        "coordinates": [
          -2.9849565,
          43.3258415
        ]
      }
    },
    {
      "type": "Feature",
      "properties": {
        "weight": 1.0,
        "id": 7414081845,
        "hasDetails": true,
        "name": "Bertiz",
        "amenity": "cafe",
        "outdoor_seating": "no"
      },
      "geometry": {
        "type": "Point",
        "coordinates": [
          -3.0134284,
          43.3258546
        ]
      }
    },
    {
      "type": "Feature",
      "properties": {
        "weight": 1.0,
        "id": 9393818563,
        "hasDetails": true,
        "name": "Areeta Fast Food",
        "amenity": "fast_food",
        "cuisine": "kebab",
        "address": "Larramendi plaza 4, Leioa"
      },
      "geometry": {
        "type": "Point",
        "coordinates": [
          -3.006409,
          43.3258628
        ]
      }
    },
    {
      "type": "Feature",
      "properties": {
        "weight": 1.0
      },
      "geometry": {
        "type": "Point",
        "coordinates": [
          -3.007924,
          43.3258834
        ]
      }
    },
    {
      "type": "Feature",
      "properties": {
        "weight": 1.0,
        "id": 534834298,
        "hasDetails": true,
        "name": "Telepizza",
        "amenity": "fast_food",
        "cuisine": "pizza",
        "website": "https://www.telepizza.es"
      },
      "geometry": {
        "type": "Point",
        "coordinates": [
          -3.0122866,
          43.3258899
        ]
      }
    },
    {
      "type": "Feature",
      "properties": {
        "weight": 1.0
      },
      "geometry": {
        "type": "Point",
        "coordinates": [
          -3.007442,
          43.3258984
        ]
      }
    },
    {
      "type": "Feature",
      "properties": {
        "weight": 1.0
      },
      "geometry": {
        "type": "Point",
        "coordinates": [
          -2.9847225,
          43.3259516
        ]
      }
    },
    {
      "type": "Feature",
      "properties": {
        "weight": 1.0,
        "id": 5172901597,
        "hasDetails": true,
        "amenity": "restaurant",
        "cuisine": "peruvian"
      },
      "geometry": {
        "type": "Point",
        "coordinates": [
          -3.0118546,
          43.3259599
        ]
      }
    },
    {
      "type": "Feature",
      "properties": {
        "weight": 1.0,
        "id": 523384940,
        "hasDetails": true,
        "name": "Nautico's",
        "amenity": "restaurant",
        "address": "Muelle Evaristo Churruca, Portugalete",
        "outdoor_seating": "yes"
      },
      "geometry": {
        "type": "Point",
        "coordinates": [
          -3.0214646,
          43.3259883
        ]
      }
    },
    {
      "type": "Feature",
      "properties": {
        "weight": 1.0
      },
      "geometry": {
        "type": "Point",
        "coordinates": [
          -2.9857834,
          43.3259931
        ]
      }
    },
    {
      "type": "Feature",
      "properties": {
        "weight": 1.0
      },
      "geometry": {
        "type": "Point",
        "coordinates": [
          -3.0139528,
          43.3259941
        ]
      }
    },
    {
      "type": "Feature",
      "properties": {
        "weight": 1.0
      },
      "geometry": {
        "type": "Point",
        "coordinates": [
          -3.0143406,
          43.3260015
        ]
      }
    },
    {
      "type": "Feature",
      "properties": {
        "weight": 1.0,
        "id": 4564687794,
        "hasDetails": true,
        "name": "Haritzpe",
        "amenity": "restaurant",
        "cuisine": "regional",
        "address": "Jose Ramon Aketxe plaza 6, Leioa"
      },
      "geometry": {
        "type": "Point",
        "coordinates": [
          -2.9869423,
          43.3260134
        ]
      }
    },
    {
      "type": "Feature",
      "properties": {
        "weight": 1.0,
        "id": 4557300919,
        "hasDetails": true,
        "name": "Taberna Zaharra",
        "amenity": "bar",
        "address": "Avenida Iparragirre 48, Leioa"
      },
      "geometry": {
        "type": "Point",
        "coordinates": [
          -2.9888149,
          43.326041
        ]
      }
    },
    {
      "type": "Feature",
      "properties": {
        "weight": 1.0,
        "id": 7500337851,
        "hasDetails": true,
        "name": "Kaikai",
        "amenity": "fast_food",
        "cuisine": "pizza",
        "address": "Urquizu-Urkizu kalea, Getxo",
        "website": "https://kaikai-pizza.negocio.site/",
        "opening_hours": "Th-Su,PH 19:00-23:00"
      },
      "geometry": {
        "type": "Point",
        "coordinates": [
          -3.0077101,
          43.3260882
        ]
      }
    },
    {
      "type": "Feature",
      "properties": {
        "weight": 1.0,
        "id": 4564745088,
        "hasDetails": true,
        "name": "Palillos de Oro II",
        "amenity": "restaurant",
        "cuisine": "chinese",
        "website": "https://palillosdeoro2.es"
      },
      "geometry": {
        "type": "Point",
        "coordinates": [
          -2.9858823,
          43.3261346
        ]
      }
    },
    {
      "type": "Feature",
      "properties": {
        "weight": 1.0
      },
      "geometry": {
        "type": "Point",
        "coordinates": [
          -3.0140931,
          43.32615
        ]
      }
    },
    {
      "type": "Feature",
      "properties": {
        "weight": 1.0,
        "id": 9463870742,
        "hasDetails": true,
        "amenity": "fast_food",
        "cuisine": "kebab"
      },
      "geometry": {
        "type": "Point",
        "coordinates": [
          -3.0131656,
          43.326168
        ]
      }
    },
    {
      "type": "Feature",
      "properties": {
        "weight": 1.0
      },
      "geometry": {
        "type": "Point",
        "coordinates": [
          -3.0075859,
          43.3261731
        ]
      }
    },
    {
      "type": "Feature",
      "properties": {
        "weight": 1.0,
        "id": 9410927301,
        "hasDetails": true,
        "name": "La Cocina de Galdaretxe",
        "amenity": "restaurant",
        "cuisine": "basque",
        "website": "http://www.galdaretxe.com/pasteleria-galdaretxe/platos-preparados/"
      },
      "geometry": {
        "type": "Point",
        "coordinates": [
          -3.0144019,
          43.3261995
        ]
      }
    },
    {
      "type": "Feature",
      "properties": {
        "weight": 1.0
      },
      "geometry": {
        "type": "Point",
        "coordinates": [
          -3.014716,
          43.3262371
        ]
      }
    },
    {
      "type": "Feature",
      "properties": {
        "weight": 1.0,
        "id": 5875528039,
        "hasDetails": true,
        "name": "Amatxo Maitea",
        "amenity": "cafe",
        "outdoor_seating": "yes"
      },
      "geometry": {
        "type": "Point",
        "coordinates": [
          -3.0138987,
          43.3262568
        ]
      }
    },
    {
      "type": "Feature",
      "properties": {
        "weight": 1.0
      },
      "geometry": {
        "type": "Point",
        "coordinates": [
          -3.0088922,
          43.3262568
        ]
      }
    },
    {
      "type": "Feature",
      "properties": {
        "weight": 1.0
      },
      "geometry": {
        "type": "Point",
        "coordinates": [
          -3.0102943,
          43.3262744
        ]
      }
    },
    {
      "type": "Feature",
      "properties": {
        "weight": 1.0,
        "id": 11586416463,
        "hasDetails": true,
        "name": "Zuga",
        "amenity": "fast_food",
        "cuisine": "burger"
      },
      "geometry": {
        "type": "Point",
        "coordinates": [
          -3.0086728,
          43.3262916
        ]
      }
    },
    {
      "type": "Feature",
      "properties": {
        "weight": 1.0
      },
      "geometry": {
        "type": "Point",
        "coordinates": [
          -2.9879187,
          43.3263738
        ]
      }
    },
    {
      "type": "Feature",
      "properties": {
        "weight": 1.0
      },
      "geometry": {
        "type": "Point",
        "coordinates": [
          -2.9867483,
          43.3263837
        ]
      }
    },
    {
      "type": "Feature",
      "properties": {
        "weight": 1.0,
        "id": 6159370934,
        "hasDetails": true,
        "name": "Nerea Akeita",
        "amenity": "cafe",
        "address": "Avenida Iparragirre 44, Leioa"
      },
      "geometry": {
        "type": "Point",
        "coordinates": [
          -2.9891532,
          43.3264025
        ]
      }
    },
    {
      "type": "Feature",
      "properties": {
        "weight": 1.0,
        "id": 8689832574,
        "hasDetails": true,
        "name": "Paris",
        "amenity": "restaurant",
        "cuisine": "arab"
      },
      "geometry": {
        "type": "Point",
        "coordinates": [
          -3.0060578,
          43.3264118
        ]
      }
    },
    {
      "type": "Feature",
      "properties": {
        "weight": 1.0
      },
      "geometry": {
        "type": "Point",
        "coordinates": [
          -3.0088639,
          43.3264268
        ]
      }
    },
    {
      "type": "Feature",
      "properties": {
        "weight": 1.0
      },
      "geometry": {
        "type": "Point",
        "coordinates": [
          -3.0105762,
          43.326449
        ]
      }
    },
    {
      "type": "Feature",
      "properties": {
        "weight": 1.0
      },
      "geometry": {
        "type": "Point",
        "coordinates": [
          -3.0112193,
          43.326471
        ]
      }
    },
    {
      "type": "Feature",
      "properties": {
        "weight": 1.0,
        "id": 4564745472,
        "hasDetails": true,
        "name": "Bodega Alcalde",
        "amenity": "bar",
        "address": "Avenida Iparragirre 38, Leioa"
      },
      "geometry": {
        "type": "Point",
        "coordinates": [
          -2.9893236,
          43.326518
        ]
      }
    },
    {
      "type": "Feature",
      "properties": {
        "weight": 1.0
      },
      "geometry": {
        "type": "Point",
        "coordinates": [
          -3.00897,
          43.3265182
        ]
      }
    },
    {
      "type": "Feature",
      "properties": {
        "weight": 1.0,
        "id": 4564745082,
        "hasDetails": true,
        "name": "LEIOA LAL\u00dc Gastrobar",
        "amenity": "cafe",
        "address": "Calle Estartetxe, Leioa"
      },
      "geometry": {
        "type": "Point",
        "coordinates": [
          -2.9876482,
          43.326526
        ]
      }
    },
    {
      "type": "Feature",
      "properties": {
        "weight": 1.0
      },
      "geometry": {
        "type": "Point",
        "coordinates": [
          -3.0063334,
          43.3265598
        ]
      }
    },
    {
      "type": "Feature",
      "properties": {
        "weight": 1.0
      },
      "geometry": {
        "type": "Point",
        "coordinates": [
          -3.0079542,
          43.3265672
        ]
      }
    },
    {
      "type": "Feature",
      "properties": {
        "weight": 1.0,
        "id": 7489858770,
        "hasDetails": true,
        "name": "Bar Jokin",
        "amenity": "cafe",
        "address": "Barrio Elexalde 26, Leioa - Lejona",
        "outdoor_seating": "yes"
      },
      "geometry": {
        "type": "Point",
        "coordinates": [
          -2.9875031,
          43.3265862
        ]
      }
    },
    {
      "type": "Feature",
      "properties": {
        "weight": 1.0,
        "id": 4003694290,
        "hasDetails": true,
        "name": "Hanoi",
        "amenity": "restaurant",
        "cuisine": "vietnamese",
        "website": "https://www.hanoi.es/"
      },
      "geometry": {
        "type": "Point",
        "coordinates": [
          -3.0103082,
          43.3266132
        ]
      }
    },
    {
      "type": "Feature",
      "properties": {
        "weight": 1.0
      },
      "geometry": {
        "type": "Point",
        "coordinates": [
          -3.0069829,
          43.326616
        ]
      }
    },
    {
      "type": "Feature",
      "properties": {
        "weight": 1.0
      },
      "geometry": {
        "type": "Point",
        "coordinates": [
          -3.0088317,
          43.3266183
        ]
      }
    },
    {
      "type": "Feature",
      "properties": {
        "weight": 1.0
      },
      "geometry": {
        "type": "Point",
        "coordinates": [
          -3.0081255,
          43.3266392
        ]
      }
    },
    {
      "type": "Feature",
      "properties": {
        "weight": 1.0
      },
      "geometry": {
        "type": "Point",
        "coordinates": [
          -3.0083818,
          43.3266468
        ]
      }
    },
    {
      "type": "Feature",
      "properties": {
        "weight": 1.0,
        "id": 5766544430,
        "hasDetails": true,
        "name": "La Bodeguilla",
        "amenity": "bar",
        "address": "Gobelondo kalea"
      },
      "geometry": {
        "type": "Point",
        "coordinates": [
          -3.0079296,
          43.3266661
        ]
      }
    },
    {
      "type": "Feature",
      "properties": {
        "weight": 1.0,
        "id": 7489858771,
        "hasDetails": true,
        "name": "Bar Elexalde",
        "amenity": "cafe",
        "address": "Barrio Elexalde 26, Leioa - Lejona",
        "outdoor_seating": "yes"
      },
      "geometry": {
        "type": "Point",
        "coordinates": [
          -2.9872698,
          43.3266702
        ]
      }
    },
    {
      "type": "Feature",
      "properties": {
        "weight": 1.0
      },
      "geometry": {
        "type": "Point",
        "coordinates": [
          -3.0116541,
          43.326688
        ]
      }
    },
    {
      "type": "Feature",
      "properties": {
        "weight": 1.0
      },
      "geometry": {
        "type": "Point",
        "coordinates": [
          -3.0294685,
          43.3267204
        ]
      }
    },
    {
      "type": "Feature",
      "properties": {
        "weight": 1.0,
        "id": 11234460530,
        "hasDetails": true,
        "name": "Domino's",
        "amenity": "fast_food",
        "cuisine": "pizza",
        "address": "Murrieta hiribidea 58, Santurtzi",
        "website": "https://dominospizza.es/",
        "outdoor_seating": "no"
      },
      "geometry": {
        "type": "Point",
        "coordinates": [
          -3.0274935,
          43.326735
        ]
      }
    },
    {
      "type": "Feature",
      "properties": {
        "weight": 1.0
      },
      "geometry": {
        "type": "Point",
        "coordinates": [
          -3.0061911,
          43.326744
        ]
      }
    },
    {
      "type": "Feature",
      "properties": {
        "weight": 1.0
      },
      "geometry": {
        "type": "Point",
        "coordinates": [
          -3.0143936,
          43.3267661
        ]
      }
    },
    {
      "type": "Feature",
      "properties": {
        "weight": 1.0
      },
      "geometry": {
        "type": "Point",
        "coordinates": [
          -3.0115173,
          43.3267756
        ]
      }
    },
    {
      "type": "Feature",
      "properties": {
        "weight": 1.0
      },
      "geometry": {
        "type": "Point",
        "coordinates": [
          -3.0133006,
          43.3267777
        ]
      }
    },
    {
      "type": "Feature",
      "properties": {
        "weight": 1.0,
        "id": 1137574784,
        "hasDetails": true,
        "name": "Casa Mao",
        "amenity": "restaurant",
        "cuisine": "chinese"
      },
      "geometry": {
        "type": "Point",
        "coordinates": [
          -3.0125475,
          43.3268089
        ]
      }
    },
    {
      "type": "Feature",
      "properties": {
        "weight": 1.0
      },
      "geometry": {
        "type": "Point",
        "coordinates": [
          -3.0085802,
          43.3268094
        ]
      }
    },
    {
      "type": "Feature",
      "properties": {
        "weight": 1.0,
        "id": 278478821,
        "hasDetails": true,
        "name": "Motabarri",
        "amenity": "restaurant",
        "address": "Carretera de Leioa-Unbe 32, Erandio"
      },
      "geometry": {
        "type": "Point",
        "coordinates": [
          -2.945016,
          43.3268338
        ]
      }
    },
    {
      "type": "Feature",
      "properties": {
        "weight": 1.0
      },
      "geometry": {
        "type": "Point",
        "coordinates": [
          -2.987977,
          43.3268402
        ]
      }
    },
    {
      "type": "Feature",
      "properties": {
        "weight": 1.0,
        "id": 7489858781,
        "hasDetails": true,
        "name": "Alexanders berria",
        "amenity": "cafe",
        "address": "Estartetxe kalea 9 Trasera, Leioa - Lejona",
        "outdoor_seating": "yes"
      },
      "geometry": {
        "type": "Point",
        "coordinates": [
          -2.9888313,
          43.3268456
        ]
      }
    },
    {
      "type": "Feature",
      "properties": {
        "weight": 1.0
      },
      "geometry": {
        "type": "Point",
        "coordinates": [
          -3.0080081,
          43.3268964
        ]
      }
    },
    {
      "type": "Feature",
      "properties": {
        "weight": 1.0
      },
      "geometry": {
        "type": "Point",
        "coordinates": [
          -3.0084863,
          43.3268985
        ]
      }
    },
    {
      "type": "Feature",
      "properties": {
        "weight": 1.0
      },
      "geometry": {
        "type": "Point",
        "coordinates": [
          -3.0087534,
          43.3269052
        ]
      }
    },
    {
      "type": "Feature",
      "properties": {
        "weight": 1.0,
        "id": 1116054558,
        "hasDetails": true,
        "name": "Amaya Burger",
        "amenity": "fast_food",
        "cuisine": "burger",
        "website": "https://amayaburger.com/"
      },
      "geometry": {
        "type": "Point",
        "coordinates": [
          -3.0095766,
          43.3269516
        ]
      }
    },
    {
      "type": "Feature",
      "properties": {
        "weight": 1.0,
        "id": 5873003228,
        "hasDetails": true,
        "name": "Areeta",
        "amenity": "pub",
        "outdoor_seating": "yes"
      },
      "geometry": {
        "type": "Point",
        "coordinates": [
          -3.0081121,
          43.3269832
        ]
      }
    },
    {
      "type": "Feature",
      "properties": {
        "weight": 1.0,
        "id": 5766526135,
        "hasDetails": true,
        "name": "Baste",
        "amenity": "pub",
        "address": "Kresaltzu kalea, Getxo"
      },
      "geometry": {
        "type": "Point",
        "coordinates": [
          -3.009475,
          43.3270352
        ]
      }
    },
    {
      "type": "Feature",
      "properties": {
        "weight": 1.0
      },
      "geometry": {
        "type": "Point",
        "coordinates": [
          -3.0087164,
          43.3270844
        ]
      }
    },
    {
      "type": "Feature",
      "properties": {
        "weight": 1.0
      },
      "geometry": {
        "type": "Point",
        "coordinates": [
          -3.009362,
          43.3271114
        ]
      }
    },
    {
      "type": "Feature",
      "properties": {
        "weight": 1.0,
        "id": 7489978612,
        "hasDetails": true,
        "name": "Maitane",
        "amenity": "cafe",
        "address": "Estartetxe kalea 13 Trasera, Leioa - Lejona",
        "outdoor_seating": "yes"
      },
      "geometry": {
        "type": "Point",
        "coordinates": [
          -2.9894903,
          43.327176
        ]
      }
    },
    {
      "type": "Feature",
      "properties": {
        "weight": 1.0,
        "id": 534832776,
        "hasDetails": true,
        "name": "Krunch",
        "amenity": "fast_food",
        "website": "https://www.krunch.es/"
      },
      "geometry": {
        "type": "Point",
        "coordinates": [
          -3.0116993,
          43.3271944
        ]
      }
    },
    {
      "type": "Feature",
      "properties": {
        "weight": 1.0
      },
      "geometry": {
        "type": "Point",
        "coordinates": [
          -3.0061983,
          43.3272103
        ]
      }
    },
    {
      "type": "Feature",
      "properties": {
        "weight": 1.0,
        "id": 10767199328,
        "hasDetails": true,
        "name": "La Espuela",
        "amenity": "cafe",
        "address": "Jenaro Ora\u00e1 kalea, Santurtzi"
      },
      "geometry": {
        "type": "Point",
        "coordinates": [
          -3.0303265,
          43.3272201
        ]
      }
    },
    {
      "type": "Feature",
      "properties": {
        "weight": 1.0
      },
      "geometry": {
        "type": "Point",
        "coordinates": [
          -3.0074753,
          43.327231
        ]
      }
    },
    {
      "type": "Feature",
      "properties": {
        "weight": 1.0
      },
      "geometry": {
        "type": "Point",
        "coordinates": [
          -3.0099724,
          43.3272723
        ]
      }
    },
    {
      "type": "Feature",
      "properties": {
        "weight": 1.0,
        "id": 10237903412,
        "hasDetails": true,
        "name": "Panda",
        "amenity": "restaurant",
        "cuisine": "asian",
        "address": "Kale Nagusia 31, Getxo",
        "website": "https://pandarestaurant.es/",
        "opening_hours": "Mo-Su 20:00-23:00"
      },
      "geometry": {
        "type": "Point",
        "coordinates": [
          -3.0114307,
          43.3272741
        ]
      }
    },
    {
      "type": "Feature",
      "properties": {
        "weight": 1.0,
        "id": 3205690745,
        "hasDetails": true,
        "name": "Bar Atrio",
        "amenity": "bar",
        "address": "Getxo"
      },
      "geometry": {
        "type": "Point",
        "coordinates": [
          -3.011991,
          43.3272785
        ]
      }
    },
    {
      "type": "Feature",
      "properties": {
        "weight": 1.0,
        "id": 5873003229,
        "hasDetails": true,
        "name": "Gure Etxea Taberna",
        "amenity": "restaurant",
        "cuisine": "regional",
        "address": "Caja de ahorros 14",
        "website": "https://gureetxeataberna.eus/",
        "outdoor_seating": "yes"
      },
      "geometry": {
        "type": "Point",
        "coordinates": [
          -3.0085043,
          43.32728
        ]
      }
    },
    {
      "type": "Feature",
      "properties": {
        "weight": 1.0,
        "id": 11234460528,
        "hasDetails": true,
        "name": "Lagun Etxea",
        "amenity": "pub",
        "address": "Jenaro Ora\u00e1 kalea 21, Santurtzi",
        "outdoor_seating": "yes"
      },
      "geometry": {
        "type": "Point",
        "coordinates": [
          -3.0306318,
          43.3273211
        ]
      }
    },
    {
      "type": "Feature",
      "properties": {
        "weight": 1.0
      },
      "geometry": {
        "type": "Point",
        "coordinates": [
          -3.0113067,
          43.3273306
        ]
      }
    },
    {
      "type": "Feature",
      "properties": {
        "weight": 1.0
      },
      "geometry": {
        "type": "Point",
        "coordinates": [
          -3.0056066,
          43.327334
        ]
      }
    },
    {
      "type": "Feature",
      "properties": {
        "weight": 1.0,
        "id": 3914901730,
        "hasDetails": true,
        "name": "The Willows",
        "amenity": "restaurant",
        "cuisine": "cake;local;regional;spanish;tapas",
        "address": "Ama Mesedeetakoa kalea 28, Getxo",
        "website": "https://thewillows.es/"
      },
      "geometry": {
        "type": "Point",
        "coordinates": [
          -3.0123739,
          43.3273351
        ]
      }
    },
    {
      "type": "Feature",
      "properties": {
        "weight": 1.0
      },
      "geometry": {
        "type": "Point",
        "coordinates": [
          -3.0083735,
          43.3273406
        ]
      }
    },
    {
      "type": "Feature",
      "properties": {
        "weight": 1.0,
        "id": 10767199326,
        "hasDetails": true,
        "name": "Tom\u00e1s",
        "amenity": "pub",
        "address": "Pagazaurtundua kalea 6, Santurtzi"
      },
      "geometry": {
        "type": "Point",
        "coordinates": [
          -3.0301355,
          43.3273702
        ]
      }
    },
    {
      "type": "Feature",
      "properties": {
        "weight": 1.0,
        "id": 534832782,
        "hasDetails": true,
        "name": "Manu's Burguer",
        "amenity": "fast_food",
        "cuisine": "burger"
      },
      "geometry": {
        "type": "Point",
        "coordinates": [
          -3.0118956,
          43.3273733
        ]
      }
    },
    {
      "type": "Feature",
      "properties": {
        "weight": 1.0
      },
      "geometry": {
        "type": "Point",
        "coordinates": [
          -2.98567,
          43.3273842
        ]
      }
    },
    {
      "type": "Feature",
      "properties": {
        "weight": 1.0
      },
      "geometry": {
        "type": "Point",
        "coordinates": [
          -3.0059838,
          43.3274042
        ]
      }
    },
    {
      "type": "Feature",
      "properties": {
        "weight": 1.0,
        "id": 7489858782,
        "hasDetails": true,
        "name": "In & Out",
        "amenity": "restaurant",
        "cuisine": "pizza;burger;sandwich",
        "address": "Estartetxe kalea 8, Leioa - Lejona"
      },
      "geometry": {
        "type": "Point",
        "coordinates": [
          -2.9891012,
          43.3274103
        ]
      }
    },
    {
      "type": "Feature",
      "properties": {
        "weight": 1.0
      },
      "geometry": {
        "type": "Point",
        "coordinates": [
          -2.9912671,
          43.327413
        ]
      }
    },
    {
      "type": "Feature",
      "properties": {
        "weight": 1.0,
        "id": 9393818565,
        "hasDetails": true,
        "name": "Iratxo Berri",
        "amenity": "pub",
        "address": "Ezequiel Aguirre kalea 22, Getxo"
      },
      "geometry": {
        "type": "Point",
        "coordinates": [
          -3.0076896,
          43.3274175
        ]
      }
    },
    {
      "type": "Feature",
      "properties": {
        "weight": 1.0
      },
      "geometry": {
        "type": "Point",
        "coordinates": [
          -3.0101889,
          43.3274382
        ]
      }
    },
    {
      "type": "Feature",
      "properties": {
        "weight": 1.0,
        "id": 13176511125,
        "hasDetails": true,
        "name": "Il Vecchio Pizza",
        "amenity": "fast_food",
        "cuisine": "pizza",
        "address": "Jenaro Ora\u00e1 kalea 13, Santurtzi"
      },
      "geometry": {
        "type": "Point",
        "coordinates": [
          -3.0317443,
          43.3274544
        ]
      }
    },
    {
      "type": "Feature",
      "properties": {
        "weight": 1.0,
        "id": 8293223717,
        "hasDetails": true,
        "name": "On Egin",
        "amenity": "restaurant",
        "cuisine": "local;spanish",
        "address": "Estartetxe kalea 17, Leioa",
        "website": "https://oneginleioa.com/",
        "opening_hours": "Mo-Fr 10:30-15:00,17:00-20:00; Sa 10:30-15:00"
      },
      "geometry": {
        "type": "Point",
        "coordinates": [
          -2.9898663,
          43.3274713
        ]
      }
    },
    {
      "type": "Feature",
      "properties": {
        "weight": 1.0
      },
      "geometry": {
        "type": "Point",
        "coordinates": [
          -3.0110795,
          43.3274782
        ]
      }
    },
    {
      "type": "Feature",
      "properties": {
        "weight": 1.0,
        "id": 14120589401,
        "hasDetails": true,
        "name": "Bar Calero",
        "amenity": "bar",
        "cuisine": "tapas",
        "address": "Juan Jose de la Quintana kalea 5, Santurtzi"
      },
      "geometry": {
        "type": "Point",
        "coordinates": [
          -3.0305803,
          43.327552
        ]
      }
    },
    {
      "type": "Feature",
      "properties": {
        "weight": 1.0
      },
      "geometry": {
        "type": "Point",
        "coordinates": [
          -3.0116786,
          43.3275543
        ]
      }
    },
    {
      "type": "Feature",
      "properties": {
        "weight": 1.0,
        "id": 7489978607,
        "hasDetails": true,
        "name": "Cafeter\u00eda Estartetxe",
        "amenity": "cafe",
        "address": "Estartetxe kalea 17, Leioa - Lejona"
      },
      "geometry": {
        "type": "Point",
        "coordinates": [
          -2.9897465,
          43.327575
        ]
      }
    },
    {
      "type": "Feature",
      "properties": {
        "weight": 1.0
      },
      "geometry": {
        "type": "Point",
        "coordinates": [
          -3.0092582,
          43.3275987
        ]
      }
    },
    {
      "type": "Feature",
      "properties": {
        "weight": 1.0
      },
      "geometry": {
        "type": "Point",
        "coordinates": [
          -2.9916955,
          43.3276029
        ]
      }
    },
    {
      "type": "Feature",
      "properties": {
        "weight": 1.0
      },
      "geometry": {
        "type": "Point",
        "coordinates": [
          -3.011343,
          43.3276044
        ]
      }
    },
    {
      "type": "Feature",
      "properties": {
        "weight": 1.0
      },
      "geometry": {
        "type": "Point",
        "coordinates": [
          -3.0115236,
          43.3276497
        ]
      }
    },
    {
      "type": "Feature",
      "properties": {
        "weight": 1.0
      },
      "geometry": {
        "type": "Point",
        "coordinates": [
          -3.0123021,
          43.327651
        ]
      }
    },
    {
      "type": "Feature",
      "properties": {
        "weight": 1.0,
        "id": 7489997969,
        "hasDetails": true,
        "name": "Populus",
        "amenity": "cafe",
        "address": "Estartetxe kalea 21 Trasera, Leioa - Lejona",
        "outdoor_seating": "yes"
      },
      "geometry": {
        "type": "Point",
        "coordinates": [
          -2.9905164,
          43.3277024
        ]
      }
    },
    {
      "type": "Feature",
      "properties": {
        "weight": 1.0
      },
      "geometry": {
        "type": "Point",
        "coordinates": [
          -3.0091217,
          43.3277348
        ]
      }
    },
    {
      "type": "Feature",
      "properties": {
        "weight": 1.0,
        "id": 11953619720,
        "hasDetails": true,
        "name": "El Comercio",
        "amenity": "pub",
        "address": "Ama Mesedeetakoa kalea 31, Getxo"
      },
      "geometry": {
        "type": "Point",
        "coordinates": [
          -3.0122649,
          43.3277463
        ]
      }
    },
    {
      "type": "Feature",
      "properties": {
        "weight": 1.0
      },
      "geometry": {
        "type": "Point",
        "coordinates": [
          -3.009252,
          43.3278051
        ]
      }
    },
    {
      "type": "Feature",
      "properties": {
        "weight": 1.0,
        "id": 12480408392,
        "hasDetails": true,
        "name": "Amaia",
        "amenity": "pub",
        "address": "Jenaro Ora\u00e1 kalea 5, Santurtzi"
      },
      "geometry": {
        "type": "Point",
        "coordinates": [
          -3.0324505,
          43.3278446
        ]
      }
    },
    {
      "type": "Feature",
      "properties": {
        "weight": 1.0,
        "id": 7499121958,
        "hasDetails": true,
        "name": "Orhi",
        "amenity": "cafe",
        "address": "Estartetxe kalea 21, Leioa - Lejona",
        "outdoor_seating": "yes"
      },
      "geometry": {
        "type": "Point",
        "coordinates": [
          -2.9903201,
          43.3278694
        ]
      }
    },
    {
      "type": "Feature",
      "properties": {
        "weight": 1.0,
        "id": 12480408390,
        "hasDetails": true,
        "name": "Santurtziken",
        "amenity": "fast_food",
        "cuisine": "chicken",
        "address": "Jenaro Ora\u00e1 kalea 2, Santurtzi",
        "website": "https://santurtziken.com/",
        "opening_hours": "Tu-Fr 11:00-15:30, Sa-Su 11:00-16:00"
      },
      "geometry": {
        "type": "Point",
        "coordinates": [
          -3.0327198,
          43.32801
        ]
      }
    },
    {
      "type": "Feature",
      "properties": {
        "weight": 1.0,
        "id": 7489997966,
        "hasDetails": true,
        "name": "My Story",
        "amenity": "restaurant",
        "cuisine": "pizza",
        "address": "Estartetxe kalea 18, Leioa - Lejona",
        "outdoor_seating": "yes"
      },
      "geometry": {
        "type": "Point",
        "coordinates": [
          -2.9904018,
          43.3280734
        ]
      }
    },
    {
      "type": "Feature",
      "properties": {
        "weight": 1.0
      },
      "geometry": {
        "type": "Point",
        "coordinates": [
          -3.0087325,
          43.3281421
        ]
      }
    },
    {
      "type": "Feature",
      "properties": {
        "weight": 1.0
      },
      "geometry": {
        "type": "Point",
        "coordinates": [
          -2.9056375,
          43.3281674
        ]
      }
    },
    {
      "type": "Feature",
      "properties": {
        "weight": 1.0
      },
      "geometry": {
        "type": "Point",
        "coordinates": [
          -3.0078167,
          43.328218
        ]
      }
    },
    {
      "type": "Feature",
      "properties": {
        "weight": 1.0
      },
      "geometry": {
        "type": "Point",
        "coordinates": [
          -3.010185,
          43.3284788
        ]
      }
    },
    {
      "type": "Feature",
      "properties": {
        "weight": 1.0
      },
      "geometry": {
        "type": "Point",
        "coordinates": [
          -3.0079533,
          43.3284796
        ]
      }
    },
    {
      "type": "Feature",
      "properties": {
        "weight": 1.0,
        "id": 11491638340,
        "hasDetails": true,
        "name": "El Caf\u00e9 de la Estaci\u00f3n",
        "amenity": "cafe",
        "address": "Santurtzi",
        "outdoor_seating": "no"
      },
      "geometry": {
        "type": "Point",
        "coordinates": [
          -3.0303905,
          43.3285102
        ]
      }
    },
    {
      "type": "Feature",
      "properties": {
        "weight": 1.0,
        "id": 12166041280,
        "hasDetails": true,
        "name": "Sonia",
        "amenity": "fast_food",
        "cuisine": "chicken"
      },
      "geometry": {
        "type": "Point",
        "coordinates": [
          -3.0368466,
          43.3286712
        ]
      }
    },
    {
      "type": "Feature",
      "properties": {
        "weight": 1.0,
        "id": 14113689601,
        "hasDetails": true,
        "name": "Jucarbel",
        "amenity": "bar",
        "address": "Mahastiak kalea 43",
        "opening_hours": "Tu-Su 08:00-23:00"
      },
      "geometry": {
        "type": "Point",
        "coordinates": [
          -3.0372561,
          43.328883
        ]
      }
    },
    {
      "type": "Feature",
      "properties": {
        "weight": 1.0,
        "id": 14113690301,
        "hasDetails": true,
        "name": "Faro",
        "amenity": "bar",
        "address": "Mahastiak kalea 45",
        "opening_hours": "We-Su 08:30-23:00; Mo 09:00-23:00"
      },
      "geometry": {
        "type": "Point",
        "coordinates": [
          -3.0374669,
          43.3289352
        ]
      }
    },
    {
      "type": "Feature",
      "properties": {
        "weight": 1.0
      },
      "geometry": {
        "type": "Point",
        "coordinates": [
          -3.0086222,
          43.3289773
        ]
      }
    },
    {
      "type": "Feature",
      "properties": {
        "weight": 1.0,
        "id": 10131038804,
        "hasDetails": true,
        "name": "Regma",
        "amenity": "ice_cream",
        "cuisine": "ice_cream",
        "address": "Murrieta hiribidea 4, Santurtzi",
        "outdoor_seating": "no",
        "names": [
          "Regma",
          "Hamaiketako"
        ],
        "amenities": [
          "ice_cream",
          "cafe"
        ]
      },
      "geometry": {
        "type": "Point",
        "coordinates": [
          -3.0330829,
          43.329057
        ]
      }
    },
    {
      "type": "Feature",
      "properties": {
        "weight": 1.0
      },
      "geometry": {
        "type": "Point",
        "coordinates": [
          -3.0075841,
          43.3291994
        ]
      }
    },
    {
      "type": "Feature",
      "properties": {
        "weight": 1.0,
        "id": 12433958351,
        "hasDetails": true,
        "amenity": "fast_food",
        "cuisine": "kebab",
        "address": "Vapor Habana kalea, Santurtzi"
      },
      "geometry": {
        "type": "Point",
        "coordinates": [
          -3.0346615,
          43.3292031
        ]
      }
    },
    {
      "type": "Feature",
      "properties": {
        "weight": 1.0,
        "id": 4417245653,
        "hasDetails": true,
        "name": "Egubi",
        "amenity": "cafe",
        "address": "Santurtzi",
        "outdoor_seating": "pedestrian_zone"
      },
      "geometry": {
        "type": "Point",
        "coordinates": [
          -3.0323714,
          43.3293551
        ]
      }
    },
    {
      "type": "Feature",
      "properties": {
        "weight": 1.0,
        "id": 5397666321,
        "hasDetails": true,
        "name": "El Carmen",
        "amenity": "cafe",
        "outdoor_seating": "yes"
      },
      "geometry": {
        "type": "Point",
        "coordinates": [
          -3.0328873,
          43.3294971
        ]
      }
    },
    {
      "type": "Feature",
      "properties": {
        "weight": 1.0,
        "id": 9703084117,
        "hasDetails": true,
        "name": "Elordui Berria",
        "amenity": "restaurant",
        "address": "Loiu - Leioa errepidea 31"
      },
      "geometry": {
        "type": "Point",
        "coordinates": [
          -2.9571676,
          43.3295199
        ]
      }
    },
    {
      "type": "Feature",
      "properties": {
        "weight": 1.0
      },
      "geometry": {
        "type": "Point",
        "coordinates": [
          -3.0051372,
          43.3295284
        ]
      }
    },
    {
      "type": "Feature",
      "properties": {
        "weight": 1.0
      },
      "geometry": {
        "type": "Point",
        "coordinates": [
          -3.035561,
          43.3296276
        ]
      }
    },
    {
      "type": "Feature",
      "properties": {
        "weight": 1.0,
        "id": 11978977166,
        "hasDetails": true,
        "name": "Goikolanda",
        "amenity": "restaurant",
        "cuisine": "burger;pizza;sandwich;hot_dog",
        "address": "24, Santurtzi"
      },
      "geometry": {
        "type": "Point",
        "coordinates": [
          -3.0334272,
          43.3296435
        ]
      }
    },
    {
      "type": "Feature",
      "properties": {
        "weight": 1.0,
        "id": 3741651284,
        "hasDetails": true,
        "name": "Eguzkia",
        "amenity": "cafe",
        "outdoor_seating": "yes"
      },
      "geometry": {
        "type": "Point",
        "coordinates": [
          -3.0323149,
          43.3296847
        ]
      }
    },
    {
      "type": "Feature",
      "properties": {
        "weight": 1.0
      },
      "geometry": {
        "type": "Point",
        "coordinates": [
          -2.9061876,
          43.3296875
        ]
      }
    },
    {
      "type": "Feature",
      "properties": {
        "weight": 1.0,
        "id": 14113455902,
        "hasDetails": true,
        "name": "Ooda",
        "amenity": "restaurant",
        "cuisine": "pizza",
        "address": "Larrarte Anaiak kalea 5",
        "opening_hours": "Fr-Sa 19:00-23:30; Su, Th 19:00-22:30"
      },
      "geometry": {
        "type": "Point",
        "coordinates": [
          -3.0358021,
          43.329765
        ]
      }
    },
    {
      "type": "Feature",
      "properties": {
        "weight": 1.0
      },
      "geometry": {
        "type": "Point",
        "coordinates": [
          -3.0080593,
          43.3297685
        ]
      }
    },
    {
      "type": "Feature",
      "properties": {
        "weight": 1.0
      },
      "geometry": {
        "type": "Point",
        "coordinates": [
          -3.0325095,
          43.3298233
        ]
      }
    },
    {
      "type": "Feature",
      "properties": {
        "weight": 1.0,
        "id": 2245269860,
        "hasDetails": true,
        "name": "Krunch",
        "amenity": "fast_food",
        "cuisine": "sandwich",
        "address": "Plaza Juan Jos\u00e9 Mendizabal 4",
        "website": "https://krunch.es/"
      },
      "geometry": {
        "type": "Point",
        "coordinates": [
          -3.0323944,
          43.3299559
        ]
      }
    },
    {
      "type": "Feature",
      "properties": {
        "weight": 1.0,
        "id": 13738548317,
        "hasDetails": true,
        "name": "Oroi",
        "amenity": "restaurant",
        "address": "Santurtzi"
      },
      "geometry": {
        "type": "Point",
        "coordinates": [
          -3.0327973,
          43.3301282
        ]
      }
    },
    {
      "type": "Feature",
      "properties": {
        "weight": 1.0,
        "id": 3741651288,
        "hasDetails": true,
        "name": "Suharri",
        "amenity": "restaurant",
        "cuisine": "regional",
        "address": "Itsasalde kalea 4",
        "website": "https://suharri.com",
        "opening_hours": "Mo-Fr 10:00-24:00; Sa 10:30-24:00; Su 00:00-01:00,10:30-24:00",
        "outdoor_seating": "yes"
      },
      "geometry": {
        "type": "Point",
        "coordinates": [
          -3.0321259,
          43.3302067
        ]
      }
    },
    {
      "type": "Feature",
      "properties": {
        "weight": 1.0,
        "id": 2250084580,
        "hasDetails": true,
        "name": "Sal\u00f3n de Juego Mendi",
        "amenity": "cafe",
        "outdoor_seating": "yes"
      },
      "geometry": {
        "type": "Point",
        "coordinates": [
          -3.0323535,
          43.3302227
        ]
      }
    },
    {
      "type": "Feature",
      "properties": {
        "weight": 1.0,
        "id": 2245269859,
        "hasDetails": true,
        "name": "La Batea",
        "amenity": "restaurant",
        "cuisine": "seafood",
        "address": "Capitan Mendizabal kalea 4",
        "outdoor_seating": "yes"
      },
      "geometry": {
        "type": "Point",
        "coordinates": [
          -3.0324817,
          43.3303123
        ]
      }
    },
    {
      "type": "Feature",
      "properties": {
        "weight": 1.0,
        "id": 11029598747,
        "hasDetails": true,
        "name": "Arriaga",
        "amenity": "pub",
        "address": "Juan Crisostomo de Arriga kalea, Santurtzi"
      },
      "geometry": {
        "type": "Point",
        "coordinates": [
          -3.0388575,
          43.3303397
        ]
      }
    },
    {
      "type": "Feature",
      "properties": {
        "weight": 1.0
      },
      "geometry": {
        "type": "Point",
        "coordinates": [
          -2.9631425,
          43.3303723
        ]
      }
    },
    {
      "type": "Feature",
      "properties": {
        "weight": 1.0,
        "id": 2244975151,
        "hasDetails": true,
        "name": "Kebabish",
        "amenity": "fast_food",
        "cuisine": "kebab",
        "address": "Capitan Mendizabal kalea 4"
      },
      "geometry": {
        "type": "Point",
        "coordinates": [
          -3.0326348,
          43.3304376
        ]
      }
    },
    {
      "type": "Feature",
      "properties": {
        "weight": 1.0
      },
      "geometry": {
        "type": "Point",
        "coordinates": [
          -3.0332571,
          43.3306161
        ]
      }
    },
    {
      "type": "Feature",
      "properties": {
        "weight": 1.0,
        "id": 12554345590,
        "hasDetails": true,
        "name": "Txalaparta",
        "amenity": "pub",
        "address": "Mamariga kalea, Santurtzi"
      },
      "geometry": {
        "type": "Point",
        "coordinates": [
          -3.036115,
          43.3306573
        ]
      }
    },
    {
      "type": "Feature",
      "properties": {
        "weight": 1.0,
        "id": 2244975152,
        "hasDetails": true,
        "name": "Chaska",
        "amenity": "fast_food",
        "cuisine": "kebab",
        "address": "Capitan Mendizabal kalea 6",
        "outdoor_seating": "yes"
      },
      "geometry": {
        "type": "Point",
        "coordinates": [
          -3.0330425,
          43.3307035
        ]
      }
    },
    {
      "type": "Feature",
      "properties": {
        "weight": 1.0,
        "id": 523319784,
        "hasDetails": true,
        "name": "Mandanga-Hogar del Pescador",
        "amenity": "restaurant",
        "cuisine": "regional",
        "outdoor_seating": "pedestrian_zone"
      },
      "geometry": {
        "type": "Point",
        "coordinates": [
          -3.0306959,
          43.3307239
        ]
      }
    },
    {
      "type": "Feature",
      "properties": {
        "weight": 1.0,
        "id": 10540152238,
        "hasDetails": true,
        "name": "Pizzer\u00eda Nino",
        "amenity": "restaurant",
        "cuisine": "pizza",
        "address": "Itsasalde kalea 9, Santurtzi"
      },
      "geometry": {
        "type": "Point",
        "coordinates": [
          -3.0334592,
          43.3307433
        ]
      }
    },
    {
      "type": "Feature",
      "properties": {
        "weight": 1.0
      },
      "geometry": {
        "type": "Point",
        "coordinates": [
          -3.0335526,
          43.330818
        ]
      }
    },
    {
      "type": "Feature",
      "properties": {
        "weight": 1.0,
        "id": 2244975155,
        "hasDetails": true,
        "name": "Telepizza",
        "amenity": "fast_food",
        "cuisine": "pizza",
        "address": "Itsasalde kalea 13, Santurtzi",
        "website": "http://telepizza.es/pizzerias/detalles?sid=00313",
        "opening_hours": "Mo-Th 13:00-15:45, 19:00-23:30; Fr 13:00-15:45, 19:00-00:00; Sa 13:00-00:00; Su 13:00-23:30"
      },
      "geometry": {
        "type": "Point",
        "coordinates": [
          -3.0338007,
          43.330977
        ]
      }
    },
    {
      "type": "Feature",
      "properties": {
        "weight": 1.0
      },
      "geometry": {
        "type": "Point",
        "coordinates": [
          -3.0342725,
          43.3310074
        ]
      }
    },
    {
      "type": "Feature",
      "properties": {
        "weight": 1.0
      },
      "geometry": {
        "type": "Point",
        "coordinates": [
          -3.0334994,
          43.3310302
        ]
      }
    },
    {
      "type": "Feature",
      "properties": {
        "weight": 1.0
      },
      "geometry": {
        "type": "Point",
        "coordinates": [
          -3.0344528,
          43.3310469
        ]
      }
    },
    {
      "type": "Feature",
      "properties": {
        "weight": 1.0
      },
      "geometry": {
        "type": "Point",
        "coordinates": [
          -3.0336482,
          43.331122
        ]
      }
    },
    {
      "type": "Feature",
      "properties": {
        "weight": 1.0,
        "id": 11990447259,
        "hasDetails": true,
        "name": "El Tim\u00f3n",
        "amenity": "pub",
        "address": "Santurtzi"
      },
      "geometry": {
        "type": "Point",
        "coordinates": [
          -3.0318513,
          43.331141
        ]
      }
    },
    {
      "type": "Feature",
      "properties": {
        "weight": 1.0
      },
      "geometry": {
        "type": "Point",
        "coordinates": [
          -3.0340192,
          43.3311417
        ]
      }
    },
    {
      "type": "Feature",
      "properties": {
        "weight": 1.0,
        "id": 11666090330,
        "hasDetails": true,
        "name": "Goxo",
        "amenity": "pub",
        "address": "Mamariga kalea, Santurtzi"
      },
      "geometry": {
        "type": "Point",
        "coordinates": [
          -3.0376251,
          43.33117
        ]
      }
    },
    {
      "type": "Feature",
      "properties": {
        "weight": 1.0
      },
      "geometry": {
        "type": "Point",
        "coordinates": [
          -3.034551,
          43.3311759
        ]
      }
    },
    {
      "type": "Feature",
      "properties": {
        "weight": 1.0
      },
      "geometry": {
        "type": "Point",
        "coordinates": [
          -3.0337457,
          43.3311905
        ]
      }
    },
    {
      "type": "Feature",
      "properties": {
        "weight": 1.0
      },
      "geometry": {
        "type": "Point",
        "coordinates": [
          -2.9683032,
          43.3312805
        ]
      }
    },
    {
      "type": "Feature",
      "properties": {
        "weight": 1.0
      },
      "geometry": {
        "type": "Point",
        "coordinates": [
          -3.0342226,
          43.3312911
        ]
      }
    },
    {
      "type": "Feature",
      "properties": {
        "weight": 1.0,
        "id": 3741651285,
        "hasDetails": true,
        "name": "Kai Berri",
        "amenity": "bar",
        "outdoor_seating": "yes"
      },
      "geometry": {
        "type": "Point",
        "coordinates": [
          -3.0339311,
          43.331348
        ]
      }
    },
    {
      "type": "Feature",
      "properties": {
        "weight": 1.0
      },
      "geometry": {
        "type": "Point",
        "coordinates": [
          -2.967459,
          43.3313924
        ]
      }
    },
    {
      "type": "Feature",
      "properties": {
        "weight": 1.0
      },
      "geometry": {
        "type": "Point",
        "coordinates": [
          -3.0343971,
          43.3314116
        ]
      }
    },
    {
      "type": "Feature",
      "properties": {
        "weight": 1.0
      },
      "geometry": {
        "type": "Point",
        "coordinates": [
          -3.0385989,
          43.3314811
        ]
      }
    },
    {
      "type": "Feature",
      "properties": {
        "weight": 1.0
      },
      "geometry": {
        "type": "Point",
        "coordinates": [
          -3.0343003,
          43.3316782
        ]
      }
    },
    {
      "type": "Feature",
      "properties": {
        "weight": 1.0
      },
      "geometry": {
        "type": "Point",
        "coordinates": [
          -3.0341728,
          43.3317667
        ]
      }
    },
    {
      "type": "Feature",
      "properties": {
        "weight": 1.0,
        "id": 12165967759,
        "hasDetails": true,
        "name": "Zugarramurdi",
        "amenity": "pub",
        "address": "Mamariga kalea 73, Santurtzi"
      },
      "geometry": {
        "type": "Point",
        "coordinates": [
          -3.0388996,
          43.3318154
        ]
      }
    },
    {
      "type": "Feature",
      "properties": {
        "weight": 1.0,
        "id": 11666090328,
        "hasDetails": true,
        "name": "Paco",
        "amenity": "cafe",
        "address": "Plaza Virgen del Mar, Santurtzi",
        "outdoor_seating": "yes"
      },
      "geometry": {
        "type": "Point",
        "coordinates": [
          -3.0382939,
          43.3318529
        ]
      }
    },
    {
      "type": "Feature",
      "properties": {
        "weight": 1.0,
        "id": 14175257802,
        "hasDetails": true,
        "name": "Kebab Mamariga",
        "amenity": "fast_food",
        "cuisine": "kebab;turkish",
        "names": [
          "Kebab Mamariga",
          "Akelarre"
        ],
        "amenities": [
          "fast_food",
          "pub"
        ]
      },
      "geometry": {
        "type": "Point",
        "coordinates": [
          -3.0395117,
          43.3319222
        ]
      }
    },
    {
      "type": "Feature",
      "properties": {
        "weight": 1.0
      },
      "geometry": {
        "type": "Point",
        "coordinates": [
          -2.9705425,
          43.3319886
        ]
      }
    },
    {
      "type": "Feature",
      "properties": {
        "weight": 1.0,
        "id": 12165967758,
        "hasDetails": true,
        "name": "Batzoki Mamariga",
        "amenity": "restaurant",
        "cuisine": "regional",
        "address": "Mamariga kalea 38, Santurtzi"
      },
      "geometry": {
        "type": "Point",
        "coordinates": [
          -3.0386566,
          43.3320436
        ]
      }
    },
    {
      "type": "Feature",
      "properties": {
        "weight": 1.0
      },
      "geometry": {
        "type": "Point",
        "coordinates": [
          -2.9709768,
          43.3320715
        ]
      }
    },
    {
      "type": "Feature",
      "properties": {
        "weight": 1.0,
        "id": 13806700990,
        "hasDetails": true,
        "name": "La Sotera",
        "amenity": "pub",
        "address": "Arantxo kalea 1, Santurtzi"
      },
      "geometry": {
        "type": "Point",
        "coordinates": [
          -3.039902,
          43.3321214
        ]
      }
    },
    {
      "type": "Feature",
      "properties": {
        "weight": 1.0,
        "id": 13176511126,
        "hasDetails": true,
        "name": "La Taxka de Mole",
        "amenity": "pub",
        "address": "Santurtzi"
      },
      "geometry": {
        "type": "Point",
        "coordinates": [
          -3.0396383,
          43.3321317
        ]
      }
    },
    {
      "type": "Feature",
      "properties": {
        "weight": 1.0
      },
      "geometry": {
        "type": "Point",
        "coordinates": [
          -2.9713131,
          43.332158
        ]
      }
    },
    {
      "type": "Feature",
      "properties": {
        "weight": 1.0
      },
      "geometry": {
        "type": "Point",
        "coordinates": [
          -2.9704591,
          43.3321797
        ]
      }
    },
    {
      "type": "Feature",
      "properties": {
        "weight": 1.0,
        "id": 1131335009,
        "hasDetails": true,
        "name": "Casa Leotta",
        "amenity": "fast_food",
        "cuisine": "pizza",
        "website": "https://www.casaleotta.es/"
      },
      "geometry": {
        "type": "Point",
        "coordinates": [
          -3.0033535,
          43.3322036
        ]
      }
    },
    {
      "type": "Feature",
      "properties": {
        "weight": 1.0,
        "id": 11666090326,
        "hasDetails": true,
        "name": "Mu\u00f1oz",
        "amenity": "pub",
        "address": "Mamariga kalea, Santurtzi",
        "names": [
          "Mu\u00f1oz",
          "Ahizpak"
        ]
      },
      "geometry": {
        "type": "Point",
        "coordinates": [
          -3.0400092,
          43.332265
        ]
      }
    },
    {
      "type": "Feature",
      "properties": {
        "weight": 1.0,
        "id": 11666090323,
        "hasDetails": true,
        "name": "Luna",
        "amenity": "pub",
        "address": "Mamariga kalea, Santurtzi"
      },
      "geometry": {
        "type": "Point",
        "coordinates": [
          -3.0394423,
          43.3322775
        ]
      }
    },
    {
      "type": "Feature",
      "properties": {
        "weight": 1.0,
        "id": 11666090322,
        "hasDetails": true,
        "name": "Leizalde",
        "amenity": "pub",
        "address": "Mamariga kalea, Santurtzi"
      },
      "geometry": {
        "type": "Point",
        "coordinates": [
          -3.0395739,
          43.3323608
        ]
      }
    },
    {
      "type": "Feature",
      "properties": {
        "weight": 1.0,
        "id": 1543434110,
        "hasDetails": true,
        "name": "Serantes",
        "amenity": "fast_food",
        "cuisine": "chicken"
      },
      "geometry": {
        "type": "Point",
        "coordinates": [
          -3.0376935,
          43.3323728
        ]
      }
    },
    {
      "type": "Feature",
      "properties": {
        "weight": 1.0,
        "id": 11666090321,
        "hasDetails": true,
        "name": "Taxka 3",
        "amenity": "pub",
        "address": "Mamariga kalea, Santurtzi"
      },
      "geometry": {
        "type": "Point",
        "coordinates": [
          -3.0397227,
          43.3324531
        ]
      }
    },
    {
      "type": "Feature",
      "properties": {
        "weight": 1.0
      },
      "geometry": {
        "type": "Point",
        "coordinates": [
          -2.9973039,
          43.3324708
        ]
      }
    },
    {
      "type": "Feature",
      "properties": {
        "weight": 1.0,
        "id": 11666090318,
        "hasDetails": true,
        "name": "Maisu",
        "amenity": "restaurant",
        "address": "Mamariga kalea, Santurtzi"
      },
      "geometry": {
        "type": "Point",
        "coordinates": [
          -3.0400697,
          43.3325096
        ]
      }
    },
    {
      "type": "Feature",
      "properties": {
        "weight": 1.0,
        "id": 11666090319,
        "hasDetails": true,
        "name": "Arraun",
        "amenity": "cafe",
        "address": "Calle Bogadores, Santurtzi",
        "outdoor_seating": "yes"
      },
      "geometry": {
        "type": "Point",
        "coordinates": [
          -3.0395869,
          43.3327509
        ]
      }
    },
    {
      "type": "Feature",
      "properties": {
        "weight": 1.0,
        "id": 2245269861,
        "hasDetails": true,
        "name": "Cervecer\u00eda Santurtzi",
        "amenity": "restaurant",
        "cuisine": "chicken",
        "address": "Calle Capit\u00e1n Mendiaz\u00e1bal 44",
        "website": "https://www.cerveceriasanturtzi.com/"
      },
      "geometry": {
        "type": "Point",
        "coordinates": [
          -3.0367766,
          43.3328586
        ]
      }
    },
    {
      "type": "Feature",
      "properties": {
        "weight": 1.0,
        "id": 11666090320,
        "hasDetails": true,
        "name": "Blanco y Negro",
        "amenity": "pub",
        "address": "Regales kalea, Santurtzi"
      },
      "geometry": {
        "type": "Point",
        "coordinates": [
          -3.0403742,
          43.3329126
        ]
      }
    },
    {
      "type": "Feature",
      "properties": {
        "weight": 1.0
      },
      "geometry": {
        "type": "Point",
        "coordinates": [
          -3.0063812,
          43.3330036
        ]
      }
    },
    {
      "type": "Feature",
      "properties": {
        "weight": 1.0,
        "id": 7486945607,
        "hasDetails": true,
        "name": "Okinder",
        "amenity": "cafe",
        "cuisine": "coffee_shop",
        "address": "Calle Artatza 14, Leioa - Lejona",
        "outdoor_seating": "yes"
      },
      "geometry": {
        "type": "Point",
        "coordinates": [
          -2.9985324,
          43.3330701
        ]
      }
    },
    {
      "type": "Feature",
      "properties": {
        "weight": 1.0,
        "id": 10086784725,
        "hasDetails": true,
        "name": "Miramar",
        "amenity": "cafe",
        "outdoor_seating": "yes"
      },
      "geometry": {
        "type": "Point",
        "coordinates": [
          -3.0376511,
          43.3333819
        ]
      }
    },
    {
      "type": "Feature",
      "properties": {
        "weight": 1.0,
        "id": 1340150532,
        "hasDetails": true,
        "name": "Restaurante Kurtze Bekoa",
        "amenity": "restaurant",
        "address": "Barrio Santsoena 5, Leioa - Lejona",
        "opening_hours": "08:00-00:00"
      },
      "geometry": {
        "type": "Point",
        "coordinates": [
          -2.9756868,
          43.3341353
        ]
      }
    },
    {
      "type": "Feature",
      "properties": {
        "weight": 1.0,
        "id": 358598005,
        "hasDetails": true,
        "name": "Goikolanda",
        "amenity": "restaurant",
        "cuisine": "regional",
        "website": "https://goikolanda.es/"
      },
      "geometry": {
        "type": "Point",
        "coordinates": [
          -2.9374505,
          43.3341784
        ]
      }
    },
    {
      "type": "Feature",
      "properties": {
        "weight": 1.0
      },
      "geometry": {
        "type": "Point",
        "coordinates": [
          -2.980039,
          43.3345022
        ]
      }
    },
    {
      "type": "Feature",
      "properties": {
        "weight": 1.0
      },
      "geometry": {
        "type": "Point",
        "coordinates": [
          -2.9820803,
          43.3354123
        ]
      }
    },
    {
      "type": "Feature",
      "properties": {
        "weight": 1.0
      },
      "geometry": {
        "type": "Point",
        "coordinates": [
          -3.0024382,
          43.3364388
        ]
      }
    },
    {
      "type": "Feature",
      "properties": {
        "weight": 1.0,
        "id": 11663005069,
        "hasDetails": true,
        "name": "Parrillas del Mar",
        "amenity": "restaurant",
        "address": "Puerto Deportivo Getxo",
        "website": "https://parrillasdelmargetxo.com/"
      },
      "geometry": {
        "type": "Point",
        "coordinates": [
          -3.0149324,
          43.3390507
        ]
      }
    },
    {
      "type": "Feature",
      "properties": {
        "weight": 1.0
      },
      "geometry": {
        "type": "Point",
        "coordinates": [
          -3.015037,
          43.3392968
        ]
      }
    },
    {
      "type": "Feature",
      "properties": {
        "weight": 1.0,
        "id": 7515072503,
        "hasDetails": true,
        "name": "Cabo Matxitxako",
        "amenity": "restaurant",
        "website": "https://www.cabomatxitxako.com/"
      },
      "geometry": {
        "type": "Point",
        "coordinates": [
          -3.0151159,
          43.3393742
        ]
      }
    },
    {
      "type": "Feature",
      "properties": {
        "weight": 1.0
      },
      "geometry": {
        "type": "Point",
        "coordinates": [
          -3.0152135,
          43.3394333
        ]
      }
    },
    {
      "type": "Feature",
      "properties": {
        "weight": 1.0
      },
      "geometry": {
        "type": "Point",
        "coordinates": [
          -3.0153294,
          43.3395176
        ]
      }
    },
    {
      "type": "Feature",
      "properties": {
        "weight": 1.0,
        "id": 7528486422,
        "hasDetails": true,
        "name": "Cervecera El Puerto",
        "amenity": "biergarten",
        "outdoor_seating": "yes"
      },
      "geometry": {
        "type": "Point",
        "coordinates": [
          -3.0157652,
          43.3396847
        ]
      }
    },
    {
      "type": "Feature",
      "properties": {
        "weight": 1.0,
        "id": 424942889,
        "hasDetails": true,
        "name": "MiGaea",
        "amenity": "restaurant",
        "website": "http://www.restaurantemigaea.com"
      },
      "geometry": {
        "type": "Point",
        "coordinates": [
          -3.0085704,
          43.3398449
        ]
      }
    },
    {
      "type": "Feature",
      "properties": {
        "weight": 1.0,
        "id": 7468014575,
        "hasDetails": true,
        "name": "The Mexican",
        "amenity": "restaurant",
        "cuisine": "mexican",
        "names": [
          "The Mexican",
          "La Fontana"
        ]
      },
      "geometry": {
        "type": "Point",
        "coordinates": [
          -3.0157076,
          43.3398908
        ]
      }
    },
    {
      "type": "Feature",
      "properties": {
        "weight": 1.0
      },
      "geometry": {
        "type": "Point",
        "coordinates": [
          -3.0162091,
          43.3399069
        ]
      }
    },
    {
      "type": "Feature",
      "properties": {
        "weight": 1.0,
        "id": 7468014577,
        "hasDetails": true,
        "name": "Stadium",
        "amenity": "restaurant",
        "cuisine": "american",
        "names": [
          "Stadium",
          "Madras"
        ]
      },
      "geometry": {
        "type": "Point",
        "coordinates": [
          -3.0158108,
          43.339963
        ]
      }
    },
    {
      "type": "Feature",
      "properties": {
        "weight": 1.0,
        "id": 8755554271,
        "hasDetails": true,
        "name": "Dando la Brasa",
        "amenity": "restaurant",
        "cuisine": "regional",
        "address": "Getxo"
      },
      "geometry": {
        "type": "Point",
        "coordinates": [
          -3.0021582,
          43.3400451
        ]
      }
    },
    {
      "type": "Feature",
      "properties": {
        "weight": 1.0,
        "id": 7468014579,
        "hasDetails": true,
        "name": "King Doner Kebab",
        "amenity": "restaurant",
        "cuisine": "turkish",
        "names": [
          "King Doner Kebab",
          "Krunch"
        ],
        "amenities": [
          "restaurant",
          "fast_food"
        ]
      },
      "geometry": {
        "type": "Point",
        "coordinates": [
          -3.0159423,
          43.3400488
        ]
      }
    },
    {
      "type": "Feature",
      "properties": {
        "weight": 1.0
      },
      "geometry": {
        "type": "Point",
        "coordinates": [
          -3.0069514,
          43.3402495
        ]
      }
    },
    {
      "type": "Feature",
      "properties": {
        "weight": 1.0,
        "id": 940833037,
        "hasDetails": true,
        "name": "Aberasturi",
        "amenity": "ice_cream",
        "outdoor_seating": "yes"
      },
      "geometry": {
        "type": "Point",
        "coordinates": [
          -3.0164622,
          43.3402982
        ]
      }
    },
    {
      "type": "Feature",
      "properties": {
        "weight": 1.0
      },
      "geometry": {
        "type": "Point",
        "coordinates": [
          -3.0073968,
          43.3406451
        ]
      }
    },
    {
      "type": "Feature",
      "properties": {
        "weight": 1.0
      },
      "geometry": {
        "type": "Point",
        "coordinates": [
          -2.9902345,
          43.3407535
        ]
      }
    },
    {
      "type": "Feature",
      "properties": {
        "weight": 1.0,
        "id": 9846902432,
        "hasDetails": true,
        "name": "El Din\u00e1mico",
        "amenity": "fast_food",
        "cuisine": "burger"
      },
      "geometry": {
        "type": "Point",
        "coordinates": [
          -2.9900617,
          43.3407757
        ]
      }
    },
    {
      "type": "Feature",
      "properties": {
        "weight": 1.0
      },
      "geometry": {
        "type": "Point",
        "coordinates": [
          -2.9899031,
          43.3407831
        ]
      }
    },
    {
      "type": "Feature",
      "properties": {
        "weight": 1.0,
        "id": 9846902434,
        "hasDetails": true,
        "name": "100 Montaditos",
        "amenity": "restaurant",
        "cuisine": "sandwich"
      },
      "geometry": {
        "type": "Point",
        "coordinates": [
          -2.9897852,
          43.3408703
        ]
      }
    },
    {
      "type": "Feature",
      "properties": {
        "weight": 1.0,
        "id": 9846902435,
        "hasDetails": true,
        "name": "Sugoi Ramen",
        "amenity": "restaurant",
        "cuisine": "japanese"
      },
      "geometry": {
        "type": "Point",
        "coordinates": [
          -2.9897019,
          43.3410152
        ]
      }
    },
    {
      "type": "Feature",
      "properties": {
        "weight": 1.0
      },
      "geometry": {
        "type": "Point",
        "coordinates": [
          -2.9898991,
          43.3410344
        ]
      }
    },
    {
      "type": "Feature",
      "properties": {
        "weight": 1.0,
        "id": 9846902426,
        "hasDetails": true,
        "name": "La Tagliatella",
        "amenity": "restaurant",
        "cuisine": "italian",
        "names": [
          "La Tagliatella",
          "Taco Bell"
        ],
        "amenities": [
          "restaurant",
          "fast_food"
        ]
      },
      "geometry": {
        "type": "Point",
        "coordinates": [
          -2.9902487,
          43.3410418
        ]
      }
    },
    {
      "type": "Feature",
      "properties": {
        "weight": 1.0
      },
      "geometry": {
        "type": "Point",
        "coordinates": [
          -2.9898361,
          43.3411261
        ]
      }
    },
    {
      "type": "Feature",
      "properties": {
        "weight": 1.0,
        "id": 7528486418,
        "hasDetails": true,
        "name": "Tamarises Izarra",
        "amenity": "restaurant",
        "website": "https://tamarisesizarra.com/",
        "opening_hours": "Mo-Su 13:00-16:00,20:00-24:00; PH closed",
        "outdoor_seating": "yes"
      },
      "geometry": {
        "type": "Point",
        "coordinates": [
          -3.0117807,
          43.3430699
        ]
      }
    },
    {
      "type": "Feature",
      "properties": {
        "weight": 1.0,
        "id": 7528486419,
        "hasDetails": true,
        "name": "Tamarises Bistrot",
        "amenity": "restaurant",
        "website": "https://tamarisesbistrot.com/"
      },
      "geometry": {
        "type": "Point",
        "coordinates": [
          -3.0116974,
          43.3432517
        ]
      }
    },
    {
      "type": "Feature",
      "properties": {
        "weight": 1.0,
        "id": 7528486414,
        "hasDetails": true,
        "name": "Gelati!! Gelati!!",
        "amenity": "ice_cream",
        "address": "Ereagako Kaia, Getxo",
        "website": "https://gelatigelati.com/",
        "outdoor_seating": "no"
      },
      "geometry": {
        "type": "Point",
        "coordinates": [
          -3.0120897,
          43.3434054
        ]
      }
    },
    {
      "type": "Feature",
      "properties": {
        "weight": 1.0,
        "id": 14227205447,
        "hasDetails": true,
        "amenity": "cafe",
        "cuisine": "breakfast",
        "address": "Arkotxa kalea 13, Getxo",
        "opening_hours": "Mo-Fr 07:30-16:00",
        "outdoor_seating": "yes"
      },
      "geometry": {
        "type": "Point",
        "coordinates": [
          -3.0063938,
          43.3435837
        ]
      }
    },
    {
      "type": "Feature",
      "properties": {
        "weight": 1.0,
        "id": 7528486415,
        "hasDetails": true,
        "name": "Capra",
        "amenity": "ice_cream",
        "outdoor_seating": "no"
      },
      "geometry": {
        "type": "Point",
        "coordinates": [
          -3.0121161,
          43.3436257
        ]
      }
    },
    {
      "type": "Feature",
      "properties": {
        "weight": 1.0
      },
      "geometry": {
        "type": "Point",
        "coordinates": [
          -3.0009806,
          43.3439862
        ]
      }
    },
    {
      "type": "Feature",
      "properties": {
        "weight": 1.0,
        "id": 7528486416,
        "hasDetails": true,
        "name": "Brasserie",
        "amenity": "restaurant",
        "website": "https://brasserie-igeretxe.com/"
      },
      "geometry": {
        "type": "Point",
        "coordinates": [
          -3.0118559,
          43.3440219
        ]
      }
    },
    {
      "type": "Feature",
      "properties": {
        "weight": 1.0,
        "id": 7528486417,
        "hasDetails": true,
        "name": "Veranda",
        "amenity": "restaurant",
        "website": "https://www.laverandacafe.es/"
      },
      "geometry": {
        "type": "Point",
        "coordinates": [
          -3.0119047,
          43.3442954
        ]
      }
    },
    {
      "type": "Feature",
      "properties": {
        "weight": 1.0,
        "id": 7394495288,
        "hasDetails": true,
        "name": "Mec Mec",
        "amenity": "fast_food",
        "cuisine": "burger;pizza;sandwich",
        "address": "Makaleta etorbidea",
        "website": "https://www.pizzeriamecmec.com/"
      },
      "geometry": {
        "type": "Point",
        "coordinates": [
          -3.0009117,
          43.3444291
        ]
      }
    },
    {
      "type": "Feature",
      "properties": {
        "weight": 1.0,
        "id": 624206872,
        "hasDetails": true,
        "name": "La Terraza",
        "amenity": "restaurant",
        "cuisine": "regional",
        "outdoor_seating": "yes"
      },
      "geometry": {
        "type": "Point",
        "coordinates": [
          -3.011767,
          43.3451693
        ]
      }
    },
    {
      "type": "Feature",
      "properties": {
        "weight": 1.0,
        "id": 11348734848,
        "hasDetails": true,
        "name": "La Landa",
        "amenity": "cafe",
        "outdoor_seating": "no"
      },
      "geometry": {
        "type": "Point",
        "coordinates": [
          -3.0080016,
          43.3458039
        ]
      }
    },
    {
      "type": "Feature",
      "properties": {
        "weight": 1.0
      },
      "geometry": {
        "type": "Point",
        "coordinates": [
          -3.0118224,
          43.3459514
        ]
      }
    },
    {
      "type": "Feature",
      "properties": {
        "weight": 1.0
      },
      "geometry": {
        "type": "Point",
        "coordinates": [
          -2.8817218,
          43.3463547
        ]
      }
    },
    {
      "type": "Feature",
      "properties": {
        "weight": 1.0
      },
      "geometry": {
        "type": "Point",
        "coordinates": [
          -3.0115577,
          43.3469112
        ]
      }
    },
    {
      "type": "Feature",
      "properties": {
        "weight": 1.0
      },
      "geometry": {
        "type": "Point",
        "coordinates": [
          -3.0083482,
          43.346987
        ]
      }
    },
    {
      "type": "Feature",
      "properties": {
        "weight": 1.0,
        "id": 8903342184,
        "hasDetails": true,
        "name": "Taberna Alango",
        "amenity": "bar",
        "outdoor_seating": "yes"
      },
      "geometry": {
        "type": "Point",
        "coordinates": [
          -3.009947,
          43.3476945
        ]
      }
    },
    {
      "type": "Feature",
      "properties": {
        "weight": 1.0,
        "id": 705462094,
        "hasDetails": true,
        "name": "Alvarito's",
        "amenity": "fast_food",
        "cuisine": "burger",
        "website": "http://alvaritosbar.com/"
      },
      "geometry": {
        "type": "Point",
        "coordinates": [
          -3.0094533,
          43.3479414
        ]
      }
    },
    {
      "type": "Feature",
      "properties": {
        "weight": 1.0,
        "id": 5272550747,
        "hasDetails": true,
        "name": "Kala Kantarepe",
        "amenity": "cafe",
        "outdoor_seating": "yes"
      },
      "geometry": {
        "type": "Point",
        "coordinates": [
          -3.0082599,
          43.3480768
        ]
      }
    },
    {
      "type": "Feature",
      "properties": {
        "weight": 1.0,
        "id": 7391916680,
        "hasDetails": true,
        "name": "Taroku",
        "amenity": "restaurant",
        "cuisine": "asian"
      },
      "geometry": {
        "type": "Point",
        "coordinates": [
          -3.0084569,
          43.3481518
        ]
      }
    },
    {
      "type": "Feature",
      "properties": {
        "weight": 1.0,
        "id": 4395770612,
        "hasDetails": true,
        "name": "Pizzeria Tot\u00f3",
        "amenity": "restaurant",
        "cuisine": "pizza",
        "website": "https://www.pizzeriatoto.es/"
      },
      "geometry": {
        "type": "Point",
        "coordinates": [
          -3.0099753,
          43.3481528
        ]
      }
    },
    {
      "type": "Feature",
      "properties": {
        "weight": 1.0,
        "id": 4446088883,
        "hasDetails": true,
        "name": "Carpanta",
        "amenity": "restaurant",
        "cuisine": "burger;german",
        "address": "Euskal Herria kalea 17, Getxo",
        "website": "https://carpantaalgorta.com/",
        "opening_hours": "Th-Su 20:00-23:00"
      },
      "geometry": {
        "type": "Point",
        "coordinates": [
          -3.0079744,
          43.3481881
        ]
      }
    },
    {
      "type": "Feature",
      "properties": {
        "weight": 1.0
      },
      "geometry": {
        "type": "Point",
        "coordinates": [
          -3.0041464,
          43.3483957
        ]
      }
    },
    {
      "type": "Feature",
      "properties": {
        "weight": 1.0
      },
      "geometry": {
        "type": "Point",
        "coordinates": [
          -3.0032911,
          43.3484743
        ]
      }
    },
    {
      "type": "Feature",
      "properties": {
        "weight": 1.0
      },
      "geometry": {
        "type": "Point",
        "coordinates": [
          -3.0110011,
          43.3485248
        ]
      }
    },
    {
      "type": "Feature",
      "properties": {
        "weight": 1.0,
        "id": 5261043421,
        "hasDetails": true,
        "name": "La Cantinita",
        "amenity": "fast_food",
        "cuisine": "mexican",
        "address": "Basagoiti etorbidea 49",
        "website": "https://lacantinitadegetxo.com/",
        "outdoor_seating": "yes"
      },
      "geometry": {
        "type": "Point",
        "coordinates": [
          -3.011193,
          43.3486383
        ]
      }
    },
    {
      "type": "Feature",
      "properties": {
        "weight": 1.0,
        "id": 7470103573,
        "hasDetails": true,
        "name": "Mandr\u00e1gora",
        "amenity": "restaurant",
        "address": "Alangobarri kalea 9, Getxo",
        "website": "https://www.mandragoragetxo.com/"
      },
      "geometry": {
        "type": "Point",
        "coordinates": [
          -3.0098809,
          43.3486756
        ]
      }
    },
    {
      "type": "Feature",
      "properties": {
        "weight": 1.0,
        "id": 4839724309,
        "hasDetails": true,
        "name": "Ekia",
        "amenity": "pub",
        "address": "Basagoiti etorbidea 46, Getxo",
        "outdoor_seating": "yes"
      },
      "geometry": {
        "type": "Point",
        "coordinates": [
          -3.0110246,
          43.3486843
        ]
      }
    },
    {
      "type": "Feature",
      "properties": {
        "weight": 1.0,
        "id": 7391627106,
        "hasDetails": true,
        "name": "Etxetxu Berria",
        "amenity": "pub",
        "address": "Amezti kalea 2"
      },
      "geometry": {
        "type": "Point",
        "coordinates": [
          -3.0108509,
          43.348784
        ]
      }
    },
    {
      "type": "Feature",
      "properties": {
        "weight": 1.0,
        "id": 519407877,
        "hasDetails": true,
        "name": "Satistegi Jatetxea",
        "amenity": "restaurant",
        "outdoor_seating": "no",
        "names": [
          "Satistegi Jatetxea",
          "Bodeguilla Caza"
        ],
        "amenities": [
          "restaurant",
          "bar"
        ]
      },
      "geometry": {
        "type": "Point",
        "coordinates": [
          -3.0113765,
          43.3488362
        ]
      }
    },
    {
      "type": "Feature",
      "properties": {
        "weight": 1.0,
        "id": 4839724310,
        "hasDetails": true,
        "name": "Brasagoiti Bar",
        "amenity": "fast_food",
        "address": "Basagoiti etorbidea 50, Getxo",
        "names": [
          "Brasagoiti Bar",
          "El Rinc\u00f3n de Sandra"
        ],
        "amenities": [
          "fast_food",
          "pub"
        ]
      },
      "geometry": {
        "type": "Point",
        "coordinates": [
          -3.0113236,
          43.3489213
        ]
      }
    },
    {
      "type": "Feature",
      "properties": {
        "weight": 1.0,
        "id": 4839704927,
        "hasDetails": true,
        "name": "Tipula",
        "amenity": "restaurant",
        "cuisine": "burger",
        "address": "Orobio kalea 2, Getxo",
        "website": "https://tipula.es/"
      },
      "geometry": {
        "type": "Point",
        "coordinates": [
          -3.0111027,
          43.348951
        ]
      }
    },
    {
      "type": "Feature",
      "properties": {
        "weight": 1.0,
        "id": 4311525566,
        "hasDetails": true,
        "name": "Itxas Bide Taberna",
        "amenity": "restaurant",
        "cuisine": "tapas",
        "address": "Ereagako Kaia 20",
        "opening_hours": "Su-Th 09:15-23:00; Fr-Sa 09:15-23:30",
        "outdoor_seating": "yes"
      },
      "geometry": {
        "type": "Point",
        "coordinates": [
          -3.0144788,
          43.3489592
        ]
      }
    },
    {
      "type": "Feature",
      "properties": {
        "weight": 1.0
      },
      "geometry": {
        "type": "Point",
        "coordinates": [
          -3.0049938,
          43.3489681
        ]
      }
    },
    {
      "type": "Feature",
      "properties": {
        "weight": 1.0
      },
      "geometry": {
        "type": "Point",
        "coordinates": [
          -3.0090246,
          43.3489778
        ]
      }
    },
    {
      "type": "Feature",
      "properties": {
        "weight": 1.0,
        "id": 5273671330,
        "hasDetails": true,
        "name": "Lamami - Txinuk",
        "amenity": "pub",
        "address": "Euskal Herria kalea 2",
        "opening_hours": "Mo-We 09:00-15:00,18:00-23:00; Th 09:00-15:00,18:00-24:00; Fr 09:00-15:00,18:00-02:00; Sa 10:00-02:00; Su 10:00-23:00",
        "outdoor_seating": "yes"
      },
      "geometry": {
        "type": "Point",
        "coordinates": [
          -3.0099133,
          43.349056
        ]
      }
    },
    {
      "type": "Feature",
      "properties": {
        "weight": 1.0
      },
      "geometry": {
        "type": "Point",
        "coordinates": [
          -3.0114681,
          43.3490632
        ]
      }
    },
    {
      "type": "Feature",
      "properties": {
        "weight": 1.0,
        "id": 5832855935,
        "hasDetails": true,
        "amenity": "fast_food",
        "cuisine": "kebab;pollo_asado",
        "address": "Orobio kalea 2, Getxo",
        "outdoor_seating": "no"
      },
      "geometry": {
        "type": "Point",
        "coordinates": [
          -3.0111679,
          43.3490643
        ]
      }
    },
    {
      "type": "Feature",
      "properties": {
        "weight": 1.0
      },
      "geometry": {
        "type": "Point",
        "coordinates": [
          -3.0057137,
          43.3490837
        ]
      }
    },
    {
      "type": "Feature",
      "properties": {
        "weight": 1.0
      },
      "geometry": {
        "type": "Point",
        "coordinates": [
          -3.0147637,
          43.3491726
        ]
      }
    },
    {
      "type": "Feature",
      "properties": {
        "weight": 1.0,
        "id": 5923713050,
        "hasDetails": true,
        "name": "Zodiakos",
        "amenity": "pub",
        "outdoor_seating": "yes"
      },
      "geometry": {
        "type": "Point",
        "coordinates": [
          -3.0098151,
          43.3492276
        ]
      }
    },
    {
      "type": "Feature",
      "properties": {
        "weight": 1.0
      },
      "geometry": {
        "type": "Point",
        "coordinates": [
          -3.010681,
          43.3492723
        ]
      }
    },
    {
      "type": "Feature",
      "properties": {
        "weight": 1.0
      },
      "geometry": {
        "type": "Point",
        "coordinates": [
          -3.0099055,
          43.3492951
        ]
      }
    },
    {
      "type": "Feature",
      "properties": {
        "weight": 1.0
      },
      "geometry": {
        "type": "Point",
        "coordinates": [
          -3.0146124,
          43.349399
        ]
      }
    },
    {
      "type": "Feature",
      "properties": {
        "weight": 1.0,
        "id": 12143007579,
        "hasDetails": true,
        "name": "Amua",
        "amenity": "pub",
        "address": "Euskal Herria kalea, Getxo"
      },
      "geometry": {
        "type": "Point",
        "coordinates": [
          -3.0100704,
          43.3494288
        ]
      }
    },
    {
      "type": "Feature",
      "properties": {
        "weight": 1.0
      },
      "geometry": {
        "type": "Point",
        "coordinates": [
          -3.0116621,
          43.3494578
        ]
      }
    },
    {
      "type": "Feature",
      "properties": {
        "weight": 1.0
      },
      "geometry": {
        "type": "Point",
        "coordinates": [
          -3.012183,
          43.3494927
        ]
      }
    },
    {
      "type": "Feature",
      "properties": {
        "weight": 1.0
      },
      "geometry": {
        "type": "Point",
        "coordinates": [
          -3.0145843,
          43.3496031
        ]
      }
    },
    {
      "type": "Feature",
      "properties": {
        "weight": 1.0,
        "id": 12147633731,
        "hasDetails": true,
        "name": "Eskarra",
        "amenity": "pub",
        "address": "Torrene kalea 1, Getxo",
        "outdoor_seating": "yes"
      },
      "geometry": {
        "type": "Point",
        "coordinates": [
          -3.0116364,
          43.3496376
        ]
      }
    },
    {
      "type": "Feature",
      "properties": {
        "weight": 1.0
      },
      "geometry": {
        "type": "Point",
        "coordinates": [
          -3.0040426,
          43.3496474
        ]
      }
    },
    {
      "type": "Feature",
      "properties": {
        "weight": 1.0,
        "id": 3045881172,
        "hasDetails": true,
        "name": "Karola Etxea",
        "amenity": "restaurant",
        "cuisine": "fish;seafood",
        "address": "Aretxondo kalea 22, Algorta"
      },
      "geometry": {
        "type": "Point",
        "coordinates": [
          -3.0143699,
          43.3497353
        ]
      }
    },
    {
      "type": "Feature",
      "properties": {
        "weight": 1.0,
        "id": 512360126,
        "hasDetails": true,
        "name": "Teilagorri",
        "amenity": "restaurant",
        "address": "Algortako etorbidea 55, Getxo",
        "website": "https://restaurantetellagorri.com/"
      },
      "geometry": {
        "type": "Point",
        "coordinates": [
          -3.0119055,
          43.3497634
        ]
      }
    },
    {
      "type": "Feature",
      "properties": {
        "weight": 1.0,
        "id": 11114422005,
        "hasDetails": true,
        "name": "Arraun Jatetxea",
        "amenity": "restaurant",
        "cuisine": "fish;local;spanish",
        "address": "Aretxondo kalea 20"
      },
      "geometry": {
        "type": "Point",
        "coordinates": [
          -3.0142493,
          43.3498089
        ]
      }
    },
    {
      "type": "Feature",
      "properties": {
        "weight": 1.0,
        "id": 969148716,
        "hasDetails": true,
        "name": "Ugartena",
        "amenity": "restaurant",
        "address": "Caridad kalea 2, Getxo"
      },
      "geometry": {
        "type": "Point",
        "coordinates": [
          -3.0123881,
          43.3498458
        ]
      }
    },
    {
      "type": "Feature",
      "properties": {
        "weight": 1.0
      },
      "geometry": {
        "type": "Point",
        "coordinates": [
          -3.0122082,
          43.3498599
        ]
      }
    },
    {
      "type": "Feature",
      "properties": {
        "weight": 1.0,
        "id": 11953023269,
        "hasDetails": true,
        "name": "Tximist azoka tabern",
        "amenity": "fast_food",
        "cuisine": "burger"
      },
      "geometry": {
        "type": "Point",
        "coordinates": [
          -3.0106473,
          43.3499353
        ]
      }
    },
    {
      "type": "Feature",
      "properties": {
        "weight": 1.0,
        "id": 5273668601,
        "hasDetails": true,
        "name": "Unai",
        "amenity": "restaurant",
        "outdoor_seating": "yes"
      },
      "geometry": {
        "type": "Point",
        "coordinates": [
          -3.0115575,
          43.3500386
        ]
      }
    },
    {
      "type": "Feature",
      "properties": {
        "weight": 1.0
      },
      "geometry": {
        "type": "Point",
        "coordinates": [
          -3.0120369,
          43.3500633
        ]
      }
    },
    {
      "type": "Feature",
      "properties": {
        "weight": 1.0
      },
      "geometry": {
        "type": "Point",
        "coordinates": [
          -3.0030898,
          43.3504705
        ]
      }
    },
    {
      "type": "Feature",
      "properties": {
        "weight": 1.0
      },
      "geometry": {
        "type": "Point",
        "coordinates": [
          -3.0106427,
          43.3506415
        ]
      }
    },
    {
      "type": "Feature",
      "properties": {
        "weight": 1.0
      },
      "geometry": {
        "type": "Point",
        "coordinates": [
          -3.0035928,
          43.3506647
        ]
      }
    },
    {
      "type": "Feature",
      "properties": {
        "weight": 1.0
      },
      "geometry": {
        "type": "Point",
        "coordinates": [
          -3.0117117,
          43.3507129
        ]
      }
    },
    {
      "type": "Feature",
      "properties": {
        "weight": 1.0
      },
      "geometry": {
        "type": "Point",
        "coordinates": [
          -3.011979,
          43.350749
        ]
      }
    },
    {
      "type": "Feature",
      "properties": {
        "weight": 1.0,
        "id": 519817022,
        "hasDetails": true,
        "name": "Golden Horse",
        "amenity": "restaurant",
        "cuisine": "chinese;asian",
        "address": "Villaondoeta kalea 14",
        "website": "http://restaurantegoldenhorse.com/"
      },
      "geometry": {
        "type": "Point",
        "coordinates": [
          -3.0037162,
          43.3507801
        ]
      }
    },
    {
      "type": "Feature",
      "properties": {
        "weight": 1.0
      },
      "geometry": {
        "type": "Point",
        "coordinates": [
          -3.00394,
          43.350818
        ]
      }
    },
    {
      "type": "Feature",
      "properties": {
        "weight": 1.0
      },
      "geometry": {
        "type": "Point",
        "coordinates": [
          -3.0101367,
          43.3508294
        ]
      }
    },
    {
      "type": "Feature",
      "properties": {
        "weight": 1.0
      },
      "geometry": {
        "type": "Point",
        "coordinates": [
          -3.0085849,
          43.3508337
        ]
      }
    },
    {
      "type": "Feature",
      "properties": {
        "weight": 1.0,
        "id": 573261850,
        "hasDetails": true,
        "name": "Salem",
        "amenity": "cafe",
        "address": "Basagoiti etorbidea 71, Getxo"
      },
      "geometry": {
        "type": "Point",
        "coordinates": [
          -3.0119981,
          43.3508653
        ]
      }
    },
    {
      "type": "Feature",
      "properties": {
        "weight": 1.0
      },
      "geometry": {
        "type": "Point",
        "coordinates": [
          -3.003803,
          43.3509162
        ]
      }
    },
    {
      "type": "Feature",
      "properties": {
        "weight": 1.0
      },
      "geometry": {
        "type": "Point",
        "coordinates": [
          -3.0036173,
          43.3509441
        ]
      }
    },
    {
      "type": "Feature",
      "properties": {
        "weight": 1.0,
        "id": 519173456,
        "hasDetails": true,
        "name": "Kebab",
        "amenity": "fast_food",
        "cuisine": "kebab"
      },
      "geometry": {
        "type": "Point",
        "coordinates": [
          -3.0054706,
          43.3510263
        ]
      }
    },
    {
      "type": "Feature",
      "properties": {
        "weight": 1.0
      },
      "geometry": {
        "type": "Point",
        "coordinates": [
          -3.0122414,
          43.3510516
        ]
      }
    },
    {
      "type": "Feature",
      "properties": {
        "weight": 1.0,
        "id": 8980654795,
        "hasDetails": true,
        "name": "King Kebab Doner Asia",
        "amenity": "fast_food",
        "cuisine": "kebab"
      },
      "geometry": {
        "type": "Point",
        "coordinates": [
          -3.0085252,
          43.3510796
        ]
      }
    },
    {
      "type": "Feature",
      "properties": {
        "weight": 1.0
      },
      "geometry": {
        "type": "Point",
        "coordinates": [
          -3.0123463,
          43.3511506
        ]
      }
    },
    {
      "type": "Feature",
      "properties": {
        "weight": 1.0,
        "id": 519219768,
        "hasDetails": true,
        "name": "Telepizza",
        "amenity": "fast_food",
        "cuisine": "pizza"
      },
      "geometry": {
        "type": "Point",
        "coordinates": [
          -3.0116607,
          43.3511884
        ]
      }
    },
    {
      "type": "Feature",
      "properties": {
        "weight": 1.0
      },
      "geometry": {
        "type": "Point",
        "coordinates": [
          -3.010027,
          43.3512735
        ]
      }
    },
    {
      "type": "Feature",
      "properties": {
        "weight": 1.0,
        "id": 519366584,
        "hasDetails": true,
        "name": "Saigon",
        "amenity": "restaurant",
        "cuisine": "vietnamese"
      },
      "geometry": {
        "type": "Point",
        "coordinates": [
          -3.011856,
          43.3513255
        ]
      }
    },
    {
      "type": "Feature",
      "properties": {
        "weight": 1.0
      },
      "geometry": {
        "type": "Point",
        "coordinates": [
          -3.0057619,
          43.3513801
        ]
      }
    },
    {
      "type": "Feature",
      "properties": {
        "weight": 1.0
      },
      "geometry": {
        "type": "Point",
        "coordinates": [
          -3.0120216,
          43.3514097
        ]
      }
    },
    {
      "type": "Feature",
      "properties": {
        "weight": 1.0,
        "id": 4602292211,
        "hasDetails": true,
        "name": "Villamonte taberna",
        "amenity": "cafe",
        "cuisine": "pintxoak",
        "outdoor_seating": "yes"
      },
      "geometry": {
        "type": "Point",
        "coordinates": [
          -3.0086706,
          43.351419
        ]
      }
    },
    {
      "type": "Feature",
      "properties": {
        "weight": 1.0
      },
      "geometry": {
        "type": "Point",
        "coordinates": [
          -3.0132268,
          43.351479
        ]
      }
    },
    {
      "type": "Feature",
      "properties": {
        "weight": 1.0,
        "id": 4602292528,
        "hasDetails": true,
        "name": "Triku Taberna",
        "amenity": "bar",
        "outdoor_seating": "terrace"
      },
      "geometry": {
        "type": "Point",
        "coordinates": [
          -3.0087789,
          43.3515609
        ]
      }
    },
    {
      "type": "Feature",
      "properties": {
        "weight": 1.0
      },
      "geometry": {
        "type": "Point",
        "coordinates": [
          -3.0122423,
          43.3515691
        ]
      }
    },
    {
      "type": "Feature",
      "properties": {
        "weight": 1.0,
        "id": 8985333367,
        "hasDetails": true,
        "name": "Jolas-Aurre",
        "amenity": "cafe",
        "cuisine": "international;pintxos",
        "outdoor_seating": "yes"
      },
      "geometry": {
        "type": "Point",
        "coordinates": [
          -3.0124386,
          43.3516774
        ]
      }
    },
    {
      "type": "Feature",
      "properties": {
        "weight": 1.0,
        "id": 4446055831,
        "hasDetails": true,
        "name": "Nikkou",
        "amenity": "restaurant",
        "cuisine": "japanese"
      },
      "geometry": {
        "type": "Point",
        "coordinates": [
          -3.0125478,
          43.3517906
        ]
      }
    },
    {
      "type": "Feature",
      "properties": {
        "weight": 1.0,
        "id": 11645057564,
        "hasDetails": true,
        "name": "Aita Mari",
        "amenity": "pub",
        "opening_hours": "Mo-Fr 09:30-14:00,16:30-20:00; Sa 10:00-14:00"
      },
      "geometry": {
        "type": "Point",
        "coordinates": [
          -3.0103354,
          43.3518008
        ]
      }
    },
    {
      "type": "Feature",
      "properties": {
        "weight": 1.0
      },
      "geometry": {
        "type": "Point",
        "coordinates": [
          -3.0089227,
          43.3518826
        ]
      }
    },
    {
      "type": "Feature",
      "properties": {
        "weight": 1.0
      },
      "geometry": {
        "type": "Point",
        "coordinates": [
          -3.0098489,
          43.3520314
        ]
      }
    },
    {
      "type": "Feature",
      "properties": {
        "weight": 1.0
      },
      "geometry": {
        "type": "Point",
        "coordinates": [
          -3.0102754,
          43.3520431
        ]
      }
    },
    {
      "type": "Feature",
      "properties": {
        "weight": 1.0,
        "id": 183205592,
        "hasDetails": true,
        "name": "Asador Iturgitxi",
        "amenity": "restaurant",
        "address": "Santimami"
      },
      "geometry": {
        "type": "Point",
        "coordinates": [
          -2.9945584,
          43.35208
        ]
      }
    },
    {
      "type": "Feature",
      "properties": {
        "weight": 1.0,
        "id": 7475522514,
        "hasDetails": true,
        "name": "Oilas&ko",
        "amenity": "fast_food",
        "cuisine": "chicken"
      },
      "geometry": {
        "type": "Point",
        "coordinates": [
          -3.0102655,
          43.3521626
        ]
      }
    },
    {
      "type": "Feature",
      "properties": {
        "weight": 1.0,
        "id": 577363493,
        "hasDetails": true,
        "name": "Mugarri Taberna",
        "amenity": "pub",
        "outdoor_seating": "yes"
      },
      "geometry": {
        "type": "Point",
        "coordinates": [
          -3.0090582,
          43.352165
        ]
      }
    },
    {
      "type": "Feature",
      "properties": {
        "weight": 1.0
      },
      "geometry": {
        "type": "Point",
        "coordinates": [
          -3.0092792,
          43.3521743
        ]
      }
    },
    {
      "type": "Feature",
      "properties": {
        "weight": 1.0,
        "id": 11730287431,
        "hasDetails": true,
        "name": "Ereatxu",
        "amenity": "cafe",
        "cuisine": "coffee_shop;pintxos"
      },
      "geometry": {
        "type": "Point",
        "coordinates": [
          -3.0134558,
          43.3521884
        ]
      }
    },
    {
      "type": "Feature",
      "properties": {
        "weight": 1.0
      },
      "geometry": {
        "type": "Point",
        "coordinates": [
          -3.0139015,
          43.3523145
        ]
      }
    },
    {
      "type": "Feature",
      "properties": {
        "weight": 1.0,
        "id": 4602290671,
        "hasDetails": true,
        "name": "Abian Kultur Elkartea",
        "amenity": "pub",
        "address": "Bidebarri kalea 2, getxo",
        "outdoor_seating": "yes"
      },
      "geometry": {
        "type": "Point",
        "coordinates": [
          -3.0091412,
          43.3523311
        ]
      }
    },
    {
      "type": "Feature",
      "properties": {
        "weight": 1.0
      },
      "geometry": {
        "type": "Point",
        "coordinates": [
          -3.0057446,
          43.352388
        ]
      }
    },
    {
      "type": "Feature",
      "properties": {
        "weight": 1.0,
        "id": 9397102140,
        "hasDetails": true,
        "name": "Etxeandia Garagardotegia",
        "amenity": "pub",
        "address": "Sarrikobaso kalea 3",
        "website": "https://www.etxeandia.eus/",
        "opening_hours": "Th-Sa 13:00-22:00; Su 13:00-17:00"
      },
      "geometry": {
        "type": "Point",
        "coordinates": [
          -3.0097562,
          43.3524814
        ]
      }
    },
    {
      "type": "Feature",
      "properties": {
        "weight": 1.0
      },
      "geometry": {
        "type": "Point",
        "coordinates": [
          -3.0058628,
          43.3525422
        ]
      }
    },
    {
      "type": "Feature",
      "properties": {
        "weight": 1.0
      },
      "geometry": {
        "type": "Point",
        "coordinates": [
          -3.0139386,
          43.3526363
        ]
      }
    },
    {
      "type": "Feature",
      "properties": {
        "weight": 1.0
      },
      "geometry": {
        "type": "Point",
        "coordinates": [
          -3.0105014,
          43.3526612
        ]
      }
    },
    {
      "type": "Feature",
      "properties": {
        "weight": 1.0
      },
      "geometry": {
        "type": "Point",
        "coordinates": [
          -3.0141642,
          43.3527232
        ]
      }
    },
    {
      "type": "Feature",
      "properties": {
        "weight": 1.0,
        "id": 4611273661,
        "hasDetails": true,
        "name": "Avenida",
        "amenity": "cafe",
        "address": "Getxo"
      },
      "geometry": {
        "type": "Point",
        "coordinates": [
          -3.0038398,
          43.3537375
        ]
      }
    },
    {
      "type": "Feature",
      "properties": {
        "weight": 1.0,
        "id": 3955685551,
        "hasDetails": true,
        "name": "Restaurante Chino Algorta",
        "amenity": "restaurant",
        "cuisine": "chinese"
      },
      "geometry": {
        "type": "Point",
        "coordinates": [
          -3.0108815,
          43.3541131
        ]
      }
    },
    {
      "type": "Feature",
      "properties": {
        "weight": 1.0,
        "id": 9026748247,
        "hasDetails": true,
        "name": "The Raven",
        "amenity": "pub",
        "outdoor_seating": "yes"
      },
      "geometry": {
        "type": "Point",
        "coordinates": [
          -3.0106786,
          43.354158
        ]
      }
    },
    {
      "type": "Feature",
      "properties": {
        "weight": 1.0,
        "id": 11741585978,
        "hasDetails": true,
        "name": "Cervecera Asador Santa Ana",
        "amenity": "restaurant",
        "cuisine": "chicken;salad",
        "address": "Abarotxu bidea 18, Berango",
        "website": "https://www.cervecerasantaana.com/",
        "opening_hours": "Tu-Fr 13:00-16:00, 20:00-23:00, Sa 13:30-16:00,20:00-23:00, Su 13:30-16:00",
        "outdoor_seating": "yes"
      },
      "geometry": {
        "type": "Point",
        "coordinates": [
          -2.9962125,
          43.3553744
        ]
      }
    },
    {
      "type": "Feature",
      "properties": {
        "weight": 1.0
      },
      "geometry": {
        "type": "Point",
        "coordinates": [
          -3.0168297,
          43.3555592
        ]
      }
    },
    {
      "type": "Feature",
      "properties": {
        "weight": 1.0
      },
      "geometry": {
        "type": "Point",
        "coordinates": [
          -3.017038,
          43.3558128
        ]
      }
    },
    {
      "type": "Feature",
      "properties": {
        "weight": 1.0
      },
      "geometry": {
        "type": "Point",
        "coordinates": [
          -3.0173259,
          43.3559433
        ]
      }
    },
    {
      "type": "Feature",
      "properties": {
        "weight": 1.0
      },
      "geometry": {
        "type": "Point",
        "coordinates": [
          -3.0175285,
          43.3559935
        ]
      }
    },
    {
      "type": "Feature",
      "properties": {
        "weight": 1.0
      },
      "geometry": {
        "type": "Point",
        "coordinates": [
          -3.0177239,
          43.356034
        ]
      }
    },
    {
      "type": "Feature",
      "properties": {
        "weight": 1.0,
        "id": 11645007685,
        "hasDetails": true,
        "name": "La Borobila",
        "amenity": "cafe",
        "cuisine": "regional"
      },
      "geometry": {
        "type": "Point",
        "coordinates": [
          -3.0120777,
          43.3563538
        ]
      }
    },
    {
      "type": "Feature",
      "properties": {
        "weight": 1.0,
        "id": 4488554419,
        "hasDetails": true,
        "name": "Aterpe",
        "amenity": "cafe",
        "cuisine": "regional"
      },
      "geometry": {
        "type": "Point",
        "coordinates": [
          -3.0120675,
          43.3565294
        ]
      }
    },
    {
      "type": "Feature",
      "properties": {
        "weight": 1.0
      },
      "geometry": {
        "type": "Point",
        "coordinates": [
          -2.9990114,
          43.3565356
        ]
      }
    },
    {
      "type": "Feature",
      "properties": {
        "weight": 1.0
      },
      "geometry": {
        "type": "Point",
        "coordinates": [
          -3.0134048,
          43.3568243
        ]
      }
    },
    {
      "type": "Feature",
      "properties": {
        "weight": 1.0
      },
      "geometry": {
        "type": "Point",
        "coordinates": [
          -3.01383,
          43.3569091
        ]
      }
    },
    {
      "type": "Feature",
      "properties": {
        "weight": 1.0
      },
      "geometry": {
        "type": "Point",
        "coordinates": [
          -3.0136321,
          43.3571829
        ]
      }
    },
    {
      "type": "Feature",
      "properties": {
        "weight": 1.0,
        "id": 4611273659,
        "hasDetails": true,
        "name": "Jasube Berria",
        "amenity": "cafe",
        "address": "Calle Kuskuburu"
      },
      "geometry": {
        "type": "Point",
        "coordinates": [
          -3.0018686,
          43.3572635
        ]
      }
    },
    {
      "type": "Feature",
      "properties": {
        "weight": 1.0
      },
      "geometry": {
        "type": "Point",
        "coordinates": [
          -3.0024052,
          43.3574025
        ]
      }
    },
    {
      "type": "Feature",
      "properties": {
        "weight": 1.0
      },
      "geometry": {
        "type": "Point",
        "coordinates": [
          -3.0092264,
          43.3576654
        ]
      }
    },
    {
      "type": "Feature",
      "properties": {
        "weight": 1.0
      },
      "geometry": {
        "type": "Point",
        "coordinates": [
          -3.0095966,
          43.3579268
        ]
      }
    },
    {
      "type": "Feature",
      "properties": {
        "weight": 1.0
      },
      "geometry": {
        "type": "Point",
        "coordinates": [
          -3.0111133,
          43.3579485
        ]
      }
    },
    {
      "type": "Feature",
      "properties": {
        "weight": 1.0,
        "id": 8026311943,
        "hasDetails": true,
        "name": "Cross",
        "amenity": "cafe",
        "address": "Iturribide kalea 2, Getxo",
        "outdoor_seating": "yes"
      },
      "geometry": {
        "type": "Point",
        "coordinates": [
          -3.0089272,
          43.3584544
        ]
      }
    },
    {
      "type": "Feature",
      "properties": {
        "weight": 1.0,
        "id": 4488558219,
        "hasDetails": true,
        "name": "Larra",
        "amenity": "pub",
        "address": "Getxo"
      },
      "geometry": {
        "type": "Point",
        "coordinates": [
          -3.0108509,
          43.3592565
        ]
      }
    },
    {
      "type": "Feature",
      "properties": {
        "weight": 1.0,
        "id": 690439953,
        "hasDetails": true,
        "name": "Restaurante Olagorta",
        "amenity": "restaurant",
        "website": "https://www.hosteleriaolagorta.com/"
      },
      "geometry": {
        "type": "Point",
        "coordinates": [
          -2.974906,
          43.3592776
        ]
      }
    },
    {
      "type": "Feature",
      "properties": {
        "weight": 1.0,
        "id": 4488558220,
        "hasDetails": true,
        "name": "Akaita",
        "amenity": "pub",
        "address": "Getxo"
      },
      "geometry": {
        "type": "Point",
        "coordinates": [
          -3.0109774,
          43.3593289
        ]
      }
    },
    {
      "type": "Feature",
      "properties": {
        "weight": 1.0,
        "id": 4488558223,
        "hasDetails": true,
        "name": "Malakate",
        "amenity": "pub",
        "address": "Getxo"
      },
      "geometry": {
        "type": "Point",
        "coordinates": [
          -3.0114154,
          43.3593747
        ]
      }
    },
    {
      "type": "Feature",
      "properties": {
        "weight": 1.0,
        "id": 10308537468,
        "hasDetails": true,
        "name": "Gargant\u00faa Tortillas",
        "amenity": "restaurant",
        "address": "Pol\u00edgono Industrial Errotatxu 8, Getxo",
        "website": "http://gargantuatortillas.com/"
      },
      "geometry": {
        "type": "Point",
        "coordinates": [
          -3.0050555,
          43.3604424
        ]
      }
    },
    {
      "type": "Feature",
      "properties": {
        "weight": 1.0
      },
      "geometry": {
        "type": "Point",
        "coordinates": [
          -2.9972714,
          43.360909
        ]
      }
    },
    {
      "type": "Feature",
      "properties": {
        "weight": 1.0,
        "id": 11741585993,
        "hasDetails": true,
        "name": "Taberna Div\u00e1n",
        "amenity": "pub",
        "address": "Lantzarte auzoa 8, Berango"
      },
      "geometry": {
        "type": "Point",
        "coordinates": [
          -2.9954896,
          43.3615072
        ]
      }
    },
    {
      "type": "Feature",
      "properties": {
        "weight": 1.0,
        "id": 1132854108,
        "hasDetails": true,
        "name": "Cervecera asador Berango",
        "amenity": "restaurant",
        "address": "Eguzkitza bidea 32, Berango",
        "website": "https://www.cervecera-asadorberango.com/",
        "outdoor_seating": "yes"
      },
      "geometry": {
        "type": "Point",
        "coordinates": [
          -2.9910432,
          43.3618966
        ]
      }
    },
    {
      "type": "Feature",
      "properties": {
        "weight": 1.0
      },
      "geometry": {
        "type": "Point",
        "coordinates": [
          -2.9951913,
          43.3622478
        ]
      }
    },
    {
      "type": "Feature",
      "properties": {
        "weight": 1.0
      },
      "geometry": {
        "type": "Point",
        "coordinates": [
          -2.872436,
          43.3627455
        ]
      }
    },
    {
      "type": "Feature",
      "properties": {
        "weight": 1.0
      },
      "geometry": {
        "type": "Point",
        "coordinates": [
          -3.0179476,
          43.3631369
        ]
      }
    },
    {
      "type": "Feature",
      "properties": {
        "weight": 1.0
      },
      "geometry": {
        "type": "Point",
        "coordinates": [
          -2.9191427,
          43.3639804
        ]
      }
    },
    {
      "type": "Feature",
      "properties": {
        "weight": 1.0
      },
      "geometry": {
        "type": "Point",
        "coordinates": [
          -2.9922718,
          43.3643223
        ]
      }
    },
    {
      "type": "Feature",
      "properties": {
        "weight": 1.0
      },
      "geometry": {
        "type": "Point",
        "coordinates": [
          -2.9998017,
          43.3650996
        ]
      }
    },
    {
      "type": "Feature",
      "properties": {
        "weight": 1.0,
        "id": 6699392985,
        "hasDetails": true,
        "name": "Basalbo Baserria",
        "amenity": "restaurant",
        "address": "Martiturri estrata 18"
      },
      "geometry": {
        "type": "Point",
        "coordinates": [
          -3.0091886,
          43.3653651
        ]
      }
    },
    {
      "type": "Feature",
      "properties": {
        "weight": 1.0,
        "id": 12146186361,
        "hasDetails": true,
        "name": "On Egin Antojitos Mexicanos",
        "amenity": "restaurant",
        "cuisine": "mexican",
        "address": "Torrekolanda bidea, Berango"
      },
      "geometry": {
        "type": "Point",
        "coordinates": [
          -2.9947272,
          43.3655134
        ]
      }
    }
  ]
}