{
  "type": "FeatureCollection",
  "features": [
    {
      "type": "Feature",
      "properties": {
        "weight": 1.0,
        "id": 5814492503,
        "hasDetails": true,
        "name": "Chiringuito El Cartero",
        "amenity": "bar",
        "address": "Camino del r\u00edo, Salamanca",
        "outdoor_seating": "yes"
      },
      "geometry": {
        "type": "Point",
        "coordinates": [
          -5.6362921,
          40.954667
        ]
      }
    },
    {
      "type": "Feature",
      "properties": {
        "weight": 1.0,
        "id": 385592712,
        "hasDetails": true,
        "name": "El Caracol del Bierzo",
        "amenity": "biergarten",
        "address": "Avenida de Lasalle 91"
      },
      "geometry": {
        "type": "Point",
        "coordinates": [
          -5.6831597,
          40.9547447
        ]
      }
    },
    {
      "type": "Feature",
      "properties": {
        "weight": 1.0
      },
      "geometry": {
        "type": "Point",
        "coordinates": [
          -5.6783044,
          40.9548953
        ]
      }
    },
    {
      "type": "Feature",
      "properties": {
        "weight": 1.0,
        "id": 3380963772,
        "hasDetails": true,
        "name": "Bar Mavimar",
        "amenity": "bar",
        "outdoor_seating": "no"
      },
      "geometry": {
        "type": "Point",
        "coordinates": [
          -5.681619,
          40.955071
        ]
      }
    },
    {
      "type": "Feature",
      "properties": {
        "weight": 1.0,
        "id": 12426460361,
        "hasDetails": true,
        "name": "Telepizza",
        "amenity": "fast_food",
        "cuisine": "pizza"
      },
      "geometry": {
        "type": "Point",
        "coordinates": [
          -5.6788277,
          40.9551566
        ]
      }
    },
    {
      "type": "Feature",
      "properties": {
        "weight": 1.0,
        "id": 3367934300,
        "hasDetails": true,
        "name": "Restaurante La Liebre",
        "amenity": "restaurant",
        "address": "Calle del Perd\u00f3n 3, Salamanca"
      },
      "geometry": {
        "type": "Point",
        "coordinates": [
          -5.6732153,
          40.9551602
        ]
      }
    },
    {
      "type": "Feature",
      "properties": {
        "weight": 1.0,
        "id": 7710353241,
        "hasDetails": true,
        "name": "Chiringuito Los Hermanos",
        "amenity": "pub",
        "outdoor_seating": "yes"
      },
      "geometry": {
        "type": "Point",
        "coordinates": [
          -5.6368535,
          40.9553907
        ]
      }
    },
    {
      "type": "Feature",
      "properties": {
        "weight": 1.0,
        "id": 330042113,
        "hasDetails": true,
        "name": "La Pacha Mama",
        "amenity": "bar",
        "website": "http://www.lapachamamasalamanca.com/"
      },
      "geometry": {
        "type": "Point",
        "coordinates": [
          -5.6687729,
          40.955415
        ]
      }
    },
    {
      "type": "Feature",
      "properties": {
        "weight": 1.0,
        "id": 3369852400,
        "hasDetails": true,
        "name": "Restaurante Casaserra",
        "amenity": "restaurant",
        "address": "Plaza del Poniente 25, Salamanca",
        "website": "https://www.restaurantecasaserra.es/"
      },
      "geometry": {
        "type": "Point",
        "coordinates": [
          -5.6708392,
          40.9556039
        ]
      }
    },
    {
      "type": "Feature",
      "properties": {
        "weight": 1.0
      },
      "geometry": {
        "type": "Point",
        "coordinates": [
          -5.6717659,
          40.9558662
        ]
      }
    },
    {
      "type": "Feature",
      "properties": {
        "weight": 1.0,
        "id": 9864238881,
        "hasDetails": true,
        "name": "La caseta de Miguel El Gamba",
        "amenity": "restaurant",
        "cuisine": "spanish",
        "outdoor_seating": "yes"
      },
      "geometry": {
        "type": "Point",
        "coordinates": [
          -5.6379341,
          40.9569828
        ]
      }
    },
    {
      "type": "Feature",
      "properties": {
        "weight": 1.0,
        "id": 3885964389,
        "hasDetails": true,
        "name": "Lorenzo - Caf\u00e9 Bar",
        "amenity": "cafe",
        "address": "Calle Lorenzo Gonz\u00e1lez Iglesias 28, Salamanca",
        "outdoor_seating": "yes"
      },
      "geometry": {
        "type": "Point",
        "coordinates": [
          -5.6824608,
          40.9570762
        ]
      }
    },
    {
      "type": "Feature",
      "properties": {
        "weight": 1.0
      },
      "geometry": {
        "type": "Point",
        "coordinates": [
          -5.681841,
          40.9571649
        ]
      }
    },
    {
      "type": "Feature",
      "properties": {
        "weight": 1.0,
        "id": 3889312672,
        "hasDetails": true,
        "name": "Caf\u00e9 Bar Central",
        "amenity": "cafe",
        "outdoor_seating": "yes"
      },
      "geometry": {
        "type": "Point",
        "coordinates": [
          -5.6833546,
          40.9574803
        ]
      }
    },
    {
      "type": "Feature",
      "properties": {
        "weight": 1.0,
        "id": 2940830645,
        "hasDetails": true,
        "name": "Bar Cambell",
        "amenity": "bar",
        "outdoor_seating": "yes"
      },
      "geometry": {
        "type": "Point",
        "coordinates": [
          -5.6655447,
          40.9577638
        ]
      }
    },
    {
      "type": "Feature",
      "properties": {
        "weight": 1.0,
        "id": 10002860623,
        "hasDetails": true,
        "name": "El Cactus",
        "amenity": "pub",
        "outdoor_seating": "yes"
      },
      "geometry": {
        "type": "Point",
        "coordinates": [
          -5.6742654,
          40.9580903
        ]
      }
    },
    {
      "type": "Feature",
      "properties": {
        "weight": 1.0,
        "id": 1300795718,
        "hasDetails": true,
        "name": "El Caf\u00e9 de Nyam",
        "amenity": "cafe",
        "cuisine": "coffee_shop",
        "address": "Avenida de la Aldehuela 66,68, Salamanca",
        "opening_hours": "Mo-Fr 07:00-15:00",
        "outdoor_seating": "no"
      },
      "geometry": {
        "type": "Point",
        "coordinates": [
          -5.6513409,
          40.9584542
        ]
      }
    },
    {
      "type": "Feature",
      "properties": {
        "weight": 1.0,
        "id": 8906830243,
        "hasDetails": true,
        "name": "\u00c1gora",
        "amenity": "cafe",
        "address": "Avenida de las Artes, Salamanca",
        "website": "https://agorada2.com/",
        "outdoor_seating": "yes"
      },
      "geometry": {
        "type": "Point",
        "coordinates": [
          -5.6524656,
          40.9592648
        ]
      }
    },
    {
      "type": "Feature",
      "properties": {
        "weight": 1.0
      },
      "geometry": {
        "type": "Point",
        "coordinates": [
          -5.6591265,
          40.959286
        ]
      }
    },
    {
      "type": "Feature",
      "properties": {
        "weight": 1.0,
        "id": 3892193307,
        "hasDetails": true,
        "name": "restaurante Canalejas.come",
        "amenity": "restaurant",
        "cuisine": "breakfast;pizza;chicken;spanish;tapas",
        "outdoor_seating": "yes"
      },
      "geometry": {
        "type": "Point",
        "coordinates": [
          -5.6602903,
          40.9593275
        ]
      }
    },
    {
      "type": "Feature",
      "properties": {
        "weight": 1.0,
        "id": 4346643187,
        "hasDetails": true,
        "name": "Caf\u00e9 Lis",
        "amenity": "cafe",
        "outdoor_seating": "no"
      },
      "geometry": {
        "type": "Point",
        "coordinates": [
          -5.6670041,
          40.9594001
        ]
      }
    },
    {
      "type": "Feature",
      "properties": {
        "weight": 1.0,
        "id": 3804629321,
        "hasDetails": true,
        "amenity": "fast_food",
        "cuisine": "churro"
      },
      "geometry": {
        "type": "Point",
        "coordinates": [
          -5.6645087,
          40.9595717
        ]
      }
    },
    {
      "type": "Feature",
      "properties": {
        "weight": 1.0
      },
      "geometry": {
        "type": "Point",
        "coordinates": [
          -5.6597557,
          40.9596154
        ]
      }
    },
    {
      "type": "Feature",
      "properties": {
        "weight": 1.0,
        "id": 1775040252,
        "hasDetails": true,
        "name": "El Huerto de Do\u00f1a Deseada",
        "amenity": "restaurant",
        "outdoor_seating": "yes"
      },
      "geometry": {
        "type": "Point",
        "coordinates": [
          -5.6664466,
          40.9596473
        ]
      }
    },
    {
      "type": "Feature",
      "properties": {
        "weight": 1.0,
        "id": 1912699513,
        "hasDetails": true,
        "name": "El Laurel",
        "amenity": "restaurant",
        "opening_hours": "Tu-Sa 13:30-17:00,20:30-00:30"
      },
      "geometry": {
        "type": "Point",
        "coordinates": [
          -5.6642911,
          40.9597684
        ]
      }
    },
    {
      "type": "Feature",
      "properties": {
        "weight": 1.0,
        "id": 10002860624,
        "hasDetails": true,
        "name": "La Quinta del Aldehuela",
        "amenity": "pub",
        "outdoor_seating": "yes"
      },
      "geometry": {
        "type": "Point",
        "coordinates": [
          -5.6408425,
          40.9598778
        ]
      }
    },
    {
      "type": "Feature",
      "properties": {
        "weight": 1.0,
        "id": 934983424,
        "hasDetails": true,
        "name": "Restaurante casa de la Pizarra",
        "amenity": "restaurant",
        "outdoor_seating": "no"
      },
      "geometry": {
        "type": "Point",
        "coordinates": [
          -5.6670661,
          40.9600325
        ]
      }
    },
    {
      "type": "Feature",
      "properties": {
        "weight": 1.0
      },
      "geometry": {
        "type": "Point",
        "coordinates": [
          -5.6412971,
          40.9600996
        ]
      }
    },
    {
      "type": "Feature",
      "properties": {
        "weight": 1.0,
        "id": 3622410668,
        "hasDetails": true,
        "name": "La Taberna de Merche",
        "amenity": "bar",
        "address": "Paseo de Canalejas 176,178",
        "outdoor_seating": "yes"
      },
      "geometry": {
        "type": "Point",
        "coordinates": [
          -5.6598628,
          40.9601116
        ]
      }
    },
    {
      "type": "Feature",
      "properties": {
        "weight": 1.0,
        "id": 6970375348,
        "hasDetails": true,
        "name": "El Trastero",
        "amenity": "cafe",
        "outdoor_seating": "yes"
      },
      "geometry": {
        "type": "Point",
        "coordinates": [
          -5.6606229,
          40.9601133
        ]
      }
    },
    {
      "type": "Feature",
      "properties": {
        "weight": 1.0,
        "id": 3622411431,
        "hasDetails": true,
        "name": "La Escapada",
        "amenity": "bar",
        "outdoor_seating": "yes"
      },
      "geometry": {
        "type": "Point",
        "coordinates": [
          -5.660003,
          40.9601639
        ]
      }
    },
    {
      "type": "Feature",
      "properties": {
        "weight": 1.0
      },
      "geometry": {
        "type": "Point",
        "coordinates": [
          -5.6416136,
          40.9603062
        ]
      }
    },
    {
      "type": "Feature",
      "properties": {
        "weight": 1.0,
        "id": 4086145537,
        "hasDetails": true,
        "name": "La F\u00e1brica",
        "amenity": "food_court",
        "address": "Calle Libreros 49, Salamanca"
      },
      "geometry": {
        "type": "Point",
        "coordinates": [
          -5.6680426,
          40.9603203
        ]
      }
    },
    {
      "type": "Feature",
      "properties": {
        "weight": 1.0
      },
      "geometry": {
        "type": "Point",
        "coordinates": [
          -5.6643303,
          40.9603234
        ]
      }
    },
    {
      "type": "Feature",
      "properties": {
        "weight": 1.0
      },
      "geometry": {
        "type": "Point",
        "coordinates": [
          -5.6679527,
          40.9606018
        ]
      }
    },
    {
      "type": "Feature",
      "properties": {
        "weight": 1.0,
        "id": 5287256637,
        "hasDetails": true,
        "name": "Restaurante En La Parra",
        "amenity": "restaurant",
        "cuisine": "fine_dining;spanish",
        "address": "Calle San Pablo 80",
        "website": "https://restaurantenlaparra.com/"
      },
      "geometry": {
        "type": "Point",
        "coordinates": [
          -5.6643342,
          40.9606133
        ]
      }
    },
    {
      "type": "Feature",
      "properties": {
        "weight": 1.0,
        "id": 13816062546,
        "hasDetails": true,
        "name": "Cafe de Roma",
        "amenity": "cafe",
        "opening_hours": "Mo-Th 07:30-14:30,16:45-21:00, Fr 07:30-15:00,17:30-23:30, Sa 09:30-14:00"
      },
      "geometry": {
        "type": "Point",
        "coordinates": [
          -5.6511062,
          40.9606729
        ]
      }
    },
    {
      "type": "Feature",
      "properties": {
        "weight": 1.0
      },
      "geometry": {
        "type": "Point",
        "coordinates": [
          -5.6681555,
          40.9606734
        ]
      }
    },
    {
      "type": "Feature",
      "properties": {
        "weight": 1.0,
        "id": 12642670715,
        "hasDetails": true,
        "name": "La Cantina",
        "amenity": "pub",
        "address": "Calle N\u00fa\u00f1ez de Zamora 1, Salamanca",
        "opening_hours": "Mo-Sa 08:00-24:00"
      },
      "geometry": {
        "type": "Point",
        "coordinates": [
          -5.6500668,
          40.9606746
        ]
      }
    },
    {
      "type": "Feature",
      "properties": {
        "weight": 1.0,
        "id": 8792653535,
        "hasDetails": true,
        "name": "Donde Laura",
        "amenity": "restaurant",
        "address": "Paseo de Canalejas 162,164"
      },
      "geometry": {
        "type": "Point",
        "coordinates": [
          -5.6596197,
          40.9606909
        ]
      }
    },
    {
      "type": "Feature",
      "properties": {
        "weight": 1.0
      },
      "geometry": {
        "type": "Point",
        "coordinates": [
          -5.6424893,
          40.9606951
        ]
      }
    },
    {
      "type": "Feature",
      "properties": {
        "weight": 1.0
      },
      "geometry": {
        "type": "Point",
        "coordinates": [
          -5.6369616,
          40.9607266
        ]
      }
    },
    {
      "type": "Feature",
      "properties": {
        "weight": 1.0
      },
      "geometry": {
        "type": "Point",
        "coordinates": [
          -5.6683451,
          40.9607391
        ]
      }
    },
    {
      "type": "Feature",
      "properties": {
        "weight": 1.0,
        "id": 2676087695,
        "hasDetails": true,
        "name": "Restaurante La despensa",
        "amenity": "restaurant",
        "address": "Calle San Pablo 49"
      },
      "geometry": {
        "type": "Point",
        "coordinates": [
          -5.6643212,
          40.9607802
        ]
      }
    },
    {
      "type": "Feature",
      "properties": {
        "weight": 1.0
      },
      "geometry": {
        "type": "Point",
        "coordinates": [
          -5.6427294,
          40.9608035
        ]
      }
    },
    {
      "type": "Feature",
      "properties": {
        "weight": 1.0
      },
      "geometry": {
        "type": "Point",
        "coordinates": [
          -5.667757,
          40.9609101
        ]
      }
    },
    {
      "type": "Feature",
      "properties": {
        "weight": 1.0,
        "id": 3804653515,
        "hasDetails": true,
        "name": "Caf\u00e9 Los Dominicos",
        "amenity": "cafe",
        "website": "https://www.cafedominicos.com"
      },
      "geometry": {
        "type": "Point",
        "coordinates": [
          -5.6643012,
          40.9609121
        ]
      }
    },
    {
      "type": "Feature",
      "properties": {
        "weight": 1.0
      },
      "geometry": {
        "type": "Point",
        "coordinates": [
          -5.6611823,
          40.9610813
        ]
      }
    },
    {
      "type": "Feature",
      "properties": {
        "weight": 1.0
      },
      "geometry": {
        "type": "Point",
        "coordinates": [
          -5.6650764,
          40.9611225
        ]
      }
    },
    {
      "type": "Feature",
      "properties": {
        "weight": 1.0
      },
      "geometry": {
        "type": "Point",
        "coordinates": [
          -5.6426456,
          40.9612302
        ]
      }
    },
    {
      "type": "Feature",
      "properties": {
        "weight": 1.0,
        "id": 3906155374,
        "hasDetails": true,
        "name": "Caf\u00e9-Bar 101",
        "amenity": "cafe",
        "outdoor_seating": "yes"
      },
      "geometry": {
        "type": "Point",
        "coordinates": [
          -5.6626093,
          40.9612452
        ]
      }
    },
    {
      "type": "Feature",
      "properties": {
        "weight": 1.0,
        "id": 5287256636,
        "hasDetails": true,
        "name": "Vinodiario",
        "amenity": "restaurant",
        "address": "Plaza de los Basilios 1",
        "website": "https://vinodiario.com",
        "outdoor_seating": "yes"
      },
      "geometry": {
        "type": "Point",
        "coordinates": [
          -5.6617002,
          40.9612779
        ]
      }
    },
    {
      "type": "Feature",
      "properties": {
        "weight": 1.0
      },
      "geometry": {
        "type": "Point",
        "coordinates": [
          -5.6687738,
          40.961356
        ]
      }
    },
    {
      "type": "Feature",
      "properties": {
        "weight": 1.0,
        "id": 3757007469,
        "hasDetails": true,
        "name": "Domino's",
        "amenity": "fast_food",
        "cuisine": "pizza",
        "website": "https://www.dominospizza.es/",
        "outdoor_seating": "yes"
      },
      "geometry": {
        "type": "Point",
        "coordinates": [
          -5.6628379,
          40.961451
        ]
      }
    },
    {
      "type": "Feature",
      "properties": {
        "weight": 1.0
      },
      "geometry": {
        "type": "Point",
        "coordinates": [
          -5.6623965,
          40.9616288
        ]
      }
    },
    {
      "type": "Feature",
      "properties": {
        "weight": 1.0
      },
      "geometry": {
        "type": "Point",
        "coordinates": [
          -5.6641973,
          40.9616299
        ]
      }
    },
    {
      "type": "Feature",
      "properties": {
        "weight": 1.0
      },
      "geometry": {
        "type": "Point",
        "coordinates": [
          -5.6557372,
          40.9617187
        ]
      }
    },
    {
      "type": "Feature",
      "properties": {
        "weight": 1.0,
        "id": 2143753214,
        "hasDetails": true,
        "name": "La Taberna de Libreros",
        "amenity": "restaurant",
        "cuisine": "regional",
        "address": "Calle Libreros 24",
        "website": "https://tabernadelibreros.com/"
      },
      "geometry": {
        "type": "Point",
        "coordinates": [
          -5.6672252,
          40.9617706
        ]
      }
    },
    {
      "type": "Feature",
      "properties": {
        "weight": 1.0,
        "id": 3804653514,
        "hasDetails": true,
        "name": "Restaurante La Hoja 21",
        "amenity": "restaurant",
        "address": "Calle San Pablo 31, Salamanca",
        "website": "https://www.lahoja21.com/"
      },
      "geometry": {
        "type": "Point",
        "coordinates": [
          -5.6642036,
          40.9617714
        ]
      }
    },
    {
      "type": "Feature",
      "properties": {
        "weight": 1.0,
        "id": 3756982270,
        "hasDetails": true,
        "name": "Manolita",
        "amenity": "cafe",
        "outdoor_seating": "yes"
      },
      "geometry": {
        "type": "Point",
        "coordinates": [
          -5.6647761,
          40.9617839
        ]
      }
    },
    {
      "type": "Feature",
      "properties": {
        "weight": 1.0
      },
      "geometry": {
        "type": "Point",
        "coordinates": [
          -5.6662532,
          40.961833
        ]
      }
    },
    {
      "type": "Feature",
      "properties": {
        "weight": 1.0,
        "id": 4086145560,
        "hasDetails": true,
        "name": "Regalos Lazarillo de Tormes",
        "amenity": "ice_cream",
        "opening_hours": "Su-Sa 09:00-18:00"
      },
      "geometry": {
        "type": "Point",
        "coordinates": [
          -5.6670993,
          40.9619231
        ]
      }
    },
    {
      "type": "Feature",
      "properties": {
        "weight": 1.0,
        "id": 2792032273,
        "hasDetails": true,
        "name": "Caf\u00e9-Bar Rua",
        "amenity": "bar",
        "outdoor_seating": "yes"
      },
      "geometry": {
        "type": "Point",
        "coordinates": [
          -5.6661811,
          40.9619308
        ]
      }
    },
    {
      "type": "Feature",
      "properties": {
        "weight": 1.0
      },
      "geometry": {
        "type": "Point",
        "coordinates": [
          -5.6650528,
          40.9620008
        ]
      }
    },
    {
      "type": "Feature",
      "properties": {
        "weight": 1.0,
        "id": 4086145535,
        "hasDetails": true,
        "name": "Lul\u00fa Vintage",
        "amenity": "cafe",
        "address": "Calle Libreros 14",
        "names": [
          "Lul\u00fa Vintage",
          "La Portuguesa"
        ]
      },
      "geometry": {
        "type": "Point",
        "coordinates": [
          -5.6669645,
          40.9620957
        ]
      }
    },
    {
      "type": "Feature",
      "properties": {
        "weight": 1.0,
        "id": 4723778844,
        "hasDetails": true,
        "name": "Spicy Shawarma",
        "amenity": "restaurant",
        "address": "Calle Serranos 33, Salamanca"
      },
      "geometry": {
        "type": "Point",
        "coordinates": [
          -5.6678406,
          40.9622212
        ]
      }
    },
    {
      "type": "Feature",
      "properties": {
        "weight": 1.0
      },
      "geometry": {
        "type": "Point",
        "coordinates": [
          -5.6653957,
          40.9622331
        ]
      }
    },
    {
      "type": "Feature",
      "properties": {
        "weight": 1.0,
        "id": 2143753211,
        "hasDetails": true,
        "name": "Don Quijote",
        "amenity": "restaurant",
        "address": "Calle Serranos 26"
      },
      "geometry": {
        "type": "Point",
        "coordinates": [
          -5.6679951,
          40.9622571
        ]
      }
    },
    {
      "type": "Feature",
      "properties": {
        "weight": 1.0,
        "id": 4086145553,
        "hasDetails": true,
        "name": "Restaurante La Luna",
        "amenity": "restaurant",
        "address": "Calle Libreros 4, Salamanca",
        "outdoor_seating": "yes"
      },
      "geometry": {
        "type": "Point",
        "coordinates": [
          -5.6668217,
          40.9622841
        ]
      }
    },
    {
      "type": "Feature",
      "properties": {
        "weight": 1.0
      },
      "geometry": {
        "type": "Point",
        "coordinates": [
          -5.6620912,
          40.9622872
        ]
      }
    },
    {
      "type": "Feature",
      "properties": {
        "weight": 1.0,
        "id": 4618151697,
        "hasDetails": true,
        "name": "Madre m\u00eda",
        "amenity": "restaurant",
        "address": "Calle Francisco de Vitoria 3, Salamanca"
      },
      "geometry": {
        "type": "Point",
        "coordinates": [
          -5.6663752,
          40.9623456
        ]
      }
    },
    {
      "type": "Feature",
      "properties": {
        "weight": 1.0,
        "id": 4723778843,
        "hasDetails": true,
        "name": "Caf\u00e9 Taper\u00eda Lateral",
        "amenity": "cafe",
        "address": "Calle Serranos 20"
      },
      "geometry": {
        "type": "Point",
        "coordinates": [
          -5.6676826,
          40.9623564
        ]
      }
    },
    {
      "type": "Feature",
      "properties": {
        "weight": 1.0,
        "id": 2652385500,
        "hasDetails": true,
        "name": "Salam",
        "amenity": "restaurant",
        "cuisine": "arab",
        "address": "Calle Placentinos 10, Salamanca",
        "opening_hours": "Mo-Sa 13:00-16:00; Tu-Sa 20:30-23:00",
        "outdoor_seating": "no"
      },
      "geometry": {
        "type": "Point",
        "coordinates": [
          -5.6684042,
          40.9623757
        ]
      }
    },
    {
      "type": "Feature",
      "properties": {
        "weight": 1.0,
        "id": 4855553012,
        "hasDetails": true,
        "name": "Restaurante Corte y Cata",
        "amenity": "restaurant",
        "cuisine": "regional",
        "address": "Calle Libreros 2, Salamanca",
        "website": "https://corteycata.es/",
        "opening_hours": "13:00-16:00,20:30-23:30",
        "outdoor_seating": "yes"
      },
      "geometry": {
        "type": "Point",
        "coordinates": [
          -5.6667597,
          40.9623784
        ]
      }
    },
    {
      "type": "Feature",
      "properties": {
        "weight": 1.0,
        "id": 2143753223,
        "hasDetails": true,
        "name": "Mandala",
        "amenity": "restaurant",
        "address": "Calle Serranos 9,11, Salamanca",
        "website": "http://mandalasalamanca.com/"
      },
      "geometry": {
        "type": "Point",
        "coordinates": [
          -5.6670596,
          40.9623873
        ]
      }
    },
    {
      "type": "Feature",
      "properties": {
        "weight": 1.0
      },
      "geometry": {
        "type": "Point",
        "coordinates": [
          -5.6584626,
          40.9623901
        ]
      }
    },
    {
      "type": "Feature",
      "properties": {
        "weight": 1.0
      },
      "geometry": {
        "type": "Point",
        "coordinates": [
          -5.6669406,
          40.9623952
        ]
      }
    },
    {
      "type": "Feature",
      "properties": {
        "weight": 1.0
      },
      "geometry": {
        "type": "Point",
        "coordinates": [
          -5.6586206,
          40.9624221
        ]
      }
    },
    {
      "type": "Feature",
      "properties": {
        "weight": 1.0,
        "id": 3906155400,
        "hasDetails": true,
        "name": "La Movida",
        "amenity": "bar",
        "address": "Calle Gran V\u00eda 83"
      },
      "geometry": {
        "type": "Point",
        "coordinates": [
          -5.6620154,
          40.9624364
        ]
      }
    },
    {
      "type": "Feature",
      "properties": {
        "weight": 1.0,
        "id": 2843910048,
        "hasDetails": true,
        "name": "Papa John's Pizza",
        "amenity": "fast_food",
        "cuisine": "pizza",
        "address": "Calle Gran V\u00eda 70, Salamanca",
        "opening_hours": "Mo-Su 13:00-24:00"
      },
      "geometry": {
        "type": "Point",
        "coordinates": [
          -5.6623417,
          40.9624413
        ]
      }
    },
    {
      "type": "Feature",
      "properties": {
        "weight": 1.0,
        "id": 8792653527,
        "hasDetails": true,
        "name": "Sabroso Doner Kebab",
        "amenity": "fast_food",
        "address": "Paseo de Canalejas 128,130",
        "outdoor_seating": "no"
      },
      "geometry": {
        "type": "Point",
        "coordinates": [
          -5.6589526,
          40.9624444
        ]
      }
    },
    {
      "type": "Feature",
      "properties": {
        "weight": 1.0,
        "id": 4723778839,
        "hasDetails": true,
        "name": "Batache",
        "amenity": "restaurant",
        "address": "Calle Serranos 22, Salamanca"
      },
      "geometry": {
        "type": "Point",
        "coordinates": [
          -5.6677856,
          40.962466
        ]
      }
    },
    {
      "type": "Feature",
      "properties": {
        "weight": 1.0
      },
      "geometry": {
        "type": "Point",
        "coordinates": [
          -5.6625771,
          40.9624728
        ]
      }
    },
    {
      "type": "Feature",
      "properties": {
        "weight": 1.0
      },
      "geometry": {
        "type": "Point",
        "coordinates": [
          -5.6539286,
          40.962478
        ]
      }
    },
    {
      "type": "Feature",
      "properties": {
        "weight": 1.0,
        "id": 2455631081,
        "hasDetails": true,
        "name": "The Irish Theatre",
        "amenity": "pub",
        "outdoor_seating": "yes"
      },
      "geometry": {
        "type": "Point",
        "coordinates": [
          -5.6662546,
          40.9624858
        ]
      }
    },
    {
      "type": "Feature",
      "properties": {
        "weight": 1.0,
        "id": 3757007470,
        "hasDetails": true,
        "name": "Paddy's Irish Pub",
        "amenity": "pub",
        "address": "Calle Gran V\u00eda 66"
      },
      "geometry": {
        "type": "Point",
        "coordinates": [
          -5.6622881,
          40.9625543
        ]
      }
    },
    {
      "type": "Feature",
      "properties": {
        "weight": 1.0,
        "id": 5233263521,
        "hasDetails": true,
        "name": "La Blanca Doble",
        "amenity": "cafe",
        "address": "Calle Bret\u00f3n 8, Salamanca"
      },
      "geometry": {
        "type": "Point",
        "coordinates": [
          -5.6605179,
          40.9625562
        ]
      }
    },
    {
      "type": "Feature",
      "properties": {
        "weight": 1.0,
        "id": 6417918585,
        "hasDetails": true,
        "name": "corte&cata bocadillos",
        "amenity": "fast_food",
        "opening_hours": "Mo-Fr 10:00-14:30,17:30-21:30; Sa 10:00-15:00,18:00-21:30",
        "outdoor_seating": "no"
      },
      "geometry": {
        "type": "Point",
        "coordinates": [
          -5.6660169,
          40.9625807
        ]
      }
    },
    {
      "type": "Feature",
      "properties": {
        "weight": 1.0,
        "id": 3788925584,
        "hasDetails": true,
        "name": "Ualalula",
        "amenity": "pub",
        "outdoor_seating": "yes"
      },
      "geometry": {
        "type": "Point",
        "coordinates": [
          -5.6654934,
          40.9626606
        ]
      }
    },
    {
      "type": "Feature",
      "properties": {
        "weight": 1.0
      },
      "geometry": {
        "type": "Point",
        "coordinates": [
          -5.6622288,
          40.9626743
        ]
      }
    },
    {
      "type": "Feature",
      "properties": {
        "weight": 1.0
      },
      "geometry": {
        "type": "Point",
        "coordinates": [
          -5.6618952,
          40.9627795
        ]
      }
    },
    {
      "type": "Feature",
      "properties": {
        "weight": 1.0,
        "id": 3757007472,
        "hasDetails": true,
        "name": "Senpai",
        "amenity": "restaurant",
        "cuisine": "japanese"
      },
      "geometry": {
        "type": "Point",
        "coordinates": [
          -5.6621577,
          40.9628219
        ]
      }
    },
    {
      "type": "Feature",
      "properties": {
        "weight": 1.0,
        "id": 3806415217,
        "hasDetails": true,
        "name": "Bar Restaurante Cuatro Gatos",
        "amenity": "restaurant",
        "address": "Calle R\u00faa Mayor 31,33",
        "outdoor_seating": "yes"
      },
      "geometry": {
        "type": "Point",
        "coordinates": [
          -5.6653498,
          40.9628703
        ]
      }
    },
    {
      "type": "Feature",
      "properties": {
        "weight": 1.0
      },
      "geometry": {
        "type": "Point",
        "coordinates": [
          -5.6618317,
          40.9628715
        ]
      }
    },
    {
      "type": "Feature",
      "properties": {
        "weight": 1.0,
        "id": 6503557852,
        "hasDetails": true,
        "name": "Caf\u00e9 Bar Paco",
        "amenity": "pub",
        "outdoor_seating": "yes"
      },
      "geometry": {
        "type": "Point",
        "coordinates": [
          -5.6584302,
          40.9628904
        ]
      }
    },
    {
      "type": "Feature",
      "properties": {
        "weight": 1.0,
        "id": 12217042589,
        "hasDetails": true,
        "name": "Barvel",
        "amenity": "bar",
        "address": "Calle Gran V\u00eda 75"
      },
      "geometry": {
        "type": "Point",
        "coordinates": [
          -5.6617892,
          40.96296
        ]
      }
    },
    {
      "type": "Feature",
      "properties": {
        "weight": 1.0,
        "id": 3065566105,
        "hasDetails": true,
        "name": "El Bardo",
        "amenity": "restaurant",
        "cuisine": "regional",
        "address": "Calle Compa\u00f1\u00eda 8, Salamanca",
        "opening_hours": "Mo-Su 13:30-16:00,21:00-23:30",
        "outdoor_seating": "yes",
        "names": [
          "El Bardo",
          "El Alcarav\u00e1n"
        ],
        "amenities": [
          "restaurant",
          "cafe"
        ]
      },
      "geometry": {
        "type": "Point",
        "coordinates": [
          -5.6660881,
          40.9630023
        ]
      }
    },
    {
      "type": "Feature",
      "properties": {
        "weight": 1.0,
        "id": 3065560155,
        "hasDetails": true,
        "name": "El Gafas",
        "amenity": "fast_food",
        "address": "Calle R\u00faa Mayor 28, Salamanca"
      },
      "geometry": {
        "type": "Point",
        "coordinates": [
          -5.6654035,
          40.9630146
        ]
      }
    },
    {
      "type": "Feature",
      "properties": {
        "weight": 1.0,
        "id": 4344778992,
        "hasDetails": true,
        "name": "V\u00edctor Guti\u00e9rrez",
        "amenity": "restaurant",
        "website": "https://restaurantevictorgutierrez.com/",
        "outdoor_seating": "no"
      },
      "geometry": {
        "type": "Point",
        "coordinates": [
          -5.6703121,
          40.963037
        ]
      }
    },
    {
      "type": "Feature",
      "properties": {
        "weight": 1.0,
        "id": 4883220626,
        "hasDetails": true,
        "name": "Sekai",
        "amenity": "restaurant",
        "cuisine": "peruvian;japanese",
        "address": "Calle R\u00faa Mayor 26, Salamanca",
        "website": "https://sekairestaurante.com"
      },
      "geometry": {
        "type": "Point",
        "coordinates": [
          -5.6653566,
          40.9630981
        ]
      }
    },
    {
      "type": "Feature",
      "properties": {
        "weight": 1.0,
        "id": 3757007471,
        "hasDetails": true,
        "name": "Kebab Gran V\u00eda",
        "amenity": "fast_food",
        "cuisine": "kebab"
      },
      "geometry": {
        "type": "Point",
        "coordinates": [
          -5.6620305,
          40.9631039
        ]
      }
    },
    {
      "type": "Feature",
      "properties": {
        "weight": 1.0,
        "id": 2730912202,
        "hasDetails": true,
        "name": "Momo",
        "amenity": "bar",
        "address": "Calle San Pablo 13,15",
        "outdoor_seating": "yes"
      },
      "geometry": {
        "type": "Point",
        "coordinates": [
          -5.6640212,
          40.963112
        ]
      }
    },
    {
      "type": "Feature",
      "properties": {
        "weight": 1.0
      },
      "geometry": {
        "type": "Point",
        "coordinates": [
          -5.66165,
          40.9631578
        ]
      }
    },
    {
      "type": "Feature",
      "properties": {
        "weight": 1.0,
        "id": 2730638754,
        "hasDetails": true,
        "name": "Patomar",
        "amenity": "cafe",
        "address": "Calle Compa\u00f1\u00eda 18",
        "website": "https://www.patomar.cafe"
      },
      "geometry": {
        "type": "Point",
        "coordinates": [
          -5.6661183,
          40.9631932
        ]
      }
    },
    {
      "type": "Feature",
      "properties": {
        "weight": 1.0,
        "id": 2455679246,
        "hasDetails": true,
        "name": "Sibuya",
        "amenity": "restaurant",
        "cuisine": "sushi",
        "address": "Calle Gran V\u00eda 56,58, Salamanca",
        "opening_hours": "Su-Th 13:30-16:00,20:30-23:15; Fr,Sa 13:30-16:00,20:30-00:15"
      },
      "geometry": {
        "type": "Point",
        "coordinates": [
          -5.6619681,
          40.9632036
        ]
      }
    },
    {
      "type": "Feature",
      "properties": {
        "weight": 1.0
      },
      "geometry": {
        "type": "Point",
        "coordinates": [
          -5.6640159,
          40.963217
        ]
      }
    },
    {
      "type": "Feature",
      "properties": {
        "weight": 1.0
      },
      "geometry": {
        "type": "Point",
        "coordinates": [
          -5.6589384,
          40.9632524
        ]
      }
    },
    {
      "type": "Feature",
      "properties": {
        "weight": 1.0,
        "id": 5233391421,
        "hasDetails": true,
        "name": "Caf\u00e9 Bar Collado's",
        "amenity": "cafe",
        "address": "Paseo de Canalejas 112, Salamanca",
        "outdoor_seating": "yes"
      },
      "geometry": {
        "type": "Point",
        "coordinates": [
          -5.6586998,
          40.9632579
        ]
      }
    },
    {
      "type": "Feature",
      "properties": {
        "weight": 1.0,
        "id": 6423145074,
        "hasDetails": true,
        "name": "Bar El rastrel",
        "amenity": "bar",
        "address": "Calle del Grillo 21, Salamanca",
        "opening_hours": "Mo-Su 19:00-24:00",
        "outdoor_seating": "no"
      },
      "geometry": {
        "type": "Point",
        "coordinates": [
          -5.6593215,
          40.9632806
        ]
      }
    },
    {
      "type": "Feature",
      "properties": {
        "weight": 1.0
      },
      "geometry": {
        "type": "Point",
        "coordinates": [
          -5.661356,
          40.9632942
        ]
      }
    },
    {
      "type": "Feature",
      "properties": {
        "weight": 1.0
      },
      "geometry": {
        "type": "Point",
        "coordinates": [
          -5.6615347,
          40.9633507
        ]
      }
    },
    {
      "type": "Feature",
      "properties": {
        "weight": 1.0
      },
      "geometry": {
        "type": "Point",
        "coordinates": [
          -5.6588267,
          40.9633702
        ]
      }
    },
    {
      "type": "Feature",
      "properties": {
        "weight": 1.0,
        "id": 2650644700,
        "hasDetails": true,
        "name": "Delicatessen",
        "amenity": "pub",
        "address": "Calle Mel\u00e9ndez 25",
        "outdoor_seating": "yes"
      },
      "geometry": {
        "type": "Point",
        "coordinates": [
          -5.6660198,
          40.9633792
        ]
      }
    },
    {
      "type": "Feature",
      "properties": {
        "weight": 1.0,
        "id": 2730739171,
        "hasDetails": true,
        "name": "La Fragua",
        "amenity": "bar",
        "opening_hours": "Mo-Fr 08:00-16:00,19:30-24:00; Sa 10:00-16:00,19:30-24:00"
      },
      "geometry": {
        "type": "Point",
        "coordinates": [
          -5.664211,
          40.9633878
        ]
      }
    },
    {
      "type": "Feature",
      "properties": {
        "weight": 1.0,
        "id": 4968222219,
        "hasDetails": true,
        "name": "Malv\u00f3n",
        "amenity": "fast_food",
        "cuisine": "argentinian",
        "address": "Calle R\u00faa Mayor 11, Salamanca"
      },
      "geometry": {
        "type": "Point",
        "coordinates": [
          -5.6649786,
          40.9633897
        ]
      }
    },
    {
      "type": "Feature",
      "properties": {
        "weight": 1.0,
        "id": 2730739169,
        "hasDetails": true,
        "name": "La Aldaba",
        "amenity": "bar",
        "address": "Calle Felipe Espino 6",
        "outdoor_seating": "yes"
      },
      "geometry": {
        "type": "Point",
        "coordinates": [
          -5.664388,
          40.9634298
        ]
      }
    },
    {
      "type": "Feature",
      "properties": {
        "weight": 1.0,
        "id": 2730879024,
        "hasDetails": true,
        "name": "iPan iVino",
        "amenity": "bar",
        "address": "Calle Felipe Espino 8,10",
        "website": "http://www.ipanivino.com"
      },
      "geometry": {
        "type": "Point",
        "coordinates": [
          -5.6645325,
          40.9634616
        ]
      }
    },
    {
      "type": "Feature",
      "properties": {
        "weight": 1.0,
        "id": 4508528789,
        "hasDetails": true,
        "name": "Cafeter\u00eda UPSA",
        "amenity": "bar",
        "cuisine": "spanish",
        "address": "Calle Compa\u00f1\u00eda 5",
        "opening_hours": "Mo-Fr 08:00-20:30; Sa 08:00-13:00"
      },
      "geometry": {
        "type": "Point",
        "coordinates": [
          -5.6663904,
          40.9634831
        ]
      }
    },
    {
      "type": "Feature",
      "properties": {
        "weight": 1.0,
        "id": 2455716792,
        "hasDetails": true,
        "name": "Tapas 2.0",
        "amenity": "restaurant",
        "address": "Calle Felipe Espino 8,10",
        "outdoor_seating": "yes"
      },
      "geometry": {
        "type": "Point",
        "coordinates": [
          -5.6646743,
          40.9634947
        ]
      }
    },
    {
      "type": "Feature",
      "properties": {
        "weight": 1.0
      },
      "geometry": {
        "type": "Point",
        "coordinates": [
          -5.6641202,
          40.9634999
        ]
      }
    },
    {
      "type": "Feature",
      "properties": {
        "weight": 1.0,
        "id": 3205775659,
        "hasDetails": true,
        "name": "Bar La Viga",
        "amenity": "pub",
        "address": "Calle Consuelo 16, Salamanca"
      },
      "geometry": {
        "type": "Point",
        "coordinates": [
          -5.6626456,
          40.963506
        ]
      }
    },
    {
      "type": "Feature",
      "properties": {
        "weight": 1.0,
        "id": 2730739177,
        "hasDetails": true,
        "amenity": "restaurant",
        "address": "Calle R\u00faa Mayor 16, Salamanca",
        "amenities": [
          "restaurant",
          "cafe"
        ]
      },
      "geometry": {
        "type": "Point",
        "coordinates": [
          -5.6650524,
          40.9635272
        ]
      }
    },
    {
      "type": "Feature",
      "properties": {
        "weight": 1.0,
        "id": 2730739193,
        "hasDetails": true,
        "name": "Jam\u00f3n Di Vino",
        "amenity": "restaurant",
        "opening_hours": "Mo-Th 10:30-23:00; Fr-Sa 10:30-23:30; Su 11:00-23:00"
      },
      "geometry": {
        "type": "Point",
        "coordinates": [
          -5.6648647,
          40.9635562
        ]
      }
    },
    {
      "type": "Feature",
      "properties": {
        "weight": 1.0
      },
      "geometry": {
        "type": "Point",
        "coordinates": [
          -5.6628772,
          40.9635694
        ]
      }
    },
    {
      "type": "Feature",
      "properties": {
        "weight": 1.0,
        "id": 6417918485,
        "hasDetails": true,
        "name": "oroviejo",
        "amenity": "restaurant",
        "outdoor_seating": "yes"
      },
      "geometry": {
        "type": "Point",
        "coordinates": [
          -5.6662483,
          40.9635838
        ]
      }
    },
    {
      "type": "Feature",
      "properties": {
        "weight": 1.0,
        "id": 3761594774,
        "hasDetails": true,
        "name": "Duomo's Pizza",
        "amenity": "fast_food",
        "cuisine": "pizza",
        "website": "https://www.duomosalamanca.es/",
        "opening_hours": "Mo-Su 13:00-16:00,19:00-24:00"
      },
      "geometry": {
        "type": "Point",
        "coordinates": [
          -5.6617219,
          40.9635887
        ]
      }
    },
    {
      "type": "Feature",
      "properties": {
        "weight": 1.0
      },
      "geometry": {
        "type": "Point",
        "coordinates": [
          -5.662198,
          40.9636046
        ]
      }
    },
    {
      "type": "Feature",
      "properties": {
        "weight": 1.0,
        "id": 1295828541,
        "hasDetails": true,
        "name": "La Pitera de la R\u00faa",
        "amenity": "restaurant",
        "address": "Calle R\u00faa Mayor 12",
        "names": [
          "La Pitera de la R\u00faa",
          "el mes\u00f3n del calvo"
        ]
      },
      "geometry": {
        "type": "Point",
        "coordinates": [
          -5.6649788,
          40.9636267
        ]
      }
    },
    {
      "type": "Feature",
      "properties": {
        "weight": 1.0,
        "id": 2455671633,
        "hasDetails": true,
        "name": "Ruta de la Plata",
        "amenity": "restaurant",
        "cuisine": "regional",
        "website": "https://www.rutaplata.es/",
        "outdoor_seating": "yes",
        "names": [
          "Ruta de la Plata",
          "La Mafia"
        ]
      },
      "geometry": {
        "type": "Point",
        "coordinates": [
          -5.6656858,
          40.963629
        ]
      }
    },
    {
      "type": "Feature",
      "properties": {
        "weight": 1.0
      },
      "geometry": {
        "type": "Point",
        "coordinates": [
          -5.6647973,
          40.9636495
        ]
      }
    },
    {
      "type": "Feature",
      "properties": {
        "weight": 1.0
      },
      "geometry": {
        "type": "Point",
        "coordinates": [
          -5.6623883,
          40.9636967
        ]
      }
    },
    {
      "type": "Feature",
      "properties": {
        "weight": 1.0,
        "id": 3205954987,
        "hasDetails": true,
        "name": "La Casa de las Pulgas",
        "amenity": "restaurant",
        "address": "Plaza del Peso 6,7",
        "website": "https://www.lacasadelaspulgas.com/"
      },
      "geometry": {
        "type": "Point",
        "coordinates": [
          -5.6635324,
          40.9637037
        ]
      }
    },
    {
      "type": "Feature",
      "properties": {
        "weight": 1.0,
        "id": 2728664017,
        "hasDetails": true,
        "name": "Restaurante Jero",
        "amenity": "restaurant",
        "cuisine": "regional",
        "address": "Calle Mel\u00e9ndez 11, Salamanca",
        "website": "https://www.restaurantejero.es/",
        "outdoor_seating": "yes",
        "names": [
          "Restaurante Jero",
          "Envy Burger"
        ]
      },
      "geometry": {
        "type": "Point",
        "coordinates": [
          -5.6655723,
          40.9637158
        ]
      }
    },
    {
      "type": "Feature",
      "properties": {
        "weight": 1.0
      },
      "geometry": {
        "type": "Point",
        "coordinates": [
          -5.6625197,
          40.963724
        ]
      }
    },
    {
      "type": "Feature",
      "properties": {
        "weight": 1.0
      },
      "geometry": {
        "type": "Point",
        "coordinates": [
          -5.6642538,
          40.9637312
        ]
      }
    },
    {
      "type": "Feature",
      "properties": {
        "weight": 1.0,
        "id": 7375263291,
        "hasDetails": true,
        "name": "Bowie's",
        "amenity": "fast_food",
        "address": "Plaza del Peso 8"
      },
      "geometry": {
        "type": "Point",
        "coordinates": [
          -5.6636653,
          40.9637352
        ]
      }
    },
    {
      "type": "Feature",
      "properties": {
        "weight": 1.0,
        "id": 3240907040,
        "hasDetails": true,
        "name": "Tapas 2.0",
        "amenity": "restaurant",
        "opening_hours": "We-Su 13:00-15:45, Mo-Su 20:00-23:30"
      },
      "geometry": {
        "type": "Point",
        "coordinates": [
          -5.6644032,
          40.9637512
        ]
      }
    },
    {
      "type": "Feature",
      "properties": {
        "weight": 1.0
      },
      "geometry": {
        "type": "Point",
        "coordinates": [
          -5.6645555,
          40.9637768
        ]
      }
    },
    {
      "type": "Feature",
      "properties": {
        "weight": 1.0,
        "id": 930282086,
        "hasDetails": true,
        "name": "Casa Paca",
        "amenity": "restaurant",
        "cuisine": "regional",
        "address": "Plaza del Peso 10, Salamanca",
        "website": "https://www.casapaca.com/",
        "outdoor_seating": "yes"
      },
      "geometry": {
        "type": "Point",
        "coordinates": [
          -5.6638959,
          40.9637859
        ]
      }
    },
    {
      "type": "Feature",
      "properties": {
        "weight": 1.0,
        "id": 2455671634,
        "hasDetails": true,
        "name": "Erasmus Caf\u00e9",
        "amenity": "cafe",
        "address": "Calle Mel\u00e9ndez 7, Salamanca",
        "website": "https://www.erasmuscafe.com/",
        "outdoor_seating": "yes"
      },
      "geometry": {
        "type": "Point",
        "coordinates": [
          -5.6654589,
          40.9637863
        ]
      }
    },
    {
      "type": "Feature",
      "properties": {
        "weight": 1.0
      },
      "geometry": {
        "type": "Point",
        "coordinates": [
          -5.6859662,
          40.9637879
        ]
      }
    },
    {
      "type": "Feature",
      "properties": {
        "weight": 1.0,
        "id": 3205954989,
        "hasDetails": true,
        "name": "Pizzer\u00eda La Competencia",
        "amenity": "restaurant",
        "cuisine": "pizza",
        "address": "Calle San Justo",
        "outdoor_seating": "yes"
      },
      "geometry": {
        "type": "Point",
        "coordinates": [
          -5.6633839,
          40.9637881
        ]
      }
    },
    {
      "type": "Feature",
      "properties": {
        "weight": 1.0,
        "id": 8836962479,
        "hasDetails": true,
        "name": "Sirus",
        "amenity": "pub",
        "opening_hours": "Mo-Sa 08:30-15:00,18:00+"
      },
      "geometry": {
        "type": "Point",
        "coordinates": [
          -5.661244,
          40.9637982
        ]
      }
    },
    {
      "type": "Feature",
      "properties": {
        "weight": 1.0,
        "id": 2650625964,
        "hasDetails": true,
        "name": "Irish Corner Pub",
        "amenity": "pub",
        "cuisine": "spanish",
        "outdoor_seating": "yes"
      },
      "geometry": {
        "type": "Point",
        "coordinates": [
          -5.664157,
          40.9638157
        ]
      }
    },
    {
      "type": "Feature",
      "properties": {
        "weight": 1.0
      },
      "geometry": {
        "type": "Point",
        "coordinates": [
          -5.6858249,
          40.9638276
        ]
      }
    },
    {
      "type": "Feature",
      "properties": {
        "weight": 1.0
      },
      "geometry": {
        "type": "Point",
        "coordinates": [
          -5.6624399,
          40.9638443
        ]
      }
    },
    {
      "type": "Feature",
      "properties": {
        "weight": 1.0,
        "id": 2730912201,
        "hasDetails": true,
        "name": "La Mariseca",
        "amenity": "bar",
        "outdoor_seating": "yes"
      },
      "geometry": {
        "type": "Point",
        "coordinates": [
          -5.6647882,
          40.9638813
        ]
      }
    },
    {
      "type": "Feature",
      "properties": {
        "weight": 1.0,
        "id": 7375263294,
        "hasDetails": true,
        "name": "Hola India",
        "amenity": "restaurant",
        "cuisine": "indian",
        "website": "https://www.holaindia.es/",
        "names": [
          "Hola India",
          "Berty's"
        ]
      },
      "geometry": {
        "type": "Point",
        "coordinates": [
          -5.6633312,
          40.9638817
        ]
      }
    },
    {
      "type": "Feature",
      "properties": {
        "weight": 1.0,
        "id": 13713980944,
        "hasDetails": true,
        "name": "Paco",
        "amenity": "pub",
        "outdoor_seating": "no"
      },
      "geometry": {
        "type": "Point",
        "coordinates": [
          -5.658514,
          40.9638937
        ]
      }
    },
    {
      "type": "Feature",
      "properties": {
        "weight": 1.0
      },
      "geometry": {
        "type": "Point",
        "coordinates": [
          -5.6653793,
          40.9639235
        ]
      }
    },
    {
      "type": "Feature",
      "properties": {
        "weight": 1.0,
        "id": 2730864419,
        "hasDetails": true,
        "name": "R\u00edo de la Plata",
        "amenity": "restaurant",
        "cuisine": "regional",
        "address": "Plaza del Peso 1, Salamanca",
        "website": "https://www.restauranteriodelaplata.es/"
      },
      "geometry": {
        "type": "Point",
        "coordinates": [
          -5.6638685,
          40.9639292
        ]
      }
    },
    {
      "type": "Feature",
      "properties": {
        "weight": 1.0
      },
      "geometry": {
        "type": "Point",
        "coordinates": [
          -5.6634598,
          40.9639427
        ]
      }
    },
    {
      "type": "Feature",
      "properties": {
        "weight": 1.0,
        "id": 2730912197,
        "hasDetails": true,
        "name": "DOZE",
        "amenity": "restaurant",
        "website": "https://www.restaurantedoze.es/",
        "outdoor_seating": "yes"
      },
      "geometry": {
        "type": "Point",
        "coordinates": [
          -5.6644532,
          40.9639573
        ]
      }
    },
    {
      "type": "Feature",
      "properties": {
        "weight": 1.0,
        "id": 2407965545,
        "hasDetails": true,
        "name": "Montero",
        "amenity": "restaurant",
        "address": "Plaza del Corrillo 12, Salamanca",
        "website": "https://www.elmontero.es/",
        "opening_hours": "We-Mo 12:30-16:00; We-Su 20:30-24:00",
        "outdoor_seating": "yes"
      },
      "geometry": {
        "type": "Point",
        "coordinates": [
          -5.6649489,
          40.9640095
        ]
      }
    },
    {
      "type": "Feature",
      "properties": {
        "weight": 1.0,
        "id": 4398912649,
        "hasDetails": true,
        "name": "La Pepita Burger Bar",
        "amenity": "fast_food",
        "cuisine": "burger",
        "address": "Plaza del \u00c1ngel 2, Salamanca",
        "website": "http://www.lapepitaburgerbar.com/",
        "opening_hours": "Tu-Su 13:30-16:00; Tu-Th,Su 20:30-23:30; Fr,Sa 20:30-24:00",
        "outdoor_seating": "no"
      },
      "geometry": {
        "type": "Point",
        "coordinates": [
          -5.6628904,
          40.9640417
        ]
      }
    },
    {
      "type": "Feature",
      "properties": {
        "weight": 1.0,
        "id": 3046998624,
        "hasDetails": true,
        "name": "Ditaly",
        "amenity": "fast_food",
        "cuisine": "pizza",
        "address": "Calle Mel\u00e9ndez 2,6"
      },
      "geometry": {
        "type": "Point",
        "coordinates": [
          -5.6651941,
          40.9640574
        ]
      }
    },
    {
      "type": "Feature",
      "properties": {
        "weight": 1.0
      },
      "geometry": {
        "type": "Point",
        "coordinates": [
          -5.6632308,
          40.9640615
        ]
      }
    },
    {
      "type": "Feature",
      "properties": {
        "weight": 1.0,
        "id": 1227026,
        "hasDetails": true,
        "name": "El Pecado",
        "amenity": "restaurant",
        "address": "Plaza del Poeta Iglesias 12, Salamanca",
        "names": [
          "El Pecado",
          "El Mes\u00f3n de Gonzalo"
        ]
      },
      "geometry": {
        "type": "Point",
        "coordinates": [
          -5.6638535,
          40.9640809
        ]
      }
    },
    {
      "type": "Feature",
      "properties": {
        "weight": 1.0,
        "id": 11768984852,
        "hasDetails": true,
        "name": "Kebab Varillas",
        "amenity": "fast_food",
        "cuisine": "kebab"
      },
      "geometry": {
        "type": "Point",
        "coordinates": [
          -5.6621794,
          40.9640975
        ]
      }
    },
    {
      "type": "Feature",
      "properties": {
        "weight": 1.0
      },
      "geometry": {
        "type": "Point",
        "coordinates": [
          -5.6618565,
          40.9641084
        ]
      }
    },
    {
      "type": "Feature",
      "properties": {
        "weight": 1.0,
        "id": 13894691028,
        "hasDetails": true,
        "name": "Ancestral",
        "amenity": "cafe",
        "cuisine": "peruvian",
        "address": "Calle Gran V\u00eda 59",
        "opening_hours": "Mo-Fr 10:00-16:00,18:00-22:00; Sa-Su 09:30-16:00,18:00-23:00"
      },
      "geometry": {
        "type": "Point",
        "coordinates": [
          -5.6610811,
          40.9641242
        ]
      }
    },
    {
      "type": "Feature",
      "properties": {
        "weight": 1.0,
        "id": 2455679252,
        "hasDetails": true,
        "name": "Molly Malone",
        "amenity": "pub",
        "outdoor_seating": "no"
      },
      "geometry": {
        "type": "Point",
        "coordinates": [
          -5.661579,
          40.9641368
        ]
      }
    },
    {
      "type": "Feature",
      "properties": {
        "weight": 1.0,
        "id": 9649233684,
        "hasDetails": true,
        "name": "Gran Pekin",
        "amenity": "restaurant",
        "cuisine": "chinese",
        "outdoor_seating": "no",
        "names": [
          "Gran Pekin",
          "Cuzco Bodega"
        ],
        "amenities": [
          "restaurant",
          "bar"
        ]
      },
      "geometry": {
        "type": "Point",
        "coordinates": [
          -5.6655011,
          40.9641418
        ]
      }
    },
    {
      "type": "Feature",
      "properties": {
        "weight": 1.0
      },
      "geometry": {
        "type": "Point",
        "coordinates": [
          -5.6541333,
          40.9641651
        ]
      }
    },
    {
      "type": "Feature",
      "properties": {
        "weight": 1.0,
        "id": 13828507335,
        "hasDetails": true,
        "name": "Portal del Lino",
        "amenity": "restaurant",
        "address": "Calle San Juan de la Cruz"
      },
      "geometry": {
        "type": "Point",
        "coordinates": [
          -5.6633162,
          40.9641671
        ]
      }
    },
    {
      "type": "Feature",
      "properties": {
        "weight": 1.0,
        "id": 3205954988,
        "hasDetails": true,
        "name": "Ginos",
        "amenity": "restaurant",
        "cuisine": "italian",
        "address": "Plaza del \u00c1ngel 1, Salamanca"
      },
      "geometry": {
        "type": "Point",
        "coordinates": [
          -5.6628425,
          40.9641744
        ]
      }
    },
    {
      "type": "Feature",
      "properties": {
        "weight": 1.0
      },
      "geometry": {
        "type": "Point",
        "coordinates": [
          -5.662442,
          40.9641778
        ]
      }
    },
    {
      "type": "Feature",
      "properties": {
        "weight": 1.0,
        "id": 6315807323,
        "hasDetails": true,
        "name": "La Jamoner\u00eda de Viandas",
        "amenity": "pub",
        "outdoor_seating": "no"
      },
      "geometry": {
        "type": "Point",
        "coordinates": [
          -5.6646042,
          40.9642062
        ]
      }
    },
    {
      "type": "Feature",
      "properties": {
        "weight": 1.0
      },
      "geometry": {
        "type": "Point",
        "coordinates": [
          -5.6613044,
          40.9642345
        ]
      }
    },
    {
      "type": "Feature",
      "properties": {
        "weight": 1.0,
        "id": 9651374317,
        "hasDetails": true,
        "name": "Caf\u00e9 La Platea",
        "amenity": "restaurant",
        "cuisine": "spanish",
        "address": "Plaza del Corrillo 17",
        "outdoor_seating": "yes",
        "names": [
          "Caf\u00e9 La Platea",
          "La Morcilla"
        ]
      },
      "geometry": {
        "type": "Point",
        "coordinates": [
          -5.6650571,
          40.9642398
        ]
      }
    },
    {
      "type": "Feature",
      "properties": {
        "weight": 1.0,
        "id": 4397210392,
        "hasDetails": true,
        "name": "La Bodega Espa\u00f1ola",
        "amenity": "pub",
        "website": "https://diablurasgastrobar.wordpress.com/",
        "opening_hours": "Mo-Su 12:30-16:30,18:00-22:00"
      },
      "geometry": {
        "type": "Point",
        "coordinates": [
          -5.6607102,
          40.9642484
        ]
      }
    },
    {
      "type": "Feature",
      "properties": {
        "weight": 1.0,
        "id": 4388948250,
        "hasDetails": true,
        "name": "Grand Hotel",
        "amenity": "bar",
        "website": "https://www.grand-hotel.es/",
        "outdoor_seating": "yes"
      },
      "geometry": {
        "type": "Point",
        "coordinates": [
          -5.6636089,
          40.9642601
        ]
      }
    },
    {
      "type": "Feature",
      "properties": {
        "weight": 1.0
      },
      "geometry": {
        "type": "Point",
        "coordinates": [
          -5.660971,
          40.9642979
        ]
      }
    },
    {
      "type": "Feature",
      "properties": {
        "weight": 1.0,
        "id": 2455679255,
        "hasDetails": true,
        "name": "El Yunque",
        "amenity": "fast_food",
        "outdoor_seating": "no"
      },
      "geometry": {
        "type": "Point",
        "coordinates": [
          -5.6617208,
          40.9643161
        ]
      }
    },
    {
      "type": "Feature",
      "properties": {
        "weight": 1.0,
        "id": 9308009108,
        "hasDetails": true,
        "name": "Tierra",
        "amenity": "restaurant",
        "website": "https://www.tierraburritos.com",
        "opening_hours": "Mo-Su 12:00-00:00",
        "outdoor_seating": "yes"
      },
      "geometry": {
        "type": "Point",
        "coordinates": [
          -5.663235,
          40.9643177
        ]
      }
    },
    {
      "type": "Feature",
      "properties": {
        "weight": 1.0,
        "id": 2730692134,
        "hasDetails": true,
        "name": "Cuchitril",
        "amenity": "cafe",
        "address": "Plaza del Corrillo 7, Salamanca",
        "opening_hours": "Mo-Sa 11:00-13:00,17:00-20:00"
      },
      "geometry": {
        "type": "Point",
        "coordinates": [
          -5.6647604,
          40.9643284
        ]
      }
    },
    {
      "type": "Feature",
      "properties": {
        "weight": 1.0,
        "id": 7984235899,
        "hasDetails": true,
        "name": "Vips",
        "amenity": "restaurant",
        "cuisine": "international"
      },
      "geometry": {
        "type": "Point",
        "coordinates": [
          -5.6635547,
          40.9643637
        ]
      }
    },
    {
      "type": "Feature",
      "properties": {
        "weight": 1.0,
        "id": 2910584319,
        "hasDetails": true,
        "name": "New Tolteca",
        "amenity": "bar",
        "address": "Plaza de las Aguas 3",
        "outdoor_seating": "yes"
      },
      "geometry": {
        "type": "Point",
        "coordinates": [
          -5.6530563,
          40.964394
        ]
      }
    },
    {
      "type": "Feature",
      "properties": {
        "weight": 1.0
      },
      "geometry": {
        "type": "Point",
        "coordinates": [
          -5.6627712,
          40.9643963
        ]
      }
    },
    {
      "type": "Feature",
      "properties": {
        "weight": 1.0,
        "id": 12292812382,
        "hasDetails": true,
        "name": "Santagloria",
        "amenity": "cafe",
        "address": "Plaza del Corrillo 19",
        "website": "https://www.santagloria.com/nuestros-locales/santagloria-plaza-del-corrillo-salamanca",
        "opening_hours": "Mo-Su 08:00-21:00",
        "outdoor_seating": "yes",
        "names": [
          "Santagloria",
          "Hispania"
        ],
        "amenities": [
          "cafe",
          "restaurant"
        ]
      },
      "geometry": {
        "type": "Point",
        "coordinates": [
          -5.6649371,
          40.9644098
        ]
      }
    },
    {
      "type": "Feature",
      "properties": {
        "weight": 1.0
      },
      "geometry": {
        "type": "Point",
        "coordinates": [
          -5.669971,
          40.9644521
        ]
      }
    },
    {
      "type": "Feature",
      "properties": {
        "weight": 1.0
      },
      "geometry": {
        "type": "Point",
        "coordinates": [
          -5.6637997,
          40.9644609
        ]
      }
    },
    {
      "type": "Feature",
      "properties": {
        "weight": 1.0
      },
      "geometry": {
        "type": "Point",
        "coordinates": [
          -5.6612695,
          40.9644885
        ]
      }
    },
    {
      "type": "Feature",
      "properties": {
        "weight": 1.0
      },
      "geometry": {
        "type": "Point",
        "coordinates": [
          -5.6690963,
          40.9645013
        ]
      }
    },
    {
      "type": "Feature",
      "properties": {
        "weight": 1.0,
        "id": 12292812385,
        "hasDetails": true,
        "name": "Oslo Gastroteca",
        "amenity": "restaurant",
        "address": "20",
        "website": "https://oslogastroteca.com/",
        "opening_hours": "12:30-16:30,19:00-00:30",
        "outdoor_seating": "yes",
        "names": [
          "Oslo Gastroteca",
          "McDonald's"
        ],
        "amenities": [
          "restaurant",
          "fast_food"
        ]
      },
      "geometry": {
        "type": "Point",
        "coordinates": [
          -5.6648471,
          40.9645137
        ]
      }
    },
    {
      "type": "Feature",
      "properties": {
        "weight": 1.0,
        "id": 2455680227,
        "hasDetails": true,
        "name": "biga",
        "amenity": "restaurant",
        "address": "Plaza del Mercado 14, Salamanca",
        "outdoor_seating": "yes"
      },
      "geometry": {
        "type": "Point",
        "coordinates": [
          -5.6626973,
          40.9645151
        ]
      }
    },
    {
      "type": "Feature",
      "properties": {
        "weight": 1.0
      },
      "geometry": {
        "type": "Point",
        "coordinates": [
          -5.6656519,
          40.9645176
        ]
      }
    },
    {
      "type": "Feature",
      "properties": {
        "weight": 1.0,
        "id": 3202984633,
        "hasDetails": true,
        "name": "La Marimorena",
        "amenity": "restaurant",
        "address": "Plaza Mayor 20",
        "outdoor_seating": "yes"
      },
      "geometry": {
        "type": "Point",
        "coordinates": [
          -5.6640176,
          40.9645582
        ]
      }
    },
    {
      "type": "Feature",
      "properties": {
        "weight": 1.0,
        "id": 3202984634,
        "hasDetails": true,
        "name": "Mes\u00f3n Cervantes",
        "amenity": "restaurant",
        "address": "Plaza Mayor",
        "outdoor_seating": "yes"
      },
      "geometry": {
        "type": "Point",
        "coordinates": [
          -5.6636931,
          40.9645786
        ]
      }
    },
    {
      "type": "Feature",
      "properties": {
        "weight": 1.0,
        "id": 1290167593,
        "hasDetails": true,
        "name": "Baviera 1964",
        "amenity": "bar",
        "outdoor_seating": "yes",
        "names": [
          "Baviera 1964",
          "Las Bravas",
          "The Liverpool Cavern"
        ],
        "amenities": [
          "bar",
          "restaurant",
          "pub"
        ]
      },
      "geometry": {
        "type": "Point",
        "coordinates": [
          -5.66165,
          40.9645864
        ]
      }
    },
    {
      "type": "Feature",
      "properties": {
        "weight": 1.0,
        "id": 8792621504,
        "hasDetails": true,
        "name": "Bar Claudia",
        "amenity": "pub",
        "outdoor_seating": "yes"
      },
      "geometry": {
        "type": "Point",
        "coordinates": [
          -5.6583206,
          40.9645979
        ]
      }
    },
    {
      "type": "Feature",
      "properties": {
        "weight": 1.0,
        "id": 8863813437,
        "hasDetails": true,
        "name": "Montaditos y Tostas",
        "amenity": "pub",
        "outdoor_seating": "yes"
      },
      "geometry": {
        "type": "Point",
        "coordinates": [
          -5.6618166,
          40.9646073
        ]
      }
    },
    {
      "type": "Feature",
      "properties": {
        "weight": 1.0,
        "id": 5196080684,
        "hasDetails": true,
        "name": "Restaurante Las Tapas de Gonzalo",
        "amenity": "restaurant",
        "cuisine": "regional",
        "address": "Plaza Mayor 23",
        "website": "https://www.lastapasdegonzalo.es/",
        "opening_hours": "Mo-Su 12:00-24:00",
        "outdoor_seating": "yes"
      },
      "geometry": {
        "type": "Point",
        "coordinates": [
          -5.6642904,
          40.964615
        ]
      }
    },
    {
      "type": "Feature",
      "properties": {
        "weight": 1.0,
        "id": 1290167437,
        "hasDetails": true,
        "name": "The Holy Cross",
        "amenity": "pub",
        "address": "Calle Obispo Jarr\u00edn 12",
        "website": "https://theholycross.es/",
        "opening_hours": "Mo-We 13:00-01:30; Th 13:00-02:00; Fr-Sa 13:00-02:30; Su 17:00-01:30",
        "outdoor_seating": "yes"
      },
      "geometry": {
        "type": "Point",
        "coordinates": [
          -5.6620465,
          40.9646395
        ]
      }
    },
    {
      "type": "Feature",
      "properties": {
        "weight": 1.0,
        "id": 4539964391,
        "hasDetails": true,
        "name": "Panka Street Food",
        "amenity": "restaurant",
        "cuisine": "venezuelan",
        "address": "22",
        "website": "https://www.pankastreetfood.com/",
        "outdoor_seating": "yes"
      },
      "geometry": {
        "type": "Point",
        "coordinates": [
          -5.66475,
          40.9646414
        ]
      }
    },
    {
      "type": "Feature",
      "properties": {
        "weight": 1.0,
        "id": 5196080681,
        "hasDetails": true,
        "name": "Bar Berysa",
        "amenity": "cafe",
        "cuisine": "regional",
        "address": "Plaza Mayor",
        "outdoor_seating": "yes"
      },
      "geometry": {
        "type": "Point",
        "coordinates": [
          -5.6645114,
          40.9646603
        ]
      }
    },
    {
      "type": "Feature",
      "properties": {
        "weight": 1.0
      },
      "geometry": {
        "type": "Point",
        "coordinates": [
          -5.6651041,
          40.9646928
        ]
      }
    },
    {
      "type": "Feature",
      "properties": {
        "weight": 1.0,
        "id": 4397135028,
        "hasDetails": true,
        "name": "Foster's Hollywood",
        "amenity": "restaurant",
        "cuisine": "american",
        "address": "Calle Obispo Jarr\u00edn 6, Salamanca",
        "website": "https://fostershollywood.es/",
        "opening_hours": "Mo-Su,PH 13:00-16:30; Su-Th,PH 20:00-23:30; Fr,Sa 20:00-24:00",
        "outdoor_seating": "no"
      },
      "geometry": {
        "type": "Point",
        "coordinates": [
          -5.6621612,
          40.964698
        ]
      }
    },
    {
      "type": "Feature",
      "properties": {
        "weight": 1.0,
        "id": 5196080685,
        "hasDetails": true,
        "name": "Plaza Mayor",
        "amenity": "restaurant",
        "address": "Plaza Mayor 11, Salamanca",
        "outdoor_seating": "yes",
        "names": [
          "Plaza Mayor",
          "Sesenta"
        ]
      },
      "geometry": {
        "type": "Point",
        "coordinates": [
          -5.6636203,
          40.9647222
        ]
      }
    },
    {
      "type": "Feature",
      "properties": {
        "weight": 1.0,
        "id": 1290167443,
        "hasDetails": true,
        "name": "St. Patrick's Museum",
        "amenity": "bar",
        "website": "https://stpatricksalamanca.com",
        "opening_hours": "Su-We 17:00-01:30, Th 17:00-02:00, Fr-Sa 17:00-02:30",
        "outdoor_seating": "yes"
      },
      "geometry": {
        "type": "Point",
        "coordinates": [
          -5.6623844,
          40.9647472
        ]
      }
    },
    {
      "type": "Feature",
      "properties": {
        "weight": 1.0,
        "id": 1288269451,
        "hasDetails": true,
        "name": "Telepizza",
        "amenity": "fast_food",
        "cuisine": "pizza",
        "outdoor_seating": "yes"
      },
      "geometry": {
        "type": "Point",
        "coordinates": [
          -5.6625303,
          40.964773
        ]
      }
    },
    {
      "type": "Feature",
      "properties": {
        "weight": 1.0
      },
      "geometry": {
        "type": "Point",
        "coordinates": [
          -5.6634919,
          40.96481
        ]
      }
    },
    {
      "type": "Feature",
      "properties": {
        "weight": 1.0,
        "id": 8792621491,
        "hasDetails": true,
        "name": "San Antonio",
        "amenity": "restaurant",
        "outdoor_seating": "yes"
      },
      "geometry": {
        "type": "Point",
        "coordinates": [
          -5.6557295,
          40.9648103
        ]
      }
    },
    {
      "type": "Feature",
      "properties": {
        "weight": 1.0
      },
      "geometry": {
        "type": "Point",
        "coordinates": [
          -5.6609416,
          40.9648195
        ]
      }
    },
    {
      "type": "Feature",
      "properties": {
        "weight": 1.0,
        "id": 933693838,
        "hasDetails": true,
        "name": "Pans & Company",
        "amenity": "fast_food",
        "cuisine": "sandwich",
        "address": "Calle Prior 3, Salamanca",
        "outdoor_seating": "no",
        "names": [
          "Pans & Company",
          "Burger King"
        ]
      },
      "geometry": {
        "type": "Point",
        "coordinates": [
          -5.6648859,
          40.9648246
        ]
      }
    },
    {
      "type": "Feature",
      "properties": {
        "weight": 1.0,
        "id": 1148264162,
        "hasDetails": true,
        "name": "Cum Laude",
        "amenity": "restaurant",
        "website": "https://cvmlavdegourmet.com/",
        "outdoor_seating": "no",
        "names": [
          "Cum Laude",
          "Aloha Pok\u00e9",
          "Bar-Restaurante Bamb\u00fa"
        ],
        "amenities": [
          "restaurant",
          "fast_food"
        ]
      },
      "geometry": {
        "type": "Point",
        "coordinates": [
          -5.6650441,
          40.9648478
        ]
      }
    },
    {
      "type": "Feature",
      "properties": {
        "weight": 1.0
      },
      "geometry": {
        "type": "Point",
        "coordinates": [
          -5.6616376,
          40.9648766
        ]
      }
    },
    {
      "type": "Feature",
      "properties": {
        "weight": 1.0,
        "id": 6444839400,
        "hasDetails": true,
        "name": "LeTr\u00e0",
        "amenity": "cafe",
        "cuisine": "bubble_tea;vietnamese",
        "address": "Calle Prior 9",
        "opening_hours": "12:00-22:00",
        "outdoor_seating": "no"
      },
      "geometry": {
        "type": "Point",
        "coordinates": [
          -5.6652363,
          40.964886
        ]
      }
    },
    {
      "type": "Feature",
      "properties": {
        "weight": 1.0,
        "id": 12217042588,
        "hasDetails": true,
        "name": "The Liverpool Pub",
        "amenity": "pub",
        "address": "Calle Gran V\u00eda 51",
        "names": [
          "The Liverpool Pub",
          "And\u00e9n 47"
        ]
      },
      "geometry": {
        "type": "Point",
        "coordinates": [
          -5.6605421,
          40.9648871
        ]
      }
    },
    {
      "type": "Feature",
      "properties": {
        "weight": 1.0,
        "id": 2755733378,
        "hasDetails": true,
        "name": "La Sastrer\u00eda",
        "amenity": "restaurant",
        "outdoor_seating": "yes",
        "names": [
          "La Sastrer\u00eda",
          "ConSentido"
        ]
      },
      "geometry": {
        "type": "Point",
        "coordinates": [
          -5.6625659,
          40.9649063
        ]
      }
    },
    {
      "type": "Feature",
      "properties": {
        "weight": 1.0,
        "id": 1295879535,
        "hasDetails": true,
        "name": "La Tagliatella",
        "amenity": "restaurant",
        "cuisine": "italian",
        "website": "https://www.latagliatella.es/",
        "opening_hours": "Mo-Th 13:00-16:00,19:30-24:00; PH,Sa,Su 13:00-16:30,19:30-00:30",
        "outdoor_seating": "yes"
      },
      "geometry": {
        "type": "Point",
        "coordinates": [
          -5.6664773,
          40.9649126
        ]
      }
    },
    {
      "type": "Feature",
      "properties": {
        "weight": 1.0,
        "id": 3214026852,
        "hasDetails": true,
        "name": "Mes\u00f3n La Dehesa",
        "amenity": "bar",
        "outdoor_seating": "no"
      },
      "geometry": {
        "type": "Point",
        "coordinates": [
          -5.6654834,
          40.9649299
        ]
      }
    },
    {
      "type": "Feature",
      "properties": {
        "weight": 1.0,
        "id": 4547663292,
        "hasDetails": true,
        "name": "Saona",
        "amenity": "restaurant",
        "website": "https://www.gruposaona.com/restaurante/saona-salamanca/"
      },
      "geometry": {
        "type": "Point",
        "coordinates": [
          -5.6658533,
          40.9649356
        ]
      }
    },
    {
      "type": "Feature",
      "properties": {
        "weight": 1.0,
        "id": 4883220625,
        "hasDetails": true,
        "name": "La Sastrer\u00eda del Mercado",
        "amenity": "restaurant",
        "address": "Plaza del Mercado 8, Salamanca",
        "opening_hours": "08:30-02:00",
        "outdoor_seating": "yes"
      },
      "geometry": {
        "type": "Point",
        "coordinates": [
          -5.6627236,
          40.9649569
        ]
      }
    },
    {
      "type": "Feature",
      "properties": {
        "weight": 1.0,
        "id": 2650634749,
        "hasDetails": true,
        "name": "Clavel 8",
        "amenity": "pub",
        "address": "Calle Clavel 8, Salamanca",
        "outdoor_seating": "yes"
      },
      "geometry": {
        "type": "Point",
        "coordinates": [
          -5.6624007,
          40.9649769
        ]
      }
    },
    {
      "type": "Feature",
      "properties": {
        "weight": 1.0
      },
      "geometry": {
        "type": "Point",
        "coordinates": [
          -5.666088,
          40.965031
        ]
      }
    },
    {
      "type": "Feature",
      "properties": {
        "weight": 1.0,
        "id": 5196080687,
        "hasDetails": true,
        "name": "La Marquesa Brava",
        "amenity": "restaurant",
        "address": "Plaza Mayor 7,9",
        "outdoor_seating": "yes"
      },
      "geometry": {
        "type": "Point",
        "coordinates": [
          -5.6634722,
          40.965037
        ]
      }
    },
    {
      "type": "Feature",
      "properties": {
        "weight": 1.0,
        "id": 9973477870,
        "hasDetails": true,
        "name": "Oido Paella",
        "amenity": "restaurant",
        "address": "Calle Paraguay 4",
        "website": "https://www.oidopaella.com",
        "opening_hours": "Mo-Fr 11:00-16:00; Sa-Su 10:00-16:00"
      },
      "geometry": {
        "type": "Point",
        "coordinates": [
          -5.6560265,
          40.9650538
        ]
      }
    },
    {
      "type": "Feature",
      "properties": {
        "weight": 1.0,
        "id": 2650635709,
        "hasDetails": true,
        "name": "Udon",
        "amenity": "restaurant",
        "cuisine": "japanese"
      },
      "geometry": {
        "type": "Point",
        "coordinates": [
          -5.6622934,
          40.9650579
        ]
      }
    },
    {
      "type": "Feature",
      "properties": {
        "weight": 1.0
      },
      "geometry": {
        "type": "Point",
        "coordinates": [
          -5.6625005,
          40.9650787
        ]
      }
    },
    {
      "type": "Feature",
      "properties": {
        "weight": 1.0,
        "id": 3202984627,
        "hasDetails": true,
        "name": "Nero",
        "amenity": "restaurant",
        "address": "Plaza Mayor",
        "outdoor_seating": "yes",
        "names": [
          "Nero",
          "sm\u00f6oy"
        ],
        "amenities": [
          "restaurant",
          "ice_cream"
        ]
      },
      "geometry": {
        "type": "Point",
        "coordinates": [
          -5.6646021,
          40.9650796
        ]
      }
    },
    {
      "type": "Feature",
      "properties": {
        "weight": 1.0
      },
      "geometry": {
        "type": "Point",
        "coordinates": [
          -5.6597625,
          40.9650817
        ]
      }
    },
    {
      "type": "Feature",
      "properties": {
        "weight": 1.0,
        "id": 4397126090,
        "hasDetails": true,
        "name": "Enjoy",
        "amenity": "bar",
        "address": "Cuesta de Sancti-Sp\u00edritus 10, Salamanca",
        "opening_hours": "Mo-Th 17:00-01:30; Fr 17:00-02:00; Sa,Su 17:00-02:30"
      },
      "geometry": {
        "type": "Point",
        "coordinates": [
          -5.659963,
          40.9651158
        ]
      }
    },
    {
      "type": "Feature",
      "properties": {
        "weight": 1.0
      },
      "geometry": {
        "type": "Point",
        "coordinates": [
          -5.6627429,
          40.9651218
        ]
      }
    },
    {
      "type": "Feature",
      "properties": {
        "weight": 1.0
      },
      "geometry": {
        "type": "Point",
        "coordinates": [
          -5.6615506,
          40.965124
        ]
      }
    },
    {
      "type": "Feature",
      "properties": {
        "weight": 1.0,
        "id": 13233189556,
        "hasDetails": true,
        "name": "Bar Ignacio",
        "amenity": "pub",
        "outdoor_seating": "yes"
      },
      "geometry": {
        "type": "Point",
        "coordinates": [
          -5.6633787,
          40.9651275
        ]
      }
    },
    {
      "type": "Feature",
      "properties": {
        "weight": 1.0,
        "id": 3392149219,
        "hasDetails": true,
        "name": "Goiko Grill",
        "amenity": "restaurant",
        "cuisine": "burger",
        "address": "Calle Correhuela 18",
        "outdoor_seating": "yes"
      },
      "geometry": {
        "type": "Point",
        "coordinates": [
          -5.6614007,
          40.9651402
        ]
      }
    },
    {
      "type": "Feature",
      "properties": {
        "weight": 1.0
      },
      "geometry": {
        "type": "Point",
        "coordinates": [
          -5.6601394,
          40.9651417
        ]
      }
    },
    {
      "type": "Feature",
      "properties": {
        "weight": 1.0,
        "id": 3898664866,
        "hasDetails": true,
        "name": "Mes\u00f3n Solana",
        "amenity": "restaurant",
        "address": "Calle Pozo Amarillo",
        "names": [
          "Mes\u00f3n Solana",
          "El Patio Cordob\u00e9s"
        ]
      },
      "geometry": {
        "type": "Point",
        "coordinates": [
          -5.6628813,
          40.9651807
        ]
      }
    },
    {
      "type": "Feature",
      "properties": {
        "weight": 1.0
      },
      "geometry": {
        "type": "Point",
        "coordinates": [
          -5.6722726,
          40.9651988
        ]
      }
    },
    {
      "type": "Feature",
      "properties": {
        "weight": 1.0
      },
      "geometry": {
        "type": "Point",
        "coordinates": [
          -5.6662795,
          40.9651997
        ]
      }
    },
    {
      "type": "Feature",
      "properties": {
        "weight": 1.0,
        "id": 4449179962,
        "hasDetails": true,
        "name": "Starbucks",
        "amenity": "cafe",
        "cuisine": "coffee_shop",
        "address": "Plaza Mayor 21, Salamanca",
        "website": "https://www.starbucks.es/",
        "outdoor_seating": "yes",
        "names": [
          "Starbucks",
          "Helader\u00eda \"Bico de Xeado\""
        ],
        "amenities": [
          "cafe",
          "ice_cream"
        ]
      },
      "geometry": {
        "type": "Point",
        "coordinates": [
          -5.6645653,
          40.9652143
        ]
      }
    },
    {
      "type": "Feature",
      "properties": {
        "weight": 1.0,
        "id": 7108904822,
        "hasDetails": true,
        "name": "Burger King",
        "amenity": "fast_food",
        "cuisine": "burger",
        "opening_hours": "Mo-Th 12:00-00:30+, Fr,Sa 12:00-01:00+, Su 12:00-00:30+",
        "outdoor_seating": "no"
      },
      "geometry": {
        "type": "Point",
        "coordinates": [
          -5.6633669,
          40.9652444
        ]
      }
    },
    {
      "type": "Feature",
      "properties": {
        "weight": 1.0,
        "id": 2477706843,
        "hasDetails": true,
        "name": "La Perla Negra",
        "amenity": "pub",
        "website": "https://www.laperlanegrasalamanca.com/",
        "outdoor_seating": "yes"
      },
      "geometry": {
        "type": "Point",
        "coordinates": [
          -5.6658607,
          40.9652498
        ]
      }
    },
    {
      "type": "Feature",
      "properties": {
        "weight": 1.0
      },
      "geometry": {
        "type": "Point",
        "coordinates": [
          -5.6610739,
          40.9652551
        ]
      }
    },
    {
      "type": "Feature",
      "properties": {
        "weight": 1.0,
        "id": 12476415338,
        "hasDetails": true,
        "name": "Lui y Keito",
        "amenity": "restaurant",
        "cuisine": "japanese"
      },
      "geometry": {
        "type": "Point",
        "coordinates": [
          -5.6600414,
          40.9652779
        ]
      }
    },
    {
      "type": "Feature",
      "properties": {
        "weight": 1.0,
        "id": 2477483744,
        "hasDetails": true,
        "name": "Creper\u00eda Mimos",
        "amenity": "restaurant",
        "address": "Calle Espoz y Mina 38, Salamanca"
      },
      "geometry": {
        "type": "Point",
        "coordinates": [
          -5.6654504,
          40.9652991
        ]
      }
    },
    {
      "type": "Feature",
      "properties": {
        "weight": 1.0
      },
      "geometry": {
        "type": "Point",
        "coordinates": [
          -5.6666776,
          40.9653049
        ]
      }
    },
    {
      "type": "Feature",
      "properties": {
        "weight": 1.0,
        "id": 3242553613,
        "hasDetails": true,
        "name": "Los Escudos",
        "amenity": "bar",
        "outdoor_seating": "yes",
        "names": [
          "Los Escudos",
          "Novelty",
          "Caf\u00e9 Novelty"
        ],
        "amenities": [
          "bar",
          "ice_cream",
          "cafe"
        ]
      },
      "geometry": {
        "type": "Point",
        "coordinates": [
          -5.6635502,
          40.9653258
        ]
      }
    },
    {
      "type": "Feature",
      "properties": {
        "weight": 1.0,
        "id": 3202984629,
        "hasDetails": true,
        "name": "Cafeter\u00eda Abad\u00eda Plaza",
        "amenity": "cafe",
        "address": "Plaza Mayor",
        "outdoor_seating": "yes"
      },
      "geometry": {
        "type": "Point",
        "coordinates": [
          -5.6645147,
          40.9653772
        ]
      }
    },
    {
      "type": "Feature",
      "properties": {
        "weight": 1.0,
        "id": 6130584685,
        "hasDetails": true,
        "name": "Bamb\u00fa Lounge",
        "amenity": "bar",
        "cuisine": "mexican"
      },
      "geometry": {
        "type": "Point",
        "coordinates": [
          -5.6656589,
          40.965443
        ]
      }
    },
    {
      "type": "Feature",
      "properties": {
        "weight": 1.0,
        "id": 3202984631,
        "hasDetails": true,
        "name": "Cafeter\u00eda Las Torres",
        "amenity": "cafe",
        "outdoor_seating": "yes"
      },
      "geometry": {
        "type": "Point",
        "coordinates": [
          -5.6641682,
          40.9654533
        ]
      }
    },
    {
      "type": "Feature",
      "properties": {
        "weight": 1.0,
        "id": 1290167548,
        "hasDetails": true,
        "name": "El Zagu\u00e1n",
        "amenity": "restaurant",
        "address": "Calle Ventura Ruiz Aguilera",
        "outdoor_seating": "no"
      },
      "geometry": {
        "type": "Point",
        "coordinates": [
          -5.6628545,
          40.9654631
        ]
      }
    },
    {
      "type": "Feature",
      "properties": {
        "weight": 1.0,
        "id": 2898867540,
        "hasDetails": true,
        "amenity": "cafe",
        "outdoor_seating": "yes"
      },
      "geometry": {
        "type": "Point",
        "coordinates": [
          -5.654418,
          40.9654742
        ]
      }
    },
    {
      "type": "Feature",
      "properties": {
        "weight": 1.0,
        "id": 3895702472,
        "hasDetails": true,
        "name": "Bar Juli\u00e1n",
        "amenity": "bar",
        "opening_hours": "Mo-Su 06:30-23:00",
        "outdoor_seating": "yes"
      },
      "geometry": {
        "type": "Point",
        "coordinates": [
          -5.6553186,
          40.9654992
        ]
      }
    },
    {
      "type": "Feature",
      "properties": {
        "weight": 1.0,
        "id": 2676102372,
        "hasDetails": true,
        "name": "La Fonda del Arcediano de Medina",
        "amenity": "restaurant",
        "address": "Calle la Reja 2-10, Salamanca"
      },
      "geometry": {
        "type": "Point",
        "coordinates": [
          -5.6599545,
          40.9655278
        ]
      }
    },
    {
      "type": "Feature",
      "properties": {
        "weight": 1.0,
        "id": 1738373612,
        "hasDetails": true,
        "name": "Brooklyn&Co",
        "amenity": "fast_food",
        "cuisine": "burger",
        "opening_hours": "Mo-Su 11:00-13:30; Tu-Su 18:00-22:00",
        "outdoor_seating": "yes"
      },
      "geometry": {
        "type": "Point",
        "coordinates": [
          -5.6645093,
          40.965533
        ]
      }
    },
    {
      "type": "Feature",
      "properties": {
        "weight": 1.0
      },
      "geometry": {
        "type": "Point",
        "coordinates": [
          -5.6649554,
          40.9655472
        ]
      }
    },
    {
      "type": "Feature",
      "properties": {
        "weight": 1.0
      },
      "geometry": {
        "type": "Point",
        "coordinates": [
          -5.6653682,
          40.9655654
        ]
      }
    },
    {
      "type": "Feature",
      "properties": {
        "weight": 1.0,
        "id": 13827398296,
        "hasDetails": true,
        "name": "Plus Ultra",
        "amenity": "cafe",
        "address": "Calle Concejo 4",
        "names": [
          "Plus Ultra",
          "Martinica"
        ],
        "amenities": [
          "cafe",
          "restaurant"
        ]
      },
      "geometry": {
        "type": "Point",
        "coordinates": [
          -5.6643747,
          40.9656065
        ]
      }
    },
    {
      "type": "Feature",
      "properties": {
        "weight": 1.0,
        "id": 6490909454,
        "hasDetails": true,
        "name": "El Mirador de Baco",
        "amenity": "pub",
        "outdoor_seating": "yes"
      },
      "geometry": {
        "type": "Point",
        "coordinates": [
          -5.6551305,
          40.9656216
        ]
      }
    },
    {
      "type": "Feature",
      "properties": {
        "weight": 1.0
      },
      "geometry": {
        "type": "Point",
        "coordinates": [
          -5.6622977,
          40.9656845
        ]
      }
    },
    {
      "type": "Feature",
      "properties": {
        "weight": 1.0,
        "id": 13764048716,
        "hasDetails": true,
        "name": "Mano a Mano",
        "amenity": "pub",
        "address": "Calle la Reja 10",
        "website": "https://www.manoamanobar.es",
        "opening_hours": "Su-We 18:00-02:00, Th 18:00-02:30, Fr-Sa 18:00-03:00",
        "outdoor_seating": "yes"
      },
      "geometry": {
        "type": "Point",
        "coordinates": [
          -5.6597416,
          40.9656899
        ]
      }
    },
    {
      "type": "Feature",
      "properties": {
        "weight": 1.0,
        "id": 4436077602,
        "hasDetails": true,
        "name": "Taco Bell",
        "amenity": "fast_food",
        "cuisine": "tex-mex"
      },
      "geometry": {
        "type": "Point",
        "coordinates": [
          -5.6644747,
          40.965706
        ]
      }
    },
    {
      "type": "Feature",
      "properties": {
        "weight": 1.0,
        "id": 3202951978,
        "hasDetails": true,
        "name": "Copas Rotas",
        "amenity": "bar",
        "address": "Calle de Zamora 7, Salamanca",
        "opening_hours": "Mo-Sa 16:30+",
        "outdoor_seating": "yes"
      },
      "geometry": {
        "type": "Point",
        "coordinates": [
          -5.6640435,
          40.9657203
        ]
      }
    },
    {
      "type": "Feature",
      "properties": {
        "weight": 1.0,
        "id": 4328408015,
        "hasDetails": true,
        "name": "Tamarix",
        "amenity": "cafe",
        "outdoor_seating": "no"
      },
      "geometry": {
        "type": "Point",
        "coordinates": [
          -5.6519887,
          40.965722
        ]
      }
    },
    {
      "type": "Feature",
      "properties": {
        "weight": 1.0,
        "id": 3792315567,
        "hasDetails": true,
        "name": "Magenta",
        "amenity": "cafe",
        "opening_hours": "Tu,We,Th,Su 10:00-22:00; Fr,Sa 10:00-23:00"
      },
      "geometry": {
        "type": "Point",
        "coordinates": [
          -5.661369,
          40.9657257
        ]
      }
    },
    {
      "type": "Feature",
      "properties": {
        "weight": 1.0,
        "id": 3214026850,
        "hasDetails": true,
        "name": "La Vacavieja",
        "amenity": "restaurant",
        "cuisine": "steak_house",
        "address": "Calle Espoz y Mina 26",
        "website": "https://lavacavieja.es/",
        "opening_hours": "PH,Mo-Su 13:30-15:45,20:30-23:30",
        "outdoor_seating": "yes",
        "names": [
          "La Vacavieja",
          "LiliCook"
        ]
      },
      "geometry": {
        "type": "Point",
        "coordinates": [
          -5.6653159,
          40.9657423
        ]
      }
    },
    {
      "type": "Feature",
      "properties": {
        "weight": 1.0,
        "id": 3038705296,
        "hasDetails": true,
        "name": "Casa Ino",
        "amenity": "restaurant",
        "address": "Calle Plasencia 17, Salamanca"
      },
      "geometry": {
        "type": "Point",
        "coordinates": [
          -5.6515991,
          40.9657832
        ]
      }
    },
    {
      "type": "Feature",
      "properties": {
        "weight": 1.0,
        "id": 13084880346,
        "hasDetails": true,
        "name": "Restaurante Isidro",
        "amenity": "restaurant",
        "outdoor_seating": "yes"
      },
      "geometry": {
        "type": "Point",
        "coordinates": [
          -5.6621478,
          40.9657965
        ]
      }
    },
    {
      "type": "Feature",
      "properties": {
        "weight": 1.0,
        "id": 3945061488,
        "hasDetails": true,
        "name": "Tika Mariya",
        "amenity": "restaurant",
        "cuisine": "peruvian",
        "opening_hours": "Mo-Sa 12:30-17:00,20:00-23:00; Su 12:30-17:00"
      },
      "geometry": {
        "type": "Point",
        "coordinates": [
          -5.6603256,
          40.9658009
        ]
      }
    },
    {
      "type": "Feature",
      "properties": {
        "weight": 1.0,
        "id": 3242553619,
        "hasDetails": true,
        "name": "Restaurante Chino Gran Mundo",
        "amenity": "restaurant",
        "cuisine": "chinese",
        "address": "Calle Doctor Pi\u00f1uela 2, Salamanca"
      },
      "geometry": {
        "type": "Point",
        "coordinates": [
          -5.6636217,
          40.9658053
        ]
      }
    },
    {
      "type": "Feature",
      "properties": {
        "weight": 1.0,
        "id": 3214081285,
        "hasDetails": true,
        "name": "Quid Divinum",
        "amenity": "pub",
        "opening_hours": "Th-Tu 12:30-16:30,19:30-24:00",
        "outdoor_seating": "yes",
        "names": [
          "Quid Divinum",
          "Five Napoli Pizza"
        ],
        "amenities": [
          "pub",
          "restaurant"
        ]
      },
      "geometry": {
        "type": "Point",
        "coordinates": [
          -5.6647338,
          40.9658081
        ]
      }
    },
    {
      "type": "Feature",
      "properties": {
        "weight": 1.0
      },
      "geometry": {
        "type": "Point",
        "coordinates": [
          -5.6640558,
          40.9658149
        ]
      }
    },
    {
      "type": "Feature",
      "properties": {
        "weight": 1.0,
        "id": 3214081282,
        "hasDetails": true,
        "name": "Livingstone",
        "amenity": "cafe",
        "address": "Plaza de la Libertad 6"
      },
      "geometry": {
        "type": "Point",
        "coordinates": [
          -5.6649296,
          40.9658426
        ]
      }
    },
    {
      "type": "Feature",
      "properties": {
        "weight": 1.0
      },
      "geometry": {
        "type": "Point",
        "coordinates": [
          -5.6651675,
          40.9658674
        ]
      }
    },
    {
      "type": "Feature",
      "properties": {
        "weight": 1.0,
        "id": 1288269354,
        "hasDetails": true,
        "name": "Niebla",
        "amenity": "bar",
        "outdoor_seating": "yes"
      },
      "geometry": {
        "type": "Point",
        "coordinates": [
          -5.6664894,
          40.9658815
        ]
      }
    },
    {
      "type": "Feature",
      "properties": {
        "weight": 1.0
      },
      "geometry": {
        "type": "Point",
        "coordinates": [
          -5.6643289,
          40.9658988
        ]
      }
    },
    {
      "type": "Feature",
      "properties": {
        "weight": 1.0,
        "id": 2455666196,
        "hasDetails": true,
        "name": "O'Hara's",
        "amenity": "pub",
        "address": "Calle de Zamora 14",
        "opening_hours": "Su-Th 22:00-02:30, Fr-Sa 23:00-04:00",
        "outdoor_seating": "yes"
      },
      "geometry": {
        "type": "Point",
        "coordinates": [
          -5.6639538,
          40.9659287
        ]
      }
    },
    {
      "type": "Feature",
      "properties": {
        "weight": 1.0
      },
      "geometry": {
        "type": "Point",
        "coordinates": [
          -5.6711815,
          40.9659815
        ]
      }
    },
    {
      "type": "Feature",
      "properties": {
        "weight": 1.0
      },
      "geometry": {
        "type": "Point",
        "coordinates": [
          -5.6710344,
          40.9660335
        ]
      }
    },
    {
      "type": "Feature",
      "properties": {
        "weight": 1.0,
        "id": 2455666199,
        "hasDetails": true,
        "name": "La Mantequer\u00eda",
        "amenity": "restaurant",
        "address": "Plaza de la Libertad 10",
        "outdoor_seating": "yes"
      },
      "geometry": {
        "type": "Point",
        "coordinates": [
          -5.6646323,
          40.9661085
        ]
      }
    },
    {
      "type": "Feature",
      "properties": {
        "weight": 1.0,
        "id": 3698469924,
        "hasDetails": true,
        "name": "El Provenzal",
        "amenity": "pub",
        "outdoor_seating": "yes"
      },
      "geometry": {
        "type": "Point",
        "coordinates": [
          -5.6647931,
          40.9661494
        ]
      }
    },
    {
      "type": "Feature",
      "properties": {
        "weight": 1.0
      },
      "geometry": {
        "type": "Point",
        "coordinates": [
          -5.6527907,
          40.966152
        ]
      }
    },
    {
      "type": "Feature",
      "properties": {
        "weight": 1.0,
        "id": 10751589153,
        "hasDetails": true,
        "name": "San-Mar",
        "amenity": "pub",
        "outdoor_seating": "no"
      },
      "geometry": {
        "type": "Point",
        "coordinates": [
          -5.6512561,
          40.9661536
        ]
      }
    },
    {
      "type": "Feature",
      "properties": {
        "weight": 1.0,
        "id": 3214081279,
        "hasDetails": true,
        "name": "La Barra Piripi",
        "amenity": "restaurant",
        "outdoor_seating": "yes"
      },
      "geometry": {
        "type": "Point",
        "coordinates": [
          -5.6649512,
          40.9661832
        ]
      }
    },
    {
      "type": "Feature",
      "properties": {
        "weight": 1.0,
        "id": 2900637296,
        "hasDetails": true,
        "name": "Ghostburgers",
        "amenity": "restaurant",
        "cuisine": "burger",
        "address": "Avenida de Campoamor 9, Salamanca",
        "website": "https://drive.google.com/file/d/12vbTNtvv2eub94J3YA9mqWj6nLBauX_x/view",
        "opening_hours": "Mo-Su 12:00-15:30,20:00-23:00",
        "outdoor_seating": "no"
      },
      "geometry": {
        "type": "Point",
        "coordinates": [
          -5.6557998,
          40.9662002
        ]
      }
    },
    {
      "type": "Feature",
      "properties": {
        "weight": 1.0
      },
      "geometry": {
        "type": "Point",
        "coordinates": [
          -5.6650651,
          40.9662102
        ]
      }
    },
    {
      "type": "Feature",
      "properties": {
        "weight": 1.0,
        "id": 4453787290,
        "hasDetails": true,
        "name": "Astur",
        "amenity": "bar",
        "outdoor_seating": "yes"
      },
      "geometry": {
        "type": "Point",
        "coordinates": [
          -5.6545561,
          40.9662156
        ]
      }
    },
    {
      "type": "Feature",
      "properties": {
        "weight": 1.0,
        "id": 8853800397,
        "hasDetails": true,
        "name": "Bundi",
        "amenity": "restaurant",
        "address": "Calle Espoz y Mina 14"
      },
      "geometry": {
        "type": "Point",
        "coordinates": [
          -5.6651912,
          40.9662337
        ]
      }
    },
    {
      "type": "Feature",
      "properties": {
        "weight": 1.0,
        "id": 4417910089,
        "hasDetails": true,
        "name": "El Expresso",
        "amenity": "cafe",
        "outdoor_seating": "yes"
      },
      "geometry": {
        "type": "Point",
        "coordinates": [
          -5.6563438,
          40.9662536
        ]
      }
    },
    {
      "type": "Feature",
      "properties": {
        "weight": 1.0,
        "id": 3492908205,
        "hasDetails": true,
        "name": "Bar Restaurante L\u00edbano",
        "amenity": "cafe",
        "outdoor_seating": "yes"
      },
      "geometry": {
        "type": "Point",
        "coordinates": [
          -5.6703989,
          40.9662848
        ]
      }
    },
    {
      "type": "Feature",
      "properties": {
        "weight": 1.0,
        "id": 2148803636,
        "hasDetails": true,
        "name": "El Pato Rojo",
        "amenity": "cafe",
        "outdoor_seating": "yes"
      },
      "geometry": {
        "type": "Point",
        "coordinates": [
          -5.6702199,
          40.9663585
        ]
      }
    },
    {
      "type": "Feature",
      "properties": {
        "weight": 1.0,
        "id": 2676097422,
        "hasDetails": true,
        "name": "Valencia",
        "amenity": "restaurant",
        "address": "Calle Concejo 15, Salamanca"
      },
      "geometry": {
        "type": "Point",
        "coordinates": [
          -5.6645723,
          40.9663597
        ]
      }
    },
    {
      "type": "Feature",
      "properties": {
        "weight": 1.0,
        "id": 5158854806,
        "hasDetails": true,
        "name": "El Minutejo",
        "amenity": "pub",
        "outdoor_seating": "yes"
      },
      "geometry": {
        "type": "Point",
        "coordinates": [
          -5.6664678,
          40.9663682
        ]
      }
    },
    {
      "type": "Feature",
      "properties": {
        "weight": 1.0,
        "id": 5950659493,
        "hasDetails": true,
        "name": "Vida y Comida",
        "amenity": "restaurant",
        "address": "Plaza de Santa Eulalia 11, Salamanca",
        "website": "https://www.vidaycomida.com/",
        "opening_hours": "Tu-Sa 14:00-16:00,21:00-24:00; Su 14:00-16:00"
      },
      "geometry": {
        "type": "Point",
        "coordinates": [
          -5.6612156,
          40.9664123
        ]
      }
    },
    {
      "type": "Feature",
      "properties": {
        "weight": 1.0
      },
      "geometry": {
        "type": "Point",
        "coordinates": [
          -5.6646979,
          40.9664346
        ]
      }
    },
    {
      "type": "Feature",
      "properties": {
        "weight": 1.0
      },
      "geometry": {
        "type": "Point",
        "coordinates": [
          -5.6450663,
          40.9664826
        ]
      }
    },
    {
      "type": "Feature",
      "properties": {
        "weight": 1.0,
        "id": 4652272290,
        "hasDetails": true,
        "name": "Brew Urban",
        "amenity": "cafe",
        "address": "Calle Azafranal"
      },
      "geometry": {
        "type": "Point",
        "coordinates": [
          -5.6622693,
          40.9665278
        ]
      }
    },
    {
      "type": "Feature",
      "properties": {
        "weight": 1.0,
        "id": 5189418358,
        "hasDetails": true,
        "name": "Brocense 22",
        "amenity": "pub",
        "outdoor_seating": "yes"
      },
      "geometry": {
        "type": "Point",
        "coordinates": [
          -5.6629346,
          40.9665324
        ]
      }
    },
    {
      "type": "Feature",
      "properties": {
        "weight": 1.0,
        "id": 12426460366,
        "hasDetails": true,
        "name": "Brocense 23",
        "amenity": "pub",
        "outdoor_seating": "yes"
      },
      "geometry": {
        "type": "Point",
        "coordinates": [
          -5.6629657,
          40.9666454
        ]
      }
    },
    {
      "type": "Feature",
      "properties": {
        "weight": 1.0,
        "id": 2883875102,
        "hasDetails": true,
        "name": "Mamma Luna",
        "amenity": "bar",
        "cuisine": "regional"
      },
      "geometry": {
        "type": "Point",
        "coordinates": [
          -5.6720555,
          40.9666486
        ]
      }
    },
    {
      "type": "Feature",
      "properties": {
        "weight": 1.0,
        "id": 2898659731,
        "hasDetails": true,
        "name": "Cervecer\u00eda J&L",
        "amenity": "pub",
        "outdoor_seating": "no"
      },
      "geometry": {
        "type": "Point",
        "coordinates": [
          -5.6535023,
          40.9666617
        ]
      }
    },
    {
      "type": "Feature",
      "properties": {
        "weight": 1.0,
        "id": 2898780200,
        "hasDetails": true,
        "name": "Bar Jintena's",
        "amenity": "bar",
        "outdoor_seating": "no"
      },
      "geometry": {
        "type": "Point",
        "coordinates": [
          -5.6545329,
          40.9666784
        ]
      }
    },
    {
      "type": "Feature",
      "properties": {
        "weight": 1.0
      },
      "geometry": {
        "type": "Point",
        "coordinates": [
          -5.6606719,
          40.9666837
        ]
      }
    },
    {
      "type": "Feature",
      "properties": {
        "weight": 1.0,
        "id": 2477706812,
        "hasDetails": true,
        "name": "Jaleo",
        "amenity": "restaurant",
        "address": "Calle Azafranal",
        "outdoor_seating": "yes"
      },
      "geometry": {
        "type": "Point",
        "coordinates": [
          -5.6619314,
          40.9666994
        ]
      }
    },
    {
      "type": "Feature",
      "properties": {
        "weight": 1.0,
        "id": 1290167674,
        "hasDetails": true,
        "name": "La Jamoner\u00eda de Carmen",
        "amenity": "bar",
        "cuisine": "ham",
        "address": "Calle de Zamora 30",
        "website": "https://jamoneriadecarmen.com/"
      },
      "geometry": {
        "type": "Point",
        "coordinates": [
          -5.6639941,
          40.9667047
        ]
      }
    },
    {
      "type": "Feature",
      "properties": {
        "weight": 1.0
      },
      "geometry": {
        "type": "Point",
        "coordinates": [
          -5.655942,
          40.9667432
        ]
      }
    },
    {
      "type": "Feature",
      "properties": {
        "weight": 1.0
      },
      "geometry": {
        "type": "Point",
        "coordinates": [
          -5.6781272,
          40.9667715
        ]
      }
    },
    {
      "type": "Feature",
      "properties": {
        "weight": 1.0,
        "id": 12217042590,
        "hasDetails": true,
        "name": "A\u00e7ai da Tia Lu",
        "amenity": "cafe",
        "cuisine": "a\u00e7a\u00ed",
        "address": "Calle Condes de Crespo Rasc\u00f3n 1-9",
        "website": "https://tialuincup.pt",
        "opening_hours": "Tu-Su 16:00-21:00"
      },
      "geometry": {
        "type": "Point",
        "coordinates": [
          -5.6661369,
          40.9667721
        ]
      }
    },
    {
      "type": "Feature",
      "properties": {
        "weight": 1.0,
        "id": 6413611681,
        "hasDetails": true,
        "name": "Bocaboca",
        "amenity": "pub",
        "outdoor_seating": "yes"
      },
      "geometry": {
        "type": "Point",
        "coordinates": [
          -5.6569874,
          40.9667852
        ]
      }
    },
    {
      "type": "Feature",
      "properties": {
        "weight": 1.0,
        "id": 3611288897,
        "hasDetails": true,
        "name": "O'Pazo Cou\u00f1ago",
        "amenity": "restaurant",
        "cuisine": "galician",
        "address": "Calle Arriba 6, Salamanca",
        "website": "https://www.restauranteopazocounago.com/",
        "outdoor_seating": "yes"
      },
      "geometry": {
        "type": "Point",
        "coordinates": [
          -5.6681493,
          40.966802
        ]
      }
    },
    {
      "type": "Feature",
      "properties": {
        "weight": 1.0,
        "id": 12880426101,
        "hasDetails": true,
        "name": "La Pausa Del Caf\u00e9",
        "amenity": "cafe",
        "address": "Calle Condes de Crespo Rasc\u00f3n 1",
        "website": "https://lapausadelcafe.weebly.com/",
        "opening_hours": "Mo-Fr 07:00-16:00; Sa 08:00-13:00; Aug Sa off",
        "outdoor_seating": "yes"
      },
      "geometry": {
        "type": "Point",
        "coordinates": [
          -5.6660621,
          40.96688
        ]
      }
    },
    {
      "type": "Feature",
      "properties": {
        "weight": 1.0,
        "id": 6428044320,
        "hasDetails": true,
        "name": "Trit\u00f3n II",
        "amenity": "restaurant",
        "outdoor_seating": "no"
      },
      "geometry": {
        "type": "Point",
        "coordinates": [
          -5.6580464,
          40.9668884
        ]
      }
    },
    {
      "type": "Feature",
      "properties": {
        "weight": 1.0,
        "id": 6413611682,
        "hasDetails": true,
        "name": "Canijo",
        "amenity": "pub",
        "outdoor_seating": "yes"
      },
      "geometry": {
        "type": "Point",
        "coordinates": [
          -5.6571531,
          40.9668928
        ]
      }
    },
    {
      "type": "Feature",
      "properties": {
        "weight": 1.0,
        "id": 13827319687,
        "hasDetails": true,
        "name": "La Birrateca",
        "amenity": "bar",
        "address": "Cuesta del Carmen 27,33",
        "names": [
          "La Birrateca",
          "Pirri"
        ]
      },
      "geometry": {
        "type": "Point",
        "coordinates": [
          -5.6667181,
          40.9669071
        ]
      }
    },
    {
      "type": "Feature",
      "properties": {
        "weight": 1.0
      },
      "geometry": {
        "type": "Point",
        "coordinates": [
          -5.6604756,
          40.9669077
        ]
      }
    },
    {
      "type": "Feature",
      "properties": {
        "weight": 1.0,
        "id": 8792621487,
        "hasDetails": true,
        "name": "Bar Chamorro",
        "amenity": "pub",
        "outdoor_seating": "no"
      },
      "geometry": {
        "type": "Point",
        "coordinates": [
          -5.6499191,
          40.9669352
        ]
      }
    },
    {
      "type": "Feature",
      "properties": {
        "weight": 1.0,
        "id": 4727347024,
        "hasDetails": true,
        "name": "La Clave",
        "amenity": "cafe",
        "address": "Calle Arriba 12"
      },
      "geometry": {
        "type": "Point",
        "coordinates": [
          -5.6680124,
          40.9669386
        ]
      }
    },
    {
      "type": "Feature",
      "properties": {
        "weight": 1.0
      },
      "geometry": {
        "type": "Point",
        "coordinates": [
          -5.66562,
          40.9669754
        ]
      }
    },
    {
      "type": "Feature",
      "properties": {
        "weight": 1.0
      },
      "geometry": {
        "type": "Point",
        "coordinates": [
          -5.6557049,
          40.9669958
        ]
      }
    },
    {
      "type": "Feature",
      "properties": {
        "weight": 1.0,
        "id": 12855224201,
        "hasDetails": true,
        "name": "Caledonia",
        "amenity": "cafe",
        "address": "Calle Pe\u00f1a Primera 19"
      },
      "geometry": {
        "type": "Point",
        "coordinates": [
          -5.6663451,
          40.9670465
        ]
      }
    },
    {
      "type": "Feature",
      "properties": {
        "weight": 1.0,
        "id": 4146294941,
        "hasDetails": true,
        "name": "Jamoner\u00eda Duque",
        "amenity": "pub",
        "outdoor_seating": "yes"
      },
      "geometry": {
        "type": "Point",
        "coordinates": [
          -5.6628509,
          40.9670566
        ]
      }
    },
    {
      "type": "Feature",
      "properties": {
        "weight": 1.0,
        "id": 4146294942,
        "hasDetails": true,
        "name": "El Gale\u00f3n",
        "amenity": "restaurant",
        "address": "Calle Rector Lucena 15, Salamanca",
        "website": "https://www.restauranteelgaleonsalamanca.es/",
        "outdoor_seating": "yes"
      },
      "geometry": {
        "type": "Point",
        "coordinates": [
          -5.6630524,
          40.967091
        ]
      }
    },
    {
      "type": "Feature",
      "properties": {
        "weight": 1.0
      },
      "geometry": {
        "type": "Point",
        "coordinates": [
          -5.6632073,
          40.9671164
        ]
      }
    },
    {
      "type": "Feature",
      "properties": {
        "weight": 1.0,
        "id": 2869911215,
        "hasDetails": true,
        "name": "Bar La Torre",
        "amenity": "pub",
        "outdoor_seating": "no"
      },
      "geometry": {
        "type": "Point",
        "coordinates": [
          -5.6495381,
          40.9671498
        ]
      }
    },
    {
      "type": "Feature",
      "properties": {
        "weight": 1.0,
        "id": 14022702868,
        "hasDetails": true,
        "amenity": "pub",
        "outdoor_seating": "yes"
      },
      "geometry": {
        "type": "Point",
        "coordinates": [
          -5.6629412,
          40.9671626
        ]
      }
    },
    {
      "type": "Feature",
      "properties": {
        "weight": 1.0
      },
      "geometry": {
        "type": "Point",
        "coordinates": [
          -5.6683201,
          40.9671627
        ]
      }
    },
    {
      "type": "Feature",
      "properties": {
        "weight": 1.0,
        "id": 2883874303,
        "hasDetails": true,
        "name": "269 Gastro Vegan",
        "amenity": "restaurant",
        "address": "Calle Condes de Crespo Rasc\u00f3n 11, Salamanca",
        "website": "https://269gastrovegan.com/",
        "opening_hours": "Tu 13:00-16:30, 20:00-00:00; We 13:00-16:00; Th-Sa 13:00-16:00, 20:00-00:30; Su 13:30-16:00"
      },
      "geometry": {
        "type": "Point",
        "coordinates": [
          -5.6658388,
          40.9671896
        ]
      }
    },
    {
      "type": "Feature",
      "properties": {
        "weight": 1.0
      },
      "geometry": {
        "type": "Point",
        "coordinates": [
          -5.6581827,
          40.9672642
        ]
      }
    },
    {
      "type": "Feature",
      "properties": {
        "weight": 1.0,
        "id": 2896976496,
        "hasDetails": true,
        "name": "Bar Canalla",
        "amenity": "bar",
        "outdoor_seating": "yes"
      },
      "geometry": {
        "type": "Point",
        "coordinates": [
          -5.6528343,
          40.9672898
        ]
      }
    },
    {
      "type": "Feature",
      "properties": {
        "weight": 1.0
      },
      "geometry": {
        "type": "Point",
        "coordinates": [
          -5.6636103,
          40.9673287
        ]
      }
    },
    {
      "type": "Feature",
      "properties": {
        "weight": 1.0,
        "id": 12346327502,
        "hasDetails": true,
        "name": "Veggie Sue's",
        "amenity": "restaurant",
        "address": "Calle Condes de Crespo Rasc\u00f3n 12",
        "opening_hours": "Tu-Sa 11:30-16:00"
      },
      "geometry": {
        "type": "Point",
        "coordinates": [
          -5.6654953,
          40.9673479
        ]
      }
    },
    {
      "type": "Feature",
      "properties": {
        "weight": 1.0,
        "id": 3054074314,
        "hasDetails": true,
        "name": "And\u00e9n n\u00ba15",
        "amenity": "pub",
        "address": "Calle Arriba 15, Salamanca"
      },
      "geometry": {
        "type": "Point",
        "coordinates": [
          -5.6677038,
          40.9673624
        ]
      }
    },
    {
      "type": "Feature",
      "properties": {
        "weight": 1.0,
        "id": 6514279254,
        "hasDetails": true,
        "name": "Azteca",
        "amenity": "cafe",
        "outdoor_seating": "no"
      },
      "geometry": {
        "type": "Point",
        "coordinates": [
          -5.6491504,
          40.9673749
        ]
      }
    },
    {
      "type": "Feature",
      "properties": {
        "weight": 1.0,
        "id": 4612546013,
        "hasDetails": true,
        "name": "Caffe Canaletto",
        "amenity": "cafe",
        "outdoor_seating": "yes"
      },
      "geometry": {
        "type": "Point",
        "coordinates": [
          -5.6604803,
          40.9674293
        ]
      }
    },
    {
      "type": "Feature",
      "properties": {
        "weight": 1.0,
        "id": 1431425939,
        "hasDetails": true,
        "name": "Caf\u00e9 La Pol\u00e9mica",
        "amenity": "cafe",
        "outdoor_seating": "yes"
      },
      "geometry": {
        "type": "Point",
        "coordinates": [
          -5.6674935,
          40.9674679
        ]
      }
    },
    {
      "type": "Feature",
      "properties": {
        "weight": 1.0
      },
      "geometry": {
        "type": "Point",
        "coordinates": [
          -5.6593164,
          40.9674722
        ]
      }
    },
    {
      "type": "Feature",
      "properties": {
        "weight": 1.0,
        "id": 1431425932,
        "hasDetails": true,
        "name": "Sol y Sombra",
        "amenity": "cafe",
        "outdoor_seating": "yes"
      },
      "geometry": {
        "type": "Point",
        "coordinates": [
          -5.6676443,
          40.967502
        ]
      }
    },
    {
      "type": "Feature",
      "properties": {
        "weight": 1.0,
        "id": 2650586805,
        "hasDetails": true,
        "name": "Posada de San Boal",
        "amenity": "bar",
        "address": "Plaza de San Boal 7",
        "opening_hours": "Su,Mo off; Tu,We 15:00-22:00; Th 15:00-04:00; Fr-Sa 15:00-04:30"
      },
      "geometry": {
        "type": "Point",
        "coordinates": [
          -5.663538,
          40.9675531
        ]
      }
    },
    {
      "type": "Feature",
      "properties": {
        "weight": 1.0,
        "id": 2896977602,
        "hasDetails": true,
        "name": "Los Sauces",
        "amenity": "bar",
        "outdoor_seating": "yes"
      },
      "geometry": {
        "type": "Point",
        "coordinates": [
          -5.652075,
          40.9675535
        ]
      }
    },
    {
      "type": "Feature",
      "properties": {
        "weight": 1.0
      },
      "geometry": {
        "type": "Point",
        "coordinates": [
          -5.6678176,
          40.9675773
        ]
      }
    },
    {
      "type": "Feature",
      "properties": {
        "weight": 1.0
      },
      "geometry": {
        "type": "Point",
        "coordinates": [
          -5.6583529,
          40.9675797
        ]
      }
    },
    {
      "type": "Feature",
      "properties": {
        "weight": 1.0,
        "id": 10945221338,
        "hasDetails": true,
        "name": "Plan B",
        "amenity": "bar",
        "address": "Calle Santa Teresa 19"
      },
      "geometry": {
        "type": "Point",
        "coordinates": [
          -5.6658633,
          40.9675848
        ]
      }
    },
    {
      "type": "Feature",
      "properties": {
        "weight": 1.0,
        "id": 3247478267,
        "hasDetails": true,
        "name": "Buffet",
        "amenity": "restaurant",
        "cuisine": "spanish",
        "address": "Calle Toro 66, Salamanca",
        "website": "http://lacazuelacomidas.es",
        "opening_hours": "Mo-Sa 11:00-15:00,17:30-20:30; Su,PH 11:00-15:00"
      },
      "geometry": {
        "type": "Point",
        "coordinates": [
          -5.6613867,
          40.9675877
        ]
      }
    },
    {
      "type": "Feature",
      "properties": {
        "weight": 1.0,
        "id": 3466274142,
        "hasDetails": true,
        "name": "Cafeter\u00eda F\u00edgaro",
        "amenity": "cafe",
        "cuisine": "regional"
      },
      "geometry": {
        "type": "Point",
        "coordinates": [
          -5.6621733,
          40.9675947
        ]
      }
    },
    {
      "type": "Feature",
      "properties": {
        "weight": 1.0
      },
      "geometry": {
        "type": "Point",
        "coordinates": [
          -5.666476,
          40.9675959
        ]
      }
    },
    {
      "type": "Feature",
      "properties": {
        "weight": 1.0,
        "id": 5950707687,
        "hasDetails": true,
        "name": "Vasco da Gama",
        "amenity": "cafe",
        "address": "Calle Azafranal 46, Salamanca",
        "outdoor_seating": "yes"
      },
      "geometry": {
        "type": "Point",
        "coordinates": [
          -5.659573,
          40.9676713
        ]
      }
    },
    {
      "type": "Feature",
      "properties": {
        "weight": 1.0,
        "id": 2869911216,
        "hasDetails": true,
        "name": "Caf\u00e9-Bar Radi",
        "amenity": "bar",
        "outdoor_seating": "no"
      },
      "geometry": {
        "type": "Point",
        "coordinates": [
          -5.6486261,
          40.9676846
        ]
      }
    },
    {
      "type": "Feature",
      "properties": {
        "weight": 1.0
      },
      "geometry": {
        "type": "Point",
        "coordinates": [
          -5.6610617,
          40.9676967
        ]
      }
    },
    {
      "type": "Feature",
      "properties": {
        "weight": 1.0,
        "id": 5066158169,
        "hasDetails": true,
        "name": "Cafeter\u00eda Toro 70",
        "amenity": "cafe",
        "address": "Calle Toro 70, Salamanca",
        "outdoor_seating": "no"
      },
      "geometry": {
        "type": "Point",
        "coordinates": [
          -5.661252,
          40.9677032
        ]
      }
    },
    {
      "type": "Feature",
      "properties": {
        "weight": 1.0,
        "id": 2477706814,
        "hasDetails": true,
        "name": "Segundo",
        "amenity": "bar",
        "outdoor_seating": "yes",
        "names": [
          "Segundo",
          "El Trabalenguas"
        ],
        "amenities": [
          "bar",
          "pub"
        ]
      },
      "geometry": {
        "type": "Point",
        "coordinates": [
          -5.6658992,
          40.9677042
        ]
      }
    },
    {
      "type": "Feature",
      "properties": {
        "weight": 1.0
      },
      "geometry": {
        "type": "Point",
        "coordinates": [
          -5.6665561,
          40.9677652
        ]
      }
    },
    {
      "type": "Feature",
      "properties": {
        "weight": 1.0,
        "id": 4871935797,
        "hasDetails": true,
        "name": "Caf\u00e9 Bar Abadengo",
        "amenity": "cafe",
        "outdoor_seating": "yes"
      },
      "geometry": {
        "type": "Point",
        "coordinates": [
          -5.6595557,
          40.9677936
        ]
      }
    },
    {
      "type": "Feature",
      "properties": {
        "weight": 1.0,
        "id": 12832380858,
        "hasDetails": true,
        "name": "El Abuelo",
        "amenity": "bar",
        "opening_hours": "Mo-Fr,Su 09:30-22:30; Sa 09:00-24:00"
      },
      "geometry": {
        "type": "Point",
        "coordinates": [
          -5.6675136,
          40.9678735
        ]
      }
    },
    {
      "type": "Feature",
      "properties": {
        "weight": 1.0,
        "id": 6379657312,
        "hasDetails": true,
        "name": "La Colectiva",
        "amenity": "cafe",
        "opening_hours": "Mo-Fr 09:30-20:00; Sa 10:00-20:00; Su 10:00-15:00"
      },
      "geometry": {
        "type": "Point",
        "coordinates": [
          -5.6628638,
          40.9678756
        ]
      }
    },
    {
      "type": "Feature",
      "properties": {
        "weight": 1.0,
        "id": 2477706813,
        "hasDetails": true,
        "name": "El poney pisador",
        "amenity": "restaurant",
        "opening_hours": "Mo-Su 13:30-15:30,19:30-23:30"
      },
      "geometry": {
        "type": "Point",
        "coordinates": [
          -5.6657686,
          40.967937
        ]
      }
    },
    {
      "type": "Feature",
      "properties": {
        "weight": 1.0,
        "id": 5329222041,
        "hasDetails": true,
        "name": "Pandivino",
        "amenity": "cafe",
        "outdoor_seating": "yes"
      },
      "geometry": {
        "type": "Point",
        "coordinates": [
          -5.6592191,
          40.9679376
        ]
      }
    },
    {
      "type": "Feature",
      "properties": {
        "weight": 1.0,
        "id": 53795905,
        "hasDetails": true,
        "name": "Alamedilla",
        "amenity": "cafe",
        "outdoor_seating": "yes"
      },
      "geometry": {
        "type": "Point",
        "coordinates": [
          -5.6580795,
          40.9679559
        ]
      }
    },
    {
      "type": "Feature",
      "properties": {
        "weight": 1.0,
        "id": 3874463418,
        "hasDetails": true,
        "name": "Lolito",
        "amenity": "restaurant",
        "address": "Calle de Zamora 56, Salamanca",
        "website": "https://lolitoarteysano.es",
        "outdoor_seating": "no"
      },
      "geometry": {
        "type": "Point",
        "coordinates": [
          -5.6637847,
          40.9679952
        ]
      }
    },
    {
      "type": "Feature",
      "properties": {
        "weight": 1.0,
        "id": 3612271855,
        "hasDetails": true,
        "name": "Difos",
        "amenity": "bar",
        "outdoor_seating": "no"
      },
      "geometry": {
        "type": "Point",
        "coordinates": [
          -5.6480676,
          40.9679983
        ]
      }
    },
    {
      "type": "Feature",
      "properties": {
        "weight": 1.0,
        "id": 2650609636,
        "hasDetails": true,
        "name": "La Malquerida",
        "amenity": "pub",
        "address": "Calle Azafranal 57, Salamanca",
        "outdoor_seating": "no"
      },
      "geometry": {
        "type": "Point",
        "coordinates": [
          -5.6589031,
          40.9680554
        ]
      }
    },
    {
      "type": "Feature",
      "properties": {
        "weight": 1.0,
        "id": 4612566002,
        "hasDetails": true,
        "name": "El ideal",
        "amenity": "bar",
        "address": "Calle V\u00e1zquez Coronado 5,7"
      },
      "geometry": {
        "type": "Point",
        "coordinates": [
          -5.6634066,
          40.9681116
        ]
      }
    },
    {
      "type": "Feature",
      "properties": {
        "weight": 1.0,
        "id": 9308009105,
        "hasDetails": true,
        "name": "\u00cdtaca",
        "amenity": "pub",
        "outdoor_seating": "yes"
      },
      "geometry": {
        "type": "Point",
        "coordinates": [
          -5.6520513,
          40.9681194
        ]
      }
    },
    {
      "type": "Feature",
      "properties": {
        "weight": 1.0
      },
      "geometry": {
        "type": "Point",
        "coordinates": [
          -5.6656623,
          40.9681202
        ]
      }
    },
    {
      "type": "Feature",
      "properties": {
        "weight": 1.0
      },
      "geometry": {
        "type": "Point",
        "coordinates": [
          -5.6527223,
          40.9681367
        ]
      }
    },
    {
      "type": "Feature",
      "properties": {
        "weight": 1.0,
        "id": 11000944490,
        "hasDetails": true,
        "name": "Calibre Club",
        "amenity": "bar",
        "address": "Calle los Perdones 9"
      },
      "geometry": {
        "type": "Point",
        "coordinates": [
          -5.6664961,
          40.968169
        ]
      }
    },
    {
      "type": "Feature",
      "properties": {
        "weight": 1.0,
        "id": 6490909471,
        "hasDetails": true,
        "name": "Cafeter\u00eda Carol\u00b4s",
        "amenity": "cafe",
        "outdoor_seating": "no"
      },
      "geometry": {
        "type": "Point",
        "coordinates": [
          -5.6594171,
          40.9682712
        ]
      }
    },
    {
      "type": "Feature",
      "properties": {
        "weight": 1.0,
        "id": 3490797016,
        "hasDetails": true,
        "name": "Restaurante Monte Carlo",
        "amenity": "restaurant",
        "outdoor_seating": "yes"
      },
      "geometry": {
        "type": "Point",
        "coordinates": [
          -5.6677161,
          40.9682732
        ]
      }
    },
    {
      "type": "Feature",
      "properties": {
        "weight": 1.0,
        "id": 846979950,
        "hasDetails": true,
        "name": "Granier",
        "amenity": "pub",
        "website": "https://pansgranier.com/"
      },
      "geometry": {
        "type": "Point",
        "coordinates": [
          -5.6670629,
          40.9682832
        ]
      }
    },
    {
      "type": "Feature",
      "properties": {
        "weight": 1.0,
        "id": 2869854404,
        "hasDetails": true,
        "name": "Bodeguita Marcos",
        "amenity": "bar",
        "outdoor_seating": "no"
      },
      "geometry": {
        "type": "Point",
        "coordinates": [
          -5.6493299,
          40.9682877
        ]
      }
    },
    {
      "type": "Feature",
      "properties": {
        "weight": 1.0,
        "id": 843110418,
        "hasDetails": true,
        "name": "Caf\u00e9 Devinos",
        "amenity": "bar",
        "address": "Calle Cruz de Caravaca 5, Salamanca",
        "outdoor_seating": "yes"
      },
      "geometry": {
        "type": "Point",
        "coordinates": [
          -5.6521034,
          40.9682903
        ]
      }
    },
    {
      "type": "Feature",
      "properties": {
        "weight": 1.0,
        "id": 3874463400,
        "hasDetails": true,
        "name": "Cafeter\u00eda Unamuno",
        "amenity": "pub",
        "outdoor_seating": "yes"
      },
      "geometry": {
        "type": "Point",
        "coordinates": [
          -5.6639098,
          40.9683349
        ]
      }
    },
    {
      "type": "Feature",
      "properties": {
        "weight": 1.0
      },
      "geometry": {
        "type": "Point",
        "coordinates": [
          -5.6682771,
          40.9683495
        ]
      }
    },
    {
      "type": "Feature",
      "properties": {
        "weight": 1.0
      },
      "geometry": {
        "type": "Point",
        "coordinates": [
          -5.6610162,
          40.968411
        ]
      }
    },
    {
      "type": "Feature",
      "properties": {
        "weight": 1.0
      },
      "geometry": {
        "type": "Point",
        "coordinates": [
          -5.6667768,
          40.9684473
        ]
      }
    },
    {
      "type": "Feature",
      "properties": {
        "weight": 1.0,
        "id": 2900637911,
        "hasDetails": true,
        "name": "Pe\u00f1a de Francia",
        "amenity": "restaurant",
        "cuisine": "regional",
        "address": "Avenida de los Comuneros 4, Salamanca",
        "website": "https://www.pdfrancia.com/",
        "outdoor_seating": "no"
      },
      "geometry": {
        "type": "Point",
        "coordinates": [
          -5.6535479,
          40.9684695
        ]
      }
    },
    {
      "type": "Feature",
      "properties": {
        "weight": 1.0,
        "id": 843108901,
        "hasDetails": true,
        "name": "Caf\u00e9 Solo",
        "amenity": "bar",
        "outdoor_seating": "yes"
      },
      "geometry": {
        "type": "Point",
        "coordinates": [
          -5.6521022,
          40.9684699
        ]
      }
    },
    {
      "type": "Feature",
      "properties": {
        "weight": 1.0,
        "id": 2868009860,
        "hasDetails": true,
        "name": "D\u00b4Central",
        "amenity": "bar",
        "outdoor_seating": "no"
      },
      "geometry": {
        "type": "Point",
        "coordinates": [
          -5.6507994,
          40.96848
        ]
      }
    },
    {
      "type": "Feature",
      "properties": {
        "weight": 1.0,
        "id": 3874463407,
        "hasDetails": true,
        "name": "Buga Ramen",
        "amenity": "restaurant",
        "cuisine": "japanese",
        "address": "Calle Reyes Cat\u00f3licos 2",
        "website": "https://buga-ramen.com/",
        "opening_hours": "12:30-16:00,19:30-23:30"
      },
      "geometry": {
        "type": "Point",
        "coordinates": [
          -5.6638549,
          40.9685025
        ]
      }
    },
    {
      "type": "Feature",
      "properties": {
        "weight": 1.0,
        "id": 6425653358,
        "hasDetails": true,
        "name": "Ginger caf\u00e9",
        "amenity": "bar",
        "address": "Paseo de Carmelitas 55, Salamanca",
        "outdoor_seating": "yes"
      },
      "geometry": {
        "type": "Point",
        "coordinates": [
          -5.6666589,
          40.9685182
        ]
      }
    },
    {
      "type": "Feature",
      "properties": {
        "weight": 1.0,
        "id": 2646018175,
        "hasDetails": true,
        "name": "Cafe y T\u00e9 Pac\u00edfico",
        "amenity": "cafe",
        "cuisine": "asian",
        "address": "Calle San Mateo 8",
        "opening_hours": "Mo,We-Sa 13:30-16:00,20:00-23:00; Tu,Su 13:30-16:00",
        "outdoor_seating": "no"
      },
      "geometry": {
        "type": "Point",
        "coordinates": [
          -5.6620025,
          40.9685982
        ]
      }
    },
    {
      "type": "Feature",
      "properties": {
        "weight": 1.0,
        "id": 2852400410,
        "hasDetails": true,
        "name": "Bar Marsella",
        "amenity": "bar",
        "outdoor_seating": "no"
      },
      "geometry": {
        "type": "Point",
        "coordinates": [
          -5.6461174,
          40.9686113
        ]
      }
    },
    {
      "type": "Feature",
      "properties": {
        "weight": 1.0
      },
      "geometry": {
        "type": "Point",
        "coordinates": [
          -5.6635702,
          40.9686189
        ]
      }
    },
    {
      "type": "Feature",
      "properties": {
        "weight": 1.0,
        "id": 3470038664,
        "hasDetails": true,
        "name": "El corral de comedias",
        "amenity": "bar",
        "outdoor_seating": "no"
      },
      "geometry": {
        "type": "Point",
        "coordinates": [
          -5.6744002,
          40.9686294
        ]
      }
    },
    {
      "type": "Feature",
      "properties": {
        "weight": 1.0
      },
      "geometry": {
        "type": "Point",
        "coordinates": [
          -5.645731,
          40.9686527
        ]
      }
    },
    {
      "type": "Feature",
      "properties": {
        "weight": 1.0,
        "id": 2467749646,
        "hasDetails": true,
        "name": "El P\u00edcaro",
        "amenity": "restaurant",
        "website": "https://www.elpicaro.es/"
      },
      "geometry": {
        "type": "Point",
        "coordinates": [
          -5.675827,
          40.9686533
        ]
      }
    },
    {
      "type": "Feature",
      "properties": {
        "weight": 1.0
      },
      "geometry": {
        "type": "Point",
        "coordinates": [
          -5.645418,
          40.9686836
        ]
      }
    },
    {
      "type": "Feature",
      "properties": {
        "weight": 1.0,
        "id": 2315962675,
        "hasDetails": true,
        "name": "El retiro del campus",
        "amenity": "bar",
        "outdoor_seating": "yes"
      },
      "geometry": {
        "type": "Point",
        "coordinates": [
          -5.674685,
          40.968685
        ]
      }
    },
    {
      "type": "Feature",
      "properties": {
        "weight": 1.0,
        "id": 10724058396,
        "hasDetails": true,
        "name": "Mes\u00f3n Don Trit\u00f3n",
        "amenity": "restaurant",
        "outdoor_seating": "no"
      },
      "geometry": {
        "type": "Point",
        "coordinates": [
          -5.64831,
          40.9686972
        ]
      }
    },
    {
      "type": "Feature",
      "properties": {
        "weight": 1.0,
        "id": 5525730313,
        "hasDetails": true,
        "name": "Caf\u00e9 Bar 14",
        "amenity": "bar",
        "address": "Plaza de Carmelitas 14, Salamanca",
        "outdoor_seating": "yes"
      },
      "geometry": {
        "type": "Point",
        "coordinates": [
          -5.667446,
          40.9686984
        ]
      }
    },
    {
      "type": "Feature",
      "properties": {
        "weight": 1.0,
        "id": 10751589155,
        "hasDetails": true,
        "name": "Churrer\u00eda Graci",
        "amenity": "fast_food",
        "cuisine": "churro",
        "outdoor_seating": "no"
      },
      "geometry": {
        "type": "Point",
        "coordinates": [
          -5.6491466,
          40.9686984
        ]
      }
    },
    {
      "type": "Feature",
      "properties": {
        "weight": 1.0,
        "id": 2867993877,
        "hasDetails": true,
        "name": "Bar Tecasol",
        "amenity": "bar",
        "outdoor_seating": "no"
      },
      "geometry": {
        "type": "Point",
        "coordinates": [
          -5.6498743,
          40.9687026
        ]
      }
    },
    {
      "type": "Feature",
      "properties": {
        "weight": 1.0,
        "id": 2482972721,
        "hasDetails": true,
        "name": "Bar Colombia",
        "amenity": "bar",
        "outdoor_seating": "yes"
      },
      "geometry": {
        "type": "Point",
        "coordinates": [
          -5.6446858,
          40.9687344
        ]
      }
    },
    {
      "type": "Feature",
      "properties": {
        "weight": 1.0
      },
      "geometry": {
        "type": "Point",
        "coordinates": [
          -5.6555814,
          40.9687514
        ]
      }
    },
    {
      "type": "Feature",
      "properties": {
        "weight": 1.0,
        "id": 2708588881,
        "hasDetails": true,
        "name": "Coffee Corner",
        "amenity": "cafe",
        "address": "Calle Arapiles 56",
        "website": "http://coffeecornersalamanca.com/",
        "opening_hours": "Mo-Fr 08:00-21:30; Sa 09:30-14:00; Su 17:00-21:00"
      },
      "geometry": {
        "type": "Point",
        "coordinates": [
          -5.674843,
          40.9688008
        ]
      }
    },
    {
      "type": "Feature",
      "properties": {
        "weight": 1.0
      },
      "geometry": {
        "type": "Point",
        "coordinates": [
          -5.6580961,
          40.9688503
        ]
      }
    },
    {
      "type": "Feature",
      "properties": {
        "weight": 1.0,
        "id": 2315962678,
        "hasDetails": true,
        "name": "Cafeter\u00eda Derecho",
        "amenity": "cafe",
        "outdoor_seating": "yes"
      },
      "geometry": {
        "type": "Point",
        "coordinates": [
          -5.6766122,
          40.9688642
        ]
      }
    },
    {
      "type": "Feature",
      "properties": {
        "weight": 1.0,
        "id": 1964858530,
        "hasDetails": true,
        "name": "Ai Bar-Restaurante Japon\u00e9s",
        "amenity": "restaurant",
        "cuisine": "japanese",
        "opening_hours": "Mo,Tu 13:30-16:00,20:30-23:30; Th-Su 13:30-16:00,20:30-23:30"
      },
      "geometry": {
        "type": "Point",
        "coordinates": [
          -5.6602816,
          40.9688772
        ]
      }
    },
    {
      "type": "Feature",
      "properties": {
        "weight": 1.0
      },
      "geometry": {
        "type": "Point",
        "coordinates": [
          -5.6618273,
          40.9688823
        ]
      }
    },
    {
      "type": "Feature",
      "properties": {
        "weight": 1.0,
        "id": 3101683035,
        "hasDetails": true,
        "name": "Papas",
        "amenity": "fast_food",
        "address": "Plaza de Carmelitas 11, Salamanca",
        "outdoor_seating": "yes"
      },
      "geometry": {
        "type": "Point",
        "coordinates": [
          -5.6675751,
          40.9689636
        ]
      }
    },
    {
      "type": "Feature",
      "properties": {
        "weight": 1.0,
        "id": 3101683031,
        "hasDetails": true,
        "name": "Extreme\u00f1o",
        "amenity": "bar",
        "address": "Calle Fray Luis de Granada 5, Salamanca"
      },
      "geometry": {
        "type": "Point",
        "coordinates": [
          -5.667184,
          40.9689641
        ]
      }
    },
    {
      "type": "Feature",
      "properties": {
        "weight": 1.0,
        "id": 1993642303,
        "hasDetails": true,
        "name": "Burger King",
        "amenity": "fast_food",
        "cuisine": "burger",
        "address": "Plaza de Espa\u00f1a 1, Salamanca",
        "outdoor_seating": "yes"
      },
      "geometry": {
        "type": "Point",
        "coordinates": [
          -5.65911,
          40.9690015
        ]
      }
    },
    {
      "type": "Feature",
      "properties": {
        "weight": 1.0,
        "id": 3887282872,
        "hasDetails": true,
        "name": "Bar Fernando",
        "amenity": "bar",
        "outdoor_seating": "no"
      },
      "geometry": {
        "type": "Point",
        "coordinates": [
          -5.674795,
          40.9690264
        ]
      }
    },
    {
      "type": "Feature",
      "properties": {
        "weight": 1.0,
        "id": 571112735,
        "hasDetails": true,
        "name": "City Kebab",
        "amenity": "fast_food",
        "cuisine": "kebab",
        "opening_hours": "Mo-Su,PH 12:00-17:00,19:00-00:30",
        "outdoor_seating": "yes"
      },
      "geometry": {
        "type": "Point",
        "coordinates": [
          -5.6731625,
          40.9690296
        ]
      }
    },
    {
      "type": "Feature",
      "properties": {
        "weight": 1.0,
        "id": 3897827570,
        "hasDetails": true,
        "name": "La Tabernita",
        "amenity": "bar",
        "outdoor_seating": "yes"
      },
      "geometry": {
        "type": "Point",
        "coordinates": [
          -5.6741681,
          40.9690334
        ]
      }
    },
    {
      "type": "Feature",
      "properties": {
        "weight": 1.0,
        "id": 6422747800,
        "hasDetails": true,
        "name": "Tsuta",
        "amenity": "restaurant",
        "cuisine": "japanese"
      },
      "geometry": {
        "type": "Point",
        "coordinates": [
          -5.6601765,
          40.9690367
        ]
      }
    },
    {
      "type": "Feature",
      "properties": {
        "weight": 1.0,
        "id": 12594212038,
        "hasDetails": true,
        "name": "La Tertulia",
        "amenity": "restaurant",
        "cuisine": "venezuelan",
        "address": "Plaza de Carmelitas 11",
        "outdoor_seating": "yes"
      },
      "geometry": {
        "type": "Point",
        "coordinates": [
          -5.6676108,
          40.9690546
        ]
      }
    },
    {
      "type": "Feature",
      "properties": {
        "weight": 1.0
      },
      "geometry": {
        "type": "Point",
        "coordinates": [
          -5.6637697,
          40.9690576
        ]
      }
    },
    {
      "type": "Feature",
      "properties": {
        "weight": 1.0,
        "id": 3887282873,
        "hasDetails": true,
        "name": "Hostal Navasfr\u00edas",
        "amenity": "bar",
        "address": "Calle Moz\u00e1rbez 2, Salamanca",
        "website": "https://www.hostalnavasfrias.es/",
        "stars": "1",
        "outdoor_seating": "no"
      },
      "geometry": {
        "type": "Point",
        "coordinates": [
          -5.6746442,
          40.9690849
        ]
      }
    },
    {
      "type": "Feature",
      "properties": {
        "weight": 1.0
      },
      "geometry": {
        "type": "Point",
        "coordinates": [
          -5.6628254,
          40.9691596
        ]
      }
    },
    {
      "type": "Feature",
      "properties": {
        "weight": 1.0,
        "id": 2861606903,
        "hasDetails": true,
        "name": "Caf\u00e9-Bar Jos\u00e9",
        "amenity": "pub",
        "outdoor_seating": "yes"
      },
      "geometry": {
        "type": "Point",
        "coordinates": [
          -5.6484258,
          40.9691904
        ]
      }
    },
    {
      "type": "Feature",
      "properties": {
        "weight": 1.0,
        "id": 6422708109,
        "hasDetails": true,
        "name": "Don Bustos",
        "amenity": "restaurant",
        "address": "Calle Pozo Hilera 18-24, Salamanca",
        "website": "https://www.donbustos.com/"
      },
      "geometry": {
        "type": "Point",
        "coordinates": [
          -5.6612741,
          40.9691915
        ]
      }
    },
    {
      "type": "Feature",
      "properties": {
        "weight": 1.0,
        "id": 3806343120,
        "hasDetails": true,
        "name": "Pizzer\u00eda Ristorante Rugantino",
        "amenity": "restaurant",
        "cuisine": "italian"
      },
      "geometry": {
        "type": "Point",
        "coordinates": [
          -5.6644526,
          40.9692045
        ]
      }
    },
    {
      "type": "Feature",
      "properties": {
        "weight": 1.0,
        "id": 4871907702,
        "hasDetails": true,
        "name": "Restaurante China City",
        "amenity": "restaurant",
        "cuisine": "chinese",
        "address": "Calle Padre C\u00e1mara 29, Salamanca",
        "opening_hours": "12:00-16:00,20:00-24:00"
      },
      "geometry": {
        "type": "Point",
        "coordinates": [
          -5.6571853,
          40.9692348
        ]
      }
    },
    {
      "type": "Feature",
      "properties": {
        "weight": 1.0,
        "id": 3806343109,
        "hasDetails": true,
        "name": "Caf\u00e9 B\u00e9cquer",
        "amenity": "cafe",
        "outdoor_seating": "yes"
      },
      "geometry": {
        "type": "Point",
        "coordinates": [
          -5.6640626,
          40.9692579
        ]
      }
    },
    {
      "type": "Feature",
      "properties": {
        "weight": 1.0,
        "id": 535297325,
        "hasDetails": true,
        "name": "Kansas",
        "amenity": "bar",
        "outdoor_seating": "yes"
      },
      "geometry": {
        "type": "Point",
        "coordinates": [
          -5.6730912,
          40.9692974
        ]
      }
    },
    {
      "type": "Feature",
      "properties": {
        "weight": 1.0
      },
      "geometry": {
        "type": "Point",
        "coordinates": [
          -5.6695788,
          40.9693279
        ]
      }
    },
    {
      "type": "Feature",
      "properties": {
        "weight": 1.0,
        "id": 3490797014,
        "hasDetails": true,
        "name": "TBO Restaurant Snack & Dinner",
        "amenity": "fast_food",
        "address": "Calle Fray Luis de Granada 9, Salamanca",
        "website": "https://www.tborestaurant.com/",
        "opening_hours": "PH,Mo-Su 13:00-16:00,20:00-24:00"
      },
      "geometry": {
        "type": "Point",
        "coordinates": [
          -5.6672379,
          40.9693313
        ]
      }
    },
    {
      "type": "Feature",
      "properties": {
        "weight": 1.0
      },
      "geometry": {
        "type": "Point",
        "coordinates": [
          -5.6681539,
          40.9693605
        ]
      }
    },
    {
      "type": "Feature",
      "properties": {
        "weight": 1.0,
        "id": 3885946037,
        "hasDetails": true,
        "name": "Cayros",
        "amenity": "cafe",
        "address": "Calle Navasfr\u00edas 10, Salamanca",
        "outdoor_seating": "yes"
      },
      "geometry": {
        "type": "Point",
        "coordinates": [
          -5.6746436,
          40.9693728
        ]
      }
    },
    {
      "type": "Feature",
      "properties": {
        "weight": 1.0,
        "id": 3874370327,
        "hasDetails": true,
        "name": "Piccolinos",
        "amenity": "cafe",
        "opening_hours": "Su-Th 08:00-21:00; Fr,Sa 08:00-22:00"
      },
      "geometry": {
        "type": "Point",
        "coordinates": [
          -5.6637415,
          40.9694239
        ]
      }
    },
    {
      "type": "Feature",
      "properties": {
        "weight": 1.0
      },
      "geometry": {
        "type": "Point",
        "coordinates": [
          -5.673946,
          40.9694631
        ]
      }
    },
    {
      "type": "Feature",
      "properties": {
        "weight": 1.0,
        "id": 4789880720,
        "hasDetails": true,
        "name": "Caramelo & Sal",
        "amenity": "cafe",
        "address": "Calle Jos\u00e9 J\u00e1uregui 7, Salamanca",
        "website": "https://carameloysal.es/",
        "outdoor_seating": "yes"
      },
      "geometry": {
        "type": "Point",
        "coordinates": [
          -5.6629162,
          40.9694928
        ]
      }
    },
    {
      "type": "Feature",
      "properties": {
        "weight": 1.0
      },
      "geometry": {
        "type": "Point",
        "coordinates": [
          -5.6470389,
          40.9695045
        ]
      }
    },
    {
      "type": "Feature",
      "properties": {
        "weight": 1.0
      },
      "geometry": {
        "type": "Point",
        "coordinates": [
          -5.6639861,
          40.9695205
        ]
      }
    },
    {
      "type": "Feature",
      "properties": {
        "weight": 1.0,
        "id": 3899409540,
        "hasDetails": true,
        "name": "Bar Manzano",
        "amenity": "bar",
        "opening_hours": "Tu-Sa 16:00+; Su 12:00-23:00"
      },
      "geometry": {
        "type": "Point",
        "coordinates": [
          -5.6668641,
          40.9695377
        ]
      }
    },
    {
      "type": "Feature",
      "properties": {
        "weight": 1.0
      },
      "geometry": {
        "type": "Point",
        "coordinates": [
          -5.668534,
          40.9695466
        ]
      }
    },
    {
      "type": "Feature",
      "properties": {
        "weight": 1.0,
        "id": 6422747793,
        "hasDetails": true,
        "name": "Nan King (oso panda)",
        "amenity": "restaurant",
        "cuisine": "chinese",
        "opening_hours": "Th-Tu 12:00-16:30,20:00-24:00",
        "outdoor_seating": "no"
      },
      "geometry": {
        "type": "Point",
        "coordinates": [
          -5.6595848,
          40.9695536
        ]
      }
    },
    {
      "type": "Feature",
      "properties": {
        "weight": 1.0,
        "id": 3901415892,
        "hasDetails": true,
        "name": "Caminito",
        "amenity": "bar",
        "opening_hours": "Mo 20:00-24:00; Tu-Fr 10:00-17:00,19:00-24:00; Sa,Su 12:00-24:00"
      },
      "geometry": {
        "type": "Point",
        "coordinates": [
          -5.6740789,
          40.9695801
        ]
      }
    },
    {
      "type": "Feature",
      "properties": {
        "weight": 1.0,
        "id": 6527993306,
        "hasDetails": true,
        "name": "Mes\u00f3n Charro",
        "amenity": "restaurant",
        "outdoor_seating": "no"
      },
      "geometry": {
        "type": "Point",
        "coordinates": [
          -5.6578941,
          40.9696854
        ]
      }
    },
    {
      "type": "Feature",
      "properties": {
        "weight": 1.0,
        "id": 5037501245,
        "hasDetails": true,
        "name": "Creper\u00eda Los Caprichos Naturalmente",
        "amenity": "fast_food",
        "cuisine": "crepe",
        "address": "Paseo de Carmelitas 5, Salamanca",
        "outdoor_seating": "yes",
        "names": [
          "Creper\u00eda Los Caprichos Naturalmente",
          "Il Fornazzo"
        ],
        "amenities": [
          "fast_food",
          "restaurant"
        ]
      },
      "geometry": {
        "type": "Point",
        "coordinates": [
          -5.6642706,
          40.9696925
        ]
      }
    },
    {
      "type": "Feature",
      "properties": {
        "weight": 1.0,
        "id": 2852278140,
        "hasDetails": true,
        "name": "Caf\u00e9 Am\u00e9rica",
        "amenity": "bar",
        "outdoor_seating": "yes"
      },
      "geometry": {
        "type": "Point",
        "coordinates": [
          -5.6456031,
          40.9696945
        ]
      }
    },
    {
      "type": "Feature",
      "properties": {
        "weight": 1.0
      },
      "geometry": {
        "type": "Point",
        "coordinates": [
          -5.6596876,
          40.9697267
        ]
      }
    },
    {
      "type": "Feature",
      "properties": {
        "weight": 1.0,
        "id": 571112756,
        "hasDetails": true,
        "name": "Regalado",
        "amenity": "bar",
        "outdoor_seating": "yes"
      },
      "geometry": {
        "type": "Point",
        "coordinates": [
          -5.6735836,
          40.9697339
        ]
      }
    },
    {
      "type": "Feature",
      "properties": {
        "weight": 1.0,
        "id": 2477706881,
        "hasDetails": true,
        "name": "Toscano",
        "amenity": "cafe",
        "address": "Calle de Zamora 88",
        "website": "https://cafeteriatoscano.shop"
      },
      "geometry": {
        "type": "Point",
        "coordinates": [
          -5.6634681,
          40.9697347
        ]
      }
    },
    {
      "type": "Feature",
      "properties": {
        "weight": 1.0
      },
      "geometry": {
        "type": "Point",
        "coordinates": [
          -5.6640856,
          40.9697418
        ]
      }
    },
    {
      "type": "Feature",
      "properties": {
        "weight": 1.0,
        "id": 2688939363,
        "hasDetails": true,
        "name": "Churrer\u00eda Chamorro",
        "amenity": "cafe",
        "cuisine": "churro"
      },
      "geometry": {
        "type": "Point",
        "coordinates": [
          -5.6633361,
          40.9697507
        ]
      }
    },
    {
      "type": "Feature",
      "properties": {
        "weight": 1.0,
        "id": 2467749655,
        "hasDetails": true,
        "name": "Cafeter\u00eda Pintarolo",
        "amenity": "bar",
        "outdoor_seating": "yes"
      },
      "geometry": {
        "type": "Point",
        "coordinates": [
          -5.6740107,
          40.9697903
        ]
      }
    },
    {
      "type": "Feature",
      "properties": {
        "weight": 1.0,
        "id": 2645442572,
        "hasDetails": true,
        "name": "Churrer\u00eda Casimiro",
        "amenity": "fast_food",
        "cuisine": "churro",
        "opening_hours": "\"seg\u00fan necesidades\"",
        "outdoor_seating": "no"
      },
      "geometry": {
        "type": "Point",
        "coordinates": [
          -5.67204,
          40.9697988
        ]
      }
    },
    {
      "type": "Feature",
      "properties": {
        "weight": 1.0,
        "id": 857829063,
        "hasDetails": true,
        "name": "Cafeter\u00eda Principal",
        "amenity": "bar",
        "opening_hours": "Mo-Fr 08:00-18:00; Sa 08:30-14:30",
        "outdoor_seating": "yes"
      },
      "geometry": {
        "type": "Point",
        "coordinates": [
          -5.6694958,
          40.9698664
        ]
      }
    },
    {
      "type": "Feature",
      "properties": {
        "weight": 1.0
      },
      "geometry": {
        "type": "Point",
        "coordinates": [
          -5.6747559,
          40.9699893
        ]
      }
    },
    {
      "type": "Feature",
      "properties": {
        "weight": 1.0
      },
      "geometry": {
        "type": "Point",
        "coordinates": [
          -5.6545589,
          40.9699988
        ]
      }
    },
    {
      "type": "Feature",
      "properties": {
        "weight": 1.0,
        "id": 6422776188,
        "hasDetails": true,
        "name": "Lolito",
        "amenity": "restaurant",
        "opening_hours": "Mo-Su 10:30-16:00",
        "outdoor_seating": "no"
      },
      "geometry": {
        "type": "Point",
        "coordinates": [
          -5.6535438,
          40.9700106
        ]
      }
    },
    {
      "type": "Feature",
      "properties": {
        "weight": 1.0,
        "id": 571112744,
        "hasDetails": true,
        "name": "Bus - Stop",
        "amenity": "bar",
        "outdoor_seating": "yes"
      },
      "geometry": {
        "type": "Point",
        "coordinates": [
          -5.6738883,
          40.9700219
        ]
      }
    },
    {
      "type": "Feature",
      "properties": {
        "weight": 1.0
      },
      "geometry": {
        "type": "Point",
        "coordinates": [
          -5.6543276,
          40.9700839
        ]
      }
    },
    {
      "type": "Feature",
      "properties": {
        "weight": 1.0,
        "id": 2477706824,
        "hasDetails": true,
        "name": "Il Capriccio D' Italia",
        "amenity": "restaurant",
        "cuisine": "italian",
        "address": "Puerta Zamora 1,2, Salamanca",
        "website": "http://www.ilcapricciosalamanca.es/",
        "opening_hours": "Mo-Su 12:00-16:00,20:00-24:00"
      },
      "geometry": {
        "type": "Point",
        "coordinates": [
          -5.6638082,
          40.970102
        ]
      }
    },
    {
      "type": "Feature",
      "properties": {
        "weight": 1.0,
        "id": 6454833062,
        "hasDetails": true,
        "name": "Super Donner Kebap",
        "amenity": "fast_food",
        "cuisine": "kebab",
        "outdoor_seating": "no"
      },
      "geometry": {
        "type": "Point",
        "coordinates": [
          -5.6737562,
          40.9701095
        ]
      }
    },
    {
      "type": "Feature",
      "properties": {
        "weight": 1.0,
        "id": 3359310004,
        "hasDetails": true,
        "name": "Teter\u00eda Dubai",
        "amenity": "cafe",
        "outdoor_seating": "no"
      },
      "geometry": {
        "type": "Point",
        "coordinates": [
          -5.6586394,
          40.970138
        ]
      }
    },
    {
      "type": "Feature",
      "properties": {
        "weight": 1.0
      },
      "geometry": {
        "type": "Point",
        "coordinates": [
          -5.6630847,
          40.9702274
        ]
      }
    },
    {
      "type": "Feature",
      "properties": {
        "weight": 1.0
      },
      "geometry": {
        "type": "Point",
        "coordinates": [
          -5.6610117,
          40.9702527
        ]
      }
    },
    {
      "type": "Feature",
      "properties": {
        "weight": 1.0,
        "id": 3359195018,
        "hasDetails": true,
        "name": "Granier",
        "amenity": "cafe",
        "opening_hours": "Mo-Fr 08:30-21:00; Sa 09:30-21:00; Su 10:00-21:00",
        "outdoor_seating": "no"
      },
      "geometry": {
        "type": "Point",
        "coordinates": [
          -5.6588544,
          40.9702932
        ]
      }
    },
    {
      "type": "Feature",
      "properties": {
        "weight": 1.0,
        "id": 3275187460,
        "hasDetails": true,
        "name": "Domino's",
        "amenity": "fast_food",
        "cuisine": "pizza",
        "outdoor_seating": "no"
      },
      "geometry": {
        "type": "Point",
        "coordinates": [
          -5.6541473,
          40.9702978
        ]
      }
    },
    {
      "type": "Feature",
      "properties": {
        "weight": 1.0,
        "id": 7092021649,
        "hasDetails": true,
        "amenity": "bar",
        "outdoor_seating": "no"
      },
      "geometry": {
        "type": "Point",
        "coordinates": [
          -5.6750614,
          40.9703461
        ]
      }
    },
    {
      "type": "Feature",
      "properties": {
        "weight": 1.0,
        "id": 4411670439,
        "hasDetails": true,
        "name": "Boleto Negro",
        "amenity": "bar",
        "outdoor_seating": "no"
      },
      "geometry": {
        "type": "Point",
        "coordinates": [
          -5.6668783,
          40.9703578
        ]
      }
    },
    {
      "type": "Feature",
      "properties": {
        "weight": 1.0,
        "id": 2455667407,
        "hasDetails": true,
        "name": "El Granero",
        "amenity": "pub",
        "outdoor_seating": "yes"
      },
      "geometry": {
        "type": "Point",
        "coordinates": [
          -5.6678247,
          40.9703886
        ]
      }
    },
    {
      "type": "Feature",
      "properties": {
        "weight": 1.0
      },
      "geometry": {
        "type": "Point",
        "coordinates": [
          -5.6763976,
          40.9703891
        ]
      }
    },
    {
      "type": "Feature",
      "properties": {
        "weight": 1.0
      },
      "geometry": {
        "type": "Point",
        "coordinates": [
          -5.6698841,
          40.9703965
        ]
      }
    },
    {
      "type": "Feature",
      "properties": {
        "weight": 1.0
      },
      "geometry": {
        "type": "Point",
        "coordinates": [
          -5.6612618,
          40.9704166
        ]
      }
    },
    {
      "type": "Feature",
      "properties": {
        "weight": 1.0,
        "id": 3076553098,
        "hasDetails": true,
        "name": "La Pasi\u00f3n Turca",
        "amenity": "restaurant",
        "cuisine": "italian;kebab"
      },
      "geometry": {
        "type": "Point",
        "coordinates": [
          -5.6629657,
          40.9704303
        ]
      }
    },
    {
      "type": "Feature",
      "properties": {
        "weight": 1.0
      },
      "geometry": {
        "type": "Point",
        "coordinates": [
          -5.6625653,
          40.970437
        ]
      }
    },
    {
      "type": "Feature",
      "properties": {
        "weight": 1.0,
        "id": 13391842830,
        "hasDetails": true,
        "name": "Cambalache",
        "amenity": "bar",
        "opening_hours": "We,Th 17:00-24:00, Fr,Sa 17:00-01:30"
      },
      "geometry": {
        "type": "Point",
        "coordinates": [
          -5.6533751,
          40.9704386
        ]
      }
    },
    {
      "type": "Feature",
      "properties": {
        "weight": 1.0,
        "id": 5196105079,
        "hasDetails": true,
        "name": "La Gran Muralla",
        "amenity": "restaurant",
        "cuisine": "chinese",
        "outdoor_seating": "no"
      },
      "geometry": {
        "type": "Point",
        "coordinates": [
          -5.6640429,
          40.9705568
        ]
      }
    },
    {
      "type": "Feature",
      "properties": {
        "weight": 1.0,
        "id": 7069393933,
        "hasDetails": true,
        "name": "Telepizza",
        "amenity": "fast_food",
        "cuisine": "pizza",
        "opening_hours": "Mo-Su,PH 13:00-24:00",
        "outdoor_seating": "no"
      },
      "geometry": {
        "type": "Point",
        "coordinates": [
          -5.6749293,
          40.9705687
        ]
      }
    },
    {
      "type": "Feature",
      "properties": {
        "weight": 1.0
      },
      "geometry": {
        "type": "Point",
        "coordinates": [
          -5.6591999,
          40.9705809
        ]
      }
    },
    {
      "type": "Feature",
      "properties": {
        "weight": 1.0,
        "id": 3490797013,
        "hasDetails": true,
        "name": "La Salchicher\u00eda",
        "amenity": "bar",
        "outdoor_seating": "yes"
      },
      "geometry": {
        "type": "Point",
        "coordinates": [
          -5.667107,
          40.9705883
        ]
      }
    },
    {
      "type": "Feature",
      "properties": {
        "weight": 1.0
      },
      "geometry": {
        "type": "Point",
        "coordinates": [
          -5.6386044,
          40.9705984
        ]
      }
    },
    {
      "type": "Feature",
      "properties": {
        "weight": 1.0
      },
      "geometry": {
        "type": "Point",
        "coordinates": [
          -5.6717368,
          40.9706163
        ]
      }
    },
    {
      "type": "Feature",
      "properties": {
        "weight": 1.0
      },
      "geometry": {
        "type": "Point",
        "coordinates": [
          -5.6618066,
          40.970634
        ]
      }
    },
    {
      "type": "Feature",
      "properties": {
        "weight": 1.0,
        "id": 6527819470,
        "hasDetails": true,
        "name": "El Rastro Bar",
        "amenity": "pub",
        "outdoor_seating": "no"
      },
      "geometry": {
        "type": "Point",
        "coordinates": [
          -5.6690621,
          40.9707158
        ]
      }
    },
    {
      "type": "Feature",
      "properties": {
        "weight": 1.0,
        "id": 857829121,
        "hasDetails": true,
        "name": "El Refr\u00e1n",
        "amenity": "bar",
        "outdoor_seating": "yes"
      },
      "geometry": {
        "type": "Point",
        "coordinates": [
          -5.6701002,
          40.9707234
        ]
      }
    },
    {
      "type": "Feature",
      "properties": {
        "weight": 1.0,
        "id": 3101681727,
        "hasDetails": true,
        "name": "Bonanza",
        "amenity": "bar",
        "outdoor_seating": "yes"
      },
      "geometry": {
        "type": "Point",
        "coordinates": [
          -5.6671168,
          40.9707334
        ]
      }
    },
    {
      "type": "Feature",
      "properties": {
        "weight": 1.0
      },
      "geometry": {
        "type": "Point",
        "coordinates": [
          -5.666698,
          40.9707415
        ]
      }
    },
    {
      "type": "Feature",
      "properties": {
        "weight": 1.0,
        "id": 2208187405,
        "hasDetails": true,
        "name": "La Morucha",
        "amenity": "restaurant",
        "cuisine": "burger;sandwich;breakfast;grill;tea;coffee_shop;friture;donut;tapas",
        "outdoor_seating": "no"
      },
      "geometry": {
        "type": "Point",
        "coordinates": [
          -5.6751578,
          40.9707512
        ]
      }
    },
    {
      "type": "Feature",
      "properties": {
        "weight": 1.0,
        "id": 3912609537,
        "hasDetails": true,
        "name": "Selani Pizza Kebab",
        "amenity": "fast_food",
        "cuisine": "pizza"
      },
      "geometry": {
        "type": "Point",
        "coordinates": [
          -5.6670684,
          40.9708674
        ]
      }
    },
    {
      "type": "Feature",
      "properties": {
        "weight": 1.0,
        "id": 5196105071,
        "hasDetails": true,
        "name": "Jara",
        "amenity": "bar",
        "outdoor_seating": "yes"
      },
      "geometry": {
        "type": "Point",
        "coordinates": [
          -5.6657128,
          40.9708799
        ]
      }
    },
    {
      "type": "Feature",
      "properties": {
        "weight": 1.0
      },
      "geometry": {
        "type": "Point",
        "coordinates": [
          -5.6673572,
          40.9708849
        ]
      }
    },
    {
      "type": "Feature",
      "properties": {
        "weight": 1.0,
        "id": 5810146399,
        "hasDetails": true,
        "name": "Superbestia",
        "amenity": "fast_food",
        "address": "Calle Melchor Cano 14, Salamanca",
        "website": "https://www.superbestia.es/superbestia_salamanca.html"
      },
      "geometry": {
        "type": "Point",
        "coordinates": [
          -5.6671743,
          40.9710028
        ]
      }
    },
    {
      "type": "Feature",
      "properties": {
        "weight": 1.0
      },
      "geometry": {
        "type": "Point",
        "coordinates": [
          -5.6662991,
          40.9710056
        ]
      }
    },
    {
      "type": "Feature",
      "properties": {
        "weight": 1.0,
        "id": 5196105072,
        "hasDetails": true,
        "name": "Ly\u00f3n",
        "amenity": "bar",
        "outdoor_seating": "yes"
      },
      "geometry": {
        "type": "Point",
        "coordinates": [
          -5.665585,
          40.9710612
        ]
      }
    },
    {
      "type": "Feature",
      "properties": {
        "weight": 1.0,
        "id": 12357497452,
        "hasDetails": true,
        "name": "Te Quiero Tequila",
        "amenity": "restaurant",
        "cuisine": "mexican",
        "address": "Calle de Dimas Madariaga 34-36",
        "opening_hours": "We-Su 13:00-15:00; We-Sa 19:30-23:00"
      },
      "geometry": {
        "type": "Point",
        "coordinates": [
          -5.6597059,
          40.9710628
        ]
      }
    },
    {
      "type": "Feature",
      "properties": {
        "weight": 1.0,
        "id": 3826238576,
        "hasDetails": true,
        "name": "Cafeter\u00eda Rs",
        "amenity": "cafe",
        "outdoor_seating": "yes"
      },
      "geometry": {
        "type": "Point",
        "coordinates": [
          -5.6565625,
          40.9710863
        ]
      }
    },
    {
      "type": "Feature",
      "properties": {
        "weight": 1.0
      },
      "geometry": {
        "type": "Point",
        "coordinates": [
          -5.6622385,
          40.9711038
        ]
      }
    },
    {
      "type": "Feature",
      "properties": {
        "weight": 1.0,
        "id": 10612761781,
        "hasDetails": true,
        "name": "Angus Deli",
        "amenity": "restaurant",
        "website": "https://www.angusdeli.com/"
      },
      "geometry": {
        "type": "Point",
        "coordinates": [
          -5.6588637,
          40.9711601
        ]
      }
    },
    {
      "type": "Feature",
      "properties": {
        "weight": 1.0
      },
      "geometry": {
        "type": "Point",
        "coordinates": [
          -5.6596441,
          40.9711802
        ]
      }
    },
    {
      "type": "Feature",
      "properties": {
        "weight": 1.0
      },
      "geometry": {
        "type": "Point",
        "coordinates": [
          -5.6585144,
          40.9711966
        ]
      }
    },
    {
      "type": "Feature",
      "properties": {
        "weight": 1.0
      },
      "geometry": {
        "type": "Point",
        "coordinates": [
          -5.6569413,
          40.9712072
        ]
      }
    },
    {
      "type": "Feature",
      "properties": {
        "weight": 1.0,
        "id": 3896535230,
        "hasDetails": true,
        "name": "Bar Benidorm Caf\u00e9",
        "amenity": "bar",
        "outdoor_seating": "yes"
      },
      "geometry": {
        "type": "Point",
        "coordinates": [
          -5.6710487,
          40.9712476
        ]
      }
    },
    {
      "type": "Feature",
      "properties": {
        "weight": 1.0
      },
      "geometry": {
        "type": "Point",
        "coordinates": [
          -5.6693557,
          40.971276
        ]
      }
    },
    {
      "type": "Feature",
      "properties": {
        "weight": 1.0
      },
      "geometry": {
        "type": "Point",
        "coordinates": [
          -5.6416652,
          40.9713128
        ]
      }
    },
    {
      "type": "Feature",
      "properties": {
        "weight": 1.0
      },
      "geometry": {
        "type": "Point",
        "coordinates": [
          -5.6733449,
          40.9713318
        ]
      }
    },
    {
      "type": "Feature",
      "properties": {
        "weight": 1.0,
        "id": 8851402644,
        "hasDetails": true,
        "name": "Cafeter\u00eda Fuente",
        "amenity": "cafe",
        "outdoor_seating": "no"
      },
      "geometry": {
        "type": "Point",
        "coordinates": [
          -5.6434284,
          40.9713412
        ]
      }
    },
    {
      "type": "Feature",
      "properties": {
        "weight": 1.0,
        "id": 3899409541,
        "hasDetails": true,
        "name": "Caf\u00e9 Bar Eduardo",
        "amenity": "bar",
        "outdoor_seating": "yes"
      },
      "geometry": {
        "type": "Point",
        "coordinates": [
          -5.6410384,
          40.9713728
        ]
      }
    },
    {
      "type": "Feature",
      "properties": {
        "weight": 1.0
      },
      "geometry": {
        "type": "Point",
        "coordinates": [
          -5.6554395,
          40.9714604
        ]
      }
    },
    {
      "type": "Feature",
      "properties": {
        "weight": 1.0,
        "id": 3885941287,
        "hasDetails": true,
        "name": "Romerito II",
        "amenity": "pub",
        "address": "Calle de Juan de Arg\u00fcelles 14, Salamanca"
      },
      "geometry": {
        "type": "Point",
        "coordinates": [
          -5.6569013,
          40.9715121
        ]
      }
    },
    {
      "type": "Feature",
      "properties": {
        "weight": 1.0,
        "id": 3359350861,
        "hasDetails": true,
        "name": "Cafeter\u00eda Don Miguel",
        "amenity": "cafe",
        "outdoor_seating": "no"
      },
      "geometry": {
        "type": "Point",
        "coordinates": [
          -5.6578137,
          40.9715428
        ]
      }
    },
    {
      "type": "Feature",
      "properties": {
        "weight": 1.0
      },
      "geometry": {
        "type": "Point",
        "coordinates": [
          -5.6601356,
          40.9715883
        ]
      }
    },
    {
      "type": "Feature",
      "properties": {
        "weight": 1.0,
        "id": 2845495656,
        "hasDetails": true,
        "name": "La Fonda de la Estaci\u00f3n",
        "amenity": "cafe",
        "opening_hours": "Mo-Su 00:00-01:30,05:00-24:00"
      },
      "geometry": {
        "type": "Point",
        "coordinates": [
          -5.648924,
          40.9716055
        ]
      }
    },
    {
      "type": "Feature",
      "properties": {
        "weight": 1.0
      },
      "geometry": {
        "type": "Point",
        "coordinates": [
          -5.6674555,
          40.9716152
        ]
      }
    },
    {
      "type": "Feature",
      "properties": {
        "weight": 1.0
      },
      "geometry": {
        "type": "Point",
        "coordinates": [
          -5.6493174,
          40.971688
        ]
      }
    },
    {
      "type": "Feature",
      "properties": {
        "weight": 1.0,
        "id": 6544762905,
        "hasDetails": true,
        "name": "La Vegater\u00eda",
        "amenity": "pub",
        "address": "Calle Gutenberg 13",
        "opening_hours": "We,Th,Su 18:00-01:30; Fr,Sa 18:00-02:00",
        "outdoor_seating": "yes"
      },
      "geometry": {
        "type": "Point",
        "coordinates": [
          -5.6689373,
          40.9717058
        ]
      }
    },
    {
      "type": "Feature",
      "properties": {
        "weight": 1.0
      },
      "geometry": {
        "type": "Point",
        "coordinates": [
          -5.6593863,
          40.9717095
        ]
      }
    },
    {
      "type": "Feature",
      "properties": {
        "weight": 1.0,
        "id": 8836873802,
        "hasDetails": true,
        "name": "El 21 Vinos y Tapas",
        "amenity": "pub",
        "outdoor_seating": "no"
      },
      "geometry": {
        "type": "Point",
        "coordinates": [
          -5.6613249,
          40.9717233
        ]
      }
    },
    {
      "type": "Feature",
      "properties": {
        "weight": 1.0
      },
      "geometry": {
        "type": "Point",
        "coordinates": [
          -5.6491341,
          40.9717393
        ]
      }
    },
    {
      "type": "Feature",
      "properties": {
        "weight": 1.0
      },
      "geometry": {
        "type": "Point",
        "coordinates": [
          -5.6666373,
          40.9717701
        ]
      }
    },
    {
      "type": "Feature",
      "properties": {
        "weight": 1.0,
        "id": 6527819455,
        "hasDetails": true,
        "name": "Lim\u00f3n Serrano",
        "amenity": "pub",
        "outdoor_seating": "no"
      },
      "geometry": {
        "type": "Point",
        "coordinates": [
          -5.6631612,
          40.9717714
        ]
      }
    },
    {
      "type": "Feature",
      "properties": {
        "weight": 1.0
      },
      "geometry": {
        "type": "Point",
        "coordinates": [
          -5.6726505,
          40.9717865
        ]
      }
    },
    {
      "type": "Feature",
      "properties": {
        "weight": 1.0,
        "id": 3371340043,
        "hasDetails": true,
        "name": "Cafeter\u00eda Delizzius & Sibaris",
        "amenity": "cafe",
        "outdoor_seating": "no"
      },
      "geometry": {
        "type": "Point",
        "coordinates": [
          -5.657663,
          40.9717887
        ]
      }
    },
    {
      "type": "Feature",
      "properties": {
        "weight": 1.0,
        "id": 520093858,
        "hasDetails": true,
        "name": "Burger King",
        "amenity": "fast_food",
        "cuisine": "burger",
        "names": [
          "Burger King",
          "Bosforos"
        ]
      },
      "geometry": {
        "type": "Point",
        "coordinates": [
          -5.649445,
          40.9718004
        ]
      }
    },
    {
      "type": "Feature",
      "properties": {
        "weight": 1.0,
        "id": 4307533089,
        "hasDetails": true,
        "name": "Bar Valencia 39",
        "amenity": "bar",
        "cuisine": "spanish",
        "address": "Calle Valencia 39, Salamanca"
      },
      "geometry": {
        "type": "Point",
        "coordinates": [
          -5.6624941,
          40.9718343
        ]
      }
    },
    {
      "type": "Feature",
      "properties": {
        "weight": 1.0,
        "id": 3677365240,
        "hasDetails": true,
        "name": "Pizzeria Italiana A\u00b4Margellina",
        "amenity": "restaurant",
        "cuisine": "italian",
        "address": "Calle Ledesma 2, Salamanca",
        "website": "http://www.pizzeriamamboitaliano.com",
        "opening_hours": "Mo-Fr 13:00-24:00; Sa,Su 00:00-02:00,13:00-24:00",
        "outdoor_seating": "no"
      },
      "geometry": {
        "type": "Point",
        "coordinates": [
          -5.6677447,
          40.9718713
        ]
      }
    },
    {
      "type": "Feature",
      "properties": {
        "weight": 1.0,
        "id": 1148264193,
        "hasDetails": true,
        "name": "100 Montaditos",
        "amenity": "restaurant",
        "cuisine": "sandwich"
      },
      "geometry": {
        "type": "Point",
        "coordinates": [
          -5.6493262,
          40.9718821
        ]
      }
    },
    {
      "type": "Feature",
      "properties": {
        "weight": 1.0,
        "id": 4395120494,
        "hasDetails": true,
        "name": "Cafeter\u00eda Enigma",
        "amenity": "cafe",
        "outdoor_seating": "no"
      },
      "geometry": {
        "type": "Point",
        "coordinates": [
          -5.6635464,
          40.9719126
        ]
      }
    },
    {
      "type": "Feature",
      "properties": {
        "weight": 1.0,
        "id": 13731951655,
        "hasDetails": true,
        "name": "Rancho Bar",
        "amenity": "pub",
        "outdoor_seating": "no"
      },
      "geometry": {
        "type": "Point",
        "coordinates": [
          -5.6591051,
          40.9719195
        ]
      }
    },
    {
      "type": "Feature",
      "properties": {
        "weight": 1.0,
        "id": 992069847,
        "hasDetails": true,
        "name": "KFC",
        "amenity": "fast_food",
        "cuisine": "chicken"
      },
      "geometry": {
        "type": "Point",
        "coordinates": [
          -5.6490956,
          40.971926
        ]
      }
    },
    {
      "type": "Feature",
      "properties": {
        "weight": 1.0,
        "id": 6584940246,
        "hasDetails": true,
        "name": "Chinatown",
        "amenity": "restaurant",
        "cuisine": "chinese"
      },
      "geometry": {
        "type": "Point",
        "coordinates": [
          -5.6615156,
          40.9719384
        ]
      }
    },
    {
      "type": "Feature",
      "properties": {
        "weight": 1.0,
        "id": 1759852239,
        "hasDetails": true,
        "name": "El Bardo",
        "amenity": "restaurant",
        "outdoor_seating": "no"
      },
      "geometry": {
        "type": "Point",
        "coordinates": [
          -5.6605004,
          40.9719989
        ]
      }
    },
    {
      "type": "Feature",
      "properties": {
        "weight": 1.0,
        "id": 3258173466,
        "hasDetails": true,
        "name": "KFC",
        "amenity": "fast_food",
        "cuisine": "chicken",
        "names": [
          "KFC",
          "Rodilla"
        ]
      },
      "geometry": {
        "type": "Point",
        "coordinates": [
          -5.6488976,
          40.9720084
        ]
      }
    },
    {
      "type": "Feature",
      "properties": {
        "weight": 1.0,
        "id": 2845495651,
        "hasDetails": true,
        "name": "Concept Lab Bar",
        "amenity": "cafe",
        "opening_hours": "08:00-23:45",
        "outdoor_seating": "no"
      },
      "geometry": {
        "type": "Point",
        "coordinates": [
          -5.6487606,
          40.9720661
        ]
      }
    },
    {
      "type": "Feature",
      "properties": {
        "weight": 1.0
      },
      "geometry": {
        "type": "Point",
        "coordinates": [
          -5.6623079,
          40.9721177
        ]
      }
    },
    {
      "type": "Feature",
      "properties": {
        "weight": 1.0
      },
      "geometry": {
        "type": "Point",
        "coordinates": [
          -5.6690291,
          40.9721731
        ]
      }
    },
    {
      "type": "Feature",
      "properties": {
        "weight": 1.0
      },
      "geometry": {
        "type": "Point",
        "coordinates": [
          -5.6613835,
          40.9722166
        ]
      }
    },
    {
      "type": "Feature",
      "properties": {
        "weight": 1.0,
        "id": 3302047407,
        "hasDetails": true,
        "name": "Bar L\u00f3pez II",
        "amenity": "bar",
        "outdoor_seating": "yes"
      },
      "geometry": {
        "type": "Point",
        "coordinates": [
          -5.6712045,
          40.9722249
        ]
      }
    },
    {
      "type": "Feature",
      "properties": {
        "weight": 1.0
      },
      "geometry": {
        "type": "Point",
        "coordinates": [
          -5.6578389,
          40.9722521
        ]
      }
    },
    {
      "type": "Feature",
      "properties": {
        "weight": 1.0,
        "id": 6343198453,
        "hasDetails": true,
        "name": "Telepizza",
        "amenity": "fast_food",
        "cuisine": "pizza",
        "opening_hours": "PH,Mo-Su 13:00-24:00",
        "outdoor_seating": "yes"
      },
      "geometry": {
        "type": "Point",
        "coordinates": [
          -5.6617571,
          40.9723089
        ]
      }
    },
    {
      "type": "Feature",
      "properties": {
        "weight": 1.0
      },
      "geometry": {
        "type": "Point",
        "coordinates": [
          -5.6682037,
          40.9723164
        ]
      }
    },
    {
      "type": "Feature",
      "properties": {
        "weight": 1.0
      },
      "geometry": {
        "type": "Point",
        "coordinates": [
          -5.6601165,
          40.9723466
        ]
      }
    },
    {
      "type": "Feature",
      "properties": {
        "weight": 1.0,
        "id": 2883875901,
        "hasDetails": true,
        "name": "Mes\u00f3n Paco",
        "amenity": "restaurant",
        "cuisine": "regional",
        "website": "https://mesonpaco.es/",
        "opening_hours": "Tu-Su 10:00-17:00,19:00-24:00"
      },
      "geometry": {
        "type": "Point",
        "coordinates": [
          -5.6636131,
          40.9723988
        ]
      }
    },
    {
      "type": "Feature",
      "properties": {
        "weight": 1.0,
        "id": 8831020606,
        "hasDetails": true,
        "name": "Bar Fregeneda",
        "amenity": "pub",
        "outdoor_seating": "yes"
      },
      "geometry": {
        "type": "Point",
        "coordinates": [
          -5.6711915,
          40.9724306
        ]
      }
    },
    {
      "type": "Feature",
      "properties": {
        "weight": 1.0,
        "id": 3302024747,
        "hasDetails": true,
        "name": "Cafeter\u00eda La Villa",
        "amenity": "cafe",
        "outdoor_seating": "yes"
      },
      "geometry": {
        "type": "Point",
        "coordinates": [
          -5.6716652,
          40.9724444
        ]
      }
    },
    {
      "type": "Feature",
      "properties": {
        "weight": 1.0,
        "id": 3912609534,
        "hasDetails": true,
        "name": "Dallas",
        "amenity": "pub",
        "cuisine": "seafood;spanish;american",
        "opening_hours": "Th,Su-Tu 11:30-24:00; Fr,Sa 11:30-00:30"
      },
      "geometry": {
        "type": "Point",
        "coordinates": [
          -5.6600785,
          40.9724476
        ]
      }
    },
    {
      "type": "Feature",
      "properties": {
        "weight": 1.0,
        "id": 11161000208,
        "hasDetails": true,
        "name": "La Pulper\u00eda de Paco",
        "amenity": "restaurant",
        "address": "Paseo de la Estaci\u00f3n 109",
        "website": "https://lapulperiadepaco.es/",
        "outdoor_seating": "yes"
      },
      "geometry": {
        "type": "Point",
        "coordinates": [
          -5.6492438,
          40.9724697
        ]
      }
    },
    {
      "type": "Feature",
      "properties": {
        "weight": 1.0
      },
      "geometry": {
        "type": "Point",
        "coordinates": [
          -5.6585174,
          40.9724731
        ]
      }
    },
    {
      "type": "Feature",
      "properties": {
        "weight": 1.0
      },
      "geometry": {
        "type": "Point",
        "coordinates": [
          -5.6380389,
          40.9724851
        ]
      }
    },
    {
      "type": "Feature",
      "properties": {
        "weight": 1.0,
        "id": 6557297436,
        "hasDetails": true,
        "name": "Burguer & Tapas",
        "amenity": "restaurant",
        "cuisine": "burger;tapas;american;sandwich",
        "address": "Calle de Diego de Almagro 3, Salamanca",
        "website": "https://www.burguerytapassalamanca.com/",
        "opening_hours": "Tu-Su 13:30-23:59"
      },
      "geometry": {
        "type": "Point",
        "coordinates": [
          -5.6569837,
          40.9725108
        ]
      }
    },
    {
      "type": "Feature",
      "properties": {
        "weight": 1.0,
        "id": 8831020605,
        "hasDetails": true,
        "name": "Bar Ruta A66",
        "amenity": "pub",
        "outdoor_seating": "yes"
      },
      "geometry": {
        "type": "Point",
        "coordinates": [
          -5.6710737,
          40.9725203
        ]
      }
    },
    {
      "type": "Feature",
      "properties": {
        "weight": 1.0,
        "id": 1018913590,
        "hasDetails": true,
        "name": "La Fresa",
        "amenity": "pub",
        "outdoor_seating": "yes",
        "names": [
          "La Fresa",
          "N\u00famero 8"
        ]
      },
      "geometry": {
        "type": "Point",
        "coordinates": [
          -5.658341,
          40.9725765
        ]
      }
    },
    {
      "type": "Feature",
      "properties": {
        "weight": 1.0
      },
      "geometry": {
        "type": "Point",
        "coordinates": [
          -5.6587033,
          40.9726398
        ]
      }
    },
    {
      "type": "Feature",
      "properties": {
        "weight": 1.0,
        "id": 3380588835,
        "hasDetails": true,
        "name": "Acedo\u00b4s",
        "amenity": "pub",
        "address": "Calle Van Dyck 19, Salamanca",
        "outdoor_seating": "yes"
      },
      "geometry": {
        "type": "Point",
        "coordinates": [
          -5.6589742,
          40.9726493
        ]
      }
    },
    {
      "type": "Feature",
      "properties": {
        "weight": 1.0,
        "id": 8836793751,
        "hasDetails": true,
        "name": "Anubis",
        "amenity": "pub",
        "outdoor_seating": "yes"
      },
      "geometry": {
        "type": "Point",
        "coordinates": [
          -5.6628293,
          40.9726513
        ]
      }
    },
    {
      "type": "Feature",
      "properties": {
        "weight": 1.0
      },
      "geometry": {
        "type": "Point",
        "coordinates": [
          -5.6515854,
          40.9726596
        ]
      }
    },
    {
      "type": "Feature",
      "properties": {
        "weight": 1.0
      },
      "geometry": {
        "type": "Point",
        "coordinates": [
          -5.6594782,
          40.9726686
        ]
      }
    },
    {
      "type": "Feature",
      "properties": {
        "weight": 1.0
      },
      "geometry": {
        "type": "Point",
        "coordinates": [
          -5.6648211,
          40.9726715
        ]
      }
    },
    {
      "type": "Feature",
      "properties": {
        "weight": 1.0,
        "id": 1018913564,
        "hasDetails": true,
        "name": "La Cata de Vinos",
        "amenity": "pub",
        "outdoor_seating": "no"
      },
      "geometry": {
        "type": "Point",
        "coordinates": [
          -5.6590872,
          40.972689
        ]
      }
    },
    {
      "type": "Feature",
      "properties": {
        "weight": 1.0
      },
      "geometry": {
        "type": "Point",
        "coordinates": [
          -5.6514815,
          40.9727153
        ]
      }
    },
    {
      "type": "Feature",
      "properties": {
        "weight": 1.0
      },
      "geometry": {
        "type": "Point",
        "coordinates": [
          -5.660943,
          40.972732
        ]
      }
    },
    {
      "type": "Feature",
      "properties": {
        "weight": 1.0,
        "id": 3301976589,
        "hasDetails": true,
        "name": "Pizza Torta",
        "amenity": "fast_food",
        "address": "Avenida de Villamayor 87,89, Salamanca",
        "website": "http://www.pizzatorta.com",
        "opening_hours": "Mo-Fr 13:00-16:00,19:30-24:00; Sa-Su 12:30-16:00,19:30-24:00"
      },
      "geometry": {
        "type": "Point",
        "coordinates": [
          -5.6718577,
          40.9727357
        ]
      }
    },
    {
      "type": "Feature",
      "properties": {
        "weight": 1.0,
        "id": 3302024746,
        "hasDetails": true,
        "name": "Bar Roda",
        "amenity": "bar",
        "outdoor_seating": "yes"
      },
      "geometry": {
        "type": "Point",
        "coordinates": [
          -5.6711115,
          40.9727511
        ]
      }
    },
    {
      "type": "Feature",
      "properties": {
        "weight": 1.0,
        "id": 4411483733,
        "hasDetails": true,
        "name": "La Avenida",
        "amenity": "cafe",
        "outdoor_seating": "yes"
      },
      "geometry": {
        "type": "Point",
        "coordinates": [
          -5.6640237,
          40.9727594
        ]
      }
    },
    {
      "type": "Feature",
      "properties": {
        "weight": 1.0,
        "id": 13391605522,
        "hasDetails": true,
        "name": "La cueva del l\u00fapulo",
        "amenity": "pub",
        "opening_hours": "Mo-Th 11:00-13:30,18:00-21:30, Fr 11:00-13:30,18:00-01:30, Sa 11:00-13:30,19:00-01:30"
      },
      "geometry": {
        "type": "Point",
        "coordinates": [
          -5.6569551,
          40.9727606
        ]
      }
    },
    {
      "type": "Feature",
      "properties": {
        "weight": 1.0,
        "id": 9776606802,
        "hasDetails": true,
        "name": "Anime Ramen",
        "amenity": "restaurant",
        "cuisine": "ramen",
        "address": "Paseo del Doctor Torres Villarroel 34"
      },
      "geometry": {
        "type": "Point",
        "coordinates": [
          -5.6628001,
          40.9727625
        ]
      }
    },
    {
      "type": "Feature",
      "properties": {
        "weight": 1.0,
        "id": 1759848036,
        "hasDetails": true,
        "name": "Mary",
        "amenity": "bar",
        "outdoor_seating": "yes"
      },
      "geometry": {
        "type": "Point",
        "coordinates": [
          -5.6632872,
          40.9727685
        ]
      }
    },
    {
      "type": "Feature",
      "properties": {
        "weight": 1.0,
        "id": 1018913574,
        "hasDetails": true,
        "name": "Chinitas",
        "amenity": "pub",
        "outdoor_seating": "yes"
      },
      "geometry": {
        "type": "Point",
        "coordinates": [
          -5.6589396,
          40.972782
        ]
      }
    },
    {
      "type": "Feature",
      "properties": {
        "weight": 1.0,
        "id": 7984235898,
        "hasDetails": true,
        "name": "Novu by Corte y Cata",
        "amenity": "restaurant",
        "address": "Calle de P\u00e9rez Herrasti 5"
      },
      "geometry": {
        "type": "Point",
        "coordinates": [
          -5.6577525,
          40.9727822
        ]
      }
    },
    {
      "type": "Feature",
      "properties": {
        "weight": 1.0,
        "id": 6560058056,
        "hasDetails": true,
        "name": "Monumental",
        "amenity": "pub",
        "website": "https://pubmonumental.es",
        "outdoor_seating": "no"
      },
      "geometry": {
        "type": "Point",
        "coordinates": [
          -5.667391,
          40.972785
        ]
      }
    },
    {
      "type": "Feature",
      "properties": {
        "weight": 1.0,
        "id": 3898665019,
        "hasDetails": true,
        "name": "Bar Lorca",
        "amenity": "bar",
        "outdoor_seating": "no"
      },
      "geometry": {
        "type": "Point",
        "coordinates": [
          -5.670646,
          40.9728068
        ]
      }
    },
    {
      "type": "Feature",
      "properties": {
        "weight": 1.0
      },
      "geometry": {
        "type": "Point",
        "coordinates": [
          -5.6658464,
          40.9728136
        ]
      }
    },
    {
      "type": "Feature",
      "properties": {
        "weight": 1.0,
        "id": 3889362498,
        "hasDetails": true,
        "name": "Conde David",
        "amenity": "bar",
        "website": "https://www.condedavid.com/",
        "outdoor_seating": "yes"
      },
      "geometry": {
        "type": "Point",
        "coordinates": [
          -5.6678337,
          40.9728176
        ]
      }
    },
    {
      "type": "Feature",
      "properties": {
        "weight": 1.0,
        "id": 4411483729,
        "hasDetails": true,
        "name": "Kebab Islas canarias",
        "amenity": "fast_food",
        "cuisine": "kebab",
        "outdoor_seating": "no"
      },
      "geometry": {
        "type": "Point",
        "coordinates": [
          -5.6662888,
          40.9728217
        ]
      }
    },
    {
      "type": "Feature",
      "properties": {
        "weight": 1.0,
        "id": 8836793756,
        "hasDetails": true,
        "name": "Restaurante Chino & Tailand\u00e9s",
        "amenity": "restaurant",
        "outdoor_seating": "no"
      },
      "geometry": {
        "type": "Point",
        "coordinates": [
          -5.6644999,
          40.972826
        ]
      }
    },
    {
      "type": "Feature",
      "properties": {
        "weight": 1.0,
        "id": 6296149537,
        "hasDetails": true,
        "name": "Langstrum",
        "amenity": "pub",
        "outdoor_seating": "yes"
      },
      "geometry": {
        "type": "Point",
        "coordinates": [
          -5.648314,
          40.9728288
        ]
      }
    },
    {
      "type": "Feature",
      "properties": {
        "weight": 1.0,
        "id": 655492554,
        "hasDetails": true,
        "name": "La Goleta",
        "amenity": "pub",
        "outdoor_seating": "yes"
      },
      "geometry": {
        "type": "Point",
        "coordinates": [
          -5.6595862,
          40.9728296
        ]
      }
    },
    {
      "type": "Feature",
      "properties": {
        "weight": 1.0,
        "id": 1018913539,
        "hasDetails": true,
        "name": "La Posada del Ermita\u00f1o",
        "amenity": "pub",
        "outdoor_seating": "yes"
      },
      "geometry": {
        "type": "Point",
        "coordinates": [
          -5.6593057,
          40.9728514
        ]
      }
    },
    {
      "type": "Feature",
      "properties": {
        "weight": 1.0,
        "id": 3392149212,
        "hasDetails": true,
        "name": "El Asador de Van Dick",
        "amenity": "pub",
        "address": "Calle Van Dyck 33, Salamanca",
        "outdoor_seating": "yes"
      },
      "geometry": {
        "type": "Point",
        "coordinates": [
          -5.660324,
          40.9728551
        ]
      }
    },
    {
      "type": "Feature",
      "properties": {
        "weight": 1.0,
        "id": 1018913589,
        "hasDetails": true,
        "name": "Mes\u00f3n Los Faroles",
        "amenity": "pub",
        "outdoor_seating": "yes"
      },
      "geometry": {
        "type": "Point",
        "coordinates": [
          -5.6594986,
          40.9729536
        ]
      }
    },
    {
      "type": "Feature",
      "properties": {
        "weight": 1.0,
        "id": 1018913662,
        "hasDetails": true,
        "name": "Slainte",
        "amenity": "pub",
        "outdoor_seating": "yes"
      },
      "geometry": {
        "type": "Point",
        "coordinates": [
          -5.6596292,
          40.9729803
        ]
      }
    },
    {
      "type": "Feature",
      "properties": {
        "weight": 1.0,
        "id": 8851402625,
        "hasDetails": true,
        "name": "Morra Chilanga",
        "amenity": "restaurant",
        "cuisine": "tex-mex"
      },
      "geometry": {
        "type": "Point",
        "coordinates": [
          -5.6565284,
          40.9730235
        ]
      }
    },
    {
      "type": "Feature",
      "properties": {
        "weight": 1.0,
        "id": 3392149209,
        "hasDetails": true,
        "name": "Casa Chicho",
        "amenity": "restaurant",
        "cuisine": "seafood",
        "outdoor_seating": "no"
      },
      "geometry": {
        "type": "Point",
        "coordinates": [
          -5.6601527,
          40.9730349
        ]
      }
    },
    {
      "type": "Feature",
      "properties": {
        "weight": 1.0,
        "id": 12426460368,
        "hasDetails": true,
        "name": "Bar Steine",
        "amenity": "pub",
        "outdoor_seating": "yes"
      },
      "geometry": {
        "type": "Point",
        "coordinates": [
          -5.6566517,
          40.9730536
        ]
      }
    },
    {
      "type": "Feature",
      "properties": {
        "weight": 1.0,
        "id": 8836793748,
        "hasDetails": true,
        "name": "Chevalier",
        "amenity": "cafe",
        "outdoor_seating": "yes"
      },
      "geometry": {
        "type": "Point",
        "coordinates": [
          -5.6627787,
          40.9730563
        ]
      }
    },
    {
      "type": "Feature",
      "properties": {
        "weight": 1.0,
        "id": 1018913653,
        "hasDetails": true,
        "name": "My Ramen",
        "amenity": "pub",
        "outdoor_seating": "yes"
      },
      "geometry": {
        "type": "Point",
        "coordinates": [
          -5.6604029,
          40.973071
        ]
      }
    },
    {
      "type": "Feature",
      "properties": {
        "weight": 1.0
      },
      "geometry": {
        "type": "Point",
        "coordinates": [
          -5.6698138,
          40.9730997
        ]
      }
    },
    {
      "type": "Feature",
      "properties": {
        "weight": 1.0,
        "id": 3965831712,
        "hasDetails": true,
        "name": "Mes\u00f3n Restaurante Trit\u00f3n",
        "amenity": "restaurant",
        "address": "Calle de las Cortes de C\u00e1diz 20, Salamanca",
        "website": "http://bartriton.es/www.bartriton.es/es/index.html",
        "outdoor_seating": "no",
        "names": [
          "Mes\u00f3n Restaurante Trit\u00f3n",
          "bar Trit\u00f3n"
        ],
        "amenities": [
          "restaurant",
          "bar"
        ]
      },
      "geometry": {
        "type": "Point",
        "coordinates": [
          -5.6550374,
          40.9731045
        ]
      }
    },
    {
      "type": "Feature",
      "properties": {
        "weight": 1.0,
        "id": 1018913622,
        "hasDetails": true,
        "name": "El Montadito",
        "amenity": "restaurant",
        "address": "Calle Van Dyck 51, Salamanca",
        "outdoor_seating": "yes"
      },
      "geometry": {
        "type": "Point",
        "coordinates": [
          -5.661702,
          40.9731833
        ]
      }
    },
    {
      "type": "Feature",
      "properties": {
        "weight": 1.0,
        "id": 6455046403,
        "hasDetails": true,
        "name": "Bar Pe\u00f1a",
        "amenity": "pub",
        "outdoor_seating": "no"
      },
      "geometry": {
        "type": "Point",
        "coordinates": [
          -5.6700262,
          40.9732012
        ]
      }
    },
    {
      "type": "Feature",
      "properties": {
        "weight": 1.0
      },
      "geometry": {
        "type": "Point",
        "coordinates": [
          -5.6760751,
          40.9732362
        ]
      }
    },
    {
      "type": "Feature",
      "properties": {
        "weight": 1.0,
        "id": 1018913537,
        "hasDetails": true,
        "name": "La Parrilla",
        "amenity": "restaurant",
        "cuisine": "ribs;steak_house",
        "outdoor_seating": "no"
      },
      "geometry": {
        "type": "Point",
        "coordinates": [
          -5.6620461,
          40.9732366
        ]
      }
    },
    {
      "type": "Feature",
      "properties": {
        "weight": 1.0
      },
      "geometry": {
        "type": "Point",
        "coordinates": [
          -5.6733324,
          40.973265
        ]
      }
    },
    {
      "type": "Feature",
      "properties": {
        "weight": 1.0,
        "id": 3298295159,
        "hasDetails": true,
        "name": "Pibe y Charritos & Rolls",
        "amenity": "fast_food",
        "cuisine": "burger",
        "outdoor_seating": "no"
      },
      "geometry": {
        "type": "Point",
        "coordinates": [
          -5.6727884,
          40.973271
        ]
      }
    },
    {
      "type": "Feature",
      "properties": {
        "weight": 1.0,
        "id": 1018913649,
        "hasDetails": true,
        "name": "Van Dyck 50",
        "amenity": "pub",
        "outdoor_seating": "yes"
      },
      "geometry": {
        "type": "Point",
        "coordinates": [
          -5.6614109,
          40.9732807
        ]
      }
    },
    {
      "type": "Feature",
      "properties": {
        "weight": 1.0,
        "id": 3392161965,
        "hasDetails": true,
        "name": "Don Cochinillo",
        "amenity": "restaurant",
        "cuisine": "ribs"
      },
      "geometry": {
        "type": "Point",
        "coordinates": [
          -5.6621867,
          40.9732848
        ]
      }
    },
    {
      "type": "Feature",
      "properties": {
        "weight": 1.0,
        "id": 1113147050,
        "hasDetails": true,
        "name": "Rufo's Caf\u00e9s",
        "amenity": "cafe",
        "outdoor_seating": "yes"
      },
      "geometry": {
        "type": "Point",
        "coordinates": [
          -5.6627504,
          40.9732968
        ]
      }
    },
    {
      "type": "Feature",
      "properties": {
        "weight": 1.0,
        "id": 2643956127,
        "hasDetails": true,
        "name": "El Caf\u00e9 de Peter",
        "amenity": "pub",
        "outdoor_seating": "no"
      },
      "geometry": {
        "type": "Point",
        "coordinates": [
          -5.6697833,
          40.9733054
        ]
      }
    },
    {
      "type": "Feature",
      "properties": {
        "weight": 1.0
      },
      "geometry": {
        "type": "Point",
        "coordinates": [
          -5.6611874,
          40.9733072
        ]
      }
    },
    {
      "type": "Feature",
      "properties": {
        "weight": 1.0
      },
      "geometry": {
        "type": "Point",
        "coordinates": [
          -5.6599079,
          40.9733218
        ]
      }
    },
    {
      "type": "Feature",
      "properties": {
        "weight": 1.0,
        "id": 1018913656,
        "hasDetails": true,
        "name": "Bar Churrasco",
        "amenity": "pub",
        "outdoor_seating": "yes"
      },
      "geometry": {
        "type": "Point",
        "coordinates": [
          -5.6615586,
          40.9733245
        ]
      }
    },
    {
      "type": "Feature",
      "properties": {
        "weight": 1.0,
        "id": 1434132271,
        "hasDetails": true,
        "name": "El Rex",
        "amenity": "bar",
        "outdoor_seating": "yes"
      },
      "geometry": {
        "type": "Point",
        "coordinates": [
          -5.6521205,
          40.9733264
        ]
      }
    },
    {
      "type": "Feature",
      "properties": {
        "weight": 1.0,
        "id": 2883876101,
        "hasDetails": true,
        "name": "Mes\u00f3n Las Tablas",
        "amenity": "restaurant",
        "cuisine": "regional",
        "outdoor_seating": "yes"
      },
      "geometry": {
        "type": "Point",
        "coordinates": [
          -5.6606733,
          40.9733376
        ]
      }
    },
    {
      "type": "Feature",
      "properties": {
        "weight": 1.0
      },
      "geometry": {
        "type": "Point",
        "coordinates": [
          -5.6470459,
          40.973362
        ]
      }
    },
    {
      "type": "Feature",
      "properties": {
        "weight": 1.0,
        "id": 940424346,
        "hasDetails": true,
        "name": "Rufo's Tapas",
        "amenity": "restaurant",
        "address": "Paseo del Doctor Torres Villarroel 42, Salamanca",
        "outdoor_seating": "yes"
      },
      "geometry": {
        "type": "Point",
        "coordinates": [
          -5.6627181,
          40.9733849
        ]
      }
    },
    {
      "type": "Feature",
      "properties": {
        "weight": 1.0
      },
      "geometry": {
        "type": "Point",
        "coordinates": [
          -5.6624067,
          40.9734577
        ]
      }
    },
    {
      "type": "Feature",
      "properties": {
        "weight": 1.0
      },
      "geometry": {
        "type": "Point",
        "coordinates": [
          -5.6560763,
          40.9735075
        ]
      }
    },
    {
      "type": "Feature",
      "properties": {
        "weight": 1.0
      },
      "geometry": {
        "type": "Point",
        "coordinates": [
          -5.662639,
          40.9735129
        ]
      }
    },
    {
      "type": "Feature",
      "properties": {
        "weight": 1.0
      },
      "geometry": {
        "type": "Point",
        "coordinates": [
          -5.6534575,
          40.9735142
        ]
      }
    },
    {
      "type": "Feature",
      "properties": {
        "weight": 1.0,
        "id": 4587787790,
        "hasDetails": true,
        "name": "Pizzer\u00eda Carlos",
        "amenity": "restaurant",
        "cuisine": "pizza",
        "address": "Calle Federico de On\u00eds, Salamanca",
        "outdoor_seating": "yes"
      },
      "geometry": {
        "type": "Point",
        "coordinates": [
          -5.6775526,
          40.9735304
        ]
      }
    },
    {
      "type": "Feature",
      "properties": {
        "weight": 1.0,
        "id": 3968353062,
        "hasDetails": true,
        "name": "El Fig\u00f3n Charro",
        "amenity": "pub",
        "outdoor_seating": "yes"
      },
      "geometry": {
        "type": "Point",
        "coordinates": [
          -5.6595972,
          40.9735524
        ]
      }
    },
    {
      "type": "Feature",
      "properties": {
        "weight": 1.0,
        "id": 2653898684,
        "hasDetails": true,
        "name": "Mes\u00f3n La Navilla",
        "amenity": "pub",
        "address": "Calle Pizarro 42, Salamanca"
      },
      "geometry": {
        "type": "Point",
        "coordinates": [
          -5.6601169,
          40.9735583
        ]
      }
    },
    {
      "type": "Feature",
      "properties": {
        "weight": 1.0,
        "id": 3965831713,
        "hasDetails": true,
        "name": "Restaurante Orqu\u00eddea",
        "amenity": "restaurant",
        "address": "Calle Ayala 3, Salamanca",
        "opening_hours": "Mo-Su 12:00-17:30"
      },
      "geometry": {
        "type": "Point",
        "coordinates": [
          -5.6563628,
          40.9735925
        ]
      }
    },
    {
      "type": "Feature",
      "properties": {
        "weight": 1.0,
        "id": 3274346267,
        "hasDetails": true,
        "name": "Caf\u00e9-Bar Guzsan",
        "amenity": "bar",
        "opening_hours": "Tu-Fr 08:30-22:30; Mo 08:30-16:30; PH,Sa,Su 09:30-22:30",
        "outdoor_seating": "no"
      },
      "geometry": {
        "type": "Point",
        "coordinates": [
          -5.679348,
          40.9736346
        ]
      }
    },
    {
      "type": "Feature",
      "properties": {
        "weight": 1.0
      },
      "geometry": {
        "type": "Point",
        "coordinates": [
          -5.6597276,
          40.973803
        ]
      }
    },
    {
      "type": "Feature",
      "properties": {
        "weight": 1.0
      },
      "geometry": {
        "type": "Point",
        "coordinates": [
          -5.6402966,
          40.9738308
        ]
      }
    },
    {
      "type": "Feature",
      "properties": {
        "weight": 1.0,
        "id": 12487434529,
        "hasDetails": true,
        "name": "Balabushka",
        "amenity": "cafe",
        "address": "Calle de Gargabete 4, Salamanca"
      },
      "geometry": {
        "type": "Point",
        "coordinates": [
          -5.6522679,
          40.973901
        ]
      }
    },
    {
      "type": "Feature",
      "properties": {
        "weight": 1.0
      },
      "geometry": {
        "type": "Point",
        "coordinates": [
          -5.6596538,
          40.973915
        ]
      }
    },
    {
      "type": "Feature",
      "properties": {
        "weight": 1.0
      },
      "geometry": {
        "type": "Point",
        "coordinates": [
          -5.6564283,
          40.9739225
        ]
      }
    },
    {
      "type": "Feature",
      "properties": {
        "weight": 1.0
      },
      "geometry": {
        "type": "Point",
        "coordinates": [
          -5.6723109,
          40.9740595
        ]
      }
    },
    {
      "type": "Feature",
      "properties": {
        "weight": 1.0,
        "id": 12426460365,
        "hasDetails": true,
        "name": "Kikka",
        "amenity": "restaurant",
        "cuisine": "japanese"
      },
      "geometry": {
        "type": "Point",
        "coordinates": [
          -5.6609643,
          40.9740626
        ]
      }
    },
    {
      "type": "Feature",
      "properties": {
        "weight": 1.0
      },
      "geometry": {
        "type": "Point",
        "coordinates": [
          -5.6493062,
          40.9740652
        ]
      }
    },
    {
      "type": "Feature",
      "properties": {
        "weight": 1.0,
        "id": 4528234104,
        "hasDetails": true,
        "name": "El Encanto Latino",
        "amenity": "pub",
        "address": "Calle Alfonso de Castro 31, Salamanca"
      },
      "geometry": {
        "type": "Point",
        "coordinates": [
          -5.6595847,
          40.9740865
        ]
      }
    },
    {
      "type": "Feature",
      "properties": {
        "weight": 1.0
      },
      "geometry": {
        "type": "Point",
        "coordinates": [
          -5.6675863,
          40.9742319
        ]
      }
    },
    {
      "type": "Feature",
      "properties": {
        "weight": 1.0,
        "id": 7449549726,
        "hasDetails": true,
        "name": "Bar Domi",
        "amenity": "pub",
        "address": "Paseo de los Madro\u00f1os 9, Salamanca"
      },
      "geometry": {
        "type": "Point",
        "coordinates": [
          -5.6480401,
          40.9742857
        ]
      }
    },
    {
      "type": "Feature",
      "properties": {
        "weight": 1.0
      },
      "geometry": {
        "type": "Point",
        "coordinates": [
          -5.656516,
          40.9742913
        ]
      }
    },
    {
      "type": "Feature",
      "properties": {
        "weight": 1.0
      },
      "geometry": {
        "type": "Point",
        "coordinates": [
          -5.6727067,
          40.9743257
        ]
      }
    },
    {
      "type": "Feature",
      "properties": {
        "weight": 1.0
      },
      "geometry": {
        "type": "Point",
        "coordinates": [
          -5.6594238,
          40.9744965
        ]
      }
    },
    {
      "type": "Feature",
      "properties": {
        "weight": 1.0
      },
      "geometry": {
        "type": "Point",
        "coordinates": [
          -5.6563848,
          40.9745083
        ]
      }
    },
    {
      "type": "Feature",
      "properties": {
        "weight": 1.0,
        "id": 3818423338,
        "hasDetails": true,
        "name": "Bar Uni\u00f3n",
        "amenity": "bar",
        "address": "Avenida de los Cedros 40, Salamanca"
      },
      "geometry": {
        "type": "Point",
        "coordinates": [
          -5.6507988,
          40.9746071
        ]
      }
    },
    {
      "type": "Feature",
      "properties": {
        "weight": 1.0,
        "id": 7449614038,
        "hasDetails": true,
        "name": "El Aperitivo",
        "amenity": "pub",
        "address": "Calle Juan Ram\u00f3n Jim\u00e9nez 2, Salamanca",
        "outdoor_seating": "yes"
      },
      "geometry": {
        "type": "Point",
        "coordinates": [
          -5.6489267,
          40.9747989
        ]
      }
    },
    {
      "type": "Feature",
      "properties": {
        "weight": 1.0
      },
      "geometry": {
        "type": "Point",
        "coordinates": [
          -5.6511534,
          40.9750757
        ]
      }
    },
    {
      "type": "Feature",
      "properties": {
        "weight": 1.0
      },
      "geometry": {
        "type": "Point",
        "coordinates": [
          -5.6512545,
          40.9752101
        ]
      }
    },
    {
      "type": "Feature",
      "properties": {
        "weight": 1.0
      },
      "geometry": {
        "type": "Point",
        "coordinates": [
          -5.6624017,
          40.975334
        ]
      }
    },
    {
      "type": "Feature",
      "properties": {
        "weight": 1.0
      },
      "geometry": {
        "type": "Point",
        "coordinates": [
          -5.6603928,
          40.9753399
        ]
      }
    },
    {
      "type": "Feature",
      "properties": {
        "weight": 1.0
      },
      "geometry": {
        "type": "Point",
        "coordinates": [
          -5.6599236,
          40.9753837
        ]
      }
    },
    {
      "type": "Feature",
      "properties": {
        "weight": 1.0
      },
      "geometry": {
        "type": "Point",
        "coordinates": [
          -5.6608447,
          40.9753968
        ]
      }
    },
    {
      "type": "Feature",
      "properties": {
        "weight": 1.0,
        "id": 1113151487,
        "hasDetails": true,
        "name": "Aki Me Kedo",
        "amenity": "bar",
        "outdoor_seating": "no"
      },
      "geometry": {
        "type": "Point",
        "coordinates": [
          -5.661948,
          40.9753973
        ]
      }
    },
    {
      "type": "Feature",
      "properties": {
        "weight": 1.0,
        "id": 4384528899,
        "hasDetails": true,
        "name": "5 arcos",
        "amenity": "pub",
        "outdoor_seating": "yes"
      },
      "geometry": {
        "type": "Point",
        "coordinates": [
          -5.6579502,
          40.9755467
        ]
      }
    },
    {
      "type": "Feature",
      "properties": {
        "weight": 1.0
      },
      "geometry": {
        "type": "Point",
        "coordinates": [
          -5.6529334,
          40.9756257
        ]
      }
    },
    {
      "type": "Feature",
      "properties": {
        "weight": 1.0
      },
      "geometry": {
        "type": "Point",
        "coordinates": [
          -5.6520398,
          40.9757963
        ]
      }
    },
    {
      "type": "Feature",
      "properties": {
        "weight": 1.0
      },
      "geometry": {
        "type": "Point",
        "coordinates": [
          -5.66103,
          40.9759281
        ]
      }
    },
    {
      "type": "Feature",
      "properties": {
        "weight": 1.0,
        "id": 4402441933,
        "hasDetails": true,
        "name": "Bar Bela",
        "amenity": "bar",
        "address": "Calle San Pascasio 7, Salamanca"
      },
      "geometry": {
        "type": "Point",
        "coordinates": [
          -5.6704132,
          40.9761329
        ]
      }
    },
    {
      "type": "Feature",
      "properties": {
        "weight": 1.0
      },
      "geometry": {
        "type": "Point",
        "coordinates": [
          -5.6536375,
          40.9761451
        ]
      }
    },
    {
      "type": "Feature",
      "properties": {
        "weight": 1.0
      },
      "geometry": {
        "type": "Point",
        "coordinates": [
          -5.6533807,
          40.976155
        ]
      }
    },
    {
      "type": "Feature",
      "properties": {
        "weight": 1.0
      },
      "geometry": {
        "type": "Point",
        "coordinates": [
          -5.6739626,
          40.9761879
        ]
      }
    },
    {
      "type": "Feature",
      "properties": {
        "weight": 1.0
      },
      "geometry": {
        "type": "Point",
        "coordinates": [
          -5.6611155,
          40.9762826
        ]
      }
    },
    {
      "type": "Feature",
      "properties": {
        "weight": 1.0
      },
      "geometry": {
        "type": "Point",
        "coordinates": [
          -5.6551506,
          40.9763015
        ]
      }
    },
    {
      "type": "Feature",
      "properties": {
        "weight": 1.0
      },
      "geometry": {
        "type": "Point",
        "coordinates": [
          -5.6737756,
          40.9763602
        ]
      }
    },
    {
      "type": "Feature",
      "properties": {
        "weight": 1.0,
        "id": 4078695685,
        "hasDetails": true,
        "name": "Cervecer\u00eda Gilber\u00b4s",
        "amenity": "biergarten",
        "website": "http://www.cerveceriagilbers.com/"
      },
      "geometry": {
        "type": "Point",
        "coordinates": [
          -5.6527872,
          40.976378
        ]
      }
    },
    {
      "type": "Feature",
      "properties": {
        "weight": 1.0,
        "id": 3278295188,
        "hasDetails": true,
        "name": "Caf\u00e9-Bar de Anita",
        "amenity": "bar",
        "outdoor_seating": "yes"
      },
      "geometry": {
        "type": "Point",
        "coordinates": [
          -5.6812982,
          40.9764082
        ]
      }
    },
    {
      "type": "Feature",
      "properties": {
        "weight": 1.0,
        "id": 2126028872,
        "hasDetails": true,
        "name": "Bar Valladolid",
        "amenity": "restaurant",
        "website": "http://www.barvalladolid.es/"
      },
      "geometry": {
        "type": "Point",
        "coordinates": [
          -5.6542719,
          40.9764147
        ]
      }
    },
    {
      "type": "Feature",
      "properties": {
        "weight": 1.0,
        "id": 2883876301,
        "hasDetails": true,
        "name": "Copa Viga",
        "amenity": "restaurant",
        "cuisine": "regional"
      },
      "geometry": {
        "type": "Point",
        "coordinates": [
          -5.6610273,
          40.9764195
        ]
      }
    },
    {
      "type": "Feature",
      "properties": {
        "weight": 1.0
      },
      "geometry": {
        "type": "Point",
        "coordinates": [
          -5.6540626,
          40.9764388
        ]
      }
    },
    {
      "type": "Feature",
      "properties": {
        "weight": 1.0
      },
      "geometry": {
        "type": "Point",
        "coordinates": [
          -5.6537686,
          40.9764815
        ]
      }
    },
    {
      "type": "Feature",
      "properties": {
        "weight": 1.0
      },
      "geometry": {
        "type": "Point",
        "coordinates": [
          -5.652292,
          40.9764834
        ]
      }
    },
    {
      "type": "Feature",
      "properties": {
        "weight": 1.0,
        "id": 3213755966,
        "hasDetails": true,
        "name": "Fussion Boom",
        "amenity": "restaurant",
        "website": "http://www.fussionboom.com/"
      },
      "geometry": {
        "type": "Point",
        "coordinates": [
          -5.6755283,
          40.9765801
        ]
      }
    },
    {
      "type": "Feature",
      "properties": {
        "weight": 1.0,
        "id": 4079446529,
        "hasDetails": true,
        "name": "Caf\u00e9-Helader\u00eda Las Delicias",
        "amenity": "ice_cream",
        "address": "Calle de la Fresa, Salamanca"
      },
      "geometry": {
        "type": "Point",
        "coordinates": [
          -5.6536252,
          40.9767602
        ]
      }
    },
    {
      "type": "Feature",
      "properties": {
        "weight": 1.0
      },
      "geometry": {
        "type": "Point",
        "coordinates": [
          -5.6538279,
          40.9769593
        ]
      }
    },
    {
      "type": "Feature",
      "properties": {
        "weight": 1.0
      },
      "geometry": {
        "type": "Point",
        "coordinates": [
          -5.6756545,
          40.9769933
        ]
      }
    },
    {
      "type": "Feature",
      "properties": {
        "weight": 1.0
      },
      "geometry": {
        "type": "Point",
        "coordinates": [
          -5.6536794,
          40.9770488
        ]
      }
    },
    {
      "type": "Feature",
      "properties": {
        "weight": 1.0
      },
      "geometry": {
        "type": "Point",
        "coordinates": [
          -5.6760101,
          40.9770683
        ]
      }
    },
    {
      "type": "Feature",
      "properties": {
        "weight": 1.0
      },
      "geometry": {
        "type": "Point",
        "coordinates": [
          -5.654233,
          40.9772257
        ]
      }
    },
    {
      "type": "Feature",
      "properties": {
        "weight": 1.0
      },
      "geometry": {
        "type": "Point",
        "coordinates": [
          -5.6515674,
          40.977387
        ]
      }
    },
    {
      "type": "Feature",
      "properties": {
        "weight": 1.0
      },
      "geometry": {
        "type": "Point",
        "coordinates": [
          -5.6499564,
          40.9774523
        ]
      }
    },
    {
      "type": "Feature",
      "properties": {
        "weight": 1.0,
        "id": 12313016901,
        "hasDetails": true,
        "name": "Popeyes Famous Louisiana Chicken",
        "amenity": "fast_food",
        "cuisine": "american;burger;chicken;friture",
        "address": "Avenida de los Cipreses",
        "website": "https://www.popeyes.es",
        "opening_hours": "Mo-We 13:00-23:30; Th-Fr 13:00-00:00; Sa 12:00-00:30; Su 12:00-00:00"
      },
      "geometry": {
        "type": "Point",
        "coordinates": [
          -5.649282,
          40.9774861
        ]
      }
    },
    {
      "type": "Feature",
      "properties": {
        "weight": 1.0
      },
      "geometry": {
        "type": "Point",
        "coordinates": [
          -5.6523124,
          40.9776985
        ]
      }
    },
    {
      "type": "Feature",
      "properties": {
        "weight": 1.0
      },
      "geometry": {
        "type": "Point",
        "coordinates": [
          -5.6531632,
          40.9777655
        ]
      }
    },
    {
      "type": "Feature",
      "properties": {
        "weight": 1.0
      },
      "geometry": {
        "type": "Point",
        "coordinates": [
          -5.6510989,
          40.9777816
        ]
      }
    },
    {
      "type": "Feature",
      "properties": {
        "weight": 1.0
      },
      "geometry": {
        "type": "Point",
        "coordinates": [
          -5.6516997,
          40.9779213
        ]
      }
    },
    {
      "type": "Feature",
      "properties": {
        "weight": 1.0
      },
      "geometry": {
        "type": "Point",
        "coordinates": [
          -5.6528012,
          40.9779246
        ]
      }
    },
    {
      "type": "Feature",
      "properties": {
        "weight": 1.0
      },
      "geometry": {
        "type": "Point",
        "coordinates": [
          -5.675737,
          40.9780376
        ]
      }
    },
    {
      "type": "Feature",
      "properties": {
        "weight": 1.0
      },
      "geometry": {
        "type": "Point",
        "coordinates": [
          -5.6762719,
          40.9780511
        ]
      }
    },
    {
      "type": "Feature",
      "properties": {
        "weight": 1.0
      },
      "geometry": {
        "type": "Point",
        "coordinates": [
          -5.6535072,
          40.9781446
        ]
      }
    },
    {
      "type": "Feature",
      "properties": {
        "weight": 1.0
      },
      "geometry": {
        "type": "Point",
        "coordinates": [
          -5.6505286,
          40.978179
        ]
      }
    },
    {
      "type": "Feature",
      "properties": {
        "weight": 1.0
      },
      "geometry": {
        "type": "Point",
        "coordinates": [
          -5.6519369,
          40.9782148
        ]
      }
    },
    {
      "type": "Feature",
      "properties": {
        "weight": 1.0,
        "id": 275873791,
        "hasDetails": true,
        "name": "McDonald's",
        "amenity": "fast_food",
        "cuisine": "burger",
        "opening_hours": "Mo-Su 00:00-00:30,12:30-24:00"
      },
      "geometry": {
        "type": "Point",
        "coordinates": [
          -5.6494373,
          40.9782286
        ]
      }
    },
    {
      "type": "Feature",
      "properties": {
        "weight": 1.0
      },
      "geometry": {
        "type": "Point",
        "coordinates": [
          -5.6761049,
          40.9784176
        ]
      }
    },
    {
      "type": "Feature",
      "properties": {
        "weight": 1.0
      },
      "geometry": {
        "type": "Point",
        "coordinates": [
          -5.6726461,
          40.9784184
        ]
      }
    },
    {
      "type": "Feature",
      "properties": {
        "weight": 1.0
      },
      "geometry": {
        "type": "Point",
        "coordinates": [
          -5.6532801,
          40.9784375
        ]
      }
    },
    {
      "type": "Feature",
      "properties": {
        "weight": 1.0
      },
      "geometry": {
        "type": "Point",
        "coordinates": [
          -5.6724057,
          40.9785197
        ]
      }
    },
    {
      "type": "Feature",
      "properties": {
        "weight": 1.0
      },
      "geometry": {
        "type": "Point",
        "coordinates": [
          -5.6516722,
          40.9785471
        ]
      }
    },
    {
      "type": "Feature",
      "properties": {
        "weight": 1.0
      },
      "geometry": {
        "type": "Point",
        "coordinates": [
          -5.6523587,
          40.9785678
        ]
      }
    },
    {
      "type": "Feature",
      "properties": {
        "weight": 1.0
      },
      "geometry": {
        "type": "Point",
        "coordinates": [
          -5.6671993,
          40.9787623
        ]
      }
    },
    {
      "type": "Feature",
      "properties": {
        "weight": 1.0
      },
      "geometry": {
        "type": "Point",
        "coordinates": [
          -5.6553027,
          40.9788844
        ]
      }
    },
    {
      "type": "Feature",
      "properties": {
        "weight": 1.0
      },
      "geometry": {
        "type": "Point",
        "coordinates": [
          -5.6527466,
          40.9790902
        ]
      }
    },
    {
      "type": "Feature",
      "properties": {
        "weight": 1.0,
        "id": 5284585004,
        "hasDetails": true,
        "name": "Burger King",
        "amenity": "fast_food",
        "cuisine": "burger",
        "opening_hours": "Mo-Th 12:00-00:30, Fr 12:00-01:00, Sa 12:00-01:00, Su 12:00-00:30"
      },
      "geometry": {
        "type": "Point",
        "coordinates": [
          -5.6653633,
          40.9791699
        ]
      }
    },
    {
      "type": "Feature",
      "properties": {
        "weight": 1.0
      },
      "geometry": {
        "type": "Point",
        "coordinates": [
          -5.6547503,
          40.9792246
        ]
      }
    },
    {
      "type": "Feature",
      "properties": {
        "weight": 1.0
      },
      "geometry": {
        "type": "Point",
        "coordinates": [
          -5.6760241,
          40.9795205
        ]
      }
    },
    {
      "type": "Feature",
      "properties": {
        "weight": 1.0,
        "id": 3180528671,
        "hasDetails": true,
        "name": "Bar Hamburgo",
        "amenity": "bar",
        "outdoor_seating": "no"
      },
      "geometry": {
        "type": "Point",
        "coordinates": [
          -5.6712448,
          40.9797705
        ]
      }
    },
    {
      "type": "Feature",
      "properties": {
        "weight": 1.0
      },
      "geometry": {
        "type": "Point",
        "coordinates": [
          -5.6720129,
          40.9797948
        ]
      }
    },
    {
      "type": "Feature",
      "properties": {
        "weight": 1.0,
        "id": 3191467870,
        "hasDetails": true,
        "name": "Capuchinos Bar",
        "amenity": "bar",
        "address": "Calle Hermanas Fidalgo Morales 92",
        "outdoor_seating": "no"
      },
      "geometry": {
        "type": "Point",
        "coordinates": [
          -5.6690464,
          40.9802046
        ]
      }
    },
    {
      "type": "Feature",
      "properties": {
        "weight": 1.0
      },
      "geometry": {
        "type": "Point",
        "coordinates": [
          -5.6758925,
          40.9802724
        ]
      }
    },
    {
      "type": "Feature",
      "properties": {
        "weight": 1.0
      },
      "geometry": {
        "type": "Point",
        "coordinates": [
          -5.6657005,
          40.9805905
        ]
      }
    },
    {
      "type": "Feature",
      "properties": {
        "weight": 1.0
      },
      "geometry": {
        "type": "Point",
        "coordinates": [
          -5.6520118,
          40.9809087
        ]
      }
    },
    {
      "type": "Feature",
      "properties": {
        "weight": 1.0
      },
      "geometry": {
        "type": "Point",
        "coordinates": [
          -5.6664729,
          40.9809224
        ]
      }
    },
    {
      "type": "Feature",
      "properties": {
        "weight": 1.0
      },
      "geometry": {
        "type": "Point",
        "coordinates": [
          -5.6656248,
          40.9809461
        ]
      }
    },
    {
      "type": "Feature",
      "properties": {
        "weight": 1.0
      },
      "geometry": {
        "type": "Point",
        "coordinates": [
          -5.6505395,
          40.9812159
        ]
      }
    },
    {
      "type": "Feature",
      "properties": {
        "weight": 1.0
      },
      "geometry": {
        "type": "Point",
        "coordinates": [
          -5.6640249,
          40.9812826
        ]
      }
    },
    {
      "type": "Feature",
      "properties": {
        "weight": 1.0
      },
      "geometry": {
        "type": "Point",
        "coordinates": [
          -5.6680748,
          40.9817612
        ]
      }
    },
    {
      "type": "Feature",
      "properties": {
        "weight": 1.0
      },
      "geometry": {
        "type": "Point",
        "coordinates": [
          -5.6605514,
          40.9820738
        ]
      }
    },
    {
      "type": "Feature",
      "properties": {
        "weight": 1.0
      },
      "geometry": {
        "type": "Point",
        "coordinates": [
          -5.6602415,
          40.9821457
        ]
      }
    },
    {
      "type": "Feature",
      "properties": {
        "weight": 1.0,
        "id": 3195421501,
        "hasDetails": true,
        "name": "Mes\u00f3n Borgo\u00f1a",
        "amenity": "restaurant",
        "outdoor_seating": "yes"
      },
      "geometry": {
        "type": "Point",
        "coordinates": [
          -5.6643548,
          40.983288
        ]
      }
    }
  ]
}