{
  "type": "FeatureCollection",
  "features": [
    {
      "type": "Feature",
      "properties": {
        "weight": 1.0,
        "id": 296440371,
        "hasDetails": true,
        "name": "Neum\u00e1ticos Fidel (Michelin)",
        "website": "http://rfidel.com/talleres#santa-marta-de-tormes-salamanca"
      },
      "geometry": {
        "type": "Point",
        "coordinates": [
          -5.6481178,
          40.9522473
        ]
      }
    },
    {
      "type": "Feature",
      "properties": {
        "weight": 1.0
      },
      "geometry": {
        "type": "Point",
        "coordinates": [
          -5.6516142,
          40.9523772
        ]
      }
    },
    {
      "type": "Feature",
      "properties": {
        "weight": 1.0,
        "id": 885966157,
        "hasDetails": true,
        "name": "Supeco",
        "website": "https://www.supeco.es/tiendas/?id=28"
      },
      "geometry": {
        "type": "Point",
        "coordinates": [
          -5.6508608,
          40.9526395
        ]
      }
    },
    {
      "type": "Feature",
      "properties": {
        "weight": 1.0
      },
      "geometry": {
        "type": "Point",
        "coordinates": [
          -5.6493144,
          40.9526525
        ]
      }
    },
    {
      "type": "Feature",
      "properties": {
        "weight": 1.0
      },
      "geometry": {
        "type": "Point",
        "coordinates": [
          -5.6524517,
          40.9529344
        ]
      }
    },
    {
      "type": "Feature",
      "properties": {
        "weight": 1.0
      },
      "geometry": {
        "type": "Point",
        "coordinates": [
          -5.6490892,
          40.9534582
        ]
      }
    },
    {
      "type": "Feature",
      "properties": {
        "weight": 1.0
      },
      "geometry": {
        "type": "Point",
        "coordinates": [
          -5.6703527,
          40.95392
        ]
      }
    },
    {
      "type": "Feature",
      "properties": {
        "weight": 1.0,
        "id": 9422384357,
        "hasDetails": true,
        "name": "Almacanina",
        "address": "Calle Mayor 34, Salamanca"
      },
      "geometry": {
        "type": "Point",
        "coordinates": [
          -5.6703665,
          40.9540978
        ]
      }
    },
    {
      "type": "Feature",
      "properties": {
        "weight": 1.0,
        "id": 327064887,
        "hasDetails": true,
        "name": "Agricentro Mascotas",
        "address": "Avenida de Lasalle 179,183, Salamanca",
        "website": "https://www.agricentrosalamanca.es/",
        "opening_hours": "Mo-Sa 09:30-14:00,16:00-20:30"
      },
      "geometry": {
        "type": "Point",
        "coordinates": [
          -5.6895909,
          40.9542531
        ]
      }
    },
    {
      "type": "Feature",
      "properties": {
        "weight": 1.0,
        "id": 327064902,
        "hasDetails": true,
        "name": "Hiper La Salle",
        "address": "Avenida de Lasalle 177, Salamanca"
      },
      "geometry": {
        "type": "Point",
        "coordinates": [
          -5.6892302,
          40.9542536
        ]
      }
    },
    {
      "type": "Feature",
      "properties": {
        "weight": 1.0
      },
      "geometry": {
        "type": "Point",
        "coordinates": [
          -5.6413562,
          40.9542902
        ]
      }
    },
    {
      "type": "Feature",
      "properties": {
        "weight": 1.0,
        "id": 326586851,
        "hasDetails": true,
        "name": "Auto Reparaciones Hercumar SL",
        "address": "Calle de la Avena 9"
      },
      "geometry": {
        "type": "Point",
        "coordinates": [
          -5.6829434,
          40.954331
        ]
      }
    },
    {
      "type": "Feature",
      "properties": {
        "weight": 1.0
      },
      "geometry": {
        "type": "Point",
        "coordinates": [
          -5.687267,
          40.9543873
        ]
      }
    },
    {
      "type": "Feature",
      "properties": {
        "weight": 1.0
      },
      "geometry": {
        "type": "Point",
        "coordinates": [
          -5.6879421,
          40.9544359
        ]
      }
    },
    {
      "type": "Feature",
      "properties": {
        "weight": 1.0,
        "id": 327064888,
        "hasDetails": true,
        "name": "Automec\u00e1nica Anpe",
        "address": "Avenida de Lasalle 151, Salamanca",
        "website": "https://www.anpeautomecanica.com/",
        "opening_hours": "Mo-Fr 08:00-14:00,15:00-19:00; Sa 08:00-14:00"
      },
      "geometry": {
        "type": "Point",
        "coordinates": [
          -5.6876093,
          40.9545569
        ]
      }
    },
    {
      "type": "Feature",
      "properties": {
        "weight": 1.0,
        "id": 327064892,
        "hasDetails": true,
        "name": "Sucesores de Domiciano Garc\u00eda S.A",
        "address": "Avenida de Lasalle 93"
      },
      "geometry": {
        "type": "Point",
        "coordinates": [
          -5.6836096,
          40.9546481
        ]
      }
    },
    {
      "type": "Feature",
      "properties": {
        "weight": 1.0,
        "id": 6423155393,
        "hasDetails": true,
        "name": "Eulogio Borrego",
        "website": "https://www.eulogioborrego.com/"
      },
      "geometry": {
        "type": "Point",
        "coordinates": [
          -5.684081,
          40.9547951
        ]
      }
    },
    {
      "type": "Feature",
      "properties": {
        "weight": 1.0
      },
      "geometry": {
        "type": "Point",
        "coordinates": [
          -5.68204,
          40.9548133
        ]
      }
    },
    {
      "type": "Feature",
      "properties": {
        "weight": 1.0,
        "id": 326586843,
        "hasDetails": true,
        "name": "Recauchutados Paco",
        "address": "Avenida de Lasalle 33, Salamanca"
      },
      "geometry": {
        "type": "Point",
        "coordinates": [
          -5.6788479,
          40.9548501
        ]
      }
    },
    {
      "type": "Feature",
      "properties": {
        "weight": 1.0,
        "id": 3372928953,
        "hasDetails": true,
        "name": "Taller Auto-Tormes",
        "website": "https://www.tallerautotormes.es/es/",
        "names": [
          "Taller Auto-Tormes",
          "Flandes Home Interiors"
        ]
      },
      "geometry": {
        "type": "Point",
        "coordinates": [
          -5.678562,
          40.954893
        ]
      }
    },
    {
      "type": "Feature",
      "properties": {
        "weight": 1.0,
        "id": 3372952535,
        "hasDetails": true,
        "name": "Sabores",
        "outdoor_seating": "no"
      },
      "geometry": {
        "type": "Point",
        "coordinates": [
          -5.6797609,
          40.9548931
        ]
      }
    },
    {
      "type": "Feature",
      "properties": {
        "weight": 1.0
      },
      "geometry": {
        "type": "Point",
        "coordinates": [
          -5.6744486,
          40.9548964
        ]
      }
    },
    {
      "type": "Feature",
      "properties": {
        "weight": 1.0
      },
      "geometry": {
        "type": "Point",
        "coordinates": [
          -5.6711099,
          40.9548991
        ]
      }
    },
    {
      "type": "Feature",
      "properties": {
        "weight": 1.0,
        "id": 3369735317,
        "hasDetails": true,
        "name": "Modas Maribel",
        "address": "Plaza del Poniente 1, Salamanca"
      },
      "geometry": {
        "type": "Point",
        "coordinates": [
          -5.6715229,
          40.9549357
        ]
      }
    },
    {
      "type": "Feature",
      "properties": {
        "weight": 1.0
      },
      "geometry": {
        "type": "Point",
        "coordinates": [
          -5.6886023,
          40.9556308
        ]
      }
    },
    {
      "type": "Feature",
      "properties": {
        "weight": 1.0,
        "id": 3367650817,
        "hasDetails": true,
        "name": "Florister\u00eda Diflosal",
        "website": "https://www.diflosal.com/"
      },
      "geometry": {
        "type": "Point",
        "coordinates": [
          -5.6739985,
          40.9556616
        ]
      }
    },
    {
      "type": "Feature",
      "properties": {
        "weight": 1.0
      },
      "geometry": {
        "type": "Point",
        "coordinates": [
          -5.678342,
          40.9556761
        ]
      }
    },
    {
      "type": "Feature",
      "properties": {
        "weight": 1.0
      },
      "geometry": {
        "type": "Point",
        "coordinates": [
          -5.6720507,
          40.9559859
        ]
      }
    },
    {
      "type": "Feature",
      "properties": {
        "weight": 1.0,
        "id": 237949249,
        "hasDetails": true,
        "name": "Lidl",
        "address": "Salamanca"
      },
      "geometry": {
        "type": "Point",
        "coordinates": [
          -5.6775496,
          40.9567826
        ]
      }
    },
    {
      "type": "Feature",
      "properties": {
        "weight": 1.0,
        "id": 237949252,
        "hasDetails": true,
        "name": "Nicol\u00e1s Benito",
        "address": "Salamanca"
      },
      "geometry": {
        "type": "Point",
        "coordinates": [
          -5.6782473,
          40.9568031
        ]
      }
    },
    {
      "type": "Feature",
      "properties": {
        "weight": 1.0,
        "id": 237949250,
        "hasDetails": true,
        "name": "Mercadona",
        "address": "Salamanca",
        "website": "https://www.mercadona.es",
        "opening_hours": "Mo-Sa 09:15-21:15"
      },
      "geometry": {
        "type": "Point",
        "coordinates": [
          -5.6779604,
          40.956805
        ]
      }
    },
    {
      "type": "Feature",
      "properties": {
        "weight": 1.0
      },
      "geometry": {
        "type": "Point",
        "coordinates": [
          -5.68275,
          40.9570448
        ]
      }
    },
    {
      "type": "Feature",
      "properties": {
        "weight": 1.0
      },
      "geometry": {
        "type": "Point",
        "coordinates": [
          -5.6818496,
          40.957073
        ]
      }
    },
    {
      "type": "Feature",
      "properties": {
        "weight": 1.0,
        "id": 3885980144,
        "hasDetails": true,
        "name": "El Puente",
        "address": "Calle Francisco Montejo"
      },
      "geometry": {
        "type": "Point",
        "coordinates": [
          -5.6818562,
          40.9572469
        ]
      }
    },
    {
      "type": "Feature",
      "properties": {
        "weight": 1.0,
        "id": 1288269396,
        "hasDetails": true,
        "address": "Avenida de los Reyes de Espa\u00f1a 34,36"
      },
      "geometry": {
        "type": "Point",
        "coordinates": [
          -5.6657926,
          40.9572901
        ]
      }
    },
    {
      "type": "Feature",
      "properties": {
        "weight": 1.0
      },
      "geometry": {
        "type": "Point",
        "coordinates": [
          -5.6656877,
          40.9574512
        ]
      }
    },
    {
      "type": "Feature",
      "properties": {
        "weight": 1.0,
        "id": 13825061781,
        "hasDetails": true,
        "name": "Motos Racing Cachorro",
        "address": "Avenida de los Reyes de Espa\u00f1a 26,32",
        "names": [
          "Motos Racing Cachorro",
          "La Ni\u00f1a Bonita"
        ]
      },
      "geometry": {
        "type": "Point",
        "coordinates": [
          -5.6656206,
          40.9575823
        ]
      }
    },
    {
      "type": "Feature",
      "properties": {
        "weight": 1.0
      },
      "geometry": {
        "type": "Point",
        "coordinates": [
          -5.6525343,
          40.9577672
        ]
      }
    },
    {
      "type": "Feature",
      "properties": {
        "weight": 1.0,
        "id": 7375263293,
        "hasDetails": true,
        "name": "Udaco",
        "address": "Avenida de los Reyes de Espa\u00f1a 26,32"
      },
      "geometry": {
        "type": "Point",
        "coordinates": [
          -5.6655069,
          40.9578623
        ]
      }
    },
    {
      "type": "Feature",
      "properties": {
        "weight": 1.0
      },
      "geometry": {
        "type": "Point",
        "coordinates": [
          -5.6654162,
          40.9580533
        ]
      }
    },
    {
      "type": "Feature",
      "properties": {
        "weight": 1.0,
        "id": 12715399703,
        "hasDetails": true,
        "name": "Rub\u00e9n",
        "address": "Avenida de las Artes 77, Salamanca",
        "website": "https://talleresruben.es",
        "opening_hours": "Mo-Fr 08:00-14:00,16:00-19:00"
      },
      "geometry": {
        "type": "Point",
        "coordinates": [
          -5.6526659,
          40.958118
        ]
      }
    },
    {
      "type": "Feature",
      "properties": {
        "weight": 1.0,
        "id": 4637341804,
        "hasDetails": true,
        "name": "Nutrici\u00f3n Ganadera",
        "address": "Calle del R\u00edo \u00d3rbigo 8, Salamanca",
        "names": [
          "Nutrici\u00f3n Ganadera",
          "Copiadoras del Tormes"
        ]
      },
      "geometry": {
        "type": "Point",
        "coordinates": [
          -5.6514558,
          40.9581379
        ]
      }
    },
    {
      "type": "Feature",
      "properties": {
        "weight": 1.0
      },
      "geometry": {
        "type": "Point",
        "coordinates": [
          -5.6591338,
          40.9581754
        ]
      }
    },
    {
      "type": "Feature",
      "properties": {
        "weight": 1.0
      },
      "geometry": {
        "type": "Point",
        "coordinates": [
          -5.6518967,
          40.9583366
        ]
      }
    },
    {
      "type": "Feature",
      "properties": {
        "weight": 1.0,
        "id": 1300795709,
        "hasDetails": true,
        "name": "BMC Bike Motors Clinic",
        "opening_hours": "Mo-Sa 09:30-14:00; Mo-Fr 16:00-20:00"
      },
      "geometry": {
        "type": "Point",
        "coordinates": [
          -5.6529929,
          40.9584432
        ]
      }
    },
    {
      "type": "Feature",
      "properties": {
        "weight": 1.0
      },
      "geometry": {
        "type": "Point",
        "coordinates": [
          -5.6510525,
          40.9585141
        ]
      }
    },
    {
      "type": "Feature",
      "properties": {
        "weight": 1.0,
        "id": 7323066415,
        "hasDetails": true,
        "name": "Salamanca Motorcycles",
        "address": "Avenida de la Aldehuela 74",
        "website": "https://salamancamotorcycles.com/",
        "opening_hours": "Mo-Fr 09:00-14:00,16:00-20:00; Sa 10:00-13:30"
      },
      "geometry": {
        "type": "Point",
        "coordinates": [
          -5.6506662,
          40.9585888
        ]
      }
    },
    {
      "type": "Feature",
      "properties": {
        "weight": 1.0
      },
      "geometry": {
        "type": "Point",
        "coordinates": [
          -5.6505462,
          40.958607
        ]
      }
    },
    {
      "type": "Feature",
      "properties": {
        "weight": 1.0
      },
      "geometry": {
        "type": "Point",
        "coordinates": [
          -5.650291,
          40.9586505
        ]
      }
    },
    {
      "type": "Feature",
      "properties": {
        "weight": 1.0,
        "id": 9422384337,
        "hasDetails": true,
        "name": "Talleres Cars\u00e1n",
        "address": "Calle Bail\u00e9n 12, Salamanca"
      },
      "geometry": {
        "type": "Point",
        "coordinates": [
          -5.6593507,
          40.9588931
        ]
      }
    },
    {
      "type": "Feature",
      "properties": {
        "weight": 1.0
      },
      "geometry": {
        "type": "Point",
        "coordinates": [
          -5.6590748,
          40.9592687
        ]
      }
    },
    {
      "type": "Feature",
      "properties": {
        "weight": 1.0,
        "id": 3892193309,
        "hasDetails": true,
        "name": "Servicar Salamanca",
        "opening_hours": "Mo-Fr 09:00-13:30,16:00-20:00"
      },
      "geometry": {
        "type": "Point",
        "coordinates": [
          -5.6601103,
          40.9596513
        ]
      }
    },
    {
      "type": "Feature",
      "properties": {
        "weight": 1.0
      },
      "geometry": {
        "type": "Point",
        "coordinates": [
          -5.6677158,
          40.9597063
        ]
      }
    },
    {
      "type": "Feature",
      "properties": {
        "weight": 1.0,
        "id": 3892193308,
        "hasDetails": true,
        "name": "Bad\u00fa Bad\u00fa",
        "address": "Paseo de Canalejas 184",
        "opening_hours": "Mo-Fr 08:30-15:00"
      },
      "geometry": {
        "type": "Point",
        "coordinates": [
          -5.660029,
          40.9597747
        ]
      }
    },
    {
      "type": "Feature",
      "properties": {
        "weight": 1.0
      },
      "geometry": {
        "type": "Point",
        "coordinates": [
          -5.659801,
          40.9602249
        ]
      }
    },
    {
      "type": "Feature",
      "properties": {
        "weight": 1.0
      },
      "geometry": {
        "type": "Point",
        "coordinates": [
          -5.6845697,
          40.9605081
        ]
      }
    },
    {
      "type": "Feature",
      "properties": {
        "weight": 1.0,
        "id": 12200013707,
        "hasDetails": true,
        "name": "Semillas Marcos",
        "address": "Calle Abraham Zacut 2",
        "website": "http://www.semillasmarcos.es",
        "opening_hours": "Mo-Sa 09:30-13:45; Mo-Fr 17:00-20:00"
      },
      "geometry": {
        "type": "Point",
        "coordinates": [
          -5.651349,
          40.9605099
        ]
      }
    },
    {
      "type": "Feature",
      "properties": {
        "weight": 1.0
      },
      "geometry": {
        "type": "Point",
        "coordinates": [
          -5.6679194,
          40.9605268
        ]
      }
    },
    {
      "type": "Feature",
      "properties": {
        "weight": 1.0
      },
      "geometry": {
        "type": "Point",
        "coordinates": [
          -5.6496584,
          40.9605672
        ]
      }
    },
    {
      "type": "Feature",
      "properties": {
        "weight": 1.0
      },
      "geometry": {
        "type": "Point",
        "coordinates": [
          -5.6685101,
          40.9605887
        ]
      }
    },
    {
      "type": "Feature",
      "properties": {
        "weight": 1.0
      },
      "geometry": {
        "type": "Point",
        "coordinates": [
          -5.6529822,
          40.9607231
        ]
      }
    },
    {
      "type": "Feature",
      "properties": {
        "weight": 1.0
      },
      "geometry": {
        "type": "Point",
        "coordinates": [
          -5.6678415,
          40.9608009
        ]
      }
    },
    {
      "type": "Feature",
      "properties": {
        "weight": 1.0,
        "id": 13830498883,
        "hasDetails": true,
        "address": "Paseo de Canalejas 158,160"
      },
      "geometry": {
        "type": "Point",
        "coordinates": [
          -5.6595293,
          40.9609409
        ]
      }
    },
    {
      "type": "Feature",
      "properties": {
        "weight": 1.0,
        "id": 82228831,
        "hasDetails": true,
        "name": "Mercatus",
        "address": "Calle Benedicto XVI 20",
        "opening_hours": "Mo-Su 10:30-13:30"
      },
      "geometry": {
        "type": "Point",
        "coordinates": [
          -5.666893,
          40.9610258
        ]
      }
    },
    {
      "type": "Feature",
      "properties": {
        "weight": 1.0,
        "id": 13830498874,
        "hasDetails": true,
        "address": "Paseo de Canalejas 154,156"
      },
      "geometry": {
        "type": "Point",
        "coordinates": [
          -5.6594964,
          40.9610321
        ]
      }
    },
    {
      "type": "Feature",
      "properties": {
        "weight": 1.0
      },
      "geometry": {
        "type": "Point",
        "coordinates": [
          -5.6524263,
          40.9611617
        ]
      }
    },
    {
      "type": "Feature",
      "properties": {
        "weight": 1.0,
        "id": 6503557846,
        "hasDetails": true,
        "name": "Gesticaza",
        "address": "Paseo de Canalejas 154,156",
        "opening_hours": "Mo-Fr 10:00-14:00,17:00-20:30"
      },
      "geometry": {
        "type": "Point",
        "coordinates": [
          -5.659451,
          40.9611779
        ]
      }
    },
    {
      "type": "Feature",
      "properties": {
        "weight": 1.0,
        "id": 6503557844,
        "hasDetails": true,
        "name": "Motos Dakar",
        "address": "Paseo de Canalejas 123, Salamanca",
        "website": "https://motosdakar.es/",
        "opening_hours": "Mo-Fr 09:30-14:30,16:30-20:30; Sa,Su 09:30-14:30",
        "names": [
          "Motos Dakar",
          "Quintanilla Panader\u00eda Pasteler\u00eda"
        ]
      },
      "geometry": {
        "type": "Point",
        "coordinates": [
          -5.6590244,
          40.9613069
        ]
      }
    },
    {
      "type": "Feature",
      "properties": {
        "weight": 1.0,
        "id": 6503557845,
        "hasDetails": true,
        "name": "\u00d3ptica Canalejas",
        "address": "Paseo de Canalejas 150, Salamanca",
        "opening_hours": "Mo-Fr 10:00-13:30,17:00-20:00"
      },
      "geometry": {
        "type": "Point",
        "coordinates": [
          -5.6593721,
          40.9613246
        ]
      }
    },
    {
      "type": "Feature",
      "properties": {
        "weight": 1.0,
        "id": 6503557842,
        "hasDetails": true,
        "name": "Carnicer\u00eda Canalejas",
        "opening_hours": "Mo-Sa 09:00-14:00,17:00-20:00"
      },
      "geometry": {
        "type": "Point",
        "coordinates": [
          -5.6588754,
          40.9614079
        ]
      }
    },
    {
      "type": "Feature",
      "properties": {
        "weight": 1.0,
        "id": 3756982272,
        "hasDetails": true,
        "name": "Garci Grande Ib\u00e9ricos",
        "opening_hours": "Mo-Sa 10:00-14:30,16:30-20:30; Su 10:00-19:00"
      },
      "geometry": {
        "type": "Point",
        "coordinates": [
          -5.6643449,
          40.9614783
        ]
      }
    },
    {
      "type": "Feature",
      "properties": {
        "weight": 1.0,
        "id": 3756982273,
        "hasDetails": true,
        "name": "Galletanas",
        "address": "Calle San Pablo 33"
      },
      "geometry": {
        "type": "Point",
        "coordinates": [
          -5.6641951,
          40.9614783
        ]
      }
    },
    {
      "type": "Feature",
      "properties": {
        "weight": 1.0,
        "id": 8792653532,
        "hasDetails": true,
        "name": "Maderas Asensio",
        "address": "Paseo de Canalejas 150",
        "website": "https://www.maderasasensiosl.com/"
      },
      "geometry": {
        "type": "Point",
        "coordinates": [
          -5.6593277,
          40.9614798
        ]
      }
    },
    {
      "type": "Feature",
      "properties": {
        "weight": 1.0
      },
      "geometry": {
        "type": "Point",
        "coordinates": [
          -5.6641992,
          40.9615965
        ]
      }
    },
    {
      "type": "Feature",
      "properties": {
        "weight": 1.0,
        "id": 13830544752,
        "hasDetails": true,
        "name": "B.612",
        "address": "Paseo de Canalejas 144,146",
        "names": [
          "B.612",
          "Peluquer\u00eda Sandra"
        ]
      },
      "geometry": {
        "type": "Point",
        "coordinates": [
          -5.6592555,
          40.9616178
        ]
      }
    },
    {
      "type": "Feature",
      "properties": {
        "weight": 1.0,
        "id": 4086145540,
        "hasDetails": true,
        "name": "Librer\u00eda La Galatea",
        "wikidata": "Q110656333"
      },
      "geometry": {
        "type": "Point",
        "coordinates": [
          -5.6672616,
          40.9616808
        ]
      }
    },
    {
      "type": "Feature",
      "properties": {
        "weight": 1.0,
        "id": 56131241,
        "hasDetails": true,
        "name": "Alcampo",
        "address": "Calle Alonso del Castillo 19",
        "opening_hours": "Mo-Sa 09:00-21:30"
      },
      "geometry": {
        "type": "Point",
        "coordinates": [
          -5.6497898,
          40.9616908
        ]
      }
    },
    {
      "type": "Feature",
      "properties": {
        "weight": 1.0,
        "id": 2792032280,
        "hasDetails": true,
        "name": "Librer\u00eda Nueva Plaza Universitaria",
        "address": "Plaza de Anaya 9, Salamanca",
        "opening_hours": "Mo-Fr 10:00-13:30,16:30-20:00; Sa 10:00-14:00,17:00-20:00"
      },
      "geometry": {
        "type": "Point",
        "coordinates": [
          -5.6661304,
          40.9617338
        ]
      }
    },
    {
      "type": "Feature",
      "properties": {
        "weight": 1.0,
        "id": 8792653529,
        "hasDetails": true,
        "name": "Simpa",
        "address": "Paseo de Canalejas 144,146",
        "opening_hours": "Mo-Fr 10:30-14:00"
      },
      "geometry": {
        "type": "Point",
        "coordinates": [
          -5.6592048,
          40.9617747
        ]
      }
    },
    {
      "type": "Feature",
      "properties": {
        "weight": 1.0
      },
      "geometry": {
        "type": "Point",
        "coordinates": [
          -5.6673971,
          40.9617798
        ]
      }
    },
    {
      "type": "Feature",
      "properties": {
        "weight": 1.0,
        "id": 4015340013,
        "hasDetails": true,
        "address": "Plaza de Anaya 27"
      },
      "geometry": {
        "type": "Point",
        "coordinates": [
          -5.6663076,
          40.9618081
        ]
      }
    },
    {
      "type": "Feature",
      "properties": {
        "weight": 1.0,
        "id": 2919871008,
        "hasDetails": true,
        "name": "M\u00edmate por ti",
        "address": "Calle Pr\u00edncipe de Vergara 64, Salamanca"
      },
      "geometry": {
        "type": "Point",
        "coordinates": [
          -5.6534242,
          40.9618737
        ]
      }
    },
    {
      "type": "Feature",
      "properties": {
        "weight": 1.0
      },
      "geometry": {
        "type": "Point",
        "coordinates": [
          -5.6660473,
          40.961904
        ]
      }
    },
    {
      "type": "Feature",
      "properties": {
        "weight": 1.0
      },
      "geometry": {
        "type": "Point",
        "coordinates": [
          -5.6671134,
          40.9619064
        ]
      }
    },
    {
      "type": "Feature",
      "properties": {
        "weight": 1.0
      },
      "geometry": {
        "type": "Point",
        "coordinates": [
          -5.6661457,
          40.9619863
        ]
      }
    },
    {
      "type": "Feature",
      "properties": {
        "weight": 1.0,
        "id": 3205954986,
        "hasDetails": true,
        "name": "Joyer\u00eda Ba\u00edllo",
        "opening_hours": "Mo-Sa 09:30-14:00; Mo-Fr 16:30-20:30"
      },
      "geometry": {
        "type": "Point",
        "coordinates": [
          -5.665094,
          40.9620333
        ]
      }
    },
    {
      "type": "Feature",
      "properties": {
        "weight": 1.0
      },
      "geometry": {
        "type": "Point",
        "coordinates": [
          -5.6641257,
          40.9620671
        ]
      }
    },
    {
      "type": "Feature",
      "properties": {
        "weight": 1.0,
        "id": 3275192963,
        "hasDetails": true,
        "name": "Lupa",
        "address": "Paseo de Canalejas 138,142",
        "opening_hours": "Mo-Sa 09:00-21:30"
      },
      "geometry": {
        "type": "Point",
        "coordinates": [
          -5.659094,
          40.9620819
        ]
      }
    },
    {
      "type": "Feature",
      "properties": {
        "weight": 1.0
      },
      "geometry": {
        "type": "Point",
        "coordinates": [
          -5.6660709,
          40.9620873
        ]
      }
    },
    {
      "type": "Feature",
      "properties": {
        "weight": 1.0,
        "id": 2143753232,
        "hasDetails": true,
        "name": "Bikecicletas Salamanca",
        "address": "Calle Traviesa 18, Salamanca",
        "website": "http://alquilerbicisalamanca.com/",
        "opening_hours": "Mo-Sa 09:30-13:30,17:00-20:30; Su 09:30-13:30"
      },
      "geometry": {
        "type": "Point",
        "coordinates": [
          -5.6677127,
          40.9620967
        ]
      }
    },
    {
      "type": "Feature",
      "properties": {
        "weight": 1.0,
        "id": 2792032305,
        "hasDetails": true,
        "name": "El Mot\u00edn del t\u00e9",
        "address": "Calle R\u00faa Mayor 43"
      },
      "geometry": {
        "type": "Point",
        "coordinates": [
          -5.6658804,
          40.9621334
        ]
      }
    },
    {
      "type": "Feature",
      "properties": {
        "weight": 1.0
      },
      "geometry": {
        "type": "Point",
        "coordinates": [
          -5.6529933,
          40.9621387
        ]
      }
    },
    {
      "type": "Feature",
      "properties": {
        "weight": 1.0,
        "id": 2143753217,
        "hasDetails": true,
        "name": "Serendipity",
        "address": "Calle Serranos 35, Salamanca"
      },
      "geometry": {
        "type": "Point",
        "coordinates": [
          -5.6679148,
          40.9621949
        ]
      }
    },
    {
      "type": "Feature",
      "properties": {
        "weight": 1.0
      },
      "geometry": {
        "type": "Point",
        "coordinates": [
          -5.6659829,
          40.9622119
        ]
      }
    },
    {
      "type": "Feature",
      "properties": {
        "weight": 1.0
      },
      "geometry": {
        "type": "Point",
        "coordinates": [
          -5.6663805,
          40.9622127
        ]
      }
    },
    {
      "type": "Feature",
      "properties": {
        "weight": 1.0
      },
      "geometry": {
        "type": "Point",
        "coordinates": [
          -5.6658021,
          40.96223
        ]
      }
    },
    {
      "type": "Feature",
      "properties": {
        "weight": 1.0,
        "id": 2919870390,
        "hasDetails": true,
        "name": "Autoelectricidad Celes",
        "opening_hours": "Mo-Fr 08:30-13:30,16:00-19:00"
      },
      "geometry": {
        "type": "Point",
        "coordinates": [
          -5.65387,
          40.9622393
        ]
      }
    },
    {
      "type": "Feature",
      "properties": {
        "weight": 1.0
      },
      "geometry": {
        "type": "Point",
        "coordinates": [
          -5.6668465,
          40.9622497
        ]
      }
    },
    {
      "type": "Feature",
      "properties": {
        "weight": 1.0
      },
      "geometry": {
        "type": "Point",
        "coordinates": [
          -5.6527468,
          40.9622968
        ]
      }
    },
    {
      "type": "Feature",
      "properties": {
        "weight": 1.0,
        "id": 4766820583,
        "hasDetails": true,
        "name": "TEDi",
        "address": "Paseo de Canalejas 105",
        "website": "https://www.tedi.com/stores/8049/es/Castilla-y-Le%C3%B3n/Salamanca/Paseo-de-Canalejas-105",
        "opening_hours": "Mo-Sa 10:00-21:00"
      },
      "geometry": {
        "type": "Point",
        "coordinates": [
          -5.6586502,
          40.9622969
        ]
      }
    },
    {
      "type": "Feature",
      "properties": {
        "weight": 1.0
      },
      "geometry": {
        "type": "Point",
        "coordinates": [
          -5.6659049,
          40.9623157
        ]
      }
    },
    {
      "type": "Feature",
      "properties": {
        "weight": 1.0,
        "id": 4723778827,
        "hasDetails": true,
        "name": "Librer\u00eda Miguel Delibes",
        "address": "Calle Serranos 21, Salamanca",
        "website": "http://www.libreriamigueldelibes.com/portada.htm",
        "names": [
          "Librer\u00eda Miguel Delibes",
          "El Mot\u00edn del t\u00e9"
        ]
      },
      "geometry": {
        "type": "Point",
        "coordinates": [
          -5.6673832,
          40.9623503
        ]
      }
    },
    {
      "type": "Feature",
      "properties": {
        "weight": 1.0
      },
      "geometry": {
        "type": "Point",
        "coordinates": [
          -5.6663766,
          40.9623982
        ]
      }
    },
    {
      "type": "Feature",
      "properties": {
        "weight": 1.0
      },
      "geometry": {
        "type": "Point",
        "coordinates": [
          -5.6656359,
          40.9624706
        ]
      }
    },
    {
      "type": "Feature",
      "properties": {
        "weight": 1.0
      },
      "geometry": {
        "type": "Point",
        "coordinates": [
          -5.6658042,
          40.9624841
        ]
      }
    },
    {
      "type": "Feature",
      "properties": {
        "weight": 1.0
      },
      "geometry": {
        "type": "Point",
        "coordinates": [
          -5.6660668,
          40.9625617
        ]
      }
    },
    {
      "type": "Feature",
      "properties": {
        "weight": 1.0
      },
      "geometry": {
        "type": "Point",
        "coordinates": [
          -5.6659298,
          40.9625752
        ]
      }
    },
    {
      "type": "Feature",
      "properties": {
        "weight": 1.0,
        "id": 2792032278,
        "hasDetails": true,
        "name": "Santa Luc\u00eda",
        "address": "Calle R\u00faa Mayor 35, Salamanca",
        "names": [
          "Santa Luc\u00eda",
          "Carrefour Express"
        ]
      },
      "geometry": {
        "type": "Point",
        "coordinates": [
          -5.6655134,
          40.9626398
        ]
      }
    },
    {
      "type": "Feature",
      "properties": {
        "weight": 1.0
      },
      "geometry": {
        "type": "Point",
        "coordinates": [
          -5.662203,
          40.9627309
        ]
      }
    },
    {
      "type": "Feature",
      "properties": {
        "weight": 1.0
      },
      "geometry": {
        "type": "Point",
        "coordinates": [
          -5.6658523,
          40.9627387
        ]
      }
    },
    {
      "type": "Feature",
      "properties": {
        "weight": 1.0
      },
      "geometry": {
        "type": "Point",
        "coordinates": [
          -5.6495057,
          40.9627896
        ]
      }
    },
    {
      "type": "Feature",
      "properties": {
        "weight": 1.0,
        "id": 8792653525,
        "hasDetails": true,
        "name": "Milar",
        "address": "Paseo de Canalejas 120,122",
        "opening_hours": "Mo-Sa 10:30-14:00, Mo-Fr 17:30-20:00"
      },
      "geometry": {
        "type": "Point",
        "coordinates": [
          -5.6588387,
          40.9627946
        ]
      }
    },
    {
      "type": "Feature",
      "properties": {
        "weight": 1.0
      },
      "geometry": {
        "type": "Point",
        "coordinates": [
          -5.6653984,
          40.9628029
        ]
      }
    },
    {
      "type": "Feature",
      "properties": {
        "weight": 1.0
      },
      "geometry": {
        "type": "Point",
        "coordinates": [
          -5.650065,
          40.9628391
        ]
      }
    },
    {
      "type": "Feature",
      "properties": {
        "weight": 1.0
      },
      "geometry": {
        "type": "Point",
        "coordinates": [
          -5.665535,
          40.9628811
        ]
      }
    },
    {
      "type": "Feature",
      "properties": {
        "weight": 1.0
      },
      "geometry": {
        "type": "Point",
        "coordinates": [
          -5.6502091,
          40.9629091
        ]
      }
    },
    {
      "type": "Feature",
      "properties": {
        "weight": 1.0
      },
      "geometry": {
        "type": "Point",
        "coordinates": [
          -5.66405,
          40.9629304
        ]
      }
    },
    {
      "type": "Feature",
      "properties": {
        "weight": 1.0
      },
      "geometry": {
        "type": "Point",
        "coordinates": [
          -5.6620336,
          40.9629669
        ]
      }
    },
    {
      "type": "Feature",
      "properties": {
        "weight": 1.0,
        "id": 5966253511,
        "hasDetails": true,
        "name": "La Tahona de la Abuela",
        "address": "Calle R\u00faa Mayor 28, Salamanca",
        "website": "https://latahonadelaabuela.com/",
        "opening_hours": "Mo-Su 09:00-15:30,17:00-21:00"
      },
      "geometry": {
        "type": "Point",
        "coordinates": [
          -5.6654374,
          40.9629691
        ]
      }
    },
    {
      "type": "Feature",
      "properties": {
        "weight": 1.0,
        "id": 6503557851,
        "hasDetails": true,
        "name": "Fruter\u00eda Lara",
        "opening_hours": "Mo-Fr 17:00-20:00, Mo-Sa 09:30-14:00"
      },
      "geometry": {
        "type": "Point",
        "coordinates": [
          -5.658395,
          40.9629717
        ]
      }
    },
    {
      "type": "Feature",
      "properties": {
        "weight": 1.0,
        "id": 4713303880,
        "hasDetails": true,
        "name": "Retama",
        "opening_hours": "Mo-Fr 17:30-20:30; Tu-Fr 10:00-13:30; Sa 10:30-14:00",
        "names": [
          "Retama",
          "Semillas Marcos"
        ]
      },
      "geometry": {
        "type": "Point",
        "coordinates": [
          -5.6609507,
          40.9629722
        ]
      }
    },
    {
      "type": "Feature",
      "properties": {
        "weight": 1.0,
        "id": 2455679243,
        "hasDetails": true,
        "name": "24 horas",
        "opening_hours": "24/7"
      },
      "geometry": {
        "type": "Point",
        "coordinates": [
          -5.6617809,
          40.9629976
        ]
      }
    },
    {
      "type": "Feature",
      "properties": {
        "weight": 1.0,
        "id": 4015340005,
        "hasDetails": true,
        "name": "Tabacos : Exp. N\u00b0 5",
        "opening_hours": "Mo-Fr 09:30-13:45,17:00-20:30; Sa 09:30-14:00"
      },
      "geometry": {
        "type": "Point",
        "coordinates": [
          -5.6613555,
          40.963014
        ]
      }
    },
    {
      "type": "Feature",
      "properties": {
        "weight": 1.0,
        "id": 3806415221,
        "hasDetails": true,
        "name": "Iris Galerie",
        "address": "Calle R\u00faa Mayor 23",
        "names": [
          "Iris Galerie",
          "Coolligan"
        ]
      },
      "geometry": {
        "type": "Point",
        "coordinates": [
          -5.6652307,
          40.9630366
        ]
      }
    },
    {
      "type": "Feature",
      "properties": {
        "weight": 1.0
      },
      "geometry": {
        "type": "Point",
        "coordinates": [
          -5.6616712,
          40.9631117
        ]
      }
    },
    {
      "type": "Feature",
      "properties": {
        "weight": 1.0,
        "id": 2730638751,
        "hasDetails": true,
        "name": "La Nave",
        "address": "Calle Compa\u00f1\u00eda 14",
        "names": [
          "La Nave",
          "Dolce Capriccio"
        ]
      },
      "geometry": {
        "type": "Point",
        "coordinates": [
          -5.6661241,
          40.9631249
        ]
      }
    },
    {
      "type": "Feature",
      "properties": {
        "weight": 1.0,
        "id": 6379676958,
        "hasDetails": true,
        "address": "Paseo de Canalejas 112,114, Salamanca"
      },
      "geometry": {
        "type": "Point",
        "coordinates": [
          -5.6587154,
          40.9631517
        ]
      }
    },
    {
      "type": "Feature",
      "properties": {
        "weight": 1.0,
        "id": 13825160065,
        "hasDetails": true,
        "name": "Imar",
        "address": "Calle R\u00faa Mayor 24"
      },
      "geometry": {
        "type": "Point",
        "coordinates": [
          -5.665322,
          40.963156
        ]
      }
    },
    {
      "type": "Feature",
      "properties": {
        "weight": 1.0,
        "id": 3205775773,
        "hasDetails": true,
        "name": "Dia",
        "address": "Calle San Justo 20, Salamanca",
        "opening_hours": "Mo-Sa 09:00-21:30"
      },
      "geometry": {
        "type": "Point",
        "coordinates": [
          -5.6623201,
          40.9632176
        ]
      }
    },
    {
      "type": "Feature",
      "properties": {
        "weight": 1.0,
        "id": 2730638759,
        "hasDetails": true,
        "name": "Luna",
        "address": "Calle Compa\u00f1\u00eda 20",
        "names": [
          "Luna",
          "Leyenda"
        ]
      },
      "geometry": {
        "type": "Point",
        "coordinates": [
          -5.666114,
          40.9632247
        ]
      }
    },
    {
      "type": "Feature",
      "properties": {
        "weight": 1.0,
        "id": 3806415225,
        "hasDetails": true,
        "name": "Patio Chico",
        "address": "Calle R\u00faa Mayor 22",
        "opening_hours": "Mo-Sa 10:00-14:00,17:00-21:00",
        "names": [
          "Patio Chico",
          "Librer\u00eda Ars"
        ]
      },
      "geometry": {
        "type": "Point",
        "coordinates": [
          -5.6652502,
          40.9632403
        ]
      }
    },
    {
      "type": "Feature",
      "properties": {
        "weight": 1.0,
        "id": 9372967237,
        "hasDetails": true,
        "name": "Almac\u00e9n de Frutas Zais",
        "address": "Camino de Las Aguas 53",
        "opening_hours": "Mo-Fr 09:00-15:00,17:00-20:00"
      },
      "geometry": {
        "type": "Point",
        "coordinates": [
          -5.6506117,
          40.9632568
        ]
      }
    },
    {
      "type": "Feature",
      "properties": {
        "weight": 1.0,
        "id": 3480765368,
        "hasDetails": true,
        "opening_hours": "Mo-Sa 09:00-20:00"
      },
      "geometry": {
        "type": "Point",
        "coordinates": [
          -5.6719626,
          40.9633182
        ]
      }
    },
    {
      "type": "Feature",
      "properties": {
        "weight": 1.0,
        "id": 4397135029,
        "hasDetails": true,
        "name": "La Favorita",
        "address": "Calle R\u00faa Mayor 20"
      },
      "geometry": {
        "type": "Point",
        "coordinates": [
          -5.6651708,
          40.9633575
        ]
      }
    },
    {
      "type": "Feature",
      "properties": {
        "weight": 1.0,
        "id": 2730739190,
        "hasDetails": true,
        "name": "Perfuma tu suerte",
        "address": "Calle San Pablo 6, Salamanca",
        "opening_hours": "Mo-Sa 10:00-14:00; Mo-Fr 17:00-20:00"
      },
      "geometry": {
        "type": "Point",
        "coordinates": [
          -5.6641498,
          40.9633862
        ]
      }
    },
    {
      "type": "Feature",
      "properties": {
        "weight": 1.0,
        "id": 3876222101,
        "hasDetails": true,
        "name": "Atentamente",
        "opening_hours": "Mo-Sa 10:30-14:00; Mo-Fr 17:00-20:00"
      },
      "geometry": {
        "type": "Point",
        "coordinates": [
          -5.6687681,
          40.9633955
        ]
      }
    },
    {
      "type": "Feature",
      "properties": {
        "weight": 1.0,
        "id": 2730879028,
        "hasDetails": true,
        "name": "Lume Vidrio",
        "website": "http://www.lumevidrio.es"
      },
      "geometry": {
        "type": "Point",
        "coordinates": [
          -5.6642755,
          40.9634019
        ]
      }
    },
    {
      "type": "Feature",
      "properties": {
        "weight": 1.0
      },
      "geometry": {
        "type": "Point",
        "coordinates": [
          -5.6659757,
          40.9634389
        ]
      }
    },
    {
      "type": "Feature",
      "properties": {
        "weight": 1.0,
        "id": 2730739166,
        "hasDetails": true,
        "name": "El Sobrao Albercano",
        "address": "Calle R\u00faa Mayor 16, Salamanca",
        "website": "https://www.hermanoshoyos.es/",
        "opening_hours": "Mo-Fr 10:30-14:30,17:00-21:00; Sa 10:00-21:00; Su 10:00-20:00"
      },
      "geometry": {
        "type": "Point",
        "coordinates": [
          -5.6650876,
          40.9634713
        ]
      }
    },
    {
      "type": "Feature",
      "properties": {
        "weight": 1.0,
        "id": 3898663155,
        "hasDetails": true,
        "name": "Hermanos Mart\u00edn",
        "address": "Paseo de Canalejas 87, Salamanca"
      },
      "geometry": {
        "type": "Point",
        "coordinates": [
          -5.658281,
          40.9634716
        ]
      }
    },
    {
      "type": "Feature",
      "properties": {
        "weight": 1.0
      },
      "geometry": {
        "type": "Point",
        "coordinates": [
          -5.6586321,
          40.9634762
        ]
      }
    },
    {
      "type": "Feature",
      "properties": {
        "weight": 1.0,
        "id": 8836962477,
        "hasDetails": true,
        "name": "La Dolorosa",
        "opening_hours": "Mo-Fr 09:00-13:30,16:00-19:00; Sa 09:00-13:00"
      },
      "geometry": {
        "type": "Point",
        "coordinates": [
          -5.6614222,
          40.9634885
        ]
      }
    },
    {
      "type": "Feature",
      "properties": {
        "weight": 1.0,
        "id": 2477483733,
        "hasDetails": true,
        "name": "Aquatherapia",
        "address": "Calle San Justo 10, Salamanca",
        "website": "http://www.aquatherapia.com/",
        "opening_hours": "Mo-Fr 10:00-15:00,17:00-21:30; Sa 10:00-22:00; Su 11:00-15:00"
      },
      "geometry": {
        "type": "Point",
        "coordinates": [
          -5.662944,
          40.9634969
        ]
      }
    },
    {
      "type": "Feature",
      "properties": {
        "weight": 1.0
      },
      "geometry": {
        "type": "Point",
        "coordinates": [
          -5.6640096,
          40.963517
        ]
      }
    },
    {
      "type": "Feature",
      "properties": {
        "weight": 1.0
      },
      "geometry": {
        "type": "Point",
        "coordinates": [
          -5.6858351,
          40.9635561
        ]
      }
    },
    {
      "type": "Feature",
      "properties": {
        "weight": 1.0
      },
      "geometry": {
        "type": "Point",
        "coordinates": [
          -5.6641003,
          40.9635767
        ]
      }
    },
    {
      "type": "Feature",
      "properties": {
        "weight": 1.0,
        "id": 3191147209,
        "hasDetails": true,
        "name": "Campus 13",
        "address": "Calle Mel\u00e9ndez 18"
      },
      "geometry": {
        "type": "Point",
        "coordinates": [
          -5.6658775,
          40.9635869
        ]
      }
    },
    {
      "type": "Feature",
      "properties": {
        "weight": 1.0
      },
      "geometry": {
        "type": "Point",
        "coordinates": [
          -5.6649918,
          40.963605
        ]
      }
    },
    {
      "type": "Feature",
      "properties": {
        "weight": 1.0
      },
      "geometry": {
        "type": "Point",
        "coordinates": [
          -5.6517511,
          40.9636085
        ]
      }
    },
    {
      "type": "Feature",
      "properties": {
        "weight": 1.0
      },
      "geometry": {
        "type": "Point",
        "coordinates": [
          -5.662973,
          40.9636087
        ]
      }
    },
    {
      "type": "Feature",
      "properties": {
        "weight": 1.0
      },
      "geometry": {
        "type": "Point",
        "coordinates": [
          -5.6616873,
          40.9636328
        ]
      }
    },
    {
      "type": "Feature",
      "properties": {
        "weight": 1.0,
        "id": 3275192962,
        "hasDetails": true,
        "name": "Mercadona",
        "address": "Paseo de Canalejas 83, Salamanca"
      },
      "geometry": {
        "type": "Point",
        "coordinates": [
          -5.6582486,
          40.9636384
        ]
      }
    },
    {
      "type": "Feature",
      "properties": {
        "weight": 1.0
      },
      "geometry": {
        "type": "Point",
        "coordinates": [
          -5.6647973,
          40.9636495
        ]
      }
    },
    {
      "type": "Feature",
      "properties": {
        "weight": 1.0,
        "id": 3206016832,
        "hasDetails": true,
        "name": "Melania",
        "opening_hours": "Mo-Fr 10:30-13:30,17:00-20:00; Sa 10:30-14:00",
        "names": [
          "Melania",
          "Mar Villal\u00f3n"
        ]
      },
      "geometry": {
        "type": "Point",
        "coordinates": [
          -5.6633532,
          40.9636511
        ]
      }
    },
    {
      "type": "Feature",
      "properties": {
        "weight": 1.0,
        "id": 3206016829,
        "hasDetails": true,
        "name": "M\u00e1baka",
        "opening_hours": "Mo-Fr 10:00-19:00; Sa 09:30-14:00"
      },
      "geometry": {
        "type": "Point",
        "coordinates": [
          -5.6631136,
          40.9636607
        ]
      }
    },
    {
      "type": "Feature",
      "properties": {
        "weight": 1.0
      },
      "geometry": {
        "type": "Point",
        "coordinates": [
          -5.6639818,
          40.9636835
        ]
      }
    },
    {
      "type": "Feature",
      "properties": {
        "weight": 1.0
      },
      "geometry": {
        "type": "Point",
        "coordinates": [
          -5.6613206,
          40.9636862
        ]
      }
    },
    {
      "type": "Feature",
      "properties": {
        "weight": 1.0,
        "id": 2730739195,
        "hasDetails": true,
        "name": "Estanco 6",
        "address": "Calle R\u00faa Mayor 12, Salamanca",
        "opening_hours": "Mo-Su 09:00-14:30,16:00-21:00"
      },
      "geometry": {
        "type": "Point",
        "coordinates": [
          -5.6649231,
          40.9636967
        ]
      }
    },
    {
      "type": "Feature",
      "properties": {
        "weight": 1.0,
        "id": 8792653517,
        "hasDetails": true,
        "name": "Detalles Don Pitufo",
        "opening_hours": "Mo-Sa 08:30-14:30, Mo-Fr 17:30-21:00",
        "names": [
          "Detalles Don Pitufo",
          "V8 Peluqueros"
        ]
      },
      "geometry": {
        "type": "Point",
        "coordinates": [
          -5.6585634,
          40.9637
        ]
      }
    },
    {
      "type": "Feature",
      "properties": {
        "weight": 1.0
      },
      "geometry": {
        "type": "Point",
        "coordinates": [
          -5.6632606,
          40.9637082
        ]
      }
    },
    {
      "type": "Feature",
      "properties": {
        "weight": 1.0
      },
      "geometry": {
        "type": "Point",
        "coordinates": [
          -5.6641445,
          40.9637138
        ]
      }
    },
    {
      "type": "Feature",
      "properties": {
        "weight": 1.0
      },
      "geometry": {
        "type": "Point",
        "coordinates": [
          -5.6647263,
          40.9637616
        ]
      }
    },
    {
      "type": "Feature",
      "properties": {
        "weight": 1.0,
        "id": 4224712891,
        "hasDetails": true,
        "address": "Camino de Las Aguas 31, Salamanca"
      },
      "geometry": {
        "type": "Point",
        "coordinates": [
          -5.6516934,
          40.9637662
        ]
      }
    },
    {
      "type": "Feature",
      "properties": {
        "weight": 1.0
      },
      "geometry": {
        "type": "Point",
        "coordinates": [
          -5.6612534,
          40.963773
        ]
      }
    },
    {
      "type": "Feature",
      "properties": {
        "weight": 1.0,
        "id": 2730739181,
        "hasDetails": true,
        "name": "Pasteler\u00eda La Industrial",
        "website": "https://www.confiterialaindustrial.com/",
        "opening_hours": "Mo-Fr 10:00-14:00,17:00-20:30; PH,Sa,Su 10:00-14:30,17:00-20:30",
        "outdoor_seating": "no"
      },
      "geometry": {
        "type": "Point",
        "coordinates": [
          -5.6648427,
          40.9638092
        ]
      }
    },
    {
      "type": "Feature",
      "properties": {
        "weight": 1.0,
        "id": 2730912200,
        "hasDetails": true,
        "name": "Sarabell",
        "address": "Calle Mel\u00e9ndez 5",
        "names": [
          "Sarabell",
          "Galer\u00eda Luis M\u00e9ndez",
          "amarga",
          "Joyer\u00eda Paco Moro, Joyas de Autor"
        ]
      },
      "geometry": {
        "type": "Point",
        "coordinates": [
          -5.6654055,
          40.9638262
        ]
      }
    },
    {
      "type": "Feature",
      "properties": {
        "weight": 1.0,
        "id": 4411329297,
        "hasDetails": true,
        "name": "Signo S.L.",
        "address": "Calle Sierpes 1,3, Salamanca",
        "website": "https://reprografiasigno.es/",
        "opening_hours": "Mo-Fr 09:00-14:00,16:30-19:30; Sa 10:00-14:00"
      },
      "geometry": {
        "type": "Point",
        "coordinates": [
          -5.6684864,
          40.9638354
        ]
      }
    },
    {
      "type": "Feature",
      "properties": {
        "weight": 1.0
      },
      "geometry": {
        "type": "Point",
        "coordinates": [
          -5.6857471,
          40.9638398
        ]
      }
    },
    {
      "type": "Feature",
      "properties": {
        "weight": 1.0,
        "id": 2162880322,
        "hasDetails": true,
        "name": "Carrefour Express",
        "address": "Calle Gran V\u00eda 50, Salamanca",
        "website": "https://www.carrefour.es/tiendas-carrefour/supermercados/carrefour-express/gran-via-s.aspx",
        "opening_hours": "Mo-Fr 09:30-23:00; Sa,Su 10:00-22:00"
      },
      "geometry": {
        "type": "Point",
        "coordinates": [
          -5.661518,
          40.9639153
        ]
      }
    },
    {
      "type": "Feature",
      "properties": {
        "weight": 1.0,
        "id": 2730912204,
        "hasDetails": true,
        "name": "Tienda Mini. Plater\u00eda Artesana",
        "address": "Calle R\u00faa Mayor 4, Salamanca",
        "website": "http://www.tiendamini.com/"
      },
      "geometry": {
        "type": "Point",
        "coordinates": [
          -5.6647621,
          40.9639246
        ]
      }
    },
    {
      "type": "Feature",
      "properties": {
        "weight": 1.0,
        "id": 2730864400,
        "hasDetails": true,
        "name": "Comino",
        "address": "Plaza del Poeta Iglesias 15",
        "website": "https://tienda.thecomino.com/",
        "names": [
          "Comino",
          "Se\u00f1orita Naif"
        ]
      },
      "geometry": {
        "type": "Point",
        "coordinates": [
          -5.6639422,
          40.9639321
        ]
      }
    },
    {
      "type": "Feature",
      "properties": {
        "weight": 1.0,
        "id": 6440415819,
        "hasDetails": true,
        "name": "Horno Reyes Vaquero",
        "address": "Plaza del Poeta Iglesias 17",
        "opening_hours": "Mo-Sa 10:00-15:00; Mo-Fr 17:30-20:00"
      },
      "geometry": {
        "type": "Point",
        "coordinates": [
          -5.6641313,
          40.9639382
        ]
      }
    },
    {
      "type": "Feature",
      "properties": {
        "weight": 1.0
      },
      "geometry": {
        "type": "Point",
        "coordinates": [
          -5.6646333,
          40.9639537
        ]
      }
    },
    {
      "type": "Feature",
      "properties": {
        "weight": 1.0,
        "id": 2730912193,
        "hasDetails": true,
        "address": "Calle Mel\u00e9ndez 2,6"
      },
      "geometry": {
        "type": "Point",
        "coordinates": [
          -5.665317,
          40.9639679
        ]
      }
    },
    {
      "type": "Feature",
      "properties": {
        "weight": 1.0
      },
      "geometry": {
        "type": "Point",
        "coordinates": [
          -5.6630112,
          40.9639899
        ]
      }
    },
    {
      "type": "Feature",
      "properties": {
        "weight": 1.0,
        "id": 2730638753,
        "hasDetails": true,
        "name": "Darconsa",
        "address": "Calle Mel\u00e9ndez 1"
      },
      "geometry": {
        "type": "Point",
        "coordinates": [
          -5.6651709,
          40.9639908
        ]
      }
    },
    {
      "type": "Feature",
      "properties": {
        "weight": 1.0,
        "id": 3623203277,
        "hasDetails": true,
        "name": "Cash Converters",
        "address": "Paseo de Canalejas 75, Salamanca",
        "website": "http://www.cashconverters.es/#/home",
        "opening_hours": "Mo-Sa 10:00-14:00,16:30-20:30"
      },
      "geometry": {
        "type": "Point",
        "coordinates": [
          -5.6581657,
          40.964
        ]
      }
    },
    {
      "type": "Feature",
      "properties": {
        "weight": 1.0,
        "id": 2730912205,
        "hasDetails": true,
        "name": "Viandas de Salamanca",
        "opening_hours": "Mo-Su 10:00-21:00"
      },
      "geometry": {
        "type": "Point",
        "coordinates": [
          -5.6648196,
          40.9640134
        ]
      }
    },
    {
      "type": "Feature",
      "properties": {
        "weight": 1.0
      },
      "geometry": {
        "type": "Point",
        "coordinates": [
          -5.6645086,
          40.9640646
        ]
      }
    },
    {
      "type": "Feature",
      "properties": {
        "weight": 1.0,
        "id": 8792621513,
        "hasDetails": true,
        "name": "Mundo Viamar",
        "opening_hours": "Mo-Fr 09:30-13:30,17:00-20:00; Sa 10:30-13:30"
      },
      "geometry": {
        "type": "Point",
        "coordinates": [
          -5.6581278,
          40.9640904
        ]
      }
    },
    {
      "type": "Feature",
      "properties": {
        "weight": 1.0,
        "id": 3761594779,
        "hasDetails": true,
        "name": "Multiservicios Alimentaci\u00f3n Ying",
        "opening_hours": "Mo-We, Su 19:00-20:00; Th-Sa 19:00-07:00"
      },
      "geometry": {
        "type": "Point",
        "coordinates": [
          -5.6617393,
          40.9641026
        ]
      }
    },
    {
      "type": "Feature",
      "properties": {
        "weight": 1.0
      },
      "geometry": {
        "type": "Point",
        "coordinates": [
          -5.6641949,
          40.9641064
        ]
      }
    },
    {
      "type": "Feature",
      "properties": {
        "weight": 1.0
      },
      "geometry": {
        "type": "Point",
        "coordinates": [
          -5.6610309,
          40.9641267
        ]
      }
    },
    {
      "type": "Feature",
      "properties": {
        "weight": 1.0,
        "id": 3152419282,
        "hasDetails": true,
        "name": "Faustino Prieto",
        "address": "Plaza del Poeta Iglesias 11"
      },
      "geometry": {
        "type": "Point",
        "coordinates": [
          -5.6639054,
          40.964137
        ]
      }
    },
    {
      "type": "Feature",
      "properties": {
        "weight": 1.0,
        "id": 6565232220,
        "hasDetails": true,
        "name": "Alc\u00e1ntara",
        "opening_hours": "Mo-Sa 10:00-14:00; Mo-Fr 17:00-20:00"
      },
      "geometry": {
        "type": "Point",
        "coordinates": [
          -5.6626431,
          40.9641401
        ]
      }
    },
    {
      "type": "Feature",
      "properties": {
        "weight": 1.0,
        "id": 4931576924,
        "hasDetails": true,
        "name": "Trabajo Seguro. Protecci\u00f3n Laboral",
        "address": "Camino Estrecho de la Aldehuela 12, Salamanca",
        "website": "http://www.trabajo-seguro.com",
        "opening_hours": "Mo-Fr 08:30-13:30,16:00-19:00"
      },
      "geometry": {
        "type": "Point",
        "coordinates": [
          -5.651807,
          40.9641576
        ]
      }
    },
    {
      "type": "Feature",
      "properties": {
        "weight": 1.0
      },
      "geometry": {
        "type": "Point",
        "coordinates": [
          -5.6656395,
          40.9641819
        ]
      }
    },
    {
      "type": "Feature",
      "properties": {
        "weight": 1.0,
        "id": 2730692133,
        "hasDetails": true,
        "name": "Buitrago",
        "address": "Plaza del Corrillo 17"
      },
      "geometry": {
        "type": "Point",
        "coordinates": [
          -5.6650915,
          40.9641875
        ]
      }
    },
    {
      "type": "Feature",
      "properties": {
        "weight": 1.0
      },
      "geometry": {
        "type": "Point",
        "coordinates": [
          -5.6541462,
          40.9642055
        ]
      }
    },
    {
      "type": "Feature",
      "properties": {
        "weight": 1.0
      },
      "geometry": {
        "type": "Point",
        "coordinates": [
          -5.6643965,
          40.9642311
        ]
      }
    },
    {
      "type": "Feature",
      "properties": {
        "weight": 1.0,
        "id": 2730680811,
        "hasDetails": true,
        "name": "Regalos El Corrillo",
        "address": "Plaza del Corrillo 8"
      },
      "geometry": {
        "type": "Point",
        "coordinates": [
          -5.6647467,
          40.9642336
        ]
      }
    },
    {
      "type": "Feature",
      "properties": {
        "weight": 1.0,
        "id": 8659000711,
        "hasDetails": true,
        "name": "Giraldo",
        "opening_hours": "Mo-Sa 08:30-14:00, Th,Fr 17:15-19:45"
      },
      "geometry": {
        "type": "Point",
        "coordinates": [
          -5.6584082,
          40.9642404
        ]
      }
    },
    {
      "type": "Feature",
      "properties": {
        "weight": 1.0,
        "id": 8183561011,
        "hasDetails": true,
        "name": "Promocionalia m\u00e1s que inform\u00e1tica",
        "address": "Camino de Las Aguas 10, Salamanca",
        "website": "https://www.promocionalia.es",
        "opening_hours": "Mo-Fr 10:00-14:00,17:00-20:00; Sa 10:00-14:00"
      },
      "geometry": {
        "type": "Point",
        "coordinates": [
          -5.6531278,
          40.9642515
        ]
      }
    },
    {
      "type": "Feature",
      "properties": {
        "weight": 1.0,
        "id": 5066158170,
        "hasDetails": true,
        "name": "Carlos Jim\u00e9nez Joyeros",
        "address": "Calle Quintana 9, Salamanca",
        "names": [
          "Carlos Jim\u00e9nez Joyeros",
          "Calzados Antonio"
        ]
      },
      "geometry": {
        "type": "Point",
        "coordinates": [
          -5.6641925,
          40.9642607
        ]
      }
    },
    {
      "type": "Feature",
      "properties": {
        "weight": 1.0,
        "id": 6989757796,
        "hasDetails": true,
        "name": "V\u00edctor Jara",
        "website": "https://www.libreriavictorjara.com/",
        "opening_hours": "Mo-Sa 10:00-14:00; Mo-Fr 17:00-20:00"
      },
      "geometry": {
        "type": "Point",
        "coordinates": [
          -5.6655022,
          40.9643147
        ]
      }
    },
    {
      "type": "Feature",
      "properties": {
        "weight": 1.0,
        "id": 13828507312,
        "hasDetails": true,
        "name": "Mar Nieto",
        "address": "Plaza del Mercado"
      },
      "geometry": {
        "type": "Point",
        "coordinates": [
          -5.6627994,
          40.9643257
        ]
      }
    },
    {
      "type": "Feature",
      "properties": {
        "weight": 1.0,
        "id": 2730692134,
        "hasDetails": true,
        "name": "Cuchitril",
        "amenity": "cafe",
        "address": "Plaza del Corrillo 7, Salamanca",
        "opening_hours": "Mo-Sa 11:00-13:00,17:00-20:00"
      },
      "geometry": {
        "type": "Point",
        "coordinates": [
          -5.6647604,
          40.9643284
        ]
      }
    },
    {
      "type": "Feature",
      "properties": {
        "weight": 1.0,
        "id": 4690204420,
        "hasDetails": true,
        "name": "Lavamac",
        "opening_hours": "Mo-Su,PH 08:00-22:00"
      },
      "geometry": {
        "type": "Point",
        "coordinates": [
          -5.658377,
          40.9643324
        ]
      }
    },
    {
      "type": "Feature",
      "properties": {
        "weight": 1.0,
        "id": 11365131101,
        "hasDetails": true,
        "name": "Eroski Rapid",
        "opening_hours": "24/7"
      },
      "geometry": {
        "type": "Point",
        "coordinates": [
          -5.6656297,
          40.9643503
        ]
      }
    },
    {
      "type": "Feature",
      "properties": {
        "weight": 1.0,
        "id": 12292812382,
        "hasDetails": true,
        "name": "Santagloria",
        "amenity": "cafe",
        "address": "Plaza del Corrillo 19",
        "website": "https://www.santagloria.com/nuestros-locales/santagloria-plaza-del-corrillo-salamanca",
        "opening_hours": "Mo-Su 08:00-21:00",
        "outdoor_seating": "yes"
      },
      "geometry": {
        "type": "Point",
        "coordinates": [
          -5.6649371,
          40.9644098
        ]
      }
    },
    {
      "type": "Feature",
      "properties": {
        "weight": 1.0,
        "id": 9422384328,
        "hasDetails": true,
        "name": "\u00d3ptica Prado",
        "address": "Calle Prado 10, Salamanca"
      },
      "geometry": {
        "type": "Point",
        "coordinates": [
          -5.6658552,
          40.9644378
        ]
      }
    },
    {
      "type": "Feature",
      "properties": {
        "weight": 1.0
      },
      "geometry": {
        "type": "Point",
        "coordinates": [
          -5.6641347,
          40.9644431
        ]
      }
    },
    {
      "type": "Feature",
      "properties": {
        "weight": 1.0
      },
      "geometry": {
        "type": "Point",
        "coordinates": [
          -5.6611905,
          40.9644444
        ]
      }
    },
    {
      "type": "Feature",
      "properties": {
        "weight": 1.0,
        "id": 6565232260,
        "hasDetails": true,
        "name": "Chocolater\u00eda Valor",
        "outdoor_seating": "yes"
      },
      "geometry": {
        "type": "Point",
        "coordinates": [
          -5.6627253,
          40.9644543
        ]
      }
    },
    {
      "type": "Feature",
      "properties": {
        "weight": 1.0,
        "id": 6417918685,
        "hasDetails": true,
        "name": "Jos\u00e9 Puerto",
        "address": "Plaza del Corrillo 5"
      },
      "geometry": {
        "type": "Point",
        "coordinates": [
          -5.6647206,
          40.9644588
        ]
      }
    },
    {
      "type": "Feature",
      "properties": {
        "weight": 1.0,
        "id": 13828507327,
        "hasDetails": true,
        "address": "Plaza del Mercado"
      },
      "geometry": {
        "type": "Point",
        "coordinates": [
          -5.6629365,
          40.9644684
        ]
      }
    },
    {
      "type": "Feature",
      "properties": {
        "weight": 1.0,
        "id": 7700133137,
        "hasDetails": true,
        "name": "Panader\u00eda Robliza",
        "outdoor_seating": "no"
      },
      "geometry": {
        "type": "Point",
        "coordinates": [
          -5.6536023,
          40.9644791
        ]
      }
    },
    {
      "type": "Feature",
      "properties": {
        "weight": 1.0
      },
      "geometry": {
        "type": "Point",
        "coordinates": [
          -5.658021,
          40.9644878
        ]
      }
    },
    {
      "type": "Feature",
      "properties": {
        "weight": 1.0,
        "id": 7069393930,
        "hasDetails": true,
        "name": "Carrefour Express",
        "address": "Paseo de Canalejas 84, Salamanca",
        "opening_hours": "Mo-Sa 09:00-23:00",
        "names": [
          "Carrefour Express",
          "kiosko Canalejas"
        ]
      },
      "geometry": {
        "type": "Point",
        "coordinates": [
          -5.6583583,
          40.9644958
        ]
      }
    },
    {
      "type": "Feature",
      "properties": {
        "weight": 1.0,
        "id": 9372967232,
        "hasDetails": true,
        "address": "Calle la Independencia 13"
      },
      "geometry": {
        "type": "Point",
        "coordinates": [
          -5.6527153,
          40.9644999
        ]
      }
    },
    {
      "type": "Feature",
      "properties": {
        "weight": 1.0,
        "id": 3800674579,
        "hasDetails": true,
        "name": "Lavander\u00eda La Colada",
        "address": "Calle Pr\u00edncipe de Vergara 1, Salamanca",
        "website": "https://www.lacoladaprimus.com/",
        "opening_hours": "Mo-Su 08:00-22:00"
      },
      "geometry": {
        "type": "Point",
        "coordinates": [
          -5.6542203,
          40.9645491
        ]
      }
    },
    {
      "type": "Feature",
      "properties": {
        "weight": 1.0,
        "id": 13827398297,
        "hasDetails": true,
        "address": "Plaza Mayor"
      },
      "geometry": {
        "type": "Point",
        "coordinates": [
          -5.6641346,
          40.964572
        ]
      }
    },
    {
      "type": "Feature",
      "properties": {
        "weight": 1.0
      },
      "geometry": {
        "type": "Point",
        "coordinates": [
          -5.6631276,
          40.964585
        ]
      }
    },
    {
      "type": "Feature",
      "properties": {
        "weight": 1.0
      },
      "geometry": {
        "type": "Point",
        "coordinates": [
          -5.6629611,
          40.9645963
        ]
      }
    },
    {
      "type": "Feature",
      "properties": {
        "weight": 1.0
      },
      "geometry": {
        "type": "Point",
        "coordinates": [
          -5.6535238,
          40.9646007
        ]
      }
    },
    {
      "type": "Feature",
      "properties": {
        "weight": 1.0
      },
      "geometry": {
        "type": "Point",
        "coordinates": [
          -5.6618889,
          40.9646141
        ]
      }
    },
    {
      "type": "Feature",
      "properties": {
        "weight": 1.0,
        "id": 8792621496,
        "hasDetails": true,
        "name": "La Peluquer\u00eda",
        "opening_hours": "Mo-Th 10:30-13:30,03:00-20:00; Fr 09:30-20:00; Sa 09:30-14:00",
        "names": [
          "La Peluquer\u00eda",
          "Compro oro"
        ]
      },
      "geometry": {
        "type": "Point",
        "coordinates": [
          -5.657355,
          40.9646264
        ]
      }
    },
    {
      "type": "Feature",
      "properties": {
        "weight": 1.0,
        "id": 5196080683,
        "hasDetails": true,
        "name": "Viajes Salamanca",
        "address": "Plaza Mayor 24",
        "opening_hours": "Mo-Fr 09:30-14:00",
        "names": [
          "Viajes Salamanca",
          "Joyer\u00eda Cord\u00f3n"
        ]
      },
      "geometry": {
        "type": "Point",
        "coordinates": [
          -5.6643593,
          40.9646299
        ]
      }
    },
    {
      "type": "Feature",
      "properties": {
        "weight": 1.0,
        "id": 3868784057,
        "hasDetails": true,
        "name": "Almacenes Gal\u00e1n",
        "address": "Plaza del Mercado 12,13",
        "opening_hours": "Mo-Fr 09:45-13:45,17:00-20:15; Sa 10:00-14:00"
      },
      "geometry": {
        "type": "Point",
        "coordinates": [
          -5.6626246,
          40.9646508
        ]
      }
    },
    {
      "type": "Feature",
      "properties": {
        "weight": 1.0,
        "id": 8792621505,
        "hasDetails": true,
        "name": "C\u00e9sar Valdivia",
        "website": "https://www.barberiacesarvaldivia.es/",
        "opening_hours": "Mo-Fr 21:00-13:30,16:30-20:00, Sa 09:30-14:00",
        "names": [
          "C\u00e9sar Valdivia",
          "Fruter\u00eda Castilla"
        ]
      },
      "geometry": {
        "type": "Point",
        "coordinates": [
          -5.6583001,
          40.964656
        ]
      }
    },
    {
      "type": "Feature",
      "properties": {
        "weight": 1.0,
        "id": 9372967229,
        "hasDetails": true,
        "name": "Fruter\u00eda Antonio Ledesma",
        "opening_hours": "Mo-Fr 08:30-14:00,17:00-20:00",
        "names": [
          "Fruter\u00eda Antonio Ledesma",
          "Ib\u00e9ricos Rivas"
        ]
      },
      "geometry": {
        "type": "Point",
        "coordinates": [
          -5.6630632,
          40.964664
        ]
      }
    },
    {
      "type": "Feature",
      "properties": {
        "weight": 1.0,
        "id": 9422206499,
        "hasDetails": true,
        "name": "\u00d3ptica San Antonio",
        "address": "Paseo de San Antonio 6, Salamanca"
      },
      "geometry": {
        "type": "Point",
        "coordinates": [
          -5.6576661,
          40.9646644
        ]
      }
    },
    {
      "type": "Feature",
      "properties": {
        "weight": 1.0,
        "id": 13828507318,
        "hasDetails": true,
        "name": "Maide",
        "address": "Plaza del Mercado"
      },
      "geometry": {
        "type": "Point",
        "coordinates": [
          -5.6628426,
          40.9646889
        ]
      }
    },
    {
      "type": "Feature",
      "properties": {
        "weight": 1.0,
        "id": 3275192964,
        "hasDetails": true,
        "name": "Alcampo",
        "opening_hours": "Mo-Su,PH 07:00-01:00"
      },
      "geometry": {
        "type": "Point",
        "coordinates": [
          -5.6579682,
          40.9646915
        ]
      }
    },
    {
      "type": "Feature",
      "properties": {
        "weight": 1.0,
        "id": 8836962476,
        "hasDetails": true,
        "name": "Ortopedia Sumesal",
        "address": "Calle Gran V\u00eda 51, Salamanca",
        "website": "https://ortopediasumesal.es/",
        "opening_hours": "Mo-Fr 10:00-14:00,17:00-20:00; Sa 11:00-14:00"
      },
      "geometry": {
        "type": "Point",
        "coordinates": [
          -5.6606663,
          40.964701
        ]
      }
    },
    {
      "type": "Feature",
      "properties": {
        "weight": 1.0,
        "id": 3761594773,
        "hasDetails": true,
        "name": "Calzados Gran V\u00eda",
        "website": "https://www.granviacalzados.com/",
        "opening_hours": "Mo-Fr 10:00-14:00,16:30-20:30; Sa 10:00-14:00",
        "names": [
          "Calzados Gran V\u00eda",
          "Menta"
        ]
      },
      "geometry": {
        "type": "Point",
        "coordinates": [
          -5.6610157,
          40.9647146
        ]
      }
    },
    {
      "type": "Feature",
      "properties": {
        "weight": 1.0
      },
      "geometry": {
        "type": "Point",
        "coordinates": [
          -5.6537172,
          40.9647278
        ]
      }
    },
    {
      "type": "Feature",
      "properties": {
        "weight": 1.0
      },
      "geometry": {
        "type": "Point",
        "coordinates": [
          -5.6623395,
          40.9647364
        ]
      }
    },
    {
      "type": "Feature",
      "properties": {
        "weight": 1.0
      },
      "geometry": {
        "type": "Point",
        "coordinates": [
          -5.6598076,
          40.964741
        ]
      }
    },
    {
      "type": "Feature",
      "properties": {
        "weight": 1.0,
        "id": 3898664860,
        "hasDetails": true,
        "name": "La Tahona de la Abuela",
        "opening_hours": "Mo-Su 08:30-21:00",
        "outdoor_seating": "no"
      },
      "geometry": {
        "type": "Point",
        "coordinates": [
          -5.6582887,
          40.9647502
        ]
      }
    },
    {
      "type": "Feature",
      "properties": {
        "weight": 1.0,
        "id": 9372967228,
        "hasDetails": true,
        "name": "Herbolario Dharma",
        "address": "Cuesta de Sancti-Sp\u00edritus 36",
        "website": "https://www.herbolariodharma.com",
        "opening_hours": "Mo-Fr 09:00-14:45,17:00-20:30; Sa 10:00-14:00"
      },
      "geometry": {
        "type": "Point",
        "coordinates": [
          -5.6585585,
          40.9647794
        ]
      }
    },
    {
      "type": "Feature",
      "properties": {
        "weight": 1.0
      },
      "geometry": {
        "type": "Point",
        "coordinates": [
          -5.6646911,
          40.9647817
        ]
      }
    },
    {
      "type": "Feature",
      "properties": {
        "weight": 1.0
      },
      "geometry": {
        "type": "Point",
        "coordinates": [
          -5.6612267,
          40.9647837
        ]
      }
    },
    {
      "type": "Feature",
      "properties": {
        "weight": 1.0
      },
      "geometry": {
        "type": "Point",
        "coordinates": [
          -5.6656276,
          40.9647844
        ]
      }
    },
    {
      "type": "Feature",
      "properties": {
        "weight": 1.0
      },
      "geometry": {
        "type": "Point",
        "coordinates": [
          -5.6575178,
          40.9647882
        ]
      }
    },
    {
      "type": "Feature",
      "properties": {
        "weight": 1.0
      },
      "geometry": {
        "type": "Point",
        "coordinates": [
          -5.6563554,
          40.964793
        ]
      }
    },
    {
      "type": "Feature",
      "properties": {
        "weight": 1.0
      },
      "geometry": {
        "type": "Point",
        "coordinates": [
          -5.6561032,
          40.9648022
        ]
      }
    },
    {
      "type": "Feature",
      "properties": {
        "weight": 1.0
      },
      "geometry": {
        "type": "Point",
        "coordinates": [
          -5.6555698,
          40.9648102
        ]
      }
    },
    {
      "type": "Feature",
      "properties": {
        "weight": 1.0
      },
      "geometry": {
        "type": "Point",
        "coordinates": [
          -5.6576775,
          40.9648104
        ]
      }
    },
    {
      "type": "Feature",
      "properties": {
        "weight": 1.0,
        "id": 4841256934,
        "hasDetails": true,
        "name": "Confiter\u00eda Santa Luc\u00eda",
        "address": "Plaza Mayor 10, Salamanca",
        "website": "https://www.confiteriasantalucia.com/",
        "opening_hours": "10:00-15:00,17:00-21:00"
      },
      "geometry": {
        "type": "Point",
        "coordinates": [
          -5.6635789,
          40.9648204
        ]
      }
    },
    {
      "type": "Feature",
      "properties": {
        "weight": 1.0
      },
      "geometry": {
        "type": "Point",
        "coordinates": [
          -5.6550006,
          40.9648248
        ]
      }
    },
    {
      "type": "Feature",
      "properties": {
        "weight": 1.0,
        "id": 8792621508,
        "hasDetails": true,
        "name": "Alimentaci\u00f3n II",
        "opening_hours": "Mo-We 09:00-24:00, Th-Su 09:00-00:30, PH 09:30-00:30",
        "names": [
          "Alimentaci\u00f3n II",
          "Pasteler\u00eda Jibe"
        ]
      },
      "geometry": {
        "type": "Point",
        "coordinates": [
          -5.6578066,
          40.9648249
        ]
      }
    },
    {
      "type": "Feature",
      "properties": {
        "weight": 1.0,
        "id": 3896535231,
        "hasDetails": true,
        "name": "Club Verde",
        "website": "https://www.calzadosclubverde.es/es/"
      },
      "geometry": {
        "type": "Point",
        "coordinates": [
          -5.6548071,
          40.9648311
        ]
      }
    },
    {
      "type": "Feature",
      "properties": {
        "weight": 1.0
      },
      "geometry": {
        "type": "Point",
        "coordinates": [
          -5.6649435,
          40.9648409
        ]
      }
    },
    {
      "type": "Feature",
      "properties": {
        "weight": 1.0,
        "id": 3896535233,
        "hasDetails": true,
        "name": "El Peque\u00f1o Biper",
        "website": "http://www.pollosbiper.com/"
      },
      "geometry": {
        "type": "Point",
        "coordinates": [
          -5.6554183,
          40.9648448
        ]
      }
    },
    {
      "type": "Feature",
      "properties": {
        "weight": 1.0,
        "id": 4397298389,
        "hasDetails": true,
        "name": "Deportes San Antonio",
        "opening_hours": "Mo-Sa 10:00-14:00; Mo-Fr 17:00-20:00"
      },
      "geometry": {
        "type": "Point",
        "coordinates": [
          -5.6546272,
          40.9648479
        ]
      }
    },
    {
      "type": "Feature",
      "properties": {
        "weight": 1.0
      },
      "geometry": {
        "type": "Point",
        "coordinates": [
          -5.6647733,
          40.9648636
        ]
      }
    },
    {
      "type": "Feature",
      "properties": {
        "weight": 1.0,
        "id": 4407932890,
        "hasDetails": true,
        "name": "Zafiro Tours",
        "opening_hours": "Mo-Fr 10:30-14:30,18:00-21:00"
      },
      "geometry": {
        "type": "Point",
        "coordinates": [
          -5.6624755,
          40.9648776
        ]
      }
    },
    {
      "type": "Feature",
      "properties": {
        "weight": 1.0,
        "id": 6444839399,
        "hasDetails": true,
        "name": "Acqua",
        "opening_hours": "Mo-Sa 10:30-14:00,17:00-20:15",
        "names": [
          "Acqua",
          "\u00d3ptica Salamantina"
        ]
      },
      "geometry": {
        "type": "Point",
        "coordinates": [
          -5.6651982,
          40.9648792
        ]
      }
    },
    {
      "type": "Feature",
      "properties": {
        "weight": 1.0
      },
      "geometry": {
        "type": "Point",
        "coordinates": [
          -5.659694,
          40.9648909
        ]
      }
    },
    {
      "type": "Feature",
      "properties": {
        "weight": 1.0,
        "id": 6444839402,
        "hasDetails": true,
        "name": "La Tienda de Lis",
        "address": "Calle Prior 11",
        "website": "https://www.latiendadelis.com/",
        "opening_hours": "Mo-Fr 11:30-13:30,17:00-19:00"
      },
      "geometry": {
        "type": "Point",
        "coordinates": [
          -5.6653259,
          40.9649019
        ]
      }
    },
    {
      "type": "Feature",
      "properties": {
        "weight": 1.0,
        "id": 4397486413,
        "hasDetails": true,
        "name": "She Zen Beauty",
        "address": "Calle del Pinto 15, Salamanca",
        "opening_hours": "Mo-Th 08:30-21:30; Fr 08:30-13:00,14:00-20:00"
      },
      "geometry": {
        "type": "Point",
        "coordinates": [
          -5.6599134,
          40.9649111
        ]
      }
    },
    {
      "type": "Feature",
      "properties": {
        "weight": 1.0
      },
      "geometry": {
        "type": "Point",
        "coordinates": [
          -5.6645817,
          40.9649191
        ]
      }
    },
    {
      "type": "Feature",
      "properties": {
        "weight": 1.0,
        "id": 1738373613,
        "hasDetails": true,
        "name": "Bar-Restaurante Bamb\u00fa",
        "amenity": "restaurant",
        "outdoor_seating": "no"
      },
      "geometry": {
        "type": "Point",
        "coordinates": [
          -5.6650152,
          40.9649238
        ]
      }
    },
    {
      "type": "Feature",
      "properties": {
        "weight": 1.0,
        "id": 2467749659,
        "hasDetails": true,
        "name": "La Tahona de la Abuela",
        "outdoor_seating": "no"
      },
      "geometry": {
        "type": "Point",
        "coordinates": [
          -5.6656145,
          40.9649469
        ]
      }
    },
    {
      "type": "Feature",
      "properties": {
        "weight": 1.0
      },
      "geometry": {
        "type": "Point",
        "coordinates": [
          -5.6565335,
          40.9649539
        ]
      }
    },
    {
      "type": "Feature",
      "properties": {
        "weight": 1.0,
        "id": 4397231490,
        "hasDetails": true,
        "name": "It\u00e1lica",
        "opening_hours": "Mo-Sa 10:30-13:45; Mo-Fr 17:00-20:00",
        "names": [
          "It\u00e1lica",
          "Family \u00d3ptica"
        ]
      },
      "geometry": {
        "type": "Point",
        "coordinates": [
          -5.6592374,
          40.9649571
        ]
      }
    },
    {
      "type": "Feature",
      "properties": {
        "weight": 1.0,
        "id": 3207294068,
        "hasDetails": true,
        "name": "Halc\u00f3n Viajes",
        "website": "https://www.halconviajes.com",
        "opening_hours": "Mo-Fr 09:30-13:30,16:30-20:00; Sa 10:00-13:30",
        "names": [
          "Halc\u00f3n Viajes",
          "K\u00f6seri"
        ]
      },
      "geometry": {
        "type": "Point",
        "coordinates": [
          -5.6608179,
          40.9650006
        ]
      }
    },
    {
      "type": "Feature",
      "properties": {
        "weight": 1.0,
        "id": 4397231594,
        "hasDetails": true,
        "name": "Vyn",
        "opening_hours": "Mo-Fr 10:15-13:50,17:00-20:00; Sa 10:30-13:30"
      },
      "geometry": {
        "type": "Point",
        "coordinates": [
          -5.6594102,
          40.9650027
        ]
      }
    },
    {
      "type": "Feature",
      "properties": {
        "weight": 1.0,
        "id": 5967031166,
        "hasDetails": true,
        "name": "Smart M\u00f3vil",
        "opening_hours": "Mo-Sa 10:00-14:00, Mo-Fr 17:00-20:00"
      },
      "geometry": {
        "type": "Point",
        "coordinates": [
          -5.6578758,
          40.9650172
        ]
      }
    },
    {
      "type": "Feature",
      "properties": {
        "weight": 1.0,
        "id": 3896535243,
        "hasDetails": true,
        "name": "Peluquer\u00eda Navarro",
        "opening_hours": "Mo-Fr 09:30-13:30,16:00-20:00; Sa 09:00-14:00"
      },
      "geometry": {
        "type": "Point",
        "coordinates": [
          -5.6572861,
          40.9650179
        ]
      }
    },
    {
      "type": "Feature",
      "properties": {
        "weight": 1.0
      },
      "geometry": {
        "type": "Point",
        "coordinates": [
          -5.6532336,
          40.9650257
        ]
      }
    },
    {
      "type": "Feature",
      "properties": {
        "weight": 1.0
      },
      "geometry": {
        "type": "Point",
        "coordinates": [
          -5.6595724,
          40.9650343
        ]
      }
    },
    {
      "type": "Feature",
      "properties": {
        "weight": 1.0,
        "id": 9422206509,
        "hasDetails": true,
        "name": "Solarium",
        "address": "Calle Prior 21, Salamanca"
      },
      "geometry": {
        "type": "Point",
        "coordinates": [
          -5.6661289,
          40.9650381
        ]
      }
    },
    {
      "type": "Feature",
      "properties": {
        "weight": 1.0
      },
      "geometry": {
        "type": "Point",
        "coordinates": [
          -5.6604534,
          40.9650419
        ]
      }
    },
    {
      "type": "Feature",
      "properties": {
        "weight": 1.0
      },
      "geometry": {
        "type": "Point",
        "coordinates": [
          -5.6630388,
          40.9650578
        ]
      }
    },
    {
      "type": "Feature",
      "properties": {
        "weight": 1.0,
        "id": 3071472490,
        "hasDetails": true,
        "name": "La Hora",
        "address": "Calle Espoz y Mina 38, Salamanca",
        "website": "http://www.opticalahora.es/",
        "opening_hours": "Mo-Fr 10:00-13:30,17:00-20:30; Sa 10:00-14:00"
      },
      "geometry": {
        "type": "Point",
        "coordinates": [
          -5.6654912,
          40.9650585
        ]
      }
    },
    {
      "type": "Feature",
      "properties": {
        "weight": 1.0
      },
      "geometry": {
        "type": "Point",
        "coordinates": [
          -5.6615778,
          40.9650695
        ]
      }
    },
    {
      "type": "Feature",
      "properties": {
        "weight": 1.0,
        "id": 5926506827,
        "hasDetails": true,
        "name": "Primaprix",
        "opening_hours": "Mo-Sa 09:30-21:30"
      },
      "geometry": {
        "type": "Point",
        "coordinates": [
          -5.6581796,
          40.9650781
        ]
      }
    },
    {
      "type": "Feature",
      "properties": {
        "weight": 1.0,
        "id": 2477483763,
        "hasDetails": true,
        "name": "Perfumer\u00edas Avenida",
        "opening_hours": "Mo-Sa 10:00-14:00; Mo-Fr 17:00-20:00"
      },
      "geometry": {
        "type": "Point",
        "coordinates": [
          -5.6656282,
          40.9650818
        ]
      }
    },
    {
      "type": "Feature",
      "properties": {
        "weight": 1.0,
        "id": 3207325127,
        "hasDetails": true,
        "name": "El Palacio de los Licores",
        "address": "Calle Portales de Cami\u00f1as 8",
        "website": "https://www.palaciolicores.com/es/",
        "opening_hours": "Mo-Sa 10:00-14:00; Mo-Fr 17:00-20:30"
      },
      "geometry": {
        "type": "Point",
        "coordinates": [
          -5.6612044,
          40.965102
        ]
      }
    },
    {
      "type": "Feature",
      "properties": {
        "weight": 1.0,
        "id": 4397193491,
        "hasDetails": true,
        "name": "Nueva Vida Tattoo",
        "opening_hours": "Mo-Sa 11:00-14:00; Mo-Fr 17:00-20:00"
      },
      "geometry": {
        "type": "Point",
        "coordinates": [
          -5.6598858,
          40.9651062
        ]
      }
    },
    {
      "type": "Feature",
      "properties": {
        "weight": 1.0
      },
      "geometry": {
        "type": "Point",
        "coordinates": [
          -5.6629475,
          40.9651163
        ]
      }
    },
    {
      "type": "Feature",
      "properties": {
        "weight": 1.0,
        "id": 4397220989,
        "hasDetails": true,
        "name": "Seipic",
        "opening_hours": "Mo-Fr 10:00-14:00,17:00-20:00; Sa 10:30-14:00",
        "names": [
          "Seipic",
          "Peluquer\u00eda Jos\u00e9 Abel"
        ]
      },
      "geometry": {
        "type": "Point",
        "coordinates": [
          -5.6600291,
          40.9651274
        ]
      }
    },
    {
      "type": "Feature",
      "properties": {
        "weight": 1.0
      },
      "geometry": {
        "type": "Point",
        "coordinates": [
          -5.6534788,
          40.9651347
        ]
      }
    },
    {
      "type": "Feature",
      "properties": {
        "weight": 1.0,
        "id": 3945061487,
        "hasDetails": true,
        "name": "Hebra",
        "opening_hours": "Mo-Fr 10:30-14:00,17:00-20:30; Sa 17:30-20:30",
        "names": [
          "Hebra",
          "Pedro Rivas",
          "Tiendas Eme"
        ]
      },
      "geometry": {
        "type": "Point",
        "coordinates": [
          -5.6607312,
          40.9651472
        ]
      }
    },
    {
      "type": "Feature",
      "properties": {
        "weight": 1.0
      },
      "geometry": {
        "type": "Point",
        "coordinates": [
          -5.6578297,
          40.9651486
        ]
      }
    },
    {
      "type": "Feature",
      "properties": {
        "weight": 1.0,
        "id": 6444839404,
        "hasDetails": true,
        "name": "Uomo",
        "opening_hours": "Mo-Sa 10:00-14:15,17:10-20:00"
      },
      "geometry": {
        "type": "Point",
        "coordinates": [
          -5.665867,
          40.9651514
        ]
      }
    },
    {
      "type": "Feature",
      "properties": {
        "weight": 1.0
      },
      "geometry": {
        "type": "Point",
        "coordinates": [
          -5.6645796,
          40.9651527
        ]
      }
    },
    {
      "type": "Feature",
      "properties": {
        "weight": 1.0,
        "id": 5196080688,
        "hasDetails": true,
        "name": "Confiter\u00eda Madrile\u00f1a",
        "address": "Plaza Mayor 7, Salamanca"
      },
      "geometry": {
        "type": "Point",
        "coordinates": [
          -5.6634306,
          40.9651605
        ]
      }
    },
    {
      "type": "Feature",
      "properties": {
        "weight": 1.0,
        "id": 9422550038,
        "hasDetails": true,
        "name": "Ainoha M&S",
        "address": "Avenida de Campoamor 30, Salamanca",
        "names": [
          "Ainoha M&S",
          "SIMAC Mundo Digital"
        ]
      },
      "geometry": {
        "type": "Point",
        "coordinates": [
          -5.6549215,
          40.965163
        ]
      }
    },
    {
      "type": "Feature",
      "properties": {
        "weight": 1.0,
        "id": 3898664861,
        "hasDetails": true,
        "name": "Linxin",
        "opening_hours": "PH,Mo-Su 10:30-21:55",
        "names": [
          "Linxin",
          "Celi&Co"
        ]
      },
      "geometry": {
        "type": "Point",
        "coordinates": [
          -5.6626879,
          40.9651635
        ]
      }
    },
    {
      "type": "Feature",
      "properties": {
        "weight": 1.0
      },
      "geometry": {
        "type": "Point",
        "coordinates": [
          -5.6654707,
          40.9651644
        ]
      }
    },
    {
      "type": "Feature",
      "properties": {
        "weight": 1.0,
        "id": 4397173691,
        "hasDetails": true,
        "name": "Majelu Panader\u00eda Alimentaci\u00f3n",
        "address": "Cuesta de Sancti-Sp\u00edritus"
      },
      "geometry": {
        "type": "Point",
        "coordinates": [
          -5.6602851,
          40.9651684
        ]
      }
    },
    {
      "type": "Feature",
      "properties": {
        "weight": 1.0
      },
      "geometry": {
        "type": "Point",
        "coordinates": [
          -5.6661528,
          40.9651767
        ]
      }
    },
    {
      "type": "Feature",
      "properties": {
        "weight": 1.0,
        "id": 3207325123,
        "hasDetails": true,
        "name": "Blanca",
        "opening_hours": "Mo-Sa 11:00-14:00; Mo-Fr 17:30-20:30"
      },
      "geometry": {
        "type": "Point",
        "coordinates": [
          -5.6610243,
          40.9652376
        ]
      }
    },
    {
      "type": "Feature",
      "properties": {
        "weight": 1.0,
        "id": 6422789946,
        "hasDetails": true,
        "name": "Frutas La Hermosa",
        "address": "Paseo de Canalejas 68"
      },
      "geometry": {
        "type": "Point",
        "coordinates": [
          -5.658127,
          40.9652578
        ]
      }
    },
    {
      "type": "Feature",
      "properties": {
        "weight": 1.0,
        "id": 9758860444,
        "hasDetails": true,
        "name": "Pasteler\u00eda 3 Dulces",
        "website": "https://www.pasteleria3dulces.es/",
        "names": [
          "Pasteler\u00eda 3 Dulces",
          "\u00d3ptica Charra",
          "\u00d3ptica San Vicente"
        ]
      },
      "geometry": {
        "type": "Point",
        "coordinates": [
          -5.6721556,
          40.9652767
        ]
      }
    },
    {
      "type": "Feature",
      "properties": {
        "weight": 1.0,
        "id": 3207325125,
        "hasDetails": true,
        "name": "Dos Rom Bos",
        "opening_hours": "Mo-Sa 10:30-14:00; Mo-Fr 17:30-20:45"
      },
      "geometry": {
        "type": "Point",
        "coordinates": [
          -5.6611485,
          40.9652851
        ]
      }
    },
    {
      "type": "Feature",
      "properties": {
        "weight": 1.0
      },
      "geometry": {
        "type": "Point",
        "coordinates": [
          -5.6528681,
          40.9652855
        ]
      }
    },
    {
      "type": "Feature",
      "properties": {
        "weight": 1.0
      },
      "geometry": {
        "type": "Point",
        "coordinates": [
          -5.6520734,
          40.9652905
        ]
      }
    },
    {
      "type": "Feature",
      "properties": {
        "weight": 1.0
      },
      "geometry": {
        "type": "Point",
        "coordinates": [
          -5.6586483,
          40.9652913
        ]
      }
    },
    {
      "type": "Feature",
      "properties": {
        "weight": 1.0,
        "id": 5196080679,
        "hasDetails": true,
        "name": "Barber Shop Rif Plaza",
        "opening_hours": "Mo-Fr 10:00-14:00,16:00-21:00+; Sa 10:00-16:30+",
        "names": [
          "Barber Shop Rif Plaza",
          "Joyer\u00eda Santiago",
          "Malizzia"
        ]
      },
      "geometry": {
        "type": "Point",
        "coordinates": [
          -5.6634094,
          40.9652979
        ]
      }
    },
    {
      "type": "Feature",
      "properties": {
        "weight": 1.0
      },
      "geometry": {
        "type": "Point",
        "coordinates": [
          -5.6625123,
          40.9653021
        ]
      }
    },
    {
      "type": "Feature",
      "properties": {
        "weight": 1.0,
        "id": 3207294067,
        "hasDetails": true,
        "name": "Perfumer\u00edas Avenida",
        "opening_hours": "Mo-Fr 10:00-14:00,17:00-20:00; Sa 10:00-14:00"
      },
      "geometry": {
        "type": "Point",
        "coordinates": [
          -5.6606233,
          40.9653111
        ]
      }
    },
    {
      "type": "Feature",
      "properties": {
        "weight": 1.0
      },
      "geometry": {
        "type": "Point",
        "coordinates": [
          -5.661275,
          40.9653277
        ]
      }
    },
    {
      "type": "Feature",
      "properties": {
        "weight": 1.0
      },
      "geometry": {
        "type": "Point",
        "coordinates": [
          -5.6559712,
          40.965329
        ]
      }
    },
    {
      "type": "Feature",
      "properties": {
        "weight": 1.0,
        "id": 3207325129,
        "hasDetails": true,
        "name": "Cuchiller\u00eda Y\u00e1\u00f1ez",
        "address": "Calle Correhuela 10, Salamanca"
      },
      "geometry": {
        "type": "Point",
        "coordinates": [
          -5.6619724,
          40.9653476
        ]
      }
    },
    {
      "type": "Feature",
      "properties": {
        "weight": 1.0
      },
      "geometry": {
        "type": "Point",
        "coordinates": [
          -5.6603145,
          40.9653581
        ]
      }
    },
    {
      "type": "Feature",
      "properties": {
        "weight": 1.0,
        "id": 6428065200,
        "hasDetails": true,
        "name": "Peluquer\u00eda Airun",
        "opening_hours": "Mo-Fr 10:00-13:30,17:00-20:00; Sa 09:00-14:00"
      },
      "geometry": {
        "type": "Point",
        "coordinates": [
          -5.65778,
          40.9653604
        ]
      }
    },
    {
      "type": "Feature",
      "properties": {
        "weight": 1.0,
        "id": 3892230730,
        "hasDetails": true,
        "name": "Ortopedia San Vicente",
        "address": "Paseo de San Vicente 46, Salamanca",
        "opening_hours": "Mo-Fr 09:30-14:00,16:30-19:30; Sa 10:00-13:30"
      },
      "geometry": {
        "type": "Point",
        "coordinates": [
          -5.672019,
          40.9653767
        ]
      }
    },
    {
      "type": "Feature",
      "properties": {
        "weight": 1.0
      },
      "geometry": {
        "type": "Point",
        "coordinates": [
          -5.6718862,
          40.9653792
        ]
      }
    },
    {
      "type": "Feature",
      "properties": {
        "weight": 1.0,
        "id": 3242553618,
        "hasDetails": true,
        "name": "Azzurro Moda Hombre",
        "address": "Calle Toro 1",
        "website": "http://azzurromoda.com/",
        "names": [
          "Azzurro Moda Hombre",
          "Sweet Pea"
        ]
      },
      "geometry": {
        "type": "Point",
        "coordinates": [
          -5.6635043,
          40.9653816
        ]
      }
    },
    {
      "type": "Feature",
      "properties": {
        "weight": 1.0,
        "id": 2902480101,
        "hasDetails": true,
        "name": "Los Manolos",
        "opening_hours": "Mo-Fr 09:00-14:00,16:00-20:30; Sa 09:00-14:00"
      },
      "geometry": {
        "type": "Point",
        "coordinates": [
          -5.6530391,
          40.9653917
        ]
      }
    },
    {
      "type": "Feature",
      "properties": {
        "weight": 1.0
      },
      "geometry": {
        "type": "Point",
        "coordinates": [
          -5.653263,
          40.9654022
        ]
      }
    },
    {
      "type": "Feature",
      "properties": {
        "weight": 1.0
      },
      "geometry": {
        "type": "Point",
        "coordinates": [
          -5.663967,
          40.9654056
        ]
      }
    },
    {
      "type": "Feature",
      "properties": {
        "weight": 1.0
      },
      "geometry": {
        "type": "Point",
        "coordinates": [
          -5.6623953,
          40.9654082
        ]
      }
    },
    {
      "type": "Feature",
      "properties": {
        "weight": 1.0,
        "id": 3909172216,
        "hasDetails": true,
        "name": "Copy - Star",
        "opening_hours": "Mo-Sa 10:00-14:00; Mo-Fr 17:00-20:00"
      },
      "geometry": {
        "type": "Point",
        "coordinates": [
          -5.6558224,
          40.9654156
        ]
      }
    },
    {
      "type": "Feature",
      "properties": {
        "weight": 1.0
      },
      "geometry": {
        "type": "Point",
        "coordinates": [
          -5.661629,
          40.965419
        ]
      }
    },
    {
      "type": "Feature",
      "properties": {
        "weight": 1.0,
        "id": 3242553620,
        "hasDetails": true,
        "name": "Esencia Valenciana",
        "address": "Calle Toro 6, Salamanca",
        "names": [
          "Esencia Valenciana",
          "Phone House",
          "Valentina Sol Boho Chic",
          "Krack"
        ]
      },
      "geometry": {
        "type": "Point",
        "coordinates": [
          -5.6633774,
          40.9654227
        ]
      }
    },
    {
      "type": "Feature",
      "properties": {
        "weight": 1.0
      },
      "geometry": {
        "type": "Point",
        "coordinates": [
          -5.6622601,
          40.9654264
        ]
      }
    },
    {
      "type": "Feature",
      "properties": {
        "weight": 1.0
      },
      "geometry": {
        "type": "Point",
        "coordinates": [
          -5.6580969,
          40.9654428
        ]
      }
    },
    {
      "type": "Feature",
      "properties": {
        "weight": 1.0
      },
      "geometry": {
        "type": "Point",
        "coordinates": [
          -5.6577526,
          40.9654592
        ]
      }
    },
    {
      "type": "Feature",
      "properties": {
        "weight": 1.0,
        "id": 6514141565,
        "hasDetails": true,
        "name": "Perfumer\u00eda Low Cost",
        "opening_hours": "Mo-Sa 10:00-14:00; Mo-Fr 17:00-20:00",
        "names": [
          "Perfumer\u00eda Low Cost",
          "Carrefour Express"
        ]
      },
      "geometry": {
        "type": "Point",
        "coordinates": [
          -5.6529279,
          40.9654593
        ]
      }
    },
    {
      "type": "Feature",
      "properties": {
        "weight": 1.0
      },
      "geometry": {
        "type": "Point",
        "coordinates": [
          -5.6557217,
          40.9654656
        ]
      }
    },
    {
      "type": "Feature",
      "properties": {
        "weight": 1.0
      },
      "geometry": {
        "type": "Point",
        "coordinates": [
          -5.6643832,
          40.9654928
        ]
      }
    },
    {
      "type": "Feature",
      "properties": {
        "weight": 1.0,
        "id": 2477483754,
        "hasDetails": true,
        "name": "Broomest",
        "address": "Calle Espoz y Mina 30, Salamanca",
        "opening_hours": "PH,Mo-Su 00:00-24:00"
      },
      "geometry": {
        "type": "Point",
        "coordinates": [
          -5.665396,
          40.9654956
        ]
      }
    },
    {
      "type": "Feature",
      "properties": {
        "weight": 1.0,
        "id": 3792304851,
        "hasDetails": true,
        "name": "Marcos-Molduras. Agust\u00edn P\u00e9rez Paz",
        "address": "Plaza de la Reina 1, Salamanca",
        "website": "https://enmarcacionesperezpaz.es/",
        "opening_hours": "Mo-Sa 10:00-13:30; Mo-Fr 17:00-20:00"
      },
      "geometry": {
        "type": "Point",
        "coordinates": [
          -5.6614537,
          40.9654996
        ]
      }
    },
    {
      "type": "Feature",
      "properties": {
        "weight": 1.0,
        "id": 8888111278,
        "hasDetails": true,
        "name": "Halc\u00f3n Viajes",
        "opening_hours": "Mo-Fr 10:00-13:30; Tu,Th 16:00-20:00",
        "names": [
          "Halc\u00f3n Viajes",
          "Carnicer\u00edas Hermanos Mart\u00edn"
        ]
      },
      "geometry": {
        "type": "Point",
        "coordinates": [
          -5.6523891,
          40.9655026
        ]
      }
    },
    {
      "type": "Feature",
      "properties": {
        "weight": 1.0,
        "id": 3892230729,
        "hasDetails": true,
        "name": "Dulce Beb\u00e9",
        "website": "https://www.dulcebebe.com/salamanca",
        "opening_hours": "Mo-Sa 10:00-14:00; Mo-Fr 16:45-20:00"
      },
      "geometry": {
        "type": "Point",
        "coordinates": [
          -5.6718364,
          40.965506
        ]
      }
    },
    {
      "type": "Feature",
      "properties": {
        "weight": 1.0
      },
      "geometry": {
        "type": "Point",
        "coordinates": [
          -5.6640261,
          40.9655278
        ]
      }
    },
    {
      "type": "Feature",
      "properties": {
        "weight": 1.0,
        "id": 129831078,
        "hasDetails": true,
        "name": "Viveros Gimeno",
        "website": "https://www.viverosgimeno.es/"
      },
      "geometry": {
        "type": "Point",
        "coordinates": [
          -5.643047,
          40.9655354
        ]
      }
    },
    {
      "type": "Feature",
      "properties": {
        "weight": 1.0
      },
      "geometry": {
        "type": "Point",
        "coordinates": [
          -5.6650259,
          40.9655531
        ]
      }
    },
    {
      "type": "Feature",
      "properties": {
        "weight": 1.0,
        "id": 3242553617,
        "hasDetails": true,
        "name": "Pascual",
        "address": "Calle Toro 10, Salamanca",
        "website": "https://www.calzadospascual.com/",
        "opening_hours": "Mo-Sa 10:00-14:00,17:00-20:30",
        "names": [
          "Pascual",
          "Terranova"
        ]
      },
      "geometry": {
        "type": "Point",
        "coordinates": [
          -5.6632559,
          40.9655607
        ]
      }
    },
    {
      "type": "Feature",
      "properties": {
        "weight": 1.0
      },
      "geometry": {
        "type": "Point",
        "coordinates": [
          -5.6550905,
          40.9655732
        ]
      }
    },
    {
      "type": "Feature",
      "properties": {
        "weight": 1.0,
        "id": 4037172208,
        "hasDetails": true,
        "name": "Lupa",
        "opening_hours": "Mo-Sa 09:00-21:30"
      },
      "geometry": {
        "type": "Point",
        "coordinates": [
          -5.6658782,
          40.9655812
        ]
      }
    },
    {
      "type": "Feature",
      "properties": {
        "weight": 1.0,
        "id": 527065503,
        "hasDetails": true,
        "name": "TEDi",
        "address": "Paseo de San Vicente 42-44",
        "website": "https://www.tedi.com/stores/8160/es/Castilla-y-Le%C3%B3n/Salamanca/Paseo-de-San-Vicente-42-44",
        "opening_hours": "Mo-Sa 10:00-21:00"
      },
      "geometry": {
        "type": "Point",
        "coordinates": [
          -5.6717312,
          40.9655859
        ]
      }
    },
    {
      "type": "Feature",
      "properties": {
        "weight": 1.0,
        "id": 1290167508,
        "hasDetails": true,
        "name": "Women'secret",
        "address": "Calle Toro 3,5, Salamanca",
        "website": "https://womensecret.com/",
        "opening_hours": "Mo-Sa 10:00-21:00"
      },
      "geometry": {
        "type": "Point",
        "coordinates": [
          -5.6633766,
          40.9656095
        ]
      }
    },
    {
      "type": "Feature",
      "properties": {
        "weight": 1.0
      },
      "geometry": {
        "type": "Point",
        "coordinates": [
          -5.6522105,
          40.96561
        ]
      }
    },
    {
      "type": "Feature",
      "properties": {
        "weight": 1.0,
        "id": 1288269381,
        "hasDetails": true,
        "name": "Inmobiliaria Sandoval",
        "opening_hours": "Mo-Fr 10:00-14:00"
      },
      "geometry": {
        "type": "Point",
        "coordinates": [
          -5.6686847,
          40.965624
        ]
      }
    },
    {
      "type": "Feature",
      "properties": {
        "weight": 1.0,
        "id": 9422384326,
        "hasDetails": true,
        "name": "Centro de Est\u00e9tica Marisol",
        "address": "Calle de San Francisco Javier 16, Salamanca"
      },
      "geometry": {
        "type": "Point",
        "coordinates": [
          -5.6571254,
          40.9656277
        ]
      }
    },
    {
      "type": "Feature",
      "properties": {
        "weight": 1.0
      },
      "geometry": {
        "type": "Point",
        "coordinates": [
          -5.6580248,
          40.9656329
        ]
      }
    },
    {
      "type": "Feature",
      "properties": {
        "weight": 1.0,
        "id": 6426514688,
        "hasDetails": true,
        "name": "Txauen",
        "opening_hours": "Mo-Sa 11:00-13:30,18:00-20:30"
      },
      "geometry": {
        "type": "Point",
        "coordinates": [
          -5.6640361,
          40.9656419
        ]
      }
    },
    {
      "type": "Feature",
      "properties": {
        "weight": 1.0
      },
      "geometry": {
        "type": "Point",
        "coordinates": [
          -5.6520797,
          40.9656794
        ]
      }
    },
    {
      "type": "Feature",
      "properties": {
        "weight": 1.0,
        "id": 3242553612,
        "hasDetails": true,
        "name": "KIKO Milano",
        "website": "https://www.kikocosmetics.com/es-es/",
        "opening_hours": "Mo-Sa 11:00-15:00; Mo-Fr 17:00-21:00"
      },
      "geometry": {
        "type": "Point",
        "coordinates": [
          -5.6633119,
          40.9656989
        ]
      }
    },
    {
      "type": "Feature",
      "properties": {
        "weight": 1.0,
        "id": 932251102,
        "hasDetails": true,
        "name": "K-Tuin",
        "address": "Calle Concejo 4, Salamanca",
        "website": "https://www.k-tuin.com/",
        "opening_hours": "Mo-Sa 10:00-14:00,16:30-20:30"
      },
      "geometry": {
        "type": "Point",
        "coordinates": [
          -5.6643632,
          40.9657128
        ]
      }
    },
    {
      "type": "Feature",
      "properties": {
        "weight": 1.0,
        "id": 3242553611,
        "hasDetails": true,
        "name": "Nails Factory",
        "address": "Calle Doctor Pi\u00f1uela 2, Salamanca",
        "opening_hours": "Mo-Fr 09:00-20:30; Sa 10:00-15:00"
      },
      "geometry": {
        "type": "Point",
        "coordinates": [
          -5.6634581,
          40.9657476
        ]
      }
    },
    {
      "type": "Feature",
      "properties": {
        "weight": 1.0
      },
      "geometry": {
        "type": "Point",
        "coordinates": [
          -5.655282,
          40.9657549
        ]
      }
    },
    {
      "type": "Feature",
      "properties": {
        "weight": 1.0,
        "id": 1290167398,
        "hasDetails": true,
        "name": "La Botica de los Perfumes",
        "address": "Calle Toro 14,16",
        "opening_hours": "Mo-Fr 10:00-14:00,17:30-21:00; Sa 10:00-14:00",
        "names": [
          "La Botica de los Perfumes",
          "JD Sports"
        ]
      },
      "geometry": {
        "type": "Point",
        "coordinates": [
          -5.6631055,
          40.9657566
        ]
      }
    },
    {
      "type": "Feature",
      "properties": {
        "weight": 1.0
      },
      "geometry": {
        "type": "Point",
        "coordinates": [
          -5.6640434,
          40.9657575
        ]
      }
    },
    {
      "type": "Feature",
      "properties": {
        "weight": 1.0
      },
      "geometry": {
        "type": "Point",
        "coordinates": [
          -5.6603481,
          40.9657623
        ]
      }
    },
    {
      "type": "Feature",
      "properties": {
        "weight": 1.0
      },
      "geometry": {
        "type": "Point",
        "coordinates": [
          -5.6714532,
          40.9657682
        ]
      }
    },
    {
      "type": "Feature",
      "properties": {
        "weight": 1.0
      },
      "geometry": {
        "type": "Point",
        "coordinates": [
          -5.6644697,
          40.9657693
        ]
      }
    },
    {
      "type": "Feature",
      "properties": {
        "weight": 1.0
      },
      "geometry": {
        "type": "Point",
        "coordinates": [
          -5.6534424,
          40.9657709
        ]
      }
    },
    {
      "type": "Feature",
      "properties": {
        "weight": 1.0
      },
      "geometry": {
        "type": "Point",
        "coordinates": [
          -5.6632488,
          40.9657776
        ]
      }
    },
    {
      "type": "Feature",
      "properties": {
        "weight": 1.0,
        "id": 4437042356,
        "hasDetails": true,
        "name": "Lindo 17",
        "address": "Paseo del Rollo 32, Salamanca",
        "names": [
          "Lindo 17",
          "Flogar"
        ]
      },
      "geometry": {
        "type": "Point",
        "coordinates": [
          -5.6518864,
          40.965787
        ]
      }
    },
    {
      "type": "Feature",
      "properties": {
        "weight": 1.0
      },
      "geometry": {
        "type": "Point",
        "coordinates": [
          -5.6748617,
          40.9657908
        ]
      }
    },
    {
      "type": "Feature",
      "properties": {
        "weight": 1.0
      },
      "geometry": {
        "type": "Point",
        "coordinates": [
          -5.6656481,
          40.9658095
        ]
      }
    },
    {
      "type": "Feature",
      "properties": {
        "weight": 1.0,
        "id": 6422708095,
        "hasDetails": true,
        "name": "Ara Hombre",
        "address": "Calle Pozo Amarillo 24",
        "opening_hours": "Mo-Fr 10:00-13:30,17:00-20:00; Sa 10:00-14:00"
      },
      "geometry": {
        "type": "Point",
        "coordinates": [
          -5.6618253,
          40.9658486
        ]
      }
    },
    {
      "type": "Feature",
      "properties": {
        "weight": 1.0,
        "id": 6490909456,
        "hasDetails": true,
        "name": "Flores Espa\u00f1a",
        "opening_hours": "Mo-Fr 10:00-14:00,17:00-19:00; Sa 10:00-13:30"
      },
      "geometry": {
        "type": "Point",
        "coordinates": [
          -5.6554007,
          40.9658564
        ]
      }
    },
    {
      "type": "Feature",
      "properties": {
        "weight": 1.0
      },
      "geometry": {
        "type": "Point",
        "coordinates": [
          -5.6650064,
          40.9658591
        ]
      }
    },
    {
      "type": "Feature",
      "properties": {
        "weight": 1.0,
        "id": 1290167322,
        "hasDetails": true,
        "name": "Massimo Dutti",
        "address": "Calle Toro 20,24, Salamanca",
        "website": "https://www.massimodutti.com/",
        "opening_hours": "Mo-Sa 10:00-09:00"
      },
      "geometry": {
        "type": "Point",
        "coordinates": [
          -5.6629883,
          40.9658896
        ]
      }
    },
    {
      "type": "Feature",
      "properties": {
        "weight": 1.0
      },
      "geometry": {
        "type": "Point",
        "coordinates": [
          -5.6517207,
          40.965892
        ]
      }
    },
    {
      "type": "Feature",
      "properties": {
        "weight": 1.0,
        "id": 3242553615,
        "hasDetails": true,
        "name": "Mango",
        "address": "Calle Toro 11,13, Salamanca",
        "website": "https://shop.mango.com/ES"
      },
      "geometry": {
        "type": "Point",
        "coordinates": [
          -5.6631735,
          40.9658982
        ]
      }
    },
    {
      "type": "Feature",
      "properties": {
        "weight": 1.0
      },
      "geometry": {
        "type": "Point",
        "coordinates": [
          -5.6570229,
          40.9659075
        ]
      }
    },
    {
      "type": "Feature",
      "properties": {
        "weight": 1.0,
        "id": 5459186591,
        "hasDetails": true,
        "name": "Castilla",
        "address": "Calle de Fontiveros, Salamanca"
      },
      "geometry": {
        "type": "Point",
        "coordinates": [
          -5.6481818,
          40.9659123
        ]
      }
    },
    {
      "type": "Feature",
      "properties": {
        "weight": 1.0,
        "id": 9422206508,
        "hasDetails": true,
        "name": "Peluquer\u00eda Silvia Hernandez",
        "address": "Avenida de Campoamor 14, Salamanca",
        "names": [
          "Peluquer\u00eda Silvia Hernandez",
          "Unide Market"
        ]
      },
      "geometry": {
        "type": "Point",
        "coordinates": [
          -5.6557752,
          40.9659305
        ]
      }
    },
    {
      "type": "Feature",
      "properties": {
        "weight": 1.0,
        "id": 6490931135,
        "hasDetails": true,
        "name": "Erich",
        "address": "Avenida de Campoamor 13, Salamanca",
        "opening_hours": "Mo-Fr 10:00-14:00,16:30-20:00"
      },
      "geometry": {
        "type": "Point",
        "coordinates": [
          -5.6555168,
          40.9659376
        ]
      }
    },
    {
      "type": "Feature",
      "properties": {
        "weight": 1.0,
        "id": 6591342531,
        "hasDetails": true,
        "name": "Dados Cubitos",
        "address": "Calle Padilla 4, Salamanca",
        "website": "https://www.dadosycubitos.es/",
        "opening_hours": "Mo-Su 10:30-14:00,17:00-20:30; We off"
      },
      "geometry": {
        "type": "Point",
        "coordinates": [
          -5.6573474,
          40.9659655
        ]
      }
    },
    {
      "type": "Feature",
      "properties": {
        "weight": 1.0,
        "id": 4539964389,
        "hasDetails": true,
        "name": "El Horno La Boutique del Pan",
        "address": "Paseo del Rollo 38,40, Salamanca"
      },
      "geometry": {
        "type": "Point",
        "coordinates": [
          -5.6515586,
          40.9659779
        ]
      }
    },
    {
      "type": "Feature",
      "properties": {
        "weight": 1.0
      },
      "geometry": {
        "type": "Point",
        "coordinates": [
          -5.6575976,
          40.9659845
        ]
      }
    },
    {
      "type": "Feature",
      "properties": {
        "weight": 1.0,
        "id": 13084877512,
        "hasDetails": true,
        "name": "Mertxe S\u00e1nchez",
        "opening_hours": "Mo-Fr 10:30-13:45,17:00-20:00; Sa 11:00-14:00"
      },
      "geometry": {
        "type": "Point",
        "coordinates": [
          -5.6619203,
          40.9659887
        ]
      }
    },
    {
      "type": "Feature",
      "properties": {
        "weight": 1.0,
        "id": 928566056,
        "hasDetails": true,
        "name": "Druni",
        "address": "Calle Toro 11,13, Salamanca",
        "opening_hours": "Mo-Sa 09:30-21:30"
      },
      "geometry": {
        "type": "Point",
        "coordinates": [
          -5.6631114,
          40.9659954
        ]
      }
    },
    {
      "type": "Feature",
      "properties": {
        "weight": 1.0
      },
      "geometry": {
        "type": "Point",
        "coordinates": [
          -5.6709666,
          40.9659976
        ]
      }
    },
    {
      "type": "Feature",
      "properties": {
        "weight": 1.0,
        "id": 3945061490,
        "hasDetails": true,
        "name": "Multiservicios Adrymar",
        "opening_hours": "Mo-Fr 09:00-14:00,17:00-20:00; Sa 10:00-13:00"
      },
      "geometry": {
        "type": "Point",
        "coordinates": [
          -5.6601829,
          40.9660236
        ]
      }
    },
    {
      "type": "Feature",
      "properties": {
        "weight": 1.0,
        "id": 79818445,
        "hasDetails": true,
        "name": "Zara",
        "address": "Calle Toro 28, Salamanca",
        "website": "https://www.zara.com/es/",
        "opening_hours": "Mo-Sa 10:00-21:00",
        "wikidata": "Q6106561",
        "wikipedia": "es:Restos del convento de San Antonio el Real (Salamanca)"
      },
      "geometry": {
        "type": "Point",
        "coordinates": [
          -5.662546,
          40.9660367
        ]
      }
    },
    {
      "type": "Feature",
      "properties": {
        "weight": 1.0,
        "id": 6490909457,
        "hasDetails": true,
        "name": "Joyer\u00eda Relojer\u00eda S. Encinas",
        "opening_hours": "Mo-Fr 09:00-13:30,16:30-20:00; Sa 09:30-13:30"
      },
      "geometry": {
        "type": "Point",
        "coordinates": [
          -5.6556157,
          40.9660418
        ]
      }
    },
    {
      "type": "Feature",
      "properties": {
        "weight": 1.0,
        "id": 1290167482,
        "hasDetails": true,
        "name": "Sephora",
        "address": "Calle Toro 22, Salamanca",
        "website": "http://www.sephora.es/",
        "opening_hours": "Mo-Sa 10:00-21:00",
        "names": [
          "Sephora",
          "Fotocopias Calco",
          "Aresso"
        ]
      },
      "geometry": {
        "type": "Point",
        "coordinates": [
          -5.6628527,
          40.9660451
        ]
      }
    },
    {
      "type": "Feature",
      "properties": {
        "weight": 1.0
      },
      "geometry": {
        "type": "Point",
        "coordinates": [
          -5.6514402,
          40.9660461
        ]
      }
    },
    {
      "type": "Feature",
      "properties": {
        "weight": 1.0
      },
      "geometry": {
        "type": "Point",
        "coordinates": [
          -5.6664303,
          40.9660647
        ]
      }
    },
    {
      "type": "Feature",
      "properties": {
        "weight": 1.0,
        "id": 3505203236,
        "hasDetails": true,
        "name": "Pasteler\u00eda La Madrile\u00f1a de Alba de Tormes",
        "opening_hours": "Mo-Sa 10:00-14:30,18:00-21:00; Su 09:30-15:00",
        "outdoor_seating": "no",
        "names": [
          "Pasteler\u00eda La Madrile\u00f1a de Alba de Tormes",
          "Zap + Zap"
        ]
      },
      "geometry": {
        "type": "Point",
        "coordinates": [
          -5.6644375,
          40.9660702
        ]
      }
    },
    {
      "type": "Feature",
      "properties": {
        "weight": 1.0,
        "id": 2898582201,
        "hasDetails": true,
        "name": "Dia",
        "address": "Calle M\u00e9rida 3, Salamanca",
        "opening_hours": "Mo-Sa 09:00-21:30; Su 10:00-15:00"
      },
      "geometry": {
        "type": "Point",
        "coordinates": [
          -5.6522911,
          40.9660815
        ]
      }
    },
    {
      "type": "Feature",
      "properties": {
        "weight": 1.0
      },
      "geometry": {
        "type": "Point",
        "coordinates": [
          -5.6708737,
          40.9660901
        ]
      }
    },
    {
      "type": "Feature",
      "properties": {
        "weight": 1.0
      },
      "geometry": {
        "type": "Point",
        "coordinates": [
          -5.6645679,
          40.9660984
        ]
      }
    },
    {
      "type": "Feature",
      "properties": {
        "weight": 1.0
      },
      "geometry": {
        "type": "Point",
        "coordinates": [
          -5.6537673,
          40.9661014
        ]
      }
    },
    {
      "type": "Feature",
      "properties": {
        "weight": 1.0,
        "id": 9420161027,
        "hasDetails": true,
        "name": "Toni's Cupcakes",
        "address": "Calle Pozo Amarillo 28",
        "opening_hours": "Mo-Fr 10:00-13:30,17:00-20:30; Sa 10:30-13:30",
        "names": [
          "Toni's Cupcakes",
          "Ferreira \u00d3pticos Optometristas"
        ]
      },
      "geometry": {
        "type": "Point",
        "coordinates": [
          -5.6615973,
          40.9661018
        ]
      }
    },
    {
      "type": "Feature",
      "properties": {
        "weight": 1.0,
        "id": 4453788889,
        "hasDetails": true,
        "name": "Milar",
        "address": "Calle Vista Alegre 2, Salamanca",
        "website": "https://www.milar.es/",
        "opening_hours": "Mo-Fr 10:00-13:30,17:00-20:00; Sa 10:00-14:00"
      },
      "geometry": {
        "type": "Point",
        "coordinates": [
          -5.6547169,
          40.9661146
        ]
      }
    },
    {
      "type": "Feature",
      "properties": {
        "weight": 1.0,
        "id": 6557558606,
        "hasDetails": true,
        "name": "Muy Moderno",
        "address": "Plaza de la Libertad 10"
      },
      "geometry": {
        "type": "Point",
        "coordinates": [
          -5.6647098,
          40.9661307
        ]
      }
    },
    {
      "type": "Feature",
      "properties": {
        "weight": 1.0
      },
      "geometry": {
        "type": "Point",
        "coordinates": [
          -5.6557384,
          40.9661432
        ]
      }
    },
    {
      "type": "Feature",
      "properties": {
        "weight": 1.0
      },
      "geometry": {
        "type": "Point",
        "coordinates": [
          -5.6657708,
          40.9661653
        ]
      }
    },
    {
      "type": "Feature",
      "properties": {
        "weight": 1.0,
        "id": 3874469548,
        "hasDetails": true,
        "name": "Paco Charo",
        "address": "Calle de Zamora 17, Salamanca",
        "website": "http://www.paco-charo.com/",
        "opening_hours": "Mo-Fr 09:30-14:30,15:30-19:30; Sa 09:00-15:00",
        "names": [
          "Paco Charo",
          "Flamingos"
        ]
      },
      "geometry": {
        "type": "Point",
        "coordinates": [
          -5.664093,
          40.9661737
        ]
      }
    },
    {
      "type": "Feature",
      "properties": {
        "weight": 1.0,
        "id": 6565201947,
        "hasDetails": true,
        "name": "La Cibeles",
        "opening_hours": "Mo-Sa 10:00-14:00,17:00-20:30"
      },
      "geometry": {
        "type": "Point",
        "coordinates": [
          -5.6643936,
          40.9661822
        ]
      }
    },
    {
      "type": "Feature",
      "properties": {
        "weight": 1.0,
        "id": 4128044970,
        "hasDetails": true,
        "name": "MyMe3D",
        "address": "Calle Bermejeros 32,34, Salamanca",
        "website": "https://www.myme3d.com/",
        "opening_hours": "Mo-Fr 11:00-21:00; Sa 11:00-15:00"
      },
      "geometry": {
        "type": "Point",
        "coordinates": [
          -5.6606026,
          40.966185
        ]
      }
    },
    {
      "type": "Feature",
      "properties": {
        "weight": 1.0,
        "id": 1288269279,
        "hasDetails": true,
        "name": "Huasa",
        "address": "Calle Bordadores 20"
      },
      "geometry": {
        "type": "Point",
        "coordinates": [
          -5.6663554,
          40.966186
        ]
      }
    },
    {
      "type": "Feature",
      "properties": {
        "weight": 1.0,
        "id": 6514141554,
        "hasDetails": true,
        "name": "Clave",
        "opening_hours": "Mo-Sa 10:30-14:00,17:00-21:00"
      },
      "geometry": {
        "type": "Point",
        "coordinates": [
          -5.651193,
          40.9661932
        ]
      }
    },
    {
      "type": "Feature",
      "properties": {
        "weight": 1.0
      },
      "geometry": {
        "type": "Point",
        "coordinates": [
          -5.6642699,
          40.9661969
        ]
      }
    },
    {
      "type": "Feature",
      "properties": {
        "weight": 1.0
      },
      "geometry": {
        "type": "Point",
        "coordinates": [
          -5.6706059,
          40.9661993
        ]
      }
    },
    {
      "type": "Feature",
      "properties": {
        "weight": 1.0,
        "id": 3344513173,
        "hasDetails": true,
        "name": "Cristaler\u00eda Kopp",
        "address": "Plaza de la Constituci\u00f3n 6, Salamanca",
        "opening_hours": "Mo-Fr 09:30-13:30,17:00-20:00"
      },
      "geometry": {
        "type": "Point",
        "coordinates": [
          -5.6603035,
          40.9662084
        ]
      }
    },
    {
      "type": "Feature",
      "properties": {
        "weight": 1.0,
        "id": 3242553608,
        "hasDetails": true,
        "address": "Calle Toro 21, Salamanca"
      },
      "geometry": {
        "type": "Point",
        "coordinates": [
          -5.6629297,
          40.9662433
        ]
      }
    },
    {
      "type": "Feature",
      "properties": {
        "weight": 1.0
      },
      "geometry": {
        "type": "Point",
        "coordinates": [
          -5.6541328,
          40.9662498
        ]
      }
    },
    {
      "type": "Feature",
      "properties": {
        "weight": 1.0,
        "id": 4015340006,
        "hasDetails": true,
        "opening_hours": "Mo-Sa 09:30-14:00; Mo-Fr 16:30-20:00"
      },
      "geometry": {
        "type": "Point",
        "coordinates": [
          -5.662543,
          40.9662538
        ]
      }
    },
    {
      "type": "Feature",
      "properties": {
        "weight": 1.0,
        "id": 6514141553,
        "hasDetails": true,
        "name": "Congelados Jos\u00e9 L\u00f3pez",
        "address": "Paseo del Rollo 46, Salamanca",
        "opening_hours": "Mo-Sa 09:00-15:00,17:00-21:00"
      },
      "geometry": {
        "type": "Point",
        "coordinates": [
          -5.6510687,
          40.9662686
        ]
      }
    },
    {
      "type": "Feature",
      "properties": {
        "weight": 1.0,
        "id": 3492908212,
        "hasDetails": true,
        "name": "Milar",
        "opening_hours": "Mo-Fr 09:30-13:30,16:30-20:30; Sa 09:30-14:00"
      },
      "geometry": {
        "type": "Point",
        "coordinates": [
          -5.6716017,
          40.9662921
        ]
      }
    },
    {
      "type": "Feature",
      "properties": {
        "weight": 1.0,
        "id": 6565201953,
        "hasDetails": true,
        "name": "Ulloa",
        "opening_hours": "Mo-Fr 10:00-20:30; Sa 10:00-14:00",
        "names": [
          "Ulloa",
          "Bot"
        ]
      },
      "geometry": {
        "type": "Point",
        "coordinates": [
          -5.6642303,
          40.9663128
        ]
      }
    },
    {
      "type": "Feature",
      "properties": {
        "weight": 1.0,
        "id": 3202951983,
        "hasDetails": true,
        "name": "Ulloa - \u00d3ptico",
        "website": "https://blog.ulloaoptico.com/centro-ulloa-optico-salamanca-calle-concejo-16-zamora-21/",
        "opening_hours": "Mo-Fr 09:45-14:00,16:45-20:30; Sa 10:00-14:00,17:00-20:00"
      },
      "geometry": {
        "type": "Point",
        "coordinates": [
          -5.6640871,
          40.9663155
        ]
      }
    },
    {
      "type": "Feature",
      "properties": {
        "weight": 1.0
      },
      "geometry": {
        "type": "Point",
        "coordinates": [
          -5.6665018,
          40.9663194
        ]
      }
    },
    {
      "type": "Feature",
      "properties": {
        "weight": 1.0,
        "id": 6490909459,
        "hasDetails": true,
        "name": "La Vendimia",
        "address": "Avenida de Campoamor 3,5",
        "opening_hours": "Mo-Fr 11:00-14:00,17:00-20:30; Sa 10:00-14:00"
      },
      "geometry": {
        "type": "Point",
        "coordinates": [
          -5.6559274,
          40.9663203
        ]
      }
    },
    {
      "type": "Feature",
      "properties": {
        "weight": 1.0
      },
      "geometry": {
        "type": "Point",
        "coordinates": [
          -5.6657243,
          40.9663352
        ]
      }
    },
    {
      "type": "Feature",
      "properties": {
        "weight": 1.0,
        "id": 938878336,
        "hasDetails": true,
        "name": "Bimba y Lola",
        "address": "Calle Toro 23, Salamanca",
        "website": "https://www.bimbaylola.com/cms/",
        "opening_hours": "Mo-Sa 10:00-21:00"
      },
      "geometry": {
        "type": "Point",
        "coordinates": [
          -5.6628586,
          40.9663421
        ]
      }
    },
    {
      "type": "Feature",
      "properties": {
        "weight": 1.0
      },
      "geometry": {
        "type": "Point",
        "coordinates": [
          -5.6562786,
          40.9663624
        ]
      }
    },
    {
      "type": "Feature",
      "properties": {
        "weight": 1.0,
        "id": 3317821861,
        "hasDetails": true,
        "name": "Gadis",
        "address": "Cuesta del Carmen 11, Salamanca",
        "website": "https://www.gadis.es/centros/gadiscuestadelcarmen-salamanca-salamanca-380",
        "opening_hours": "Mo-Sa 09:30-21:30"
      },
      "geometry": {
        "type": "Point",
        "coordinates": [
          -5.6659038,
          40.9663676
        ]
      }
    },
    {
      "type": "Feature",
      "properties": {
        "weight": 1.0,
        "id": 4028742763,
        "hasDetails": true,
        "name": "Administraci\u00f3n n\u00ba8. La Mariseca",
        "opening_hours": "Mo-Sa 09:15-13:45; Mo-Fr 17:00-20:00"
      },
      "geometry": {
        "type": "Point",
        "coordinates": [
          -5.6623526,
          40.9663702
        ]
      }
    },
    {
      "type": "Feature",
      "properties": {
        "weight": 1.0,
        "id": 1288269323,
        "hasDetails": true,
        "name": "De Cabo",
        "opening_hours": "Mo-Fr 10:00-13:30,17:00-20:30; Sa 10:00-14:00"
      },
      "geometry": {
        "type": "Point",
        "coordinates": [
          -5.6660528,
          40.9663871
        ]
      }
    },
    {
      "type": "Feature",
      "properties": {
        "weight": 1.0,
        "id": 6591342535,
        "hasDetails": true,
        "name": "Sanmaximo Telecom",
        "website": "https://www.sanmaximotelecom.com/",
        "opening_hours": "Mo-Fr 10:30-14:00,17:30-21:00; Sa 10:00-14:00"
      },
      "geometry": {
        "type": "Point",
        "coordinates": [
          -5.6643172,
          40.9664088
        ]
      }
    },
    {
      "type": "Feature",
      "properties": {
        "weight": 1.0
      },
      "geometry": {
        "type": "Point",
        "coordinates": [
          -5.6599331,
          40.9664113
        ]
      }
    },
    {
      "type": "Feature",
      "properties": {
        "weight": 1.0,
        "id": 3202951981,
        "hasDetails": true,
        "name": "Oropel",
        "opening_hours": "Mo-Sa 10:30-14:00; Mo-Fr 17:00-20:30",
        "names": [
          "Oropel",
          "todom\u00f3vil"
        ]
      },
      "geometry": {
        "type": "Point",
        "coordinates": [
          -5.6640956,
          40.9664141
        ]
      }
    },
    {
      "type": "Feature",
      "properties": {
        "weight": 1.0
      },
      "geometry": {
        "type": "Point",
        "coordinates": [
          -5.6639681,
          40.966434
        ]
      }
    },
    {
      "type": "Feature",
      "properties": {
        "weight": 1.0
      },
      "geometry": {
        "type": "Point",
        "coordinates": [
          -5.6702978,
          40.96644
        ]
      }
    },
    {
      "type": "Feature",
      "properties": {
        "weight": 1.0,
        "id": 3247621489,
        "hasDetails": true,
        "name": "Calzedonia",
        "address": "Calle Toro 25",
        "website": "https://es.calzedonia.com/",
        "opening_hours": "Mo-Sa 10:00-21:00"
      },
      "geometry": {
        "type": "Point",
        "coordinates": [
          -5.6627854,
          40.9664411
        ]
      }
    },
    {
      "type": "Feature",
      "properties": {
        "weight": 1.0,
        "id": 4652266686,
        "hasDetails": true,
        "address": "Calle Azafranal 4,6"
      },
      "geometry": {
        "type": "Point",
        "coordinates": [
          -5.6621969,
          40.9664498
        ]
      }
    },
    {
      "type": "Feature",
      "properties": {
        "weight": 1.0
      },
      "geometry": {
        "type": "Point",
        "coordinates": [
          -5.6603168,
          40.9664621
        ]
      }
    },
    {
      "type": "Feature",
      "properties": {
        "weight": 1.0,
        "id": 4770320311,
        "hasDetails": true,
        "name": "Natural Optics",
        "address": "Calle \u00cdscar Peyra 43, Salamanca",
        "website": "https://naturalopticsgroup.com/opticas/centro-natural-optics-salamanca_salamanca_3964.html",
        "opening_hours": "Mo-Fr 09:30-20:30; Sa 10:00-14:00",
        "names": [
          "Natural Optics",
          "Rebel Bikers"
        ]
      },
      "geometry": {
        "type": "Point",
        "coordinates": [
          -5.6657012,
          40.9664645
        ]
      }
    },
    {
      "type": "Feature",
      "properties": {
        "weight": 1.0,
        "id": 4080334815,
        "hasDetails": true,
        "name": "Irina Beauty Room",
        "address": "Calle Bordadores 17, Salamanca",
        "website": "https://irinabeautyroom.es/",
        "opening_hours": "Mo-Fr 09:00-21:00; Sa 10:00-14:00"
      },
      "geometry": {
        "type": "Point",
        "coordinates": [
          -5.666389,
          40.9664732
        ]
      }
    },
    {
      "type": "Feature",
      "properties": {
        "weight": 1.0,
        "id": 3492908210,
        "hasDetails": true,
        "name": "Chikata",
        "opening_hours": "Mo-Fr 10:00-14:30,17:00-20:30; Sa 10:30-14:30"
      },
      "geometry": {
        "type": "Point",
        "coordinates": [
          -5.6700167,
          40.9664794
        ]
      }
    },
    {
      "type": "Feature",
      "properties": {
        "weight": 1.0,
        "id": 1288269408,
        "hasDetails": true,
        "name": "Delicias a granel",
        "opening_hours": "Mo-Sa 10:00-14:00,17:00-21:00"
      },
      "geometry": {
        "type": "Point",
        "coordinates": [
          -5.6659234,
          40.9664897
        ]
      }
    },
    {
      "type": "Feature",
      "properties": {
        "weight": 1.0,
        "id": 6565232219,
        "hasDetails": true,
        "name": "Bioba",
        "address": "Calle Gran V\u00eda 14",
        "website": "https://www.bioba.es/",
        "opening_hours": "Mo-Fr 10:00-14:30,17:30-20:30; Sa 10:00-14:00"
      },
      "geometry": {
        "type": "Point",
        "coordinates": [
          -5.6598835,
          40.9664941
        ]
      }
    },
    {
      "type": "Feature",
      "properties": {
        "weight": 1.0
      },
      "geometry": {
        "type": "Point",
        "coordinates": [
          -5.6527175,
          40.9664953
        ]
      }
    },
    {
      "type": "Feature",
      "properties": {
        "weight": 1.0
      },
      "geometry": {
        "type": "Point",
        "coordinates": [
          -5.6576244,
          40.966507
        ]
      }
    },
    {
      "type": "Feature",
      "properties": {
        "weight": 1.0
      },
      "geometry": {
        "type": "Point",
        "coordinates": [
          -5.6642803,
          40.9665088
        ]
      }
    },
    {
      "type": "Feature",
      "properties": {
        "weight": 1.0,
        "id": 4652266683,
        "hasDetails": true,
        "name": "S\u00e1nchez Marcos Ib\u00e9ricos",
        "opening_hours": "Oct-Apr: Mo-Sa 09:30-14:30; Oct-Apr: Mo-Fr 17:00-20:00; May-Sep: Mo-Sa 09:30-14:30; May-Sep: Mo-Fr 17:30-21:00"
      },
      "geometry": {
        "type": "Point",
        "coordinates": [
          -5.6620728,
          40.9665116
        ]
      }
    },
    {
      "type": "Feature",
      "properties": {
        "weight": 1.0
      },
      "geometry": {
        "type": "Point",
        "coordinates": [
          -5.6660651,
          40.9665237
        ]
      }
    },
    {
      "type": "Feature",
      "properties": {
        "weight": 1.0,
        "id": 3492908275,
        "hasDetails": true,
        "opening_hours": "Mo-Fr 08:00-21:00; Sa 09:00-21:00"
      },
      "geometry": {
        "type": "Point",
        "coordinates": [
          -5.6699042,
          40.9665473
        ]
      }
    },
    {
      "type": "Feature",
      "properties": {
        "weight": 1.0,
        "id": 377264537,
        "hasDetails": true,
        "opening_hours": "Tu-Su 09:00-02:00"
      },
      "geometry": {
        "type": "Point",
        "coordinates": [
          -5.668561,
          40.9665498
        ]
      }
    },
    {
      "type": "Feature",
      "properties": {
        "weight": 1.0
      },
      "geometry": {
        "type": "Point",
        "coordinates": [
          -5.6579766,
          40.9665541
        ]
      }
    },
    {
      "type": "Feature",
      "properties": {
        "weight": 1.0,
        "id": 4453789189,
        "hasDetails": true,
        "name": "Neum\u00e1ticos Miguel",
        "opening_hours": "Mo-Fr 09:00-13:30,16:00-20:00; Sa 09:00-13:00"
      },
      "geometry": {
        "type": "Point",
        "coordinates": [
          -5.6540074,
          40.9665557
        ]
      }
    },
    {
      "type": "Feature",
      "properties": {
        "weight": 1.0,
        "id": 3247621497,
        "hasDetails": true,
        "name": "Springfield",
        "address": "Calle Toro 34,36, Salamanca",
        "website": "https://myspringfield.com/es/es",
        "opening_hours": "Mo-Sa 10:00-21:00"
      },
      "geometry": {
        "type": "Point",
        "coordinates": [
          -5.6624936,
          40.9665677
        ]
      }
    },
    {
      "type": "Feature",
      "properties": {
        "weight": 1.0
      },
      "geometry": {
        "type": "Point",
        "coordinates": [
          -5.6598236,
          40.966577
        ]
      }
    },
    {
      "type": "Feature",
      "properties": {
        "weight": 1.0,
        "id": 3247621493,
        "hasDetails": true,
        "name": "Intimissimi",
        "address": "Calle Toro 27, Salamanca",
        "website": "https://es.intimissimi.com/"
      },
      "geometry": {
        "type": "Point",
        "coordinates": [
          -5.6627028,
          40.9665787
        ]
      }
    },
    {
      "type": "Feature",
      "properties": {
        "weight": 1.0
      },
      "geometry": {
        "type": "Point",
        "coordinates": [
          -5.672253,
          40.966584
        ]
      }
    },
    {
      "type": "Feature",
      "properties": {
        "weight": 1.0
      },
      "geometry": {
        "type": "Point",
        "coordinates": [
          -5.6576452,
          40.9666007
        ]
      }
    },
    {
      "type": "Feature",
      "properties": {
        "weight": 1.0,
        "id": 2148803760,
        "hasDetails": true,
        "name": "C\u00e9sar",
        "opening_hours": "Mo-Sa 08:00-15:00,17:30-21:00",
        "outdoor_seating": "no"
      },
      "geometry": {
        "type": "Point",
        "coordinates": [
          -5.6704779,
          40.9666009
        ]
      }
    },
    {
      "type": "Feature",
      "properties": {
        "weight": 1.0,
        "id": 6242315793,
        "hasDetails": true,
        "name": "compramos",
        "opening_hours": "Mo-Sa 10:30-14:00,17:00-19:00"
      },
      "geometry": {
        "type": "Point",
        "coordinates": [
          -5.666447,
          40.9666242
        ]
      }
    },
    {
      "type": "Feature",
      "properties": {
        "weight": 1.0,
        "id": 1288269318,
        "hasDetails": true,
        "address": "Calle \u00cdscar Peyra 43, Salamanca"
      },
      "geometry": {
        "type": "Point",
        "coordinates": [
          -5.6656332,
          40.9666267
        ]
      }
    },
    {
      "type": "Feature",
      "properties": {
        "weight": 1.0,
        "id": 4398912650,
        "hasDetails": true,
        "name": "Re-read",
        "address": "Cuesta del Carmen 22, Salamanca",
        "website": "https://www.re-read.com/",
        "opening_hours": "Mo-Fr 10:30-14:00,17:00-21:00; Sa 11:00-14:00,17:00-21:00"
      },
      "geometry": {
        "type": "Point",
        "coordinates": [
          -5.6662603,
          40.9666375
        ]
      }
    },
    {
      "type": "Feature",
      "properties": {
        "weight": 1.0
      },
      "geometry": {
        "type": "Point",
        "coordinates": [
          -5.6560103,
          40.9666382
        ]
      }
    },
    {
      "type": "Feature",
      "properties": {
        "weight": 1.0,
        "id": 3247621490,
        "hasDetails": true,
        "name": "Algo Bonito",
        "address": "Calle Toro 38, Salamanca"
      },
      "geometry": {
        "type": "Point",
        "coordinates": [
          -5.6624107,
          40.9666463
        ]
      }
    },
    {
      "type": "Feature",
      "properties": {
        "weight": 1.0,
        "id": 6426514693,
        "hasDetails": true,
        "name": "N\u00e9fele",
        "address": "Calle de Zamora 30",
        "website": "https://joyasnefele.es"
      },
      "geometry": {
        "type": "Point",
        "coordinates": [
          -5.664002,
          40.9666536
        ]
      }
    },
    {
      "type": "Feature",
      "properties": {
        "weight": 1.0,
        "id": 4028742766,
        "hasDetails": true,
        "address": "Calle el Brocense 25, Salamanca"
      },
      "geometry": {
        "type": "Point",
        "coordinates": [
          -5.6630309,
          40.9666597
        ]
      }
    },
    {
      "type": "Feature",
      "properties": {
        "weight": 1.0,
        "id": 2869854410,
        "hasDetails": true,
        "name": "Talleres Luciano Casanova",
        "address": "Calle de Ferral 5, Salamanca",
        "website": "https://tallereslucianocasanova.com/"
      },
      "geometry": {
        "type": "Point",
        "coordinates": [
          -5.6496045,
          40.9666644
        ]
      }
    },
    {
      "type": "Feature",
      "properties": {
        "weight": 1.0,
        "id": 77805454,
        "hasDetails": true,
        "name": "Sfera",
        "address": "Calle Toro 40, Salamanca"
      },
      "geometry": {
        "type": "Point",
        "coordinates": [
          -5.6622081,
          40.9666662
        ]
      }
    },
    {
      "type": "Feature",
      "properties": {
        "weight": 1.0
      },
      "geometry": {
        "type": "Point",
        "coordinates": [
          -5.6695815,
          40.9666792
        ]
      }
    },
    {
      "type": "Feature",
      "properties": {
        "weight": 1.0,
        "id": 5189418361,
        "hasDetails": true,
        "name": "Zona Outlet",
        "opening_hours": "Mo-Sa 10:00-14:00; Mo-Fr 17:00-20:30",
        "names": [
          "Zona Outlet",
          "Beatriz Galindo La Latina"
        ]
      },
      "geometry": {
        "type": "Point",
        "coordinates": [
          -5.6636056,
          40.9666874
        ]
      }
    },
    {
      "type": "Feature",
      "properties": {
        "weight": 1.0
      },
      "geometry": {
        "type": "Point",
        "coordinates": [
          -5.6617696,
          40.9666998
        ]
      }
    },
    {
      "type": "Feature",
      "properties": {
        "weight": 1.0
      },
      "geometry": {
        "type": "Point",
        "coordinates": [
          -5.6597453,
          40.966707
        ]
      }
    },
    {
      "type": "Feature",
      "properties": {
        "weight": 1.0
      },
      "geometry": {
        "type": "Point",
        "coordinates": [
          -5.6638246,
          40.9667097
        ]
      }
    },
    {
      "type": "Feature",
      "properties": {
        "weight": 1.0,
        "id": 6103700343,
        "hasDetails": true,
        "name": "Librer\u00eda Rivas",
        "address": "Cuesta del Carmen 21, Salamanca",
        "website": "http://www.libreriarivas.com/"
      },
      "geometry": {
        "type": "Point",
        "coordinates": [
          -5.6665355,
          40.9667108
        ]
      }
    },
    {
      "type": "Feature",
      "properties": {
        "weight": 1.0,
        "id": 3372908267,
        "hasDetails": true,
        "name": "Flandes Home Interiors",
        "website": "https://www.mueblesflandes.com/",
        "opening_hours": "Mo-Fr 10:00-13:30,17:00-20:00; Sa 10:00-14:00"
      },
      "geometry": {
        "type": "Point",
        "coordinates": [
          -5.6653983,
          40.9667146
        ]
      }
    },
    {
      "type": "Feature",
      "properties": {
        "weight": 1.0,
        "id": 6422789944,
        "hasDetails": true,
        "name": "Super Natural",
        "address": "Calle Condes de Crespo Rasc\u00f3n 2-10"
      },
      "geometry": {
        "type": "Point",
        "coordinates": [
          -5.665933,
          40.9667297
        ]
      }
    },
    {
      "type": "Feature",
      "properties": {
        "weight": 1.0
      },
      "geometry": {
        "type": "Point",
        "coordinates": [
          -5.6533804,
          40.9667358
        ]
      }
    },
    {
      "type": "Feature",
      "properties": {
        "weight": 1.0
      },
      "geometry": {
        "type": "Point",
        "coordinates": [
          -5.656871,
          40.9667365
        ]
      }
    },
    {
      "type": "Feature",
      "properties": {
        "weight": 1.0
      },
      "geometry": {
        "type": "Point",
        "coordinates": [
          -5.6507199,
          40.966743
        ]
      }
    },
    {
      "type": "Feature",
      "properties": {
        "weight": 1.0,
        "id": 3247621488,
        "hasDetails": true,
        "name": "Mango Man",
        "address": "Calle Toro 27, Salamanca"
      },
      "geometry": {
        "type": "Point",
        "coordinates": [
          -5.6625084,
          40.9667524
        ]
      }
    },
    {
      "type": "Feature",
      "properties": {
        "weight": 1.0,
        "id": 6565201966,
        "hasDetails": true,
        "name": "Esencia",
        "opening_hours": "Mo-Th,Sa 10:00-14:00; Mo-Th 16:00-20:00; Fr 10:00-20:00"
      },
      "geometry": {
        "type": "Point",
        "coordinates": [
          -5.6576787,
          40.9667582
        ]
      }
    },
    {
      "type": "Feature",
      "properties": {
        "weight": 1.0,
        "id": 2898659732,
        "hasDetails": true,
        "name": "Caprichos",
        "opening_hours": "Mo-Sa 10:00-14:00; Mo-Fr 17:00-20:30"
      },
      "geometry": {
        "type": "Point",
        "coordinates": [
          -5.6536474,
          40.9667764
        ]
      }
    },
    {
      "type": "Feature",
      "properties": {
        "weight": 1.0
      },
      "geometry": {
        "type": "Point",
        "coordinates": [
          -5.6580148,
          40.9667776
        ]
      }
    },
    {
      "type": "Feature",
      "properties": {
        "weight": 1.0
      },
      "geometry": {
        "type": "Point",
        "coordinates": [
          -5.669528,
          40.9667803
        ]
      }
    },
    {
      "type": "Feature",
      "properties": {
        "weight": 1.0,
        "id": 4449179964,
        "hasDetails": true,
        "name": "Yotta Technologies",
        "website": "https://www.yottatech.es/"
      },
      "geometry": {
        "type": "Point",
        "coordinates": [
          -5.6703038,
          40.9667919
        ]
      }
    },
    {
      "type": "Feature",
      "properties": {
        "weight": 1.0,
        "id": 4353786833,
        "hasDetails": true,
        "name": "Santos Ochoa",
        "address": "Calle Gran V\u00eda 10, Salamanca",
        "website": "https://www.santosochoa.es/",
        "opening_hours": "Mo-Sa 10:00-14:00,17:00-21:00"
      },
      "geometry": {
        "type": "Point",
        "coordinates": [
          -5.6596791,
          40.9668059
        ]
      }
    },
    {
      "type": "Feature",
      "properties": {
        "weight": 1.0,
        "id": 4889168739,
        "hasDetails": true,
        "address": "Calle Toro 44, Salamanca"
      },
      "geometry": {
        "type": "Point",
        "coordinates": [
          -5.6622243,
          40.9668157
        ]
      }
    },
    {
      "type": "Feature",
      "properties": {
        "weight": 1.0
      },
      "geometry": {
        "type": "Point",
        "coordinates": [
          -5.6624387,
          40.9668266
        ]
      }
    },
    {
      "type": "Feature",
      "properties": {
        "weight": 1.0,
        "id": 9422384331,
        "hasDetails": true,
        "name": "La Flor de Iris",
        "address": "Calle de la Alamedilla 14, Salamanca"
      },
      "geometry": {
        "type": "Point",
        "coordinates": [
          -5.65708,
          40.9668411
        ]
      }
    },
    {
      "type": "Feature",
      "properties": {
        "weight": 1.0,
        "id": 1434132298,
        "hasDetails": true,
        "name": "Farmacia La Botica del Rollo",
        "amenity": "pharmacy",
        "address": "Paseo del Rollo 62",
        "opening_hours": "Mo-Fr 09:30-14:00,17:00-20:30; Sa 10:30-14:00",
        "names": [
          "Farmacia La Botica del Rollo",
          "Lava t\u00fa mismo"
        ]
      },
      "geometry": {
        "type": "Point",
        "coordinates": [
          -5.6500491,
          40.9668415
        ]
      }
    },
    {
      "type": "Feature",
      "properties": {
        "weight": 1.0
      },
      "geometry": {
        "type": "Point",
        "coordinates": [
          -5.6531953,
          40.9668483
        ]
      }
    },
    {
      "type": "Feature",
      "properties": {
        "weight": 1.0,
        "id": 1288269326,
        "hasDetails": true,
        "name": "Bolanda",
        "opening_hours": "Mo-Sa 09:00-14:00; Mo-Fr 16:30-20:15; Sa 17:00-20:00"
      },
      "geometry": {
        "type": "Point",
        "coordinates": [
          -5.6693764,
          40.9668917
        ]
      }
    },
    {
      "type": "Feature",
      "properties": {
        "weight": 1.0,
        "id": 4128044967,
        "hasDetails": true,
        "name": "Almac\u00e9n de frutas y Verduras Sierra",
        "address": "Calle Gran V\u00eda 21",
        "opening_hours": "Mo-Fr 09:30-15:00,17:30-20:30"
      },
      "geometry": {
        "type": "Point",
        "coordinates": [
          -5.6592743,
          40.9669369
        ]
      }
    },
    {
      "type": "Feature",
      "properties": {
        "weight": 1.0,
        "id": 9422206510,
        "hasDetails": true,
        "name": "La Jamoner\u00eda de Carmen",
        "address": "Cuesta del Carmen 24, Salamanca",
        "website": "https://www.jamoneriadecarmen.com",
        "opening_hours": "Mo-Fr 10:00-14:30,17:00-20:30; Sa 10:00-14:30"
      },
      "geometry": {
        "type": "Point",
        "coordinates": [
          -5.6665111,
          40.9669398
        ]
      }
    },
    {
      "type": "Feature",
      "properties": {
        "weight": 1.0,
        "id": 938878369,
        "hasDetails": true,
        "name": "Rituals",
        "address": "Calle Toro 50, Salamanca",
        "website": "https://www.rituals.com/es-es/home",
        "names": [
          "Rituals",
          "El Ganso"
        ]
      },
      "geometry": {
        "type": "Point",
        "coordinates": [
          -5.6620771,
          40.9669466
        ]
      }
    },
    {
      "type": "Feature",
      "properties": {
        "weight": 1.0,
        "id": 10761646934,
        "hasDetails": true,
        "name": "Ram\u00f3n Rodr\u00edguez e Hijos, S.L.",
        "address": "Paseo de Canalejas 22, Salamanca",
        "website": "https://www.ramonrodriguezehijos.com/",
        "opening_hours": "Mo-Fr 10:00-13:30,16:45-20:00; Sa 10:00-13:30"
      },
      "geometry": {
        "type": "Point",
        "coordinates": [
          -5.6580617,
          40.966951
        ]
      }
    },
    {
      "type": "Feature",
      "properties": {
        "weight": 1.0,
        "id": 1261958627,
        "hasDetails": true,
        "name": "General \u00d3ptica",
        "address": "Calle Azafranal 19, Salamanca",
        "website": "https://www.generaloptica.es/es/",
        "opening_hours": "Mo-Sa 10:00-14:00,17:00-20:30"
      },
      "geometry": {
        "type": "Point",
        "coordinates": [
          -5.6614572,
          40.9669529
        ]
      }
    },
    {
      "type": "Feature",
      "properties": {
        "weight": 1.0,
        "id": 2898659733,
        "hasDetails": true,
        "name": "Pasteler\u00eda San Marcos",
        "outdoor_seating": "no"
      },
      "geometry": {
        "type": "Point",
        "coordinates": [
          -5.6538853,
          40.9669549
        ]
      }
    },
    {
      "type": "Feature",
      "properties": {
        "weight": 1.0
      },
      "geometry": {
        "type": "Point",
        "coordinates": [
          -5.6533443,
          40.966978
        ]
      }
    },
    {
      "type": "Feature",
      "properties": {
        "weight": 1.0
      },
      "geometry": {
        "type": "Point",
        "coordinates": [
          -5.6611663,
          40.9669833
        ]
      }
    },
    {
      "type": "Feature",
      "properties": {
        "weight": 1.0,
        "id": 2869911219,
        "hasDetails": true,
        "name": "Alcampo",
        "opening_hours": "Mo-Sa 09:00-21:30"
      },
      "geometry": {
        "type": "Point",
        "coordinates": [
          -5.6498141,
          40.9669924
        ]
      }
    },
    {
      "type": "Feature",
      "properties": {
        "weight": 1.0,
        "id": 740158210,
        "hasDetails": true,
        "name": "Dia",
        "address": "Calle de La Vell\u00e9s 21, Salamanca",
        "opening_hours": "Mo-Sa 09:00-21:00; Su 10:00-15:00"
      },
      "geometry": {
        "type": "Point",
        "coordinates": [
          -5.6719186,
          40.9669953
        ]
      }
    },
    {
      "type": "Feature",
      "properties": {
        "weight": 1.0,
        "id": 6422708096,
        "hasDetails": true,
        "name": "Auditr\u00f3n",
        "address": "Calle Condes de Crespo Rasc\u00f3n 12, Salamanca",
        "website": "https://www.auditron.es",
        "opening_hours": "Mo-Fr 09:30-13:30,16:00-20:00; Sa 10:00-14:00"
      },
      "geometry": {
        "type": "Point",
        "coordinates": [
          -5.6657194,
          40.9670048
        ]
      }
    },
    {
      "type": "Feature",
      "properties": {
        "weight": 1.0
      },
      "geometry": {
        "type": "Point",
        "coordinates": [
          -5.6615442,
          40.967016
        ]
      }
    },
    {
      "type": "Feature",
      "properties": {
        "weight": 1.0,
        "id": 13827319681,
        "hasDetails": true,
        "name": "El Carmen",
        "address": "Cuesta del Carmen 27,33",
        "names": [
          "El Carmen",
          "Dania"
        ]
      },
      "geometry": {
        "type": "Point",
        "coordinates": [
          -5.6668105,
          40.9670185
        ]
      }
    },
    {
      "type": "Feature",
      "properties": {
        "weight": 1.0,
        "id": 11365131102,
        "hasDetails": true,
        "name": "Berretes",
        "website": "https://berretes.es/",
        "opening_hours": "Mo-Fr 09:00-15:00, Fr 17:00-19:00, Sa 10:00-13:30"
      },
      "geometry": {
        "type": "Point",
        "coordinates": [
          -5.652909,
          40.9670304
        ]
      }
    },
    {
      "type": "Feature",
      "properties": {
        "weight": 1.0,
        "id": 4612545992,
        "hasDetails": true,
        "name": "Natura",
        "website": "https://www.naturaselection.com/es",
        "opening_hours": "Mo-Sa 10:00-14:00,17:00-21:00"
      },
      "geometry": {
        "type": "Point",
        "coordinates": [
          -5.6610408,
          40.9670474
        ]
      }
    },
    {
      "type": "Feature",
      "properties": {
        "weight": 1.0,
        "id": 6565232240,
        "hasDetails": true,
        "name": "Rodr\u00edguez Manzano",
        "opening_hours": "Mo-Sa 09:30-13:30; Mo-Fr 16:30-20:30"
      },
      "geometry": {
        "type": "Point",
        "coordinates": [
          -5.6595522,
          40.9670483
        ]
      }
    },
    {
      "type": "Feature",
      "properties": {
        "weight": 1.0,
        "id": 2869911224,
        "hasDetails": true,
        "name": "Luciano Casanova",
        "opening_hours": "Mo-Fr 08:00-16:00"
      },
      "geometry": {
        "type": "Point",
        "coordinates": [
          -5.6501673,
          40.9670571
        ]
      }
    },
    {
      "type": "Feature",
      "properties": {
        "weight": 1.0
      },
      "geometry": {
        "type": "Point",
        "coordinates": [
          -5.6684469,
          40.9670612
        ]
      }
    },
    {
      "type": "Feature",
      "properties": {
        "weight": 1.0,
        "id": 4557498774,
        "hasDetails": true,
        "address": "Calle Arriba 7"
      },
      "geometry": {
        "type": "Point",
        "coordinates": [
          -5.6679938,
          40.9670625
        ]
      }
    },
    {
      "type": "Feature",
      "properties": {
        "weight": 1.0,
        "id": 3662574448,
        "hasDetails": true,
        "name": "Scalpers",
        "address": "Calle Toro 52, Salamanca",
        "website": "https://www.scalpers.es",
        "opening_hours": "Mo-Sa 10:00-21:00; PH 12:00-20:00",
        "names": [
          "Scalpers",
          "MISAKO",
          "Magia Joya"
        ]
      },
      "geometry": {
        "type": "Point",
        "coordinates": [
          -5.6619503,
          40.9670661
        ]
      }
    },
    {
      "type": "Feature",
      "properties": {
        "weight": 1.0,
        "id": 6428044319,
        "hasDetails": true,
        "name": "Agencia de viajes Pisa Mundo.",
        "website": "http://salamanca.pisamundo.com/",
        "opening_hours": "Mo-Fr 11:00-13:00",
        "names": [
          "Agencia de viajes Pisa Mundo.",
          "Peluquer\u00eda Rubias debote"
        ]
      },
      "geometry": {
        "type": "Point",
        "coordinates": [
          -5.6581075,
          40.9670726
        ]
      }
    },
    {
      "type": "Feature",
      "properties": {
        "weight": 1.0,
        "id": 2694672242,
        "hasDetails": true,
        "name": "Renault",
        "address": "Calle Nueva de San Bernardo 7",
        "opening_hours": "Mo-Fr 08:30-13:00,15:30-18:30; Sa 09:00-12:00"
      },
      "geometry": {
        "type": "Point",
        "coordinates": [
          -5.6696534,
          40.9670832
        ]
      }
    },
    {
      "type": "Feature",
      "properties": {
        "weight": 1.0,
        "id": 2900637300,
        "hasDetails": true,
        "name": "Mart\u00edn Porteros",
        "opening_hours": "Mo-Fr 09:00-13:30,16:00-20:00"
      },
      "geometry": {
        "type": "Point",
        "coordinates": [
          -5.6555871,
          40.9671128
        ]
      }
    },
    {
      "type": "Feature",
      "properties": {
        "weight": 1.0
      },
      "geometry": {
        "type": "Point",
        "coordinates": [
          -5.6530941,
          40.9671184
        ]
      }
    },
    {
      "type": "Feature",
      "properties": {
        "weight": 1.0,
        "id": 929521061,
        "hasDetails": true,
        "name": "Stradivarius",
        "address": "Calle Toro 39, Salamanca",
        "website": "https://www.stradivarius.com/",
        "opening_hours": "Mo-Sa 10:00-21:00"
      },
      "geometry": {
        "type": "Point",
        "coordinates": [
          -5.6621288,
          40.9671189
        ]
      }
    },
    {
      "type": "Feature",
      "properties": {
        "weight": 1.0
      },
      "geometry": {
        "type": "Point",
        "coordinates": [
          -5.6534947,
          40.9671233
        ]
      }
    },
    {
      "type": "Feature",
      "properties": {
        "weight": 1.0,
        "id": 4612545996,
        "hasDetails": true,
        "name": "Mariano",
        "address": "Calle Azafranal 18, Salamanca",
        "opening_hours": "Mo-Fr 09:30-13:30,17:00-20:00; Sa 10:00-13:30"
      },
      "geometry": {
        "type": "Point",
        "coordinates": [
          -5.6608866,
          40.9671243
        ]
      }
    },
    {
      "type": "Feature",
      "properties": {
        "weight": 1.0,
        "id": 4441390463,
        "hasDetails": true,
        "name": "Dehesa Grande",
        "address": "Cuesta del Carmen 24, Salamanca"
      },
      "geometry": {
        "type": "Point",
        "coordinates": [
          -5.6665934,
          40.9671255
        ]
      }
    },
    {
      "type": "Feature",
      "properties": {
        "weight": 1.0
      },
      "geometry": {
        "type": "Point",
        "coordinates": [
          -5.6642061,
          40.967128
        ]
      }
    },
    {
      "type": "Feature",
      "properties": {
        "weight": 1.0
      },
      "geometry": {
        "type": "Point",
        "coordinates": [
          -5.6617161,
          40.9671359
        ]
      }
    },
    {
      "type": "Feature",
      "properties": {
        "weight": 1.0
      },
      "geometry": {
        "type": "Point",
        "coordinates": [
          -5.6578041,
          40.9671359
        ]
      }
    },
    {
      "type": "Feature",
      "properties": {
        "weight": 1.0,
        "id": 3247621494,
        "hasDetails": true,
        "name": "Roselin Joyeros",
        "address": "Calle Toro 52, Salamanca",
        "website": "https://roselin.es/",
        "opening_hours": "Mo-Sa 10:00-14:00; Mo-Fr 17:00-20:00",
        "names": [
          "Roselin Joyeros",
          "Hawkers"
        ]
      },
      "geometry": {
        "type": "Point",
        "coordinates": [
          -5.6618766,
          40.9671378
        ]
      }
    },
    {
      "type": "Feature",
      "properties": {
        "weight": 1.0
      },
      "geometry": {
        "type": "Point",
        "coordinates": [
          -5.6502815,
          40.9671579
        ]
      }
    },
    {
      "type": "Feature",
      "properties": {
        "weight": 1.0,
        "id": 4146294943,
        "hasDetails": true,
        "name": "Letras Corsarias Librer\u00eda",
        "address": "Calle Rector Lucena 1, Salamanca",
        "website": "https://letrascorsarias.com/",
        "opening_hours": "Mo-Fr 10:00-14:00,18:00-21:00; Sa 10:00-14:00; Su off"
      },
      "geometry": {
        "type": "Point",
        "coordinates": [
          -5.663548,
          40.9671713
        ]
      }
    },
    {
      "type": "Feature",
      "properties": {
        "weight": 1.0,
        "id": 9452558059,
        "hasDetails": true,
        "name": "Iquevi",
        "opening_hours": "Mo-Fr 09:00-20:00; Sa 09:00-14:30"
      },
      "geometry": {
        "type": "Point",
        "coordinates": [
          -5.6627372,
          40.9671736
        ]
      }
    },
    {
      "type": "Feature",
      "properties": {
        "weight": 1.0,
        "id": 2869911226,
        "hasDetails": true,
        "name": "Innova Phone",
        "opening_hours": "Mo-Fr 09:30-15:00"
      },
      "geometry": {
        "type": "Point",
        "coordinates": [
          -5.6499598,
          40.967176
        ]
      }
    },
    {
      "type": "Feature",
      "properties": {
        "weight": 1.0
      },
      "geometry": {
        "type": "Point",
        "coordinates": [
          -5.6610395,
          40.9671861
        ]
      }
    },
    {
      "type": "Feature",
      "properties": {
        "weight": 1.0
      },
      "geometry": {
        "type": "Point",
        "coordinates": [
          -5.6669764,
          40.9671975
        ]
      }
    },
    {
      "type": "Feature",
      "properties": {
        "weight": 1.0,
        "id": 9422206501,
        "hasDetails": true,
        "name": "P&P",
        "address": "Calle del Doctor G\u00f3mez Ulla 39, Salamanca"
      },
      "geometry": {
        "type": "Point",
        "coordinates": [
          -5.6529693,
          40.967203
        ]
      }
    },
    {
      "type": "Feature",
      "properties": {
        "weight": 1.0,
        "id": 3247621496,
        "hasDetails": true,
        "name": "Tezenis",
        "address": "Calle Toro 43, Salamanca",
        "website": "http://www.tezenis.it/es/",
        "opening_hours": "Mo-Sa 10:00-21:00",
        "names": [
          "Tezenis",
          "Tous"
        ]
      },
      "geometry": {
        "type": "Point",
        "coordinates": [
          -5.6620115,
          40.967207
        ]
      }
    },
    {
      "type": "Feature",
      "properties": {
        "weight": 1.0,
        "id": 6565232237,
        "hasDetails": true,
        "name": "Cande Alberto",
        "opening_hours": "Mo-Fr 09:00-19:30; Sa 09:00-15:00"
      },
      "geometry": {
        "type": "Point",
        "coordinates": [
          -5.6594322,
          40.9672083
        ]
      }
    },
    {
      "type": "Feature",
      "properties": {
        "weight": 1.0
      },
      "geometry": {
        "type": "Point",
        "coordinates": [
          -5.667804,
          40.9672204
        ]
      }
    },
    {
      "type": "Feature",
      "properties": {
        "weight": 1.0
      },
      "geometry": {
        "type": "Point",
        "coordinates": [
          -5.66067,
          40.9672289
        ]
      }
    },
    {
      "type": "Feature",
      "properties": {
        "weight": 1.0,
        "id": 4015339999,
        "hasDetails": true,
        "name": "Kloe",
        "address": "Calle Abajo 20, Salamanca",
        "names": [
          "Kloe",
          "Nieves Sal\u00f3n de Peluquer\u00eda"
        ]
      },
      "geometry": {
        "type": "Point",
        "coordinates": [
          -5.6676091,
          40.9672306
        ]
      }
    },
    {
      "type": "Feature",
      "properties": {
        "weight": 1.0,
        "id": 3895702473,
        "hasDetails": true,
        "name": "Juguettos",
        "website": "https://juguettos.com/",
        "opening_hours": "Mo-Fr 10:00-13:45,17:00-20:30; Sa 10:15-14:15,17:15-20:45"
      },
      "geometry": {
        "type": "Point",
        "coordinates": [
          -5.6578117,
          40.9672323
        ]
      }
    },
    {
      "type": "Feature",
      "properties": {
        "weight": 1.0
      },
      "geometry": {
        "type": "Point",
        "coordinates": [
          -5.6525894,
          40.9672324
        ]
      }
    },
    {
      "type": "Feature",
      "properties": {
        "weight": 1.0,
        "id": 9422206504,
        "hasDetails": true,
        "name": "Quirom@",
        "address": "Calle Bermejeros 48, Salamanca",
        "website": "https://quiromamasajes.wixsite.com/centromasajes77",
        "opening_hours": "Mo-Fr 10:00-20:00"
      },
      "geometry": {
        "type": "Point",
        "coordinates": [
          -5.6600607,
          40.9672506
        ]
      }
    },
    {
      "type": "Feature",
      "properties": {
        "weight": 1.0
      },
      "geometry": {
        "type": "Point",
        "coordinates": [
          -5.6589876,
          40.9672511
        ]
      }
    },
    {
      "type": "Feature",
      "properties": {
        "weight": 1.0
      },
      "geometry": {
        "type": "Point",
        "coordinates": [
          -5.6493441,
          40.9672632
        ]
      }
    },
    {
      "type": "Feature",
      "properties": {
        "weight": 1.0
      },
      "geometry": {
        "type": "Point",
        "coordinates": [
          -5.6608786,
          40.9672646
        ]
      }
    },
    {
      "type": "Feature",
      "properties": {
        "weight": 1.0,
        "id": 1431425992,
        "hasDetails": true,
        "name": "Bazar Alimentaci\u00f3n II",
        "address": "Plaza de la Fuente 2",
        "names": [
          "Bazar Alimentaci\u00f3n II",
          "Compro Oro",
          "Peluquer\u00eda y est\u00e9tica Maribel"
        ]
      },
      "geometry": {
        "type": "Point",
        "coordinates": [
          -5.667079,
          40.9672707
        ]
      }
    },
    {
      "type": "Feature",
      "properties": {
        "weight": 1.0,
        "id": 3325641197,
        "hasDetails": true,
        "name": "El Jard\u00edn de la Alegr\u00eda",
        "address": "Cuesta de la Raqueta 10, Salamanca",
        "website": "https://eljardindelaalegria.net/",
        "opening_hours": "Mo-Fr 10:30-14:00,17:00-20:30; Sa 11:00-14:00"
      },
      "geometry": {
        "type": "Point",
        "coordinates": [
          -5.6586508,
          40.9672796
        ]
      }
    },
    {
      "type": "Feature",
      "properties": {
        "weight": 1.0,
        "id": 9776606803,
        "hasDetails": true,
        "name": "Singularu",
        "address": "Calle Toro 43,45, Salamanca",
        "names": [
          "Singularu",
          "Parfois"
        ]
      },
      "geometry": {
        "type": "Point",
        "coordinates": [
          -5.661921,
          40.9672917
        ]
      }
    },
    {
      "type": "Feature",
      "properties": {
        "weight": 1.0,
        "id": 182891290,
        "hasDetails": true,
        "name": "Zara",
        "address": "Calle Toro 58,62, Salamanca",
        "website": "https://www.zara.com/es/"
      },
      "geometry": {
        "type": "Point",
        "coordinates": [
          -5.6615008,
          40.967304
        ]
      }
    },
    {
      "type": "Feature",
      "properties": {
        "weight": 1.0,
        "id": 4612546006,
        "hasDetails": true,
        "name": "Gloria Galende",
        "website": "https://www.gloriagalende.com/",
        "opening_hours": "Mo-Sa 10:30-14:00; Mo-Fr 17:30-20:30"
      },
      "geometry": {
        "type": "Point",
        "coordinates": [
          -5.6604984,
          40.9673104
        ]
      }
    },
    {
      "type": "Feature",
      "properties": {
        "weight": 1.0,
        "id": 2869911221,
        "hasDetails": true,
        "name": "Foto Arce",
        "opening_hours": "Mo-Sa 10:00-14:00, Mo-Fr 17:00-20:00"
      },
      "geometry": {
        "type": "Point",
        "coordinates": [
          -5.6492481,
          40.9673173
        ]
      }
    },
    {
      "type": "Feature",
      "properties": {
        "weight": 1.0
      },
      "geometry": {
        "type": "Point",
        "coordinates": [
          -5.6600712,
          40.9673553
        ]
      }
    },
    {
      "type": "Feature",
      "properties": {
        "weight": 1.0
      },
      "geometry": {
        "type": "Point",
        "coordinates": [
          -5.6593319,
          40.9673569
        ]
      }
    },
    {
      "type": "Feature",
      "properties": {
        "weight": 1.0,
        "id": 1431425961,
        "hasDetails": true,
        "name": "Ferreter\u00eda Villamor",
        "address": "Plaza de la Fuente 4",
        "opening_hours": "Mo-Sa 08:30-14:00; Mo-Fr 17:00-20:00",
        "names": [
          "Ferreter\u00eda Villamor",
          "Carnicer\u00eda S\u00e1nchez Mart\u00edn",
          "La Barber\u00eda"
        ]
      },
      "geometry": {
        "type": "Point",
        "coordinates": [
          -5.6672402,
          40.9673737
        ]
      }
    },
    {
      "type": "Feature",
      "properties": {
        "weight": 1.0,
        "id": 4612546007,
        "hasDetails": true,
        "name": "KLAB",
        "website": "https://www.klab.es/",
        "opening_hours": "Mo-Fr 10:30-13:45,17:30-20:30; Sa 11:00-14:00"
      },
      "geometry": {
        "type": "Point",
        "coordinates": [
          -5.6606191,
          40.9673786
        ]
      }
    },
    {
      "type": "Feature",
      "properties": {
        "weight": 1.0
      },
      "geometry": {
        "type": "Point",
        "coordinates": [
          -5.6491179,
          40.9673921
        ]
      }
    },
    {
      "type": "Feature",
      "properties": {
        "weight": 1.0,
        "id": 3247621495,
        "hasDetails": true,
        "name": "Pandora",
        "address": "Calle Toro 47, Salamanca",
        "website": "https://www.pandora.net/es-es",
        "opening_hours": "Mo-Sa 10:00-21:00"
      },
      "geometry": {
        "type": "Point",
        "coordinates": [
          -5.6618262,
          40.9673955
        ]
      }
    },
    {
      "type": "Feature",
      "properties": {
        "weight": 1.0
      },
      "geometry": {
        "type": "Point",
        "coordinates": [
          -5.652319,
          40.9674046
        ]
      }
    },
    {
      "type": "Feature",
      "properties": {
        "weight": 1.0,
        "id": 2869854409,
        "hasDetails": true,
        "name": "Super Bazar",
        "opening_hours": "Mo-Sa 09:30-14:30,16:30-21:30"
      },
      "geometry": {
        "type": "Point",
        "coordinates": [
          -5.6495459,
          40.9674132
        ]
      }
    },
    {
      "type": "Feature",
      "properties": {
        "weight": 1.0
      },
      "geometry": {
        "type": "Point",
        "coordinates": [
          -5.6654529,
          40.967417
        ]
      }
    },
    {
      "type": "Feature",
      "properties": {
        "weight": 1.0,
        "id": 1431425967,
        "hasDetails": true,
        "name": "La Tahona de la Abuela",
        "address": "Plaza de la Fuente 5, Salamanca",
        "website": "https://latahonadelaabuela.com/",
        "opening_hours": "Mo-Su 09:00-15:30,17:30-20:45",
        "outdoor_seating": "no"
      },
      "geometry": {
        "type": "Point",
        "coordinates": [
          -5.667362,
          40.9674214
        ]
      }
    },
    {
      "type": "Feature",
      "properties": {
        "weight": 1.0,
        "id": 5950707686,
        "hasDetails": true,
        "name": "Aylan",
        "address": "Calle Azafranal 34, Salamanca"
      },
      "geometry": {
        "type": "Point",
        "coordinates": [
          -5.6602013,
          40.9674301
        ]
      }
    },
    {
      "type": "Feature",
      "properties": {
        "weight": 1.0,
        "id": 9422384327,
        "hasDetails": true,
        "name": "\u00d3ptica Manuel Pedraza",
        "address": "Plaza de la Fuente 18, Salamanca",
        "website": "https://www.opticapedraza.com",
        "opening_hours": "Mo 09:30-14:00,17:00-20:00; Tu-Sa 09:30-14:00"
      },
      "geometry": {
        "type": "Point",
        "coordinates": [
          -5.6667533,
          40.967435
        ]
      }
    },
    {
      "type": "Feature",
      "properties": {
        "weight": 1.0,
        "id": 9452558058,
        "hasDetails": true,
        "name": "La Flor de Am\u00e9rica",
        "opening_hours": "Mo-Sa 10:00-14:00; Mo-Fr 10:00-14:00"
      },
      "geometry": {
        "type": "Point",
        "coordinates": [
          -5.6624237,
          40.967436
        ]
      }
    },
    {
      "type": "Feature",
      "properties": {
        "weight": 1.0,
        "id": 3874463398,
        "hasDetails": true,
        "name": "Adolfo Dom\u00ednguez",
        "address": "Calle de Zamora 44",
        "website": "https://www.adolfodominguez.com/",
        "opening_hours": "Mo-Sa 10:00-20:30"
      },
      "geometry": {
        "type": "Point",
        "coordinates": [
          -5.6638824,
          40.967439
        ]
      }
    },
    {
      "type": "Feature",
      "properties": {
        "weight": 1.0
      },
      "geometry": {
        "type": "Point",
        "coordinates": [
          -5.6582716,
          40.9674427
        ]
      }
    },
    {
      "type": "Feature",
      "properties": {
        "weight": 1.0,
        "id": 8792653540,
        "hasDetails": true,
        "name": "Cayuni",
        "opening_hours": "Mo-Fr 10:00-13:45,17:00-20:30; Sa 10:00-14:00,17:00-20:30"
      },
      "geometry": {
        "type": "Point",
        "coordinates": [
          -5.6619302,
          40.9674664
        ]
      }
    },
    {
      "type": "Feature",
      "properties": {
        "weight": 1.0,
        "id": 5139090291,
        "hasDetails": true,
        "name": "Ponte Flamenca",
        "website": "http://ponteflamenca.es/"
      },
      "geometry": {
        "type": "Point",
        "coordinates": [
          -5.6453998,
          40.9674738
        ]
      }
    },
    {
      "type": "Feature",
      "properties": {
        "weight": 1.0,
        "id": 4871935799,
        "hasDetails": true,
        "name": "San Fernando",
        "address": "Calle Azafranal 36, Salamanca",
        "website": "https://papeleriasanfernando.com/",
        "opening_hours": "Mo-Fr 08:30-20:00; Tu-Su 09:30-13:30,16:30-20:00; Sa 10:00-13:30"
      },
      "geometry": {
        "type": "Point",
        "coordinates": [
          -5.6600258,
          40.9675043
        ]
      }
    },
    {
      "type": "Feature",
      "properties": {
        "weight": 1.0,
        "id": 2898598330,
        "hasDetails": true,
        "name": "Cristaler\u00eda El Diamante",
        "opening_hours": "Mo-Fr 10:00-14:00"
      },
      "geometry": {
        "type": "Point",
        "coordinates": [
          -5.6540274,
          40.9675274
        ]
      }
    },
    {
      "type": "Feature",
      "properties": {
        "weight": 1.0,
        "id": 2813307169,
        "hasDetails": true,
        "name": "Parfois",
        "address": "Calle Toro 49, Salamanca"
      },
      "geometry": {
        "type": "Point",
        "coordinates": [
          -5.6616874,
          40.9675291
        ]
      }
    },
    {
      "type": "Feature",
      "properties": {
        "weight": 1.0,
        "id": 3247478265,
        "hasDetails": true,
        "address": "Calle Toro 64, Salamanca"
      },
      "geometry": {
        "type": "Point",
        "coordinates": [
          -5.661444,
          40.9675306
        ]
      }
    },
    {
      "type": "Feature",
      "properties": {
        "weight": 1.0,
        "id": 9422384353,
        "hasDetails": true,
        "name": "Miguel \u00d3ptico",
        "address": "Calle Gran V\u00eda 13, Salamanca",
        "opening_hours": "Mo-Fr 09:45-13:30,17:00-20:00; Sa 09:45-13:30"
      },
      "geometry": {
        "type": "Point",
        "coordinates": [
          -5.6589162,
          40.9675327
        ]
      }
    },
    {
      "type": "Feature",
      "properties": {
        "weight": 1.0
      },
      "geometry": {
        "type": "Point",
        "coordinates": [
          -5.6521117,
          40.967535
        ]
      }
    },
    {
      "type": "Feature",
      "properties": {
        "weight": 1.0,
        "id": 8792653538,
        "hasDetails": true,
        "name": "Papeler\u00eda & Hobby",
        "opening_hours": "Mo-Fr 09:00-14:15,17:00-20:00; Sa 10:00-14:00"
      },
      "geometry": {
        "type": "Point",
        "coordinates": [
          -5.6620644,
          40.9675409
        ]
      }
    },
    {
      "type": "Feature",
      "properties": {
        "weight": 1.0
      },
      "geometry": {
        "type": "Point",
        "coordinates": [
          -5.6607583,
          40.9675523
        ]
      }
    },
    {
      "type": "Feature",
      "properties": {
        "weight": 1.0,
        "id": 3874463414,
        "hasDetails": true,
        "name": "Simorra",
        "address": "Calle de Zamora 46",
        "website": "https://simorra.com",
        "names": [
          "Simorra",
          "Zapattoni",
          "Loter\u00edas y Apuestas del Estado"
        ]
      },
      "geometry": {
        "type": "Point",
        "coordinates": [
          -5.6638596,
          40.9675672
        ]
      }
    },
    {
      "type": "Feature",
      "properties": {
        "weight": 1.0,
        "id": 9452558055,
        "hasDetails": true,
        "name": "Georgi's Cake",
        "address": "Calle Rector Tovar 16, Salamanca"
      },
      "geometry": {
        "type": "Point",
        "coordinates": [
          -5.6622878,
          40.9675678
        ]
      }
    },
    {
      "type": "Feature",
      "properties": {
        "weight": 1.0
      },
      "geometry": {
        "type": "Point",
        "coordinates": [
          -5.6655784,
          40.9675727
        ]
      }
    },
    {
      "type": "Feature",
      "properties": {
        "weight": 1.0,
        "id": 5950738155,
        "hasDetails": true,
        "name": "Copister\u00eda Colores",
        "opening_hours": "Mo-Fr 09:30-13:30,17:00-19:30",
        "names": [
          "Copister\u00eda Colores",
          "Administraci\u00f3n n\u00ba9. Do\u00f1a In\u00e9s"
        ]
      },
      "geometry": {
        "type": "Point",
        "coordinates": [
          -5.6598136,
          40.9675829
        ]
      }
    },
    {
      "type": "Feature",
      "properties": {
        "weight": 1.0
      },
      "geometry": {
        "type": "Point",
        "coordinates": [
          -5.6606472,
          40.9675928
        ]
      }
    },
    {
      "type": "Feature",
      "properties": {
        "weight": 1.0
      },
      "geometry": {
        "type": "Point",
        "coordinates": [
          -5.6531557,
          40.9675947
        ]
      }
    },
    {
      "type": "Feature",
      "properties": {
        "weight": 1.0
      },
      "geometry": {
        "type": "Point",
        "coordinates": [
          -5.6600912,
          40.9676013
        ]
      }
    },
    {
      "type": "Feature",
      "properties": {
        "weight": 1.0,
        "id": 5357811956,
        "hasDetails": true,
        "name": "Tribu Estilistas",
        "website": "https://www.tribuestilistas.es/",
        "opening_hours": "Mo-Fr 09:30-20:00; Sa 09:30-14:30"
      },
      "geometry": {
        "type": "Point",
        "coordinates": [
          -5.6667642,
          40.967607
        ]
      }
    },
    {
      "type": "Feature",
      "properties": {
        "weight": 1.0,
        "id": 6426607869,
        "hasDetails": true,
        "name": "Vapister\u00eda",
        "address": "Calle Santa Teresa 14,16, Salamanca",
        "website": "https://vapisteria.es/",
        "opening_hours": "Mo-Sa 10:00-14:00; Mo-Fr 17:30-20:30"
      },
      "geometry": {
        "type": "Point",
        "coordinates": [
          -5.6657162,
          40.9676153
        ]
      }
    },
    {
      "type": "Feature",
      "properties": {
        "weight": 1.0,
        "id": 2869854411,
        "hasDetails": true,
        "name": "Guillermo Pelukeros",
        "opening_hours": "Mo-Th 10:00-14:00; Tu 17:00-20:00; Mo,We,Th 17:00-20:30; Fr 10:00-20:30; Sa 09:30-14:00"
      },
      "geometry": {
        "type": "Point",
        "coordinates": [
          -5.6487489,
          40.9676165
        ]
      }
    },
    {
      "type": "Feature",
      "properties": {
        "weight": 1.0
      },
      "geometry": {
        "type": "Point",
        "coordinates": [
          -5.6613393,
          40.9676275
        ]
      }
    },
    {
      "type": "Feature",
      "properties": {
        "weight": 1.0,
        "id": 5950707688,
        "hasDetails": true,
        "name": "Bazar \"EL MAS\"",
        "address": "Calle Azafranal 46",
        "website": "https://www.unbazar.es",
        "opening_hours": "Mo-Sa 10:00-14:00,17:00-21:00"
      },
      "geometry": {
        "type": "Point",
        "coordinates": [
          -5.6596756,
          40.9676275
        ]
      }
    },
    {
      "type": "Feature",
      "properties": {
        "weight": 1.0
      },
      "geometry": {
        "type": "Point",
        "coordinates": [
          -5.6501417,
          40.9676746
        ]
      }
    },
    {
      "type": "Feature",
      "properties": {
        "weight": 1.0
      },
      "geometry": {
        "type": "Point",
        "coordinates": [
          -5.64996,
          40.9676808
        ]
      }
    },
    {
      "type": "Feature",
      "properties": {
        "weight": 1.0,
        "id": 6379657314,
        "hasDetails": true,
        "name": "Pilar Prieto",
        "opening_hours": "Mo-Fr 10:00-13:45,17:00-20:30; Sa 10:00-13:45"
      },
      "geometry": {
        "type": "Point",
        "coordinates": [
          -5.6623838,
          40.9676838
        ]
      }
    },
    {
      "type": "Feature",
      "properties": {
        "weight": 1.0
      },
      "geometry": {
        "type": "Point",
        "coordinates": [
          -5.6584294,
          40.9676875
        ]
      }
    },
    {
      "type": "Feature",
      "properties": {
        "weight": 1.0
      },
      "geometry": {
        "type": "Point",
        "coordinates": [
          -5.6678308,
          40.9676926
        ]
      }
    },
    {
      "type": "Feature",
      "properties": {
        "weight": 1.0
      },
      "geometry": {
        "type": "Point",
        "coordinates": [
          -5.6601507,
          40.9676967
        ]
      }
    },
    {
      "type": "Feature",
      "properties": {
        "weight": 1.0,
        "id": 3874463409,
        "hasDetails": true,
        "name": "Compro Oro Tormes",
        "address": "Calle de Zamora 50,52"
      },
      "geometry": {
        "type": "Point",
        "coordinates": [
          -5.6638333,
          40.9676977
        ]
      }
    },
    {
      "type": "Feature",
      "properties": {
        "weight": 1.0
      },
      "geometry": {
        "type": "Point",
        "coordinates": [
          -5.6598017,
          40.9677021
        ]
      }
    },
    {
      "type": "Feature",
      "properties": {
        "weight": 1.0
      },
      "geometry": {
        "type": "Point",
        "coordinates": [
          -5.6523236,
          40.9677058
        ]
      }
    },
    {
      "type": "Feature",
      "properties": {
        "weight": 1.0
      },
      "geometry": {
        "type": "Point",
        "coordinates": [
          -5.659496,
          40.9677073
        ]
      }
    },
    {
      "type": "Feature",
      "properties": {
        "weight": 1.0,
        "id": 2869911223,
        "hasDetails": true,
        "name": "Las Landas",
        "opening_hours": "Mo-Sa 09:00-14:00",
        "names": [
          "Las Landas",
          "Carnicer\u00eda Luis"
        ]
      },
      "geometry": {
        "type": "Point",
        "coordinates": [
          -5.6485525,
          40.9677233
        ]
      }
    },
    {
      "type": "Feature",
      "properties": {
        "weight": 1.0,
        "id": 1431425952,
        "hasDetails": true,
        "name": "Mi Alcampo",
        "opening_hours": "Mo-Su 07:00-25:00"
      },
      "geometry": {
        "type": "Point",
        "coordinates": [
          -5.6670429,
          40.9677321
        ]
      }
    },
    {
      "type": "Feature",
      "properties": {
        "weight": 1.0
      },
      "geometry": {
        "type": "Point",
        "coordinates": [
          -5.6640211,
          40.9677331
        ]
      }
    },
    {
      "type": "Feature",
      "properties": {
        "weight": 1.0,
        "id": 2869801951,
        "hasDetails": true,
        "name": "Chakra Salamanca",
        "website": "http://www.chakrasalamanca.es/",
        "opening_hours": "Mo-Fr 10:30-14:15,17:30-20:30"
      },
      "geometry": {
        "type": "Point",
        "coordinates": [
          -5.6505094,
          40.9677387
        ]
      }
    },
    {
      "type": "Feature",
      "properties": {
        "weight": 1.0,
        "id": 5950707691,
        "hasDetails": true,
        "name": "Una m\u00e1s",
        "address": "Calle Azafranal 51, Salamanca",
        "opening_hours": "Mo-Fr 10:00-14:00,17:00-21:00; Sa 10:00-14:30,17:00-21:00"
      },
      "geometry": {
        "type": "Point",
        "coordinates": [
          -5.6596879,
          40.9677434
        ]
      }
    },
    {
      "type": "Feature",
      "properties": {
        "weight": 1.0,
        "id": 2897002829,
        "hasDetails": true,
        "name": "Cortinajes Toribio",
        "opening_hours": "Mo-Fr 10:00-13:30; Mo-Th 17:30-20:00"
      },
      "geometry": {
        "type": "Point",
        "coordinates": [
          -5.6531356,
          40.9677474
        ]
      }
    },
    {
      "type": "Feature",
      "properties": {
        "weight": 1.0,
        "id": 3247478263,
        "hasDetails": true,
        "name": "Zapshop",
        "address": "Calle Toro 68, Salamanca"
      },
      "geometry": {
        "type": "Point",
        "coordinates": [
          -5.6611897,
          40.967763
        ]
      }
    },
    {
      "type": "Feature",
      "properties": {
        "weight": 1.0
      },
      "geometry": {
        "type": "Point",
        "coordinates": [
          -5.6587548,
          40.9677754
        ]
      }
    },
    {
      "type": "Feature",
      "properties": {
        "weight": 1.0,
        "id": 1309067695,
        "hasDetails": true,
        "name": "Cooperativa C\u00edvico-Militar",
        "address": "Calle de Zamora 50,52",
        "website": "https://www.cooperativacivico.es/",
        "opening_hours": "Mo-Sa 10:00-14:00; Mo-Fr 17:00-20:00",
        "names": [
          "Cooperativa C\u00edvico-Militar",
          "Cande Alberto"
        ]
      },
      "geometry": {
        "type": "Point",
        "coordinates": [
          -5.663818,
          40.9677878
        ]
      }
    },
    {
      "type": "Feature",
      "properties": {
        "weight": 1.0,
        "id": 6490909464,
        "hasDetails": true,
        "name": "Super 100",
        "opening_hours": "Mo-Fr 10:00-14:30,17:00-21:30"
      },
      "geometry": {
        "type": "Point",
        "coordinates": [
          -5.6585093,
          40.9678179
        ]
      }
    },
    {
      "type": "Feature",
      "properties": {
        "weight": 1.0,
        "id": 4871935796,
        "hasDetails": true,
        "name": "Winker",
        "opening_hours": "Mo-Fr 10:00-13:30,17:00-20:30; Sa 10:00-14:00",
        "names": [
          "Winker",
          "Platos Rotos"
        ]
      },
      "geometry": {
        "type": "Point",
        "coordinates": [
          -5.6594514,
          40.9678347
        ]
      }
    },
    {
      "type": "Feature",
      "properties": {
        "weight": 1.0,
        "id": 8533357205,
        "hasDetails": true,
        "name": "Irene Mart\u00edn Beauty Room",
        "opening_hours": "Mo-Th,Sa 10:00-14:00; Mo-Th 16:00-20:00; Fr 10:00-20:00"
      },
      "geometry": {
        "type": "Point",
        "coordinates": [
          -5.6529758,
          40.9678541
        ]
      }
    },
    {
      "type": "Feature",
      "properties": {
        "weight": 1.0
      },
      "geometry": {
        "type": "Point",
        "coordinates": [
          -5.6610907,
          40.9678655
        ]
      }
    },
    {
      "type": "Feature",
      "properties": {
        "weight": 1.0,
        "id": 3874463416,
        "hasDetails": true,
        "name": "Halc\u00f3n Viajes",
        "address": "Calle de Zamora 54, Salamanca",
        "website": "https://halconviajes.com/es/agencia-de-viajes/SALAMANCA/0008",
        "opening_hours": "Mo-Fr 09:30-13:30,16:00-20:00",
        "names": [
          "Halc\u00f3n Viajes",
          "Ballesteros"
        ]
      },
      "geometry": {
        "type": "Point",
        "coordinates": [
          -5.663801,
          40.9678884
        ]
      }
    },
    {
      "type": "Feature",
      "properties": {
        "weight": 1.0,
        "id": 3284347300,
        "hasDetails": true,
        "name": "Roberto Verino",
        "address": "Calle V\u00e1zquez Coronado 8,10, Salamanca"
      },
      "geometry": {
        "type": "Point",
        "coordinates": [
          -5.663064,
          40.967917
        ]
      }
    },
    {
      "type": "Feature",
      "properties": {
        "weight": 1.0,
        "id": 3255519897,
        "hasDetails": true,
        "address": "Paseo del Rollo 90, Salamanca"
      },
      "geometry": {
        "type": "Point",
        "coordinates": [
          -5.6482093,
          40.967921
        ]
      }
    },
    {
      "type": "Feature",
      "properties": {
        "weight": 1.0
      },
      "geometry": {
        "type": "Point",
        "coordinates": [
          -5.6632298,
          40.967951
        ]
      }
    },
    {
      "type": "Feature",
      "properties": {
        "weight": 1.0,
        "id": 3284347306,
        "hasDetails": true,
        "name": "Granier",
        "address": "Calle de Zamora 41, Salamanca",
        "website": "https://pansgranier.com/",
        "opening_hours": "Mo-Fr 08:30-21:00; Sa 09:30-21:00; Su 10:00-21:00"
      },
      "geometry": {
        "type": "Point",
        "coordinates": [
          -5.6639812,
          40.967959
        ]
      }
    },
    {
      "type": "Feature",
      "properties": {
        "weight": 1.0
      },
      "geometry": {
        "type": "Point",
        "coordinates": [
          -5.6586286,
          40.967966
        ]
      }
    },
    {
      "type": "Feature",
      "properties": {
        "weight": 1.0,
        "id": 928566014,
        "hasDetails": true,
        "name": "Charm",
        "address": "Calle Toro 76, Salamanca"
      },
      "geometry": {
        "type": "Point",
        "coordinates": [
          -5.660966,
          40.9679731
        ]
      }
    },
    {
      "type": "Feature",
      "properties": {
        "weight": 1.0,
        "id": 1261958652,
        "hasDetails": true,
        "name": "Multi \u00d3pticas",
        "address": "Calle V\u00e1zquez Coronado 15, Salamanca",
        "website": "https://www.multiopticas.com/",
        "opening_hours": "Mo-Sa 10:15-14:00; Mo-Fr 17:00-20:30"
      },
      "geometry": {
        "type": "Point",
        "coordinates": [
          -5.662692,
          40.9679736
        ]
      }
    },
    {
      "type": "Feature",
      "properties": {
        "weight": 1.0,
        "id": 2385055317,
        "hasDetails": true,
        "name": "La Tahona",
        "address": "Calle Azafranal 53, Salamanca",
        "website": "http://www.latahona.es/",
        "opening_hours": "Mo-Sa 08:30-15:00,17:30-20:30",
        "outdoor_seating": "no",
        "names": [
          "La Tahona",
          "Beleq"
        ]
      },
      "geometry": {
        "type": "Point",
        "coordinates": [
          -5.6590962,
          40.9679794
        ]
      }
    },
    {
      "type": "Feature",
      "properties": {
        "weight": 1.0
      },
      "geometry": {
        "type": "Point",
        "coordinates": [
          -5.6635058,
          40.9680103
        ]
      }
    },
    {
      "type": "Feature",
      "properties": {
        "weight": 1.0,
        "id": 3874463410,
        "hasDetails": true,
        "name": "Exp. n\u00ba 9",
        "address": "Calle de Zamora 56",
        "opening_hours": "Mo-Fr 08:30-23:00; Sa,Su,PH 09:00-23:00",
        "names": [
          "Exp. n\u00ba 9",
          "Alternative CBD"
        ]
      },
      "geometry": {
        "type": "Point",
        "coordinates": [
          -5.6637796,
          40.9680165
        ]
      }
    },
    {
      "type": "Feature",
      "properties": {
        "weight": 1.0,
        "id": 5115027306,
        "hasDetails": true,
        "name": "Mayoral",
        "opening_hours": "Mo-Sa 10:00-20:00",
        "names": [
          "Mayoral",
          "Silbon",
          "Horno San Juan"
        ]
      },
      "geometry": {
        "type": "Point",
        "coordinates": [
          -5.6614278,
          40.9680339
        ]
      }
    },
    {
      "type": "Feature",
      "properties": {
        "weight": 1.0
      },
      "geometry": {
        "type": "Point",
        "coordinates": [
          -5.6636248,
          40.9680363
        ]
      }
    },
    {
      "type": "Feature",
      "properties": {
        "weight": 1.0
      },
      "geometry": {
        "type": "Point",
        "coordinates": [
          -5.6589422,
          40.9680384
        ]
      }
    },
    {
      "type": "Feature",
      "properties": {
        "weight": 1.0,
        "id": 3247472111,
        "hasDetails": true,
        "name": "Beth's Hair",
        "address": "Calle Toro 78, Salamanca"
      },
      "geometry": {
        "type": "Point",
        "coordinates": [
          -5.6608854,
          40.9680428
        ]
      }
    },
    {
      "type": "Feature",
      "properties": {
        "weight": 1.0
      },
      "geometry": {
        "type": "Point",
        "coordinates": [
          -5.6497497,
          40.9680564
        ]
      }
    },
    {
      "type": "Feature",
      "properties": {
        "weight": 1.0
      },
      "geometry": {
        "type": "Point",
        "coordinates": [
          -5.6631547,
          40.9680576
        ]
      }
    },
    {
      "type": "Feature",
      "properties": {
        "weight": 1.0,
        "id": 3868863183,
        "hasDetails": true,
        "name": "Gaes",
        "opening_hours": "Mo-Fr 09:00-14:00,16:30-19:30; Sa 10:00-13:00"
      },
      "geometry": {
        "type": "Point",
        "coordinates": [
          -5.6630027,
          40.9680698
        ]
      }
    },
    {
      "type": "Feature",
      "properties": {
        "weight": 1.0,
        "id": 4612566001,
        "hasDetails": true,
        "name": "Mar\u00eda Gallego",
        "address": "Calle V\u00e1zquez Coronado 5,7",
        "opening_hours": "Mo-Sa 10:30-14:00; Mo-Fr 17:00-19:30",
        "names": [
          "Mar\u00eda Gallego",
          "Galante Peleteros"
        ]
      },
      "geometry": {
        "type": "Point",
        "coordinates": [
          -5.6634549,
          40.9681237
        ]
      }
    },
    {
      "type": "Feature",
      "properties": {
        "weight": 1.0
      },
      "geometry": {
        "type": "Point",
        "coordinates": [
          -5.6506641,
          40.9681267
        ]
      }
    },
    {
      "type": "Feature",
      "properties": {
        "weight": 1.0
      },
      "geometry": {
        "type": "Point",
        "coordinates": [
          -5.6639468,
          40.968148
        ]
      }
    },
    {
      "type": "Feature",
      "properties": {
        "weight": 1.0,
        "id": 1434900841,
        "hasDetails": true,
        "name": "Carrefour Market",
        "address": "Calle Toro 82, Salamanca",
        "website": "https://www.carrefour.es/",
        "opening_hours": "Mo-Sa 09:00-22:00",
        "names": [
          "Carrefour Market",
          "Snipes"
        ]
      },
      "geometry": {
        "type": "Point",
        "coordinates": [
          -5.6607448,
          40.9681535
        ]
      }
    },
    {
      "type": "Feature",
      "properties": {
        "weight": 1.0
      },
      "geometry": {
        "type": "Point",
        "coordinates": [
          -5.6678356,
          40.9681766
        ]
      }
    },
    {
      "type": "Feature",
      "properties": {
        "weight": 1.0,
        "id": 5950707692,
        "hasDetails": true,
        "name": "Saneamientos N\u00fa\u00f1ez",
        "address": "Calle Cristo de los Milagros 7, Salamanca"
      },
      "geometry": {
        "type": "Point",
        "coordinates": [
          -5.6595173,
          40.9681799
        ]
      }
    },
    {
      "type": "Feature",
      "properties": {
        "weight": 1.0
      },
      "geometry": {
        "type": "Point",
        "coordinates": [
          -5.6527698,
          40.9681867
        ]
      }
    },
    {
      "type": "Feature",
      "properties": {
        "weight": 1.0
      },
      "geometry": {
        "type": "Point",
        "coordinates": [
          -5.6494094,
          40.9682196
        ]
      }
    },
    {
      "type": "Feature",
      "properties": {
        "weight": 1.0,
        "id": 3868863182,
        "hasDetails": true,
        "name": "La Liebre",
        "opening_hours": "Tu-Sa 11:00-19:00"
      },
      "geometry": {
        "type": "Point",
        "coordinates": [
          -5.6628121,
          40.9682311
        ]
      }
    },
    {
      "type": "Feature",
      "properties": {
        "weight": 1.0,
        "id": 2869911218,
        "hasDetails": true,
        "name": "Complementos Zarza",
        "opening_hours": "Mo-Sa 10:00-14:00, Mo-Fr 17:00-20:30"
      },
      "geometry": {
        "type": "Point",
        "coordinates": [
          -5.6476798,
          40.9682323
        ]
      }
    },
    {
      "type": "Feature",
      "properties": {
        "weight": 1.0
      },
      "geometry": {
        "type": "Point",
        "coordinates": [
          -5.6639252,
          40.968249
        ]
      }
    },
    {
      "type": "Feature",
      "properties": {
        "weight": 1.0
      },
      "geometry": {
        "type": "Point",
        "coordinates": [
          -5.6681943,
          40.9682507
        ]
      }
    },
    {
      "type": "Feature",
      "properties": {
        "weight": 1.0,
        "id": 9422384352,
        "hasDetails": true,
        "name": "Kiodai",
        "address": "Calle Corrales de Monroy 35, Salamanca",
        "website": "https://www.kiodai.es",
        "opening_hours": "Mo-Fr 10:00-20:30"
      },
      "geometry": {
        "type": "Point",
        "coordinates": [
          -5.6598312,
          40.9682572
        ]
      }
    },
    {
      "type": "Feature",
      "properties": {
        "weight": 1.0,
        "id": 3247465269,
        "hasDetails": true,
        "name": "Game",
        "address": "Calle Toro 84, Salamanca",
        "website": "https://www.game.es/",
        "opening_hours": "Mo-Sa 10:00-20:45",
        "names": [
          "Game",
          "Bershka"
        ]
      },
      "geometry": {
        "type": "Point",
        "coordinates": [
          -5.6605449,
          40.9682784
        ]
      }
    },
    {
      "type": "Feature",
      "properties": {
        "weight": 1.0,
        "id": 846979950,
        "hasDetails": true,
        "name": "Granier",
        "amenity": "pub",
        "website": "https://pansgranier.com/"
      },
      "geometry": {
        "type": "Point",
        "coordinates": [
          -5.6670629,
          40.9682832
        ]
      }
    },
    {
      "type": "Feature",
      "properties": {
        "weight": 1.0,
        "id": 2869801945,
        "hasDetails": true,
        "name": "Acuario Arrecife",
        "website": "https://acuarioarrecife.es/",
        "opening_hours": "Mo-Sa 10:15-14:00; Mo-Fr 17:30-20:00"
      },
      "geometry": {
        "type": "Point",
        "coordinates": [
          -5.6507303,
          40.9682892
        ]
      }
    },
    {
      "type": "Feature",
      "properties": {
        "weight": 1.0,
        "id": 2749236359,
        "hasDetails": true,
        "name": "Campus 13",
        "address": "Paseo Francisco Tom\u00e1s y Valiente 6, Salamanca"
      },
      "geometry": {
        "type": "Point",
        "coordinates": [
          -5.6763754,
          40.9682903
        ]
      }
    },
    {
      "type": "Feature",
      "properties": {
        "weight": 1.0,
        "id": 3752439131,
        "hasDetails": true,
        "name": "\u00d3ptica Universitaria",
        "address": "Calle Toro 65, Salamanca"
      },
      "geometry": {
        "type": "Point",
        "coordinates": [
          -5.6607442,
          40.9683165
        ]
      }
    },
    {
      "type": "Feature",
      "properties": {
        "weight": 1.0,
        "id": 9496154400,
        "hasDetails": true,
        "name": "Audika",
        "opening_hours": "Mo-Fr 09:30-14:00,16:30-20:00"
      },
      "geometry": {
        "type": "Point",
        "coordinates": [
          -5.6627955,
          40.9683232
        ]
      }
    },
    {
      "type": "Feature",
      "properties": {
        "weight": 1.0,
        "id": 3868863199,
        "hasDetails": true,
        "name": "E. Ter\u00e1n",
        "website": "https://evateran.com/"
      },
      "geometry": {
        "type": "Point",
        "coordinates": [
          -5.6629641,
          40.9683243
        ]
      }
    },
    {
      "type": "Feature",
      "properties": {
        "weight": 1.0,
        "id": 11000944491,
        "hasDetails": true,
        "name": "Coocer",
        "address": "Ronda del Corpus 14",
        "website": "https://coocer.es/"
      },
      "geometry": {
        "type": "Point",
        "coordinates": [
          -5.6664763,
          40.9683372
        ]
      }
    },
    {
      "type": "Feature",
      "properties": {
        "weight": 1.0,
        "id": 3909172218,
        "hasDetails": true,
        "name": "Juan Carlos",
        "address": "Calle Cruz de Caravaca 2, Salamanca",
        "opening_hours": "Mo-Th 09:30-14:00,16:30-20:30; Fr 09:30-20:30; Sa 09:00-14:00",
        "names": [
          "Juan Carlos",
          "Dehesa Grande",
          "Pasteler\u00eda La Madrile\u00f1a de Alba de Tormes"
        ]
      },
      "geometry": {
        "type": "Point",
        "coordinates": [
          -5.6528805,
          40.9683392
        ]
      }
    },
    {
      "type": "Feature",
      "properties": {
        "weight": 1.0
      },
      "geometry": {
        "type": "Point",
        "coordinates": [
          -5.6762744,
          40.9683541
        ]
      }
    },
    {
      "type": "Feature",
      "properties": {
        "weight": 1.0,
        "id": 1796790445,
        "hasDetails": true,
        "name": "Zara Home",
        "address": "Calle de Zamora 62,64",
        "website": "https://www.zarahome.com/es/es/"
      },
      "geometry": {
        "type": "Point",
        "coordinates": [
          -5.6637198,
          40.9683556
        ]
      }
    },
    {
      "type": "Feature",
      "properties": {
        "weight": 1.0
      },
      "geometry": {
        "type": "Point",
        "coordinates": [
          -5.6537184,
          40.9683682
        ]
      }
    },
    {
      "type": "Feature",
      "properties": {
        "weight": 1.0,
        "id": 3247465271,
        "hasDetails": true,
        "name": "Queen",
        "opening_hours": "Mo-Sa 10:15-14:00; Mo-Fr 17:15-20:30"
      },
      "geometry": {
        "type": "Point",
        "coordinates": [
          -5.6609288,
          40.9683685
        ]
      }
    },
    {
      "type": "Feature",
      "properties": {
        "weight": 1.0,
        "id": 2869911220,
        "hasDetails": true,
        "name": "Ferreter\u00eda Madrid",
        "opening_hours": "Mo-Fr 10:00-13:45,17:00-20:00; Sa 10:00-14:00"
      },
      "geometry": {
        "type": "Point",
        "coordinates": [
          -5.6478757,
          40.968371
        ]
      }
    },
    {
      "type": "Feature",
      "properties": {
        "weight": 1.0,
        "id": 3626527228,
        "hasDetails": true,
        "name": "Brownie",
        "address": "Calle Toro 84, Salamanca"
      },
      "geometry": {
        "type": "Point",
        "coordinates": [
          -5.6603707,
          40.9683721
        ]
      }
    },
    {
      "type": "Feature",
      "properties": {
        "weight": 1.0
      },
      "geometry": {
        "type": "Point",
        "coordinates": [
          -5.6596296,
          40.9683872
        ]
      }
    },
    {
      "type": "Feature",
      "properties": {
        "weight": 1.0
      },
      "geometry": {
        "type": "Point",
        "coordinates": [
          -5.6492353,
          40.9683904
        ]
      }
    },
    {
      "type": "Feature",
      "properties": {
        "weight": 1.0,
        "id": 6514279252,
        "hasDetails": true,
        "name": "Lavander\u00eda Autoservicio Aqua",
        "opening_hours": "Mo-Su,PH 08:00-22:00"
      },
      "geometry": {
        "type": "Point",
        "coordinates": [
          -5.6494455,
          40.9683934
        ]
      }
    },
    {
      "type": "Feature",
      "properties": {
        "weight": 1.0,
        "id": 3874463406,
        "hasDetails": true,
        "address": "Calle de Zamora 49, Salamanca"
      },
      "geometry": {
        "type": "Point",
        "coordinates": [
          -5.6639028,
          40.9683954
        ]
      }
    },
    {
      "type": "Feature",
      "properties": {
        "weight": 1.0
      },
      "geometry": {
        "type": "Point",
        "coordinates": [
          -5.6616819,
          40.9683964
        ]
      }
    },
    {
      "type": "Feature",
      "properties": {
        "weight": 1.0,
        "id": 13978675188,
        "hasDetails": true,
        "name": "Ikigai C\u00f3mics",
        "address": "Calle Cristo de los Milagros 12",
        "website": "https://ikigaicomicstienda.com",
        "opening_hours": "Mo off; Tu-Sa 10:00-14:00,17:00-20:00; Su off"
      },
      "geometry": {
        "type": "Point",
        "coordinates": [
          -5.659504,
          40.9683992
        ]
      }
    },
    {
      "type": "Feature",
      "properties": {
        "weight": 1.0,
        "id": 1431425985,
        "hasDetails": true,
        "name": "Lady Fashion",
        "opening_hours": "Mo-Sa 10:00-14:00,17:00-21:00",
        "names": [
          "Lady Fashion",
          "Nautalia Viajes"
        ]
      },
      "geometry": {
        "type": "Point",
        "coordinates": [
          -5.6683261,
          40.9684079
        ]
      }
    },
    {
      "type": "Feature",
      "properties": {
        "weight": 1.0
      },
      "geometry": {
        "type": "Point",
        "coordinates": [
          -5.6629425,
          40.968413
        ]
      }
    },
    {
      "type": "Feature",
      "properties": {
        "weight": 1.0
      },
      "geometry": {
        "type": "Point",
        "coordinates": [
          -5.65916,
          40.9684135
        ]
      }
    },
    {
      "type": "Feature",
      "properties": {
        "weight": 1.0,
        "id": 3868863200,
        "hasDetails": true,
        "address": "Calle Sol Oriente 10, Salamanca"
      },
      "geometry": {
        "type": "Point",
        "coordinates": [
          -5.6627847,
          40.9684141
        ]
      }
    },
    {
      "type": "Feature",
      "properties": {
        "weight": 1.0,
        "id": 2315962677,
        "hasDetails": true,
        "name": "Ratio Legis",
        "address": "Paseo Francisco Tom\u00e1s y Valiente 14, Salamanca",
        "website": "https://www.ratiolegis.net/",
        "opening_hours": "Mo-Fr 10:00-14:15,16:30-20:15; Sa 10:30-13:30"
      },
      "geometry": {
        "type": "Point",
        "coordinates": [
          -5.6761721,
          40.9684231
        ]
      }
    },
    {
      "type": "Feature",
      "properties": {
        "weight": 1.0,
        "id": 3626527226,
        "hasDetails": true,
        "name": "Indi & Cold",
        "address": "Calle Toro 90, Salamanca",
        "website": "https://www.indiandcold.com/es/"
      },
      "geometry": {
        "type": "Point",
        "coordinates": [
          -5.6602354,
          40.9684316
        ]
      }
    },
    {
      "type": "Feature",
      "properties": {
        "weight": 1.0
      },
      "geometry": {
        "type": "Point",
        "coordinates": [
          -5.6468324,
          40.9684357
        ]
      }
    },
    {
      "type": "Feature",
      "properties": {
        "weight": 1.0,
        "id": 3247440272,
        "hasDetails": true,
        "name": "\u00c1lvaro Moreno",
        "address": "Calle Toro 67,69, Salamanca"
      },
      "geometry": {
        "type": "Point",
        "coordinates": [
          -5.660483,
          40.9684614
        ]
      }
    },
    {
      "type": "Feature",
      "properties": {
        "weight": 1.0,
        "id": 2869801949,
        "hasDetails": true,
        "name": "Jos\u00e9 Mari",
        "opening_hours": "Mo-Fr 10:00-14:00,17:00-20:30; Sa 10:00-14:00"
      },
      "geometry": {
        "type": "Point",
        "coordinates": [
          -5.65112,
          40.968462
        ]
      }
    },
    {
      "type": "Feature",
      "properties": {
        "weight": 1.0
      },
      "geometry": {
        "type": "Point",
        "coordinates": [
          -5.647827,
          40.9684663
        ]
      }
    },
    {
      "type": "Feature",
      "properties": {
        "weight": 1.0,
        "id": 3672851982,
        "hasDetails": true,
        "name": "Perfumer\u00eda Julia",
        "website": "https://www.perfumeriajulia.es/",
        "opening_hours": "Mo-Fr 10:00-14:30,16:30-21:00; Sa 10:00-21:00",
        "names": [
          "Perfumer\u00eda Julia",
          "Alain Afflelou"
        ]
      },
      "geometry": {
        "type": "Point",
        "coordinates": [
          -5.6601195,
          40.9684677
        ]
      }
    },
    {
      "type": "Feature",
      "properties": {
        "weight": 1.0
      },
      "geometry": {
        "type": "Point",
        "coordinates": [
          -5.6481288,
          40.968468
        ]
      }
    },
    {
      "type": "Feature",
      "properties": {
        "weight": 1.0
      },
      "geometry": {
        "type": "Point",
        "coordinates": [
          -5.6495117,
          40.9684717
        ]
      }
    },
    {
      "type": "Feature",
      "properties": {
        "weight": 1.0,
        "id": 7259598009,
        "hasDetails": true,
        "name": "Caramelos Cela",
        "opening_hours": "Mo-Fr 10:00-14:00,17:30-20:30; Sa 10:30-14:00",
        "names": [
          "Caramelos Cela",
          "Zona Color"
        ]
      },
      "geometry": {
        "type": "Point",
        "coordinates": [
          -5.6592533,
          40.9684735
        ]
      }
    },
    {
      "type": "Feature",
      "properties": {
        "weight": 1.0
      },
      "geometry": {
        "type": "Point",
        "coordinates": [
          -5.6505465,
          40.9684745
        ]
      }
    },
    {
      "type": "Feature",
      "properties": {
        "weight": 1.0
      },
      "geometry": {
        "type": "Point",
        "coordinates": [
          -5.6485575,
          40.9684751
        ]
      }
    },
    {
      "type": "Feature",
      "properties": {
        "weight": 1.0
      },
      "geometry": {
        "type": "Point",
        "coordinates": [
          -5.6502509,
          40.9684782
        ]
      }
    },
    {
      "type": "Feature",
      "properties": {
        "weight": 1.0
      },
      "geometry": {
        "type": "Point",
        "coordinates": [
          -5.6487099,
          40.9684786
        ]
      }
    },
    {
      "type": "Feature",
      "properties": {
        "weight": 1.0
      },
      "geometry": {
        "type": "Point",
        "coordinates": [
          -5.6611164,
          40.9684803
        ]
      }
    },
    {
      "type": "Feature",
      "properties": {
        "weight": 1.0
      },
      "geometry": {
        "type": "Point",
        "coordinates": [
          -5.6516088,
          40.9684809
        ]
      }
    },
    {
      "type": "Feature",
      "properties": {
        "weight": 1.0
      },
      "geometry": {
        "type": "Point",
        "coordinates": [
          -5.6512482,
          40.9684812
        ]
      }
    },
    {
      "type": "Feature",
      "properties": {
        "weight": 1.0,
        "id": 3874463403,
        "hasDetails": true,
        "name": "Dania",
        "address": "Calle de Zamora 62",
        "website": "https://www.daniapeluquerias.com",
        "opening_hours": "Mo-Fr 09:00-20:00, Sa 09:00-14:30",
        "names": [
          "Dania",
          "Richetti"
        ]
      },
      "geometry": {
        "type": "Point",
        "coordinates": [
          -5.6636873,
          40.9684833
        ]
      }
    },
    {
      "type": "Feature",
      "properties": {
        "weight": 1.0,
        "id": 6514279247,
        "hasDetails": true,
        "name": "Muebles de oficina Comuneros",
        "opening_hours": "Mo-Fr 10:00-14:00,17:00-20:00; Sa 10:00-13:30"
      },
      "geometry": {
        "type": "Point",
        "coordinates": [
          -5.6513673,
          40.9684842
        ]
      }
    },
    {
      "type": "Feature",
      "properties": {
        "weight": 1.0,
        "id": 6514279245,
        "hasDetails": true,
        "name": "Panader\u00eda Julia",
        "opening_hours": "Mo-Sa 09:30-14:30,18:00-21:00; Su 10:00-15:00",
        "outdoor_seating": "no",
        "names": [
          "Panader\u00eda Julia",
          "Heiza",
          "Cmos"
        ]
      },
      "geometry": {
        "type": "Point",
        "coordinates": [
          -5.6518531,
          40.968487
        ]
      }
    },
    {
      "type": "Feature",
      "properties": {
        "weight": 1.0
      },
      "geometry": {
        "type": "Point",
        "coordinates": [
          -5.6530104,
          40.9684904
        ]
      }
    },
    {
      "type": "Feature",
      "properties": {
        "weight": 1.0
      },
      "geometry": {
        "type": "Point",
        "coordinates": [
          -5.6533891,
          40.9684981
        ]
      }
    },
    {
      "type": "Feature",
      "properties": {
        "weight": 1.0,
        "id": 6565232231,
        "hasDetails": true,
        "name": "Carrusel",
        "opening_hours": "Mo-Sa 10:30-13:45,17:00-20:15"
      },
      "geometry": {
        "type": "Point",
        "coordinates": [
          -5.6615642,
          40.9685024
        ]
      }
    },
    {
      "type": "Feature",
      "properties": {
        "weight": 1.0
      },
      "geometry": {
        "type": "Point",
        "coordinates": [
          -5.6647936,
          40.9685183
        ]
      }
    },
    {
      "type": "Feature",
      "properties": {
        "weight": 1.0,
        "id": 3247433394,
        "hasDetails": true,
        "address": "Calle Toro 71, Salamanca"
      },
      "geometry": {
        "type": "Point",
        "coordinates": [
          -5.6603167,
          40.9685377
        ]
      }
    },
    {
      "type": "Feature",
      "properties": {
        "weight": 1.0
      },
      "geometry": {
        "type": "Point",
        "coordinates": [
          -5.6468022,
          40.9685408
        ]
      }
    },
    {
      "type": "Feature",
      "properties": {
        "weight": 1.0,
        "id": 3868863191,
        "hasDetails": true,
        "name": "TEDi",
        "address": "Calle Sol Oriente 11-15",
        "website": "https://www.tedi.com/stores/8302/es/Castilla-y-Le%C3%B3n/Salamanca/Calle-Sol-Oriente-11-15",
        "opening_hours": "Mo-Su 10:00-21:00"
      },
      "geometry": {
        "type": "Point",
        "coordinates": [
          -5.6629221,
          40.968547
        ]
      }
    },
    {
      "type": "Feature",
      "properties": {
        "weight": 1.0,
        "id": 3274389222,
        "hasDetails": true,
        "name": "Arenal",
        "address": "Calle Toro 100",
        "website": "https://www.arenal.com/tiendas/t/toro-salamanca",
        "opening_hours": "Mo-Sa 10:00-21:00"
      },
      "geometry": {
        "type": "Point",
        "coordinates": [
          -5.6598557,
          40.9685475
        ]
      }
    },
    {
      "type": "Feature",
      "properties": {
        "weight": 1.0,
        "id": 6057590087,
        "hasDetails": true,
        "name": "Lourdes Crego",
        "opening_hours": "Mo-Fr 09:00-20:00; Sa 09:00-15:00"
      },
      "geometry": {
        "type": "Point",
        "coordinates": [
          -5.6623411,
          40.9685505
        ]
      }
    },
    {
      "type": "Feature",
      "properties": {
        "weight": 1.0,
        "id": 6989757797,
        "hasDetails": true,
        "name": "Confiter\u00eda Santa Luc\u00eda",
        "address": "Plaza de Espa\u00f1a 16, Salamanca",
        "website": "https://www.confiteriasantalucia.com/",
        "opening_hours": "Mo-Su 09:30-15:00; Mo-Sa 17:00-20:00",
        "names": [
          "Confiter\u00eda Santa Luc\u00eda",
          "Joyer\u00eda Relojer\u00eda Cruz"
        ]
      },
      "geometry": {
        "type": "Point",
        "coordinates": [
          -5.6593914,
          40.9685549
        ]
      }
    },
    {
      "type": "Feature",
      "properties": {
        "weight": 1.0
      },
      "geometry": {
        "type": "Point",
        "coordinates": [
          -5.6465629,
          40.9685685
        ]
      }
    },
    {
      "type": "Feature",
      "properties": {
        "weight": 1.0,
        "id": 3868863187,
        "hasDetails": true,
        "name": "Libra",
        "website": "https://www.boutiquelibra.com/",
        "opening_hours": "Mo-Fr 10:30-13:30,17:30-20:00; Sa 10:30-14:00"
      },
      "geometry": {
        "type": "Point",
        "coordinates": [
          -5.662752,
          40.9685813
        ]
      }
    },
    {
      "type": "Feature",
      "properties": {
        "weight": 1.0,
        "id": 3887282871,
        "hasDetails": true,
        "name": "Argimiro Mart\u00edn",
        "address": "Paseo de Carmelitas 58, Salamanca"
      },
      "geometry": {
        "type": "Point",
        "coordinates": [
          -5.6672852,
          40.9685841
        ]
      }
    },
    {
      "type": "Feature",
      "properties": {
        "weight": 1.0,
        "id": 3247433392,
        "hasDetails": true,
        "name": "Marfila",
        "website": "https://marfilaclinica.com/"
      },
      "geometry": {
        "type": "Point",
        "coordinates": [
          -5.6595693,
          40.9685908
        ]
      }
    },
    {
      "type": "Feature",
      "properties": {
        "weight": 1.0
      },
      "geometry": {
        "type": "Point",
        "coordinates": [
          -5.646308,
          40.968597
        ]
      }
    },
    {
      "type": "Feature",
      "properties": {
        "weight": 1.0,
        "id": 3247433398,
        "hasDetails": true,
        "name": "Scalpers",
        "address": "Calle Toro 73, Salamanca"
      },
      "geometry": {
        "type": "Point",
        "coordinates": [
          -5.6601083,
          40.9686035
        ]
      }
    },
    {
      "type": "Feature",
      "properties": {
        "weight": 1.0
      },
      "geometry": {
        "type": "Point",
        "coordinates": [
          -5.6614774,
          40.9686052
        ]
      }
    },
    {
      "type": "Feature",
      "properties": {
        "weight": 1.0,
        "id": 2646018174,
        "hasDetails": true,
        "name": "m\u00f3vilnext",
        "address": "Calle San Mateo 8, Salamanca",
        "website": "https://www.movilnext.es/",
        "opening_hours": "Mo-Fr 10:30-14:00,17:00-20:30; Sa 10:00-14:00"
      },
      "geometry": {
        "type": "Point",
        "coordinates": [
          -5.6620368,
          40.9686213
        ]
      }
    },
    {
      "type": "Feature",
      "properties": {
        "weight": 1.0
      },
      "geometry": {
        "type": "Point",
        "coordinates": [
          -5.6623902,
          40.9686476
        ]
      }
    },
    {
      "type": "Feature",
      "properties": {
        "weight": 1.0
      },
      "geometry": {
        "type": "Point",
        "coordinates": [
          -5.663835,
          40.9686531
        ]
      }
    },
    {
      "type": "Feature",
      "properties": {
        "weight": 1.0
      },
      "geometry": {
        "type": "Point",
        "coordinates": [
          -5.659955,
          40.9686532
        ]
      }
    },
    {
      "type": "Feature",
      "properties": {
        "weight": 1.0
      },
      "geometry": {
        "type": "Point",
        "coordinates": [
          -5.6613037,
          40.9686604
        ]
      }
    },
    {
      "type": "Feature",
      "properties": {
        "weight": 1.0
      },
      "geometry": {
        "type": "Point",
        "coordinates": [
          -5.6743304,
          40.9686662
        ]
      }
    },
    {
      "type": "Feature",
      "properties": {
        "weight": 1.0,
        "id": 3868863190,
        "hasDetails": true,
        "name": "Rufau",
        "address": "Calle Sol Oriente 17",
        "opening_hours": "Mo-Fr 09:30-20:00; Tu 09:30-15:00,16:30-20:00; Sa 09:30-14:00"
      },
      "geometry": {
        "type": "Point",
        "coordinates": [
          -5.6629044,
          40.9686665
        ]
      }
    },
    {
      "type": "Feature",
      "properties": {
        "weight": 1.0,
        "id": 2867965326,
        "hasDetails": true,
        "name": "Hnos. Garc\u00eda Moyano",
        "opening_hours": "Mo-Sa 10:30-13:30; Mo-Fr 17:00-20:00"
      },
      "geometry": {
        "type": "Point",
        "coordinates": [
          -5.648239,
          40.9686855
        ]
      }
    },
    {
      "type": "Feature",
      "properties": {
        "weight": 1.0
      },
      "geometry": {
        "type": "Point",
        "coordinates": [
          -5.6596019,
          40.9686896
        ]
      }
    },
    {
      "type": "Feature",
      "properties": {
        "weight": 1.0,
        "id": 3889362501,
        "hasDetails": true,
        "name": "Unide",
        "opening_hours": "Mo-Sa 09:00-21:00; Su,PH 09:00-15:00"
      },
      "geometry": {
        "type": "Point",
        "coordinates": [
          -5.6488088,
          40.9686933
        ]
      }
    },
    {
      "type": "Feature",
      "properties": {
        "weight": 1.0
      },
      "geometry": {
        "type": "Point",
        "coordinates": [
          -5.6490255,
          40.9686938
        ]
      }
    },
    {
      "type": "Feature",
      "properties": {
        "weight": 1.0,
        "id": 2857522972,
        "hasDetails": true,
        "name": "Ache Natal",
        "opening_hours": "Mo-Sa 10:30-14:00; Mo-Fr 17:30-20:00"
      },
      "geometry": {
        "type": "Point",
        "coordinates": [
          -5.6477221,
          40.9686948
        ]
      }
    },
    {
      "type": "Feature",
      "properties": {
        "weight": 1.0,
        "id": 3247433396,
        "hasDetails": true,
        "opening_hours": "Mo-Sa 10:30-14:00; Mo-Fr 17:30-20:30"
      },
      "geometry": {
        "type": "Point",
        "coordinates": [
          -5.6598243,
          40.9686955
        ]
      }
    },
    {
      "type": "Feature",
      "properties": {
        "weight": 1.0,
        "id": 2867993876,
        "hasDetails": true,
        "name": "Mencas",
        "opening_hours": "Mo-Sa 09:30-14:00; Mo-Fr 17:00-20:00"
      },
      "geometry": {
        "type": "Point",
        "coordinates": [
          -5.649505,
          40.9686959
        ]
      }
    },
    {
      "type": "Feature",
      "properties": {
        "weight": 1.0,
        "id": 6560077578,
        "hasDetails": true,
        "name": "Matusal\u00e9n",
        "opening_hours": "Mo-Fr 10:30-13:30,17:30-20:30; Sa 10:30-14:00",
        "names": [
          "Matusal\u00e9n",
          "El Rinc\u00f3n del T\u00e9"
        ]
      },
      "geometry": {
        "type": "Point",
        "coordinates": [
          -5.6607027,
          40.9686971
        ]
      }
    },
    {
      "type": "Feature",
      "properties": {
        "weight": 1.0,
        "id": 2867993872,
        "hasDetails": true,
        "name": "CarGlass",
        "opening_hours": "Mo-Fr 09:30-13:30,15:30-19:30"
      },
      "geometry": {
        "type": "Point",
        "coordinates": [
          -5.6496473,
          40.9686973
        ]
      }
    },
    {
      "type": "Feature",
      "properties": {
        "weight": 1.0
      },
      "geometry": {
        "type": "Point",
        "coordinates": [
          -5.647848,
          40.9686975
        ]
      }
    },
    {
      "type": "Feature",
      "properties": {
        "weight": 1.0,
        "id": 2867993873,
        "hasDetails": true,
        "name": "Virginia Yusta",
        "opening_hours": "Jul-Aug: Mo-Th,Sa 09:00-15:00; Jul-Aug: Fr 09:00-20:00; Sep-Jun: Mo-Fr 09:00-20:00; Sep-Jun: Sa 09:00-15:00",
        "names": [
          "Virginia Yusta",
          "Almacen Frutas 101"
        ]
      },
      "geometry": {
        "type": "Point",
        "coordinates": [
          -5.6497824,
          40.9686994
        ]
      }
    },
    {
      "type": "Feature",
      "properties": {
        "weight": 1.0
      },
      "geometry": {
        "type": "Point",
        "coordinates": [
          -5.6509518,
          40.9687107
        ]
      }
    },
    {
      "type": "Feature",
      "properties": {
        "weight": 1.0,
        "id": 2852362647,
        "hasDetails": true,
        "opening_hours": "Mo-Fr 08:00-21:00; PH,Sa,Su 09:00-14:30"
      },
      "geometry": {
        "type": "Point",
        "coordinates": [
          -5.6468334,
          40.9687125
        ]
      }
    },
    {
      "type": "Feature",
      "properties": {
        "weight": 1.0
      },
      "geometry": {
        "type": "Point",
        "coordinates": [
          -5.645044,
          40.9687199
        ]
      }
    },
    {
      "type": "Feature",
      "properties": {
        "weight": 1.0
      },
      "geometry": {
        "type": "Point",
        "coordinates": [
          -5.6516085,
          40.9687247
        ]
      }
    },
    {
      "type": "Feature",
      "properties": {
        "weight": 1.0,
        "id": 6533691091,
        "hasDetails": true,
        "name": "Fisiocentro Salamanca",
        "opening_hours": "Mo-Fr 09:30-13:30,16:00-20:00"
      },
      "geometry": {
        "type": "Point",
        "coordinates": [
          -5.6512495,
          40.9687252
        ]
      }
    },
    {
      "type": "Feature",
      "properties": {
        "weight": 1.0
      },
      "geometry": {
        "type": "Point",
        "coordinates": [
          -5.6517302,
          40.9687273
        ]
      }
    },
    {
      "type": "Feature",
      "properties": {
        "weight": 1.0
      },
      "geometry": {
        "type": "Point",
        "coordinates": [
          -5.6514367,
          40.9687285
        ]
      }
    },
    {
      "type": "Feature",
      "properties": {
        "weight": 1.0,
        "id": 4015339994,
        "hasDetails": true,
        "opening_hours": "Mo-Fr 09:00-14:30,16:30-21:00; Sa 09:15-14:30,17:00-20:30"
      },
      "geometry": {
        "type": "Point",
        "coordinates": [
          -5.6542881,
          40.9687326
        ]
      }
    },
    {
      "type": "Feature",
      "properties": {
        "weight": 1.0,
        "id": 2987572704,
        "hasDetails": true,
        "name": "Perfumer\u00eda Avenida",
        "opening_hours": "Mo-Sa 10:00-14:00; Mo-Fr 17:30-20:30"
      },
      "geometry": {
        "type": "Point",
        "coordinates": [
          -5.6520827,
          40.9687327
        ]
      }
    },
    {
      "type": "Feature",
      "properties": {
        "weight": 1.0,
        "id": 6533691092,
        "hasDetails": true,
        "name": "Pirulo",
        "opening_hours": "Mo-Fr 10:00-13:30,17:00-20:00; Sa 10:30-13:30"
      },
      "geometry": {
        "type": "Point",
        "coordinates": [
          -5.6518955,
          40.9687328
        ]
      }
    },
    {
      "type": "Feature",
      "properties": {
        "weight": 1.0,
        "id": 7259598005,
        "hasDetails": true,
        "opening_hours": "Mo-Fr 07:30-14:30,17:15-20:15; Sa 08:00-14:30"
      },
      "geometry": {
        "type": "Point",
        "coordinates": [
          -5.6544725,
          40.9687377
        ]
      }
    },
    {
      "type": "Feature",
      "properties": {
        "weight": 1.0
      },
      "geometry": {
        "type": "Point",
        "coordinates": [
          -5.6546093,
          40.9687382
        ]
      }
    },
    {
      "type": "Feature",
      "properties": {
        "weight": 1.0,
        "id": 7259598001,
        "hasDetails": true,
        "name": "Boutique de la Salud",
        "address": "Avenida de los Comuneros 39, Salamanca",
        "website": "https://www.boutiquedelasalud.es/tienda/",
        "opening_hours": "Mo-Sa 09:30-13:30; Mo-Fr 17:30-20:00"
      },
      "geometry": {
        "type": "Point",
        "coordinates": [
          -5.6540212,
          40.9687405
        ]
      }
    },
    {
      "type": "Feature",
      "properties": {
        "weight": 1.0,
        "id": 3874463412,
        "hasDetails": true,
        "name": "Punto Roma",
        "address": "Calle de Zamora 66,68",
        "website": "https://www.puntroma.com/ES/es"
      },
      "geometry": {
        "type": "Point",
        "coordinates": [
          -5.6636478,
          40.9687406
        ]
      }
    },
    {
      "type": "Feature",
      "properties": {
        "weight": 1.0
      },
      "geometry": {
        "type": "Point",
        "coordinates": [
          -5.6597193,
          40.9687425
        ]
      }
    },
    {
      "type": "Feature",
      "properties": {
        "weight": 1.0
      },
      "geometry": {
        "type": "Point",
        "coordinates": [
          -5.6557961,
          40.9687473
        ]
      }
    },
    {
      "type": "Feature",
      "properties": {
        "weight": 1.0,
        "id": 6514279241,
        "hasDetails": true,
        "name": "\u00d3ptica Alamedilla",
        "address": "Avenida de los Comuneros 33, Salamanca",
        "opening_hours": "Mo-Sa 10:30-13:30; Mo-Fr 17:00-19:00"
      },
      "geometry": {
        "type": "Point",
        "coordinates": [
          -5.6548539,
          40.9687482
        ]
      }
    },
    {
      "type": "Feature",
      "properties": {
        "weight": 1.0,
        "id": 2648515731,
        "hasDetails": true,
        "name": "Ma Petit Jolie",
        "address": "Avenida de los Comuneros 9, Salamanca",
        "opening_hours": "Mo-Sa 10:00-21:00"
      },
      "geometry": {
        "type": "Point",
        "coordinates": [
          -5.6567252,
          40.9687486
        ]
      }
    },
    {
      "type": "Feature",
      "properties": {
        "weight": 1.0,
        "id": 6514279237,
        "hasDetails": true,
        "name": "Toy Planet",
        "opening_hours": "Mo-Sa 10:00-14:00; Mo-Fr 17:00-20:30; Sa 17:00-20:00"
      },
      "geometry": {
        "type": "Point",
        "coordinates": [
          -5.6560016,
          40.9687488
        ]
      }
    },
    {
      "type": "Feature",
      "properties": {
        "weight": 1.0
      },
      "geometry": {
        "type": "Point",
        "coordinates": [
          -5.6573859,
          40.9687493
        ]
      }
    },
    {
      "type": "Feature",
      "properties": {
        "weight": 1.0
      },
      "geometry": {
        "type": "Point",
        "coordinates": [
          -5.6563523,
          40.9687502
        ]
      }
    },
    {
      "type": "Feature",
      "properties": {
        "weight": 1.0,
        "id": 6514279235,
        "hasDetails": true,
        "name": "Heva",
        "opening_hours": "Mo-Sa 10:00-14:00; Mo-Fr 17:00-20:30"
      },
      "geometry": {
        "type": "Point",
        "coordinates": [
          -5.6561698,
          40.9687502
        ]
      }
    },
    {
      "type": "Feature",
      "properties": {
        "weight": 1.0,
        "id": 6514279233,
        "hasDetails": true,
        "name": "Amore",
        "opening_hours": "Mo-Sa 10:00-14:00,17:00-20:30"
      },
      "geometry": {
        "type": "Point",
        "coordinates": [
          -5.6565042,
          40.9687507
        ]
      }
    },
    {
      "type": "Feature",
      "properties": {
        "weight": 1.0,
        "id": 3115797829,
        "hasDetails": true,
        "name": "Herbolario Feri",
        "address": "Avenida de los Comuneros 1",
        "opening_hours": "Mo-Fr 10:00-14:00,17:30-20:30",
        "names": [
          "Herbolario Feri",
          "Administraci\u00f3n n\u00ba16"
        ]
      },
      "geometry": {
        "type": "Point",
        "coordinates": [
          -5.6572051,
          40.9687509
        ]
      }
    },
    {
      "type": "Feature",
      "properties": {
        "weight": 1.0
      },
      "geometry": {
        "type": "Point",
        "coordinates": [
          -5.6568649,
          40.9687512
        ]
      }
    },
    {
      "type": "Feature",
      "properties": {
        "weight": 1.0
      },
      "geometry": {
        "type": "Point",
        "coordinates": [
          -5.6626377,
          40.9687527
        ]
      }
    },
    {
      "type": "Feature",
      "properties": {
        "weight": 1.0,
        "id": 8533357213,
        "hasDetails": true,
        "name": "Mamani",
        "opening_hours": "Mo-Fr 10:00-15:30,17:30-19:00; Sa 11:00-14:00",
        "names": [
          "Mamani",
          "Pato Pito"
        ]
      },
      "geometry": {
        "type": "Point",
        "coordinates": [
          -5.6570106,
          40.9687555
        ]
      }
    },
    {
      "type": "Feature",
      "properties": {
        "weight": 1.0,
        "id": 2511734185,
        "hasDetails": true,
        "name": "Gil",
        "address": "Paseo de Carmelitas 43, Salamanca",
        "website": "https://www.confiteriagil.es/",
        "opening_hours": "Mo-Fr 09:30-14:30; PH,Mo-Su 17:00-21:00; Sa 09:30-15:30; PH,Su 09:30-15:30"
      },
      "geometry": {
        "type": "Point",
        "coordinates": [
          -5.6662122,
          40.9687649
        ]
      }
    },
    {
      "type": "Feature",
      "properties": {
        "weight": 1.0,
        "id": 4693447969,
        "hasDetails": true,
        "name": "Musara\u00f1as",
        "address": "Calle el Arco 11, Salamanca"
      },
      "geometry": {
        "type": "Point",
        "coordinates": [
          -5.6622122,
          40.9687692
        ]
      }
    },
    {
      "type": "Feature",
      "properties": {
        "weight": 1.0
      },
      "geometry": {
        "type": "Point",
        "coordinates": [
          -5.6619831,
          40.9687891
        ]
      }
    },
    {
      "type": "Feature",
      "properties": {
        "weight": 1.0
      },
      "geometry": {
        "type": "Point",
        "coordinates": [
          -5.6669832,
          40.9687991
        ]
      }
    },
    {
      "type": "Feature",
      "properties": {
        "weight": 1.0,
        "id": 2857522978,
        "hasDetails": true,
        "name": "La Portuguesa",
        "address": "Plaza Alto del Rollo 3",
        "opening_hours": "Mo-Su 08:30-15:00,17:00-20:30",
        "outdoor_seating": "sidewalk",
        "names": [
          "La Portuguesa",
          "Alysa"
        ]
      },
      "geometry": {
        "type": "Point",
        "coordinates": [
          -5.6476405,
          40.9688112
        ]
      }
    },
    {
      "type": "Feature",
      "properties": {
        "weight": 1.0,
        "id": 9422384343,
        "hasDetails": true,
        "name": "Elena y Tino Peluqueros",
        "address": "Calle Pozo Hilera 5, Salamanca"
      },
      "geometry": {
        "type": "Point",
        "coordinates": [
          -5.6603869,
          40.9688135
        ]
      }
    },
    {
      "type": "Feature",
      "properties": {
        "weight": 1.0,
        "id": 13038960606,
        "hasDetails": true,
        "name": "Los Caprichos de Clarisa",
        "opening_hours": "Mo-Sa 11:00-13:45, Mo,Th,Fr 18:00-20:00"
      },
      "geometry": {
        "type": "Point",
        "coordinates": [
          -5.6623716,
          40.9688148
        ]
      }
    },
    {
      "type": "Feature",
      "properties": {
        "weight": 1.0,
        "id": 6422708105,
        "hasDetails": true,
        "name": "Doss",
        "opening_hours": "Mo-Fr 10:30-13:45,17:00-20:15; Sa 10:30-14:00",
        "names": [
          "Doss",
          "La Ormiga"
        ]
      },
      "geometry": {
        "type": "Point",
        "coordinates": [
          -5.6614466,
          40.9688251
        ]
      }
    },
    {
      "type": "Feature",
      "properties": {
        "weight": 1.0,
        "id": 13344583637,
        "hasDetails": true,
        "name": "Lidl",
        "address": "Calle Colombia 42",
        "website": "https://www.lidl.es/s/es-ES/tiendas/salamanca/calle-colombia-42d/",
        "opening_hours": "Mo-Sa 09:00-21:30"
      },
      "geometry": {
        "type": "Point",
        "coordinates": [
          -5.643364,
          40.9688313
        ]
      }
    },
    {
      "type": "Feature",
      "properties": {
        "weight": 1.0,
        "id": 3874370329,
        "hasDetails": true,
        "name": "Le\u00f1o",
        "website": "https://modaleno.shop",
        "names": [
          "Le\u00f1o",
          "Aural"
        ]
      },
      "geometry": {
        "type": "Point",
        "coordinates": [
          -5.6636334,
          40.9688341
        ]
      }
    },
    {
      "type": "Feature",
      "properties": {
        "weight": 1.0
      },
      "geometry": {
        "type": "Point",
        "coordinates": [
          -5.6598714,
          40.9688386
        ]
      }
    },
    {
      "type": "Feature",
      "properties": {
        "weight": 1.0,
        "id": 14103688469,
        "hasDetails": true,
        "name": "Pangea",
        "address": "Plaza de Espa\u00f1a 4",
        "website": "https://www.pangea.es/es-ES/tiendas/salamanca/",
        "opening_hours": "Mo-Fr 09:30-14:00,16:30-20:00; Sa 10:00-14:00"
      },
      "geometry": {
        "type": "Point",
        "coordinates": [
          -5.6587495,
          40.9688411
        ]
      }
    },
    {
      "type": "Feature",
      "properties": {
        "weight": 1.0,
        "id": 4871935802,
        "hasDetails": true,
        "name": "Bazar Espa\u00f1a",
        "opening_hours": "Mo-Fr 09:30-15:00,16:25-21:00; Sa 10:00-14:30; Sa,Su 17:00-21:30; Su 10:30-14:30"
      },
      "geometry": {
        "type": "Point",
        "coordinates": [
          -5.658334,
          40.9688454
        ]
      }
    },
    {
      "type": "Feature",
      "properties": {
        "weight": 1.0,
        "id": 10685666225,
        "hasDetails": true,
        "opening_hours": "Mo-Fr 09:30-14:30,17:00-20:30; Sa 10:00-14:30"
      },
      "geometry": {
        "type": "Point",
        "coordinates": [
          -5.6585998,
          40.9688455
        ]
      }
    },
    {
      "type": "Feature",
      "properties": {
        "weight": 1.0,
        "id": 3874370326,
        "hasDetails": true,
        "name": "Marcos y Enmarcaciones Adolfo Bogajo",
        "address": "Calle de Zamora 65, Salamanca"
      },
      "geometry": {
        "type": "Point",
        "coordinates": [
          -5.6637917,
          40.9688465
        ]
      }
    },
    {
      "type": "Feature",
      "properties": {
        "weight": 1.0,
        "id": 4871935806,
        "hasDetails": true,
        "name": "Espa\u00f1a Calzados",
        "opening_hours": "Mo-Sa 10:00-14:00; Mo-Fr 17:00-21:00; Sa 17:30-21:00"
      },
      "geometry": {
        "type": "Point",
        "coordinates": [
          -5.658206,
          40.968848
        ]
      }
    },
    {
      "type": "Feature",
      "properties": {
        "weight": 1.0,
        "id": 3887282869,
        "hasDetails": true,
        "name": "Alonso Joyeros",
        "address": "Paseo de Carmelitas 54, Salamanca"
      },
      "geometry": {
        "type": "Point",
        "coordinates": [
          -5.6668652,
          40.9688522
        ]
      }
    },
    {
      "type": "Feature",
      "properties": {
        "weight": 1.0,
        "id": 6514279231,
        "hasDetails": true,
        "name": "Kiosco Loto",
        "opening_hours": "Mo-Sa 09:00-14:00; Mo-Fr 17:00-20:30"
      },
      "geometry": {
        "type": "Point",
        "coordinates": [
          -5.6541919,
          40.9688527
        ]
      }
    },
    {
      "type": "Feature",
      "properties": {
        "weight": 1.0
      },
      "geometry": {
        "type": "Point",
        "coordinates": [
          -5.6579698,
          40.9688529
        ]
      }
    },
    {
      "type": "Feature",
      "properties": {
        "weight": 1.0,
        "id": 6422708103,
        "hasDetails": true,
        "name": "Angel Fish",
        "address": "Calle Padilleros 19, Salamanca"
      },
      "geometry": {
        "type": "Point",
        "coordinates": [
          -5.6621234,
          40.9688541
        ]
      }
    },
    {
      "type": "Feature",
      "properties": {
        "weight": 1.0
      },
      "geometry": {
        "type": "Point",
        "coordinates": [
          -5.6671717,
          40.9688559
        ]
      }
    },
    {
      "type": "Feature",
      "properties": {
        "weight": 1.0,
        "id": 6565232224,
        "hasDetails": true,
        "name": "\u00d3ptica Arco",
        "address": "Calle el Arco 11, Salamanca",
        "opening_hours": "Mo-Fr 10:00-13:30,17:00-20:30; Sa 10:00-14:00"
      },
      "geometry": {
        "type": "Point",
        "coordinates": [
          -5.6624815,
          40.9688624
        ]
      }
    },
    {
      "type": "Feature",
      "properties": {
        "weight": 1.0
      },
      "geometry": {
        "type": "Point",
        "coordinates": [
          -5.6629902,
          40.9688728
        ]
      }
    },
    {
      "type": "Feature",
      "properties": {
        "weight": 1.0
      },
      "geometry": {
        "type": "Point",
        "coordinates": [
          -5.661885,
          40.9688941
        ]
      }
    },
    {
      "type": "Feature",
      "properties": {
        "weight": 1.0,
        "id": 4240069546,
        "hasDetails": true,
        "name": "Santos Ochoa",
        "address": "Plaza de Espa\u00f1a 3, Salamanca",
        "website": "https://www.santosochoa.es/tiendas/salamanca1",
        "opening_hours": "Mo-Sa 10:00-14:00,17:00-21:00"
      },
      "geometry": {
        "type": "Point",
        "coordinates": [
          -5.6589315,
          40.9688956
        ]
      }
    },
    {
      "type": "Feature",
      "properties": {
        "weight": 1.0,
        "id": 992069750,
        "hasDetails": true,
        "name": "Idem",
        "address": "Calle Arapiles 51",
        "website": "http://www.idemfotocopias.es/",
        "opening_hours": "Mo-Fr 09:30-13:45,16:45-20:30",
        "names": [
          "Idem",
          "Totys Supermercados"
        ]
      },
      "geometry": {
        "type": "Point",
        "coordinates": [
          -5.6743595,
          40.9689059
        ]
      }
    },
    {
      "type": "Feature",
      "properties": {
        "weight": 1.0
      },
      "geometry": {
        "type": "Point",
        "coordinates": [
          -5.6746895,
          40.9689126
        ]
      }
    },
    {
      "type": "Feature",
      "properties": {
        "weight": 1.0,
        "id": 1431425943,
        "hasDetails": true,
        "name": "Calzados Zambrano",
        "opening_hours": "Mo-Sa 09:30-14:00; Mo-Fr 16:30-20:30; Sa 17:00-20:30",
        "names": [
          "Calzados Zambrano",
          "Herbolario Queti"
        ]
      },
      "geometry": {
        "type": "Point",
        "coordinates": [
          -5.668752,
          40.9689157
        ]
      }
    },
    {
      "type": "Feature",
      "properties": {
        "weight": 1.0,
        "id": 5950738154,
        "hasDetails": true,
        "name": "La Sota de Oros",
        "address": "Avenida de Mirat 3, Salamanca",
        "opening_hours": "Mo-Sa 10:00-13:50; Mo-Fr 17:00-20:15",
        "names": [
          "La Sota de Oros",
          "Fotoprix"
        ]
      },
      "geometry": {
        "type": "Point",
        "coordinates": [
          -5.6600055,
          40.9689201
        ]
      }
    },
    {
      "type": "Feature",
      "properties": {
        "weight": 1.0
      },
      "geometry": {
        "type": "Point",
        "coordinates": [
          -5.66262,
          40.9689222
        ]
      }
    },
    {
      "type": "Feature",
      "properties": {
        "weight": 1.0
      },
      "geometry": {
        "type": "Point",
        "coordinates": [
          -5.6632432,
          40.9689273
        ]
      }
    },
    {
      "type": "Feature",
      "properties": {
        "weight": 1.0,
        "id": 3284347305,
        "hasDetails": true,
        "name": "El Barato",
        "website": "http://www.disfraceselbarato.com/",
        "opening_hours": "Mo-Sa 10:00-13:30,17:00-20:30",
        "names": [
          "El Barato",
          "Yves Rocher"
        ]
      },
      "geometry": {
        "type": "Point",
        "coordinates": [
          -5.6637788,
          40.9689362
        ]
      }
    },
    {
      "type": "Feature",
      "properties": {
        "weight": 1.0,
        "id": 3626519736,
        "hasDetails": true,
        "name": "B The Travel Brand",
        "address": "Calle de Zamora 72, Salamanca",
        "website": "https://www.bthetravelbrand.com/inicio",
        "opening_hours": "Mo-Fr 09:30-13:30",
        "names": [
          "B The Travel Brand",
          "Viajes El Corte Ingl\u00e9s"
        ]
      },
      "geometry": {
        "type": "Point",
        "coordinates": [
          -5.663614,
          40.9689481
        ]
      }
    },
    {
      "type": "Feature",
      "properties": {
        "weight": 1.0
      },
      "geometry": {
        "type": "Point",
        "coordinates": [
          -5.6613067,
          40.9689574
        ]
      }
    },
    {
      "type": "Feature",
      "properties": {
        "weight": 1.0
      },
      "geometry": {
        "type": "Point",
        "coordinates": [
          -5.6574647,
          40.9689626
        ]
      }
    },
    {
      "type": "Feature",
      "properties": {
        "weight": 1.0,
        "id": 2511676306,
        "hasDetails": true,
        "name": "Enreddo\u00b4s",
        "address": "Paseo de Carmelitas 35, Salamanca",
        "opening_hours": "Mo-Sa 09:00-14:00,16:00-20:00"
      },
      "geometry": {
        "type": "Point",
        "coordinates": [
          -5.6658239,
          40.9689648
        ]
      }
    },
    {
      "type": "Feature",
      "properties": {
        "weight": 1.0,
        "id": 992069698,
        "hasDetails": true,
        "name": "Dosa",
        "website": "https://www.fotocopiasdosa.es/es/",
        "opening_hours": "Mo-Fr 09:00-14:00; Mo-Th 16:30-20:30; Fr 16:30-20:00; Sa 10:00-14:00"
      },
      "geometry": {
        "type": "Point",
        "coordinates": [
          -5.6750497,
          40.9689674
        ]
      }
    },
    {
      "type": "Feature",
      "properties": {
        "weight": 1.0
      },
      "geometry": {
        "type": "Point",
        "coordinates": [
          -5.6634275,
          40.9689702
        ]
      }
    },
    {
      "type": "Feature",
      "properties": {
        "weight": 1.0,
        "id": 2696258644,
        "hasDetails": true,
        "name": "Alfonso Marcos",
        "opening_hours": "Mo-Fr 10:00-14:00,16:30-20:30; Sa 09:30-15:00"
      },
      "geometry": {
        "type": "Point",
        "coordinates": [
          -5.6731169,
          40.9689807
        ]
      }
    },
    {
      "type": "Feature",
      "properties": {
        "weight": 1.0
      },
      "geometry": {
        "type": "Point",
        "coordinates": [
          -5.660101,
          40.968987
        ]
      }
    },
    {
      "type": "Feature",
      "properties": {
        "weight": 1.0
      },
      "geometry": {
        "type": "Point",
        "coordinates": [
          -5.6628562,
          40.9690027
        ]
      }
    },
    {
      "type": "Feature",
      "properties": {
        "weight": 1.0
      },
      "geometry": {
        "type": "Point",
        "coordinates": [
          -5.6565214,
          40.9690135
        ]
      }
    },
    {
      "type": "Feature",
      "properties": {
        "weight": 1.0,
        "id": 3895702474,
        "hasDetails": true,
        "name": "Electroclisa",
        "website": "https://www.electroclisa.es/"
      },
      "geometry": {
        "type": "Point",
        "coordinates": [
          -5.667194,
          40.9690169
        ]
      }
    },
    {
      "type": "Feature",
      "properties": {
        "weight": 1.0
      },
      "geometry": {
        "type": "Point",
        "coordinates": [
          -5.6630476,
          40.9690343
        ]
      }
    },
    {
      "type": "Feature",
      "properties": {
        "weight": 1.0,
        "id": 992069737,
        "hasDetails": true,
        "name": "Idem",
        "address": "Avenida de los Maristas 60",
        "website": "http://www.idemfotocopias.es/",
        "opening_hours": "Mo-Fr 09:45-14:00,16:45-20:30"
      },
      "geometry": {
        "type": "Point",
        "coordinates": [
          -5.6751651,
          40.9690517
        ]
      }
    },
    {
      "type": "Feature",
      "properties": {
        "weight": 1.0
      },
      "geometry": {
        "type": "Point",
        "coordinates": [
          -5.6737362,
          40.9690661
        ]
      }
    },
    {
      "type": "Feature",
      "properties": {
        "weight": 1.0,
        "id": 6165637407,
        "hasDetails": true,
        "name": "Pepe Alba",
        "website": "https://www.pepealbajewelry.com/es/"
      },
      "geometry": {
        "type": "Point",
        "coordinates": [
          -5.6632041,
          40.9690664
        ]
      }
    },
    {
      "type": "Feature",
      "properties": {
        "weight": 1.0,
        "id": 3357677136,
        "hasDetails": true,
        "name": "ALE-HOP",
        "address": "Calle de Mar\u00eda Auxiliadora 1, Salamanca",
        "website": "https://www.ale-hop.net/",
        "opening_hours": "Mo-Su 10:00-22:00"
      },
      "geometry": {
        "type": "Point",
        "coordinates": [
          -5.6596383,
          40.9690819
        ]
      }
    },
    {
      "type": "Feature",
      "properties": {
        "weight": 1.0
      },
      "geometry": {
        "type": "Point",
        "coordinates": [
          -5.668447,
          40.9690852
        ]
      }
    },
    {
      "type": "Feature",
      "properties": {
        "weight": 1.0
      },
      "geometry": {
        "type": "Point",
        "coordinates": [
          -5.6728793,
          40.9691092
        ]
      }
    },
    {
      "type": "Feature",
      "properties": {
        "weight": 1.0
      },
      "geometry": {
        "type": "Point",
        "coordinates": [
          -5.6637645,
          40.9691121
        ]
      }
    },
    {
      "type": "Feature",
      "properties": {
        "weight": 1.0
      },
      "geometry": {
        "type": "Point",
        "coordinates": [
          -5.6732737,
          40.9691145
        ]
      }
    },
    {
      "type": "Feature",
      "properties": {
        "weight": 1.0
      },
      "geometry": {
        "type": "Point",
        "coordinates": [
          -5.6713439,
          40.9691155
        ]
      }
    },
    {
      "type": "Feature",
      "properties": {
        "weight": 1.0,
        "id": 2708588882,
        "hasDetails": true,
        "name": "Vodafone",
        "address": "Avenida de Villamayor 26, Salamanca",
        "opening_hours": "Mo-Sa 10:00-14:00; Mo-Fr 17:00-21:00"
      },
      "geometry": {
        "type": "Point",
        "coordinates": [
          -5.6689033,
          40.9691249
        ]
      }
    },
    {
      "type": "Feature",
      "properties": {
        "weight": 1.0
      },
      "geometry": {
        "type": "Point",
        "coordinates": [
          -5.6562246,
          40.9691257
        ]
      }
    },
    {
      "type": "Feature",
      "properties": {
        "weight": 1.0
      },
      "geometry": {
        "type": "Point",
        "coordinates": [
          -5.6592345,
          40.969135
        ]
      }
    },
    {
      "type": "Feature",
      "properties": {
        "weight": 1.0,
        "id": 3470038662,
        "hasDetails": true,
        "name": "Campus PC",
        "opening_hours": "Mo-Fr 10:00-14:30,17:00-20:00; Sa 10:30-13:30"
      },
      "geometry": {
        "type": "Point",
        "coordinates": [
          -5.6743289,
          40.9691369
        ]
      }
    },
    {
      "type": "Feature",
      "properties": {
        "weight": 1.0,
        "id": 6422747798,
        "hasDetails": true,
        "name": "Halc\u00f3n Viajes",
        "opening_hours": "Mo-Fr 09:30-14:00,16:30-20:00; Sa 10:30-13:30"
      },
      "geometry": {
        "type": "Point",
        "coordinates": [
          -5.6603846,
          40.9691406
        ]
      }
    },
    {
      "type": "Feature",
      "properties": {
        "weight": 1.0,
        "id": 1394730355,
        "hasDetails": true,
        "name": "Mercadona",
        "website": "https://www.mercadona.es",
        "opening_hours": "Mo-Sa 09:15-21:15"
      },
      "geometry": {
        "type": "Point",
        "coordinates": [
          -5.6694375,
          40.9691431
        ]
      }
    },
    {
      "type": "Feature",
      "properties": {
        "weight": 1.0
      },
      "geometry": {
        "type": "Point",
        "coordinates": [
          -5.6570666,
          40.9691471
        ]
      }
    },
    {
      "type": "Feature",
      "properties": {
        "weight": 1.0,
        "id": 3470038680,
        "hasDetails": true,
        "address": "Calle Arapiles 45"
      },
      "geometry": {
        "type": "Point",
        "coordinates": [
          -5.6739818,
          40.9691476
        ]
      }
    },
    {
      "type": "Feature",
      "properties": {
        "weight": 1.0,
        "id": 3874370324,
        "hasDetails": true,
        "name": "Culinarium",
        "address": "Calle de Zamora 78",
        "website": "https://www.culinarium.es",
        "opening_hours": "Mo-Sa 10:00-14:00,17:00-20:30"
      },
      "geometry": {
        "type": "Point",
        "coordinates": [
          -5.6635649,
          40.9691646
        ]
      }
    },
    {
      "type": "Feature",
      "properties": {
        "weight": 1.0,
        "id": 4128044968,
        "hasDetails": true,
        "name": "GAES",
        "address": "Avenida de Mirat 15, Salamanca",
        "website": "https://www.gaes.es/",
        "opening_hours": "Mo-Fr 09:00-14:00,16:30-19:30"
      },
      "geometry": {
        "type": "Point",
        "coordinates": [
          -5.660574,
          40.9691983
        ]
      }
    },
    {
      "type": "Feature",
      "properties": {
        "weight": 1.0,
        "id": 3868863180,
        "hasDetails": true,
        "name": "Diversity",
        "opening_hours": "Mo-Fr 10:00-13:30,17:00-20:30; Sa 10:00-14:00,17:00-20:30"
      },
      "geometry": {
        "type": "Point",
        "coordinates": [
          -5.6626413,
          40.9692137
        ]
      }
    },
    {
      "type": "Feature",
      "properties": {
        "weight": 1.0
      },
      "geometry": {
        "type": "Point",
        "coordinates": [
          -5.6689983,
          40.9692151
        ]
      }
    },
    {
      "type": "Feature",
      "properties": {
        "weight": 1.0
      },
      "geometry": {
        "type": "Point",
        "coordinates": [
          -5.656868,
          40.9692172
        ]
      }
    },
    {
      "type": "Feature",
      "properties": {
        "weight": 1.0,
        "id": 2781333155,
        "hasDetails": true,
        "name": "Zona Digital",
        "address": "Calle Villarino 2",
        "website": "https://www.zona.digital/",
        "opening_hours": "Mo-Fr 10:00-14:00,17:00-20:00",
        "names": [
          "Zona Digital",
          "Droguer\u00eda Bellido"
        ]
      },
      "geometry": {
        "type": "Point",
        "coordinates": [
          -5.6734637,
          40.9692339
        ]
      }
    },
    {
      "type": "Feature",
      "properties": {
        "weight": 1.0,
        "id": 740158165,
        "hasDetails": true,
        "name": "Reyccom",
        "address": "Calle Arapiles 43",
        "opening_hours": "Mo-Fr 09:30-13:30,17:00-20:00; Sa 10:00-14:00"
      },
      "geometry": {
        "type": "Point",
        "coordinates": [
          -5.6738469,
          40.9692385
        ]
      }
    },
    {
      "type": "Feature",
      "properties": {
        "weight": 1.0,
        "id": 2477706847,
        "hasDetails": true,
        "name": "La Tahona",
        "address": "Paseo de Carmelitas 23, Salamanca",
        "website": "http://www.latahona.es/",
        "opening_hours": "Mo-Sa 09:00-14:30,17:00-08:30",
        "outdoor_seating": "no"
      },
      "geometry": {
        "type": "Point",
        "coordinates": [
          -5.6653117,
          40.9692391
        ]
      }
    },
    {
      "type": "Feature",
      "properties": {
        "weight": 1.0
      },
      "geometry": {
        "type": "Point",
        "coordinates": [
          -5.6607702,
          40.9692433
        ]
      }
    },
    {
      "type": "Feature",
      "properties": {
        "weight": 1.0
      },
      "geometry": {
        "type": "Point",
        "coordinates": [
          -5.6730344,
          40.9692496
        ]
      }
    },
    {
      "type": "Feature",
      "properties": {
        "weight": 1.0,
        "id": 992069828,
        "hasDetails": true,
        "name": "Idem",
        "address": "Calle La Alberca 55",
        "website": "http://www.idemfotocopias.es/"
      },
      "geometry": {
        "type": "Point",
        "coordinates": [
          -5.6750545,
          40.9692518
        ]
      }
    },
    {
      "type": "Feature",
      "properties": {
        "weight": 1.0,
        "id": 740158151,
        "hasDetails": true,
        "address": "Calle Nueva de San Bernardo 60"
      },
      "geometry": {
        "type": "Point",
        "coordinates": [
          -5.671458,
          40.9692574
        ]
      }
    },
    {
      "type": "Feature",
      "properties": {
        "weight": 1.0,
        "id": 3874370330,
        "hasDetails": true,
        "name": "Oka\u00efdi",
        "address": "Calle de Zamora 78",
        "website": "https://www.okaidi.es/Shop/okaidi-salamanca/4343",
        "opening_hours": "Mo-Sa 10:00-14:00,17:00-20:30",
        "names": [
          "Oka\u00efdi",
          "Paraiso Candy Shop"
        ]
      },
      "geometry": {
        "type": "Point",
        "coordinates": [
          -5.6635474,
          40.9692592
        ]
      }
    },
    {
      "type": "Feature",
      "properties": {
        "weight": 1.0,
        "id": 3357677142,
        "hasDetails": true,
        "name": "Nautalia",
        "website": "https://www.nautaliaviajes.com/",
        "opening_hours": "Mo-Fr 10:30-13:15,16:30-19:15"
      },
      "geometry": {
        "type": "Point",
        "coordinates": [
          -5.6591562,
          40.9692647
        ]
      }
    },
    {
      "type": "Feature",
      "properties": {
        "weight": 1.0,
        "id": 4214697658,
        "hasDetails": true,
        "name": "Tramas+",
        "website": "https://www.tramasmas.com/es/",
        "opening_hours": "Mo-Sa 10:00-21:00"
      },
      "geometry": {
        "type": "Point",
        "coordinates": [
          -5.6599318,
          40.9692656
        ]
      }
    },
    {
      "type": "Feature",
      "properties": {
        "weight": 1.0,
        "id": 6426523628,
        "hasDetails": true,
        "name": "T\u00edtere",
        "address": "Calle Alarc\u00f3n 12, Salamanca",
        "opening_hours": "Mo-Sa 10:00-13:30; Mo-Fr 17:00-20:00"
      },
      "geometry": {
        "type": "Point",
        "coordinates": [
          -5.6703486,
          40.969274
        ]
      }
    },
    {
      "type": "Feature",
      "properties": {
        "weight": 1.0,
        "id": 3868863192,
        "hasDetails": true,
        "name": "Pronovias",
        "website": "http://www.pronovias.es/"
      },
      "geometry": {
        "type": "Point",
        "coordinates": [
          -5.6628145,
          40.969276
        ]
      }
    },
    {
      "type": "Feature",
      "properties": {
        "weight": 1.0
      },
      "geometry": {
        "type": "Point",
        "coordinates": [
          -5.6609364,
          40.9692887
        ]
      }
    },
    {
      "type": "Feature",
      "properties": {
        "weight": 1.0,
        "id": 1288269426,
        "hasDetails": true,
        "name": "Electr\u00f3nica del Autom\u00f3vil Volta",
        "opening_hours": "Mo-Fr 09:30-13:30,16:00-20:00"
      },
      "geometry": {
        "type": "Point",
        "coordinates": [
          -5.6725024,
          40.9692896
        ]
      }
    },
    {
      "type": "Feature",
      "properties": {
        "weight": 1.0
      },
      "geometry": {
        "type": "Point",
        "coordinates": [
          -5.6556477,
          40.9693076
        ]
      }
    },
    {
      "type": "Feature",
      "properties": {
        "weight": 1.0,
        "id": 9649233696,
        "hasDetails": true,
        "name": "Colchoner\u00eda Bl\u00e1zquez",
        "opening_hours": "Mo-Fr 10:00-13:45,17:00-20:30; Sa 10:00-14:00"
      },
      "geometry": {
        "type": "Point",
        "coordinates": [
          -5.6651572,
          40.9693259
        ]
      }
    },
    {
      "type": "Feature",
      "properties": {
        "weight": 1.0,
        "id": 3470038682,
        "hasDetails": true,
        "name": "Textil Moda",
        "opening_hours": "Mo-Sa 10:00-13:30; Mo-Th 17:00-19:45; Fr 17:00-19:45"
      },
      "geometry": {
        "type": "Point",
        "coordinates": [
          -5.6740399,
          40.9693326
        ]
      }
    },
    {
      "type": "Feature",
      "properties": {
        "weight": 1.0
      },
      "geometry": {
        "type": "Point",
        "coordinates": [
          -5.6611737,
          40.9693448
        ]
      }
    },
    {
      "type": "Feature",
      "properties": {
        "weight": 1.0,
        "id": 13853467366,
        "hasDetails": true,
        "name": "Lola Casademunt",
        "address": "Calle de Zamora 79",
        "website": "https://www.lolacasademunt.com",
        "opening_hours": "Mo-Sa 10:00-20:00"
      },
      "geometry": {
        "type": "Point",
        "coordinates": [
          -5.6637504,
          40.9693657
        ]
      }
    },
    {
      "type": "Feature",
      "properties": {
        "weight": 1.0,
        "id": 3868863186,
        "hasDetails": true,
        "name": "Lencer\u00eda RosaMar",
        "opening_hours": "Mo-Fr 10:00-13:30,16:45-20:15; Sa 10:00-14:00,17:00-20:30",
        "names": [
          "Lencer\u00eda RosaMar",
          "Lak\u00fa"
        ]
      },
      "geometry": {
        "type": "Point",
        "coordinates": [
          -5.6625699,
          40.9693658
        ]
      }
    },
    {
      "type": "Feature",
      "properties": {
        "weight": 1.0,
        "id": 4071756398,
        "hasDetails": true,
        "name": "Herbodiet\u00e9tica Salamanca Natural",
        "address": "Paseo de la Estaci\u00f3n 28",
        "opening_hours": "Mo-Fr 10:00-14:00,16:30-20:30; Sa 09:30-14:00"
      },
      "geometry": {
        "type": "Point",
        "coordinates": [
          -5.6554709,
          40.9693672
        ]
      }
    },
    {
      "type": "Feature",
      "properties": {
        "weight": 1.0
      },
      "geometry": {
        "type": "Point",
        "coordinates": [
          -5.669944,
          40.9693677
        ]
      }
    },
    {
      "type": "Feature",
      "properties": {
        "weight": 1.0,
        "id": 4539963488,
        "hasDetails": true,
        "name": "Juguettos",
        "address": "Calle de Zamora 82, Salamanca",
        "website": "https://juguettos.com/",
        "opening_hours": "Mo-Fr 10:00-13:45,17:00-20:30; Sa 10:15-14:00,17:15-20:45"
      },
      "geometry": {
        "type": "Point",
        "coordinates": [
          -5.6635336,
          40.969371
        ]
      }
    },
    {
      "type": "Feature",
      "properties": {
        "weight": 1.0,
        "id": 535297323,
        "hasDetails": true,
        "name": "The Viking barber shop",
        "address": "Calle La Alberca 55",
        "names": [
          "The Viking barber shop",
          "El Picoteo del Campus"
        ]
      },
      "geometry": {
        "type": "Point",
        "coordinates": [
          -5.6748417,
          40.9693799
        ]
      }
    },
    {
      "type": "Feature",
      "properties": {
        "weight": 1.0,
        "id": 275900595,
        "hasDetails": true,
        "name": "Tintorer\u00eda Astron",
        "address": "Calle Colombia 69, Salamanca",
        "website": "http://www.tintoreriasastron.es"
      },
      "geometry": {
        "type": "Point",
        "coordinates": [
          -5.6426694,
          40.9693813
        ]
      }
    },
    {
      "type": "Feature",
      "properties": {
        "weight": 1.0,
        "id": 4405962093,
        "hasDetails": true,
        "name": "HispaSEC",
        "opening_hours": "Mo-Sa 09:30-14:00; Mo-Fr 16:30-20:30",
        "names": [
          "HispaSEC",
          "La Sonrisa"
        ]
      },
      "geometry": {
        "type": "Point",
        "coordinates": [
          -5.6650508,
          40.9693815
        ]
      }
    },
    {
      "type": "Feature",
      "properties": {
        "weight": 1.0,
        "id": 2852278153,
        "hasDetails": true,
        "name": "Dia",
        "address": "Calle Filipinas 1, Salamanca",
        "opening_hours": "Mo-Sa 09:00-21:30"
      },
      "geometry": {
        "type": "Point",
        "coordinates": [
          -5.6460097,
          40.9693868
        ]
      }
    },
    {
      "type": "Feature",
      "properties": {
        "weight": 1.0,
        "id": 4789883422,
        "hasDetails": true,
        "name": "K\u00f6seri",
        "address": "Calle Jos\u00e9 J\u00e1uregui 10, Salamanca",
        "website": "https://www.koseri.com/",
        "opening_hours": "Mo-Sa 10:00-14:00,17:00-20:30"
      },
      "geometry": {
        "type": "Point",
        "coordinates": [
          -5.663065,
          40.9693901
        ]
      }
    },
    {
      "type": "Feature",
      "properties": {
        "weight": 1.0,
        "id": 3357677137,
        "hasDetails": true,
        "name": "Dania",
        "website": "https://daniapeluquerias.com/",
        "opening_hours": "Mo-Fr 09:00-21:00; Sa 09:00-19:00"
      },
      "geometry": {
        "type": "Point",
        "coordinates": [
          -5.659079,
          40.969393
        ]
      }
    },
    {
      "type": "Feature",
      "properties": {
        "weight": 1.0,
        "id": 740158136,
        "hasDetails": true,
        "name": "Oh! Peluqueros",
        "website": "https://ohpeluqueros.com/",
        "opening_hours": "Mo-Fr 09:30-20:00; Sa 09:00-15:00"
      },
      "geometry": {
        "type": "Point",
        "coordinates": [
          -5.6735878,
          40.9693968
        ]
      }
    },
    {
      "type": "Feature",
      "properties": {
        "weight": 1.0,
        "id": 6422747796,
        "hasDetails": true,
        "name": "\u00danica",
        "opening_hours": "Mo-Fr 10:00-20:45; Sa 10:30-19:30",
        "names": [
          "\u00danica",
          "Vasco de Gama"
        ]
      },
      "geometry": {
        "type": "Point",
        "coordinates": [
          -5.6603187,
          40.9694112
        ]
      }
    },
    {
      "type": "Feature",
      "properties": {
        "weight": 1.0,
        "id": 3887282879,
        "hasDetails": true,
        "name": "Florister\u00eda Bedunia",
        "website": "https://www.floristeriasbedunia.com/",
        "opening_hours": "Mo-Fr 10:00-13:00,17:00-20:30; Sa 10:00-14:00"
      },
      "geometry": {
        "type": "Point",
        "coordinates": [
          -5.6674121,
          40.9694272
        ]
      }
    },
    {
      "type": "Feature",
      "properties": {
        "weight": 1.0
      },
      "geometry": {
        "type": "Point",
        "coordinates": [
          -5.6743138,
          40.9694275
        ]
      }
    },
    {
      "type": "Feature",
      "properties": {
        "weight": 1.0
      },
      "geometry": {
        "type": "Point",
        "coordinates": [
          -5.6631732,
          40.9694292
        ]
      }
    },
    {
      "type": "Feature",
      "properties": {
        "weight": 1.0,
        "id": 6426523627,
        "hasDetails": true,
        "name": "MovilFree",
        "opening_hours": "Mo-Sa 10:00-14:00; Mo-Fr 17:00-20:00"
      },
      "geometry": {
        "type": "Point",
        "coordinates": [
          -5.6696602,
          40.9694403
        ]
      }
    },
    {
      "type": "Feature",
      "properties": {
        "weight": 1.0,
        "id": 3101683054,
        "hasDetails": true,
        "name": "Horno Carmelitas",
        "opening_hours": "Mo-Fr 09:00-14:55,17:30-21:00; PH,Sa,Su 09:00-14:30",
        "outdoor_seating": "no"
      },
      "geometry": {
        "type": "Point",
        "coordinates": [
          -5.6678739,
          40.9694469
        ]
      }
    },
    {
      "type": "Feature",
      "properties": {
        "weight": 1.0,
        "id": 2781333151,
        "hasDetails": true,
        "name": "Minimarket El Avi\u00f3n",
        "address": "Avenida Filiberto Villalobos 62",
        "opening_hours": "Mo-Fr 10:00-15:00,17:00-23:00; Sa,Su,PH 11:00-23:00"
      },
      "geometry": {
        "type": "Point",
        "coordinates": [
          -5.6732491,
          40.9694481
        ]
      }
    },
    {
      "type": "Feature",
      "properties": {
        "weight": 1.0,
        "id": 4789883423,
        "hasDetails": true,
        "address": "Calle Bientocadas 10, Salamanca"
      },
      "geometry": {
        "type": "Point",
        "coordinates": [
          -5.6625153,
          40.9694545
        ]
      }
    },
    {
      "type": "Feature",
      "properties": {
        "weight": 1.0
      },
      "geometry": {
        "type": "Point",
        "coordinates": [
          -5.6747436,
          40.9694556
        ]
      }
    },
    {
      "type": "Feature",
      "properties": {
        "weight": 1.0,
        "id": 3927157834,
        "hasDetails": true,
        "name": "Castela",
        "website": "http://www.castelaprofessional.com/",
        "opening_hours": "Mo-Sa 09:30-14:00; Mo-Fr 17:30-21:00"
      },
      "geometry": {
        "type": "Point",
        "coordinates": [
          -5.6616528,
          40.9694626
        ]
      }
    },
    {
      "type": "Feature",
      "properties": {
        "weight": 1.0
      },
      "geometry": {
        "type": "Point",
        "coordinates": [
          -5.6593599,
          40.9694769
        ]
      }
    },
    {
      "type": "Feature",
      "properties": {
        "weight": 1.0
      },
      "geometry": {
        "type": "Point",
        "coordinates": [
          -5.6730011,
          40.9694841
        ]
      }
    },
    {
      "type": "Feature",
      "properties": {
        "weight": 1.0,
        "id": 1148264142,
        "hasDetails": true,
        "name": "Ortopedia Ortopinos",
        "address": "Paseo de Carmelitas 11, Salamanca",
        "website": "https://ortopinos.com/",
        "opening_hours": "Mo-Fr 09:30-14:00,17:00-20:00; Sa 10:00-13:30",
        "names": [
          "Ortopedia Ortopinos",
          "Perfumer\u00eda Avenida"
        ]
      },
      "geometry": {
        "type": "Point",
        "coordinates": [
          -5.6648525,
          40.969485
        ]
      }
    },
    {
      "type": "Feature",
      "properties": {
        "weight": 1.0,
        "id": 496384508,
        "hasDetails": true,
        "name": "Movistar",
        "opening_hours": "Mo-Sa 10:00-14:00; Mo-Fr 17:00-20:00"
      },
      "geometry": {
        "type": "Point",
        "coordinates": [
          -5.6695249,
          40.9694868
        ]
      }
    },
    {
      "type": "Feature",
      "properties": {
        "weight": 1.0,
        "id": 3357690194,
        "hasDetails": true,
        "name": "Folder",
        "address": "Calle de Mar\u00eda Auxiliadora 10, Salamanca",
        "website": "https://folder.es/",
        "opening_hours": "Mo-Fr 09:30-14:00,16:30-20:30; Sa 10:00-14:00"
      },
      "geometry": {
        "type": "Point",
        "coordinates": [
          -5.6590183,
          40.9695029
        ]
      }
    },
    {
      "type": "Feature",
      "properties": {
        "weight": 1.0,
        "id": 2852278154,
        "hasDetails": true,
        "name": "24/7 S\u00faper",
        "opening_hours": "24/7"
      },
      "geometry": {
        "type": "Point",
        "coordinates": [
          -5.6458196,
          40.96951
        ]
      }
    },
    {
      "type": "Feature",
      "properties": {
        "weight": 1.0,
        "id": 4552272977,
        "hasDetails": true,
        "name": "112 Servicios Tecnol\u00f3gicos",
        "opening_hours": "Mo-Fr 10:00-14:00,17:00-20:30; Sa 11:00-14:00",
        "names": [
          "112 Servicios Tecnol\u00f3gicos",
          "Retocs. Arreglos de confecci\u00f3n"
        ]
      },
      "geometry": {
        "type": "Point",
        "coordinates": [
          -5.6618307,
          40.9695121
        ]
      }
    },
    {
      "type": "Feature",
      "properties": {
        "weight": 1.0
      },
      "geometry": {
        "type": "Point",
        "coordinates": [
          -5.6734114,
          40.9695132
        ]
      }
    },
    {
      "type": "Feature",
      "properties": {
        "weight": 1.0
      },
      "geometry": {
        "type": "Point",
        "coordinates": [
          -5.673996,
          40.9695136
        ]
      }
    },
    {
      "type": "Feature",
      "properties": {
        "weight": 1.0,
        "id": 992069795,
        "hasDetails": true,
        "name": "SuperCopy",
        "opening_hours": "Mo-Fr 08:30-14:00,16:00-20:00; Sa 09:30-13:30",
        "names": [
          "SuperCopy",
          "SuperCopy 2"
        ]
      },
      "geometry": {
        "type": "Point",
        "coordinates": [
          -5.674642,
          40.9695168
        ]
      }
    },
    {
      "type": "Feature",
      "properties": {
        "weight": 1.0
      },
      "geometry": {
        "type": "Point",
        "coordinates": [
          -5.665668,
          40.9695177
        ]
      }
    },
    {
      "type": "Feature",
      "properties": {
        "weight": 1.0,
        "id": 3874370322,
        "hasDetails": true,
        "name": "Anamont",
        "address": "Calle de Zamora 84-86",
        "website": "https://anamont.es/",
        "opening_hours": "Mo-Fr 10:00-13:30,17:00-20:30; Sa 10:00-14:00,17:30-20:00"
      },
      "geometry": {
        "type": "Point",
        "coordinates": [
          -5.663504,
          40.9695183
        ]
      }
    },
    {
      "type": "Feature",
      "properties": {
        "weight": 1.0
      },
      "geometry": {
        "type": "Point",
        "coordinates": [
          -5.6688756,
          40.9695283
        ]
      }
    },
    {
      "type": "Feature",
      "properties": {
        "weight": 1.0
      },
      "geometry": {
        "type": "Point",
        "coordinates": [
          -5.6577318,
          40.9695323
        ]
      }
    },
    {
      "type": "Feature",
      "properties": {
        "weight": 1.0
      },
      "geometry": {
        "type": "Point",
        "coordinates": [
          -5.6737288,
          40.969534
        ]
      }
    },
    {
      "type": "Feature",
      "properties": {
        "weight": 1.0,
        "id": 3868863184,
        "hasDetails": true,
        "name": "Henar Polo",
        "opening_hours": "Mo-Sa 10:00-14:00,17:00-20:30"
      },
      "geometry": {
        "type": "Point",
        "coordinates": [
          -5.6626399,
          40.9695346
        ]
      }
    },
    {
      "type": "Feature",
      "properties": {
        "weight": 1.0,
        "id": 4871907705,
        "hasDetails": true,
        "name": "Sandra Dom\u00ednguez Peluqueros",
        "opening_hours": "Mo-Fr 09:30-19:30; Sa 09:00-14:30"
      },
      "geometry": {
        "type": "Point",
        "coordinates": [
          -5.6549716,
          40.9695502
        ]
      }
    },
    {
      "type": "Feature",
      "properties": {
        "weight": 1.0,
        "id": 3076553090,
        "hasDetails": true,
        "name": "Revitex",
        "website": "https://www.revitex.com/es",
        "opening_hours": "Mo-Fr 10:00-13:45,16:45-20:30; Sa 10:00-14:00"
      },
      "geometry": {
        "type": "Point",
        "coordinates": [
          -5.6620426,
          40.9695674
        ]
      }
    },
    {
      "type": "Feature",
      "properties": {
        "weight": 1.0,
        "id": 3255508217,
        "hasDetails": true,
        "name": "Carrefour Express",
        "opening_hours": "PH,Mo-Su 09:00-23:00"
      },
      "geometry": {
        "type": "Point",
        "coordinates": [
          -5.6646698,
          40.9695721
        ]
      }
    },
    {
      "type": "Feature",
      "properties": {
        "weight": 1.0
      },
      "geometry": {
        "type": "Point",
        "coordinates": [
          -5.6424384,
          40.9695784
        ]
      }
    },
    {
      "type": "Feature",
      "properties": {
        "weight": 1.0
      },
      "geometry": {
        "type": "Point",
        "coordinates": [
          -5.6631838,
          40.9695868
        ]
      }
    },
    {
      "type": "Feature",
      "properties": {
        "weight": 1.0,
        "id": 3357690193,
        "hasDetails": true,
        "name": "Back Calzados y Complementos",
        "address": "Calle de Mar\u00eda Auxiliadora 15, Salamanca",
        "opening_hours": "Mo-Sa 10:30-13:45,17:30-20:00",
        "names": [
          "Back Calzados y Complementos",
          "Barato"
        ]
      },
      "geometry": {
        "type": "Point",
        "coordinates": [
          -5.6592832,
          40.9695898
        ]
      }
    },
    {
      "type": "Feature",
      "properties": {
        "weight": 1.0,
        "id": 3897827569,
        "hasDetails": true,
        "name": "Fotocopias El Jard\u00edn",
        "opening_hours": "Mo-Fr 10:00-14:00,17:00-20:00"
      },
      "geometry": {
        "type": "Point",
        "coordinates": [
          -5.6745258,
          40.9695946
        ]
      }
    },
    {
      "type": "Feature",
      "properties": {
        "weight": 1.0,
        "id": 3891793664,
        "hasDetails": true,
        "name": "Hello Fashion",
        "opening_hours": "Mo-Sa 10:00-14:00,17:00-21:00"
      },
      "geometry": {
        "type": "Point",
        "coordinates": [
          -5.6610171,
          40.9696133
        ]
      }
    },
    {
      "type": "Feature",
      "properties": {
        "weight": 1.0
      },
      "geometry": {
        "type": "Point",
        "coordinates": [
          -5.668344,
          40.9696139
        ]
      }
    },
    {
      "type": "Feature",
      "properties": {
        "weight": 1.0,
        "id": 3076553081,
        "hasDetails": true,
        "name": "Flying Tiger Copenhagen",
        "website": "http://www.tiger-stores.es/",
        "opening_hours": "Mo-Sa 10:00-21:00"
      },
      "geometry": {
        "type": "Point",
        "coordinates": [
          -5.6622265,
          40.9696177
        ]
      }
    },
    {
      "type": "Feature",
      "properties": {
        "weight": 1.0,
        "id": 740158147,
        "hasDetails": true,
        "name": "\u00d3ptica Europa",
        "address": "Avenida Filiberto Villalobos 61-65, Salamanca",
        "website": "https://www.opticaeuropa.es/",
        "opening_hours": "Mo-Fr 09:45-14:00,17:00-20:00; Sa 09:45-13:30"
      },
      "geometry": {
        "type": "Point",
        "coordinates": [
          -5.673833,
          40.9696299
        ]
      }
    },
    {
      "type": "Feature",
      "properties": {
        "weight": 1.0,
        "id": 3336312837,
        "hasDetails": true,
        "name": "Ferreter\u00eda S\u00e1nchez",
        "address": "Paseo de Carmelitas 20,22, Salamanca",
        "opening_hours": "Mo-Sa 09:45-14:00; Mo-Fr 16:15-20:15"
      },
      "geometry": {
        "type": "Point",
        "coordinates": [
          -5.6654535,
          40.9696312
        ]
      }
    },
    {
      "type": "Feature",
      "properties": {
        "weight": 1.0,
        "id": 3357728546,
        "hasDetails": true,
        "name": "Ella y \u00c9l",
        "website": "https://www.ellayel.net/",
        "opening_hours": "Mo-Fr 09:00-21:00; Sa 09:00-17:00"
      },
      "geometry": {
        "type": "Point",
        "coordinates": [
          -5.6589376,
          40.9696336
        ]
      }
    },
    {
      "type": "Feature",
      "properties": {
        "weight": 1.0
      },
      "geometry": {
        "type": "Point",
        "coordinates": [
          -5.667146,
          40.9696458
        ]
      }
    },
    {
      "type": "Feature",
      "properties": {
        "weight": 1.0
      },
      "geometry": {
        "type": "Point",
        "coordinates": [
          -5.6734853,
          40.9696501
        ]
      }
    },
    {
      "type": "Feature",
      "properties": {
        "weight": 1.0
      },
      "geometry": {
        "type": "Point",
        "coordinates": [
          -5.6623388,
          40.9696502
        ]
      }
    },
    {
      "type": "Feature",
      "properties": {
        "weight": 1.0
      },
      "geometry": {
        "type": "Point",
        "coordinates": [
          -5.6732044,
          40.9696531
        ]
      }
    },
    {
      "type": "Feature",
      "properties": {
        "weight": 1.0
      },
      "geometry": {
        "type": "Point",
        "coordinates": [
          -5.6744117,
          40.9696584
        ]
      }
    },
    {
      "type": "Feature",
      "properties": {
        "weight": 1.0
      },
      "geometry": {
        "type": "Point",
        "coordinates": [
          -5.6693549,
          40.9696651
        ]
      }
    },
    {
      "type": "Feature",
      "properties": {
        "weight": 1.0,
        "id": 3891793711,
        "hasDetails": true,
        "address": "Avenida de Villamayor 39",
        "opening_hours": "Mo-Sa 09:30-14:00; Mo-Fr 17:00-20:00"
      },
      "geometry": {
        "type": "Point",
        "coordinates": [
          -5.669668,
          40.9696686
        ]
      }
    },
    {
      "type": "Feature",
      "properties": {
        "weight": 1.0
      },
      "geometry": {
        "type": "Point",
        "coordinates": [
          -5.6592157,
          40.969684
        ]
      }
    },
    {
      "type": "Feature",
      "properties": {
        "weight": 1.0
      },
      "geometry": {
        "type": "Point",
        "coordinates": [
          -5.6545796,
          40.9696854
        ]
      }
    },
    {
      "type": "Feature",
      "properties": {
        "weight": 1.0,
        "id": 3076553085,
        "hasDetails": true,
        "name": "Cex",
        "address": "Avenida de Mirat 41",
        "website": "https://es.webuy.com/site/storeDetail/?branchId=1021",
        "opening_hours": "Mo-Sa 10:30-21:00"
      },
      "geometry": {
        "type": "Point",
        "coordinates": [
          -5.6625502,
          40.9697039
        ]
      }
    },
    {
      "type": "Feature",
      "properties": {
        "weight": 1.0
      },
      "geometry": {
        "type": "Point",
        "coordinates": [
          -5.6554147,
          40.969713
        ]
      }
    },
    {
      "type": "Feature",
      "properties": {
        "weight": 1.0,
        "id": 740158186,
        "hasDetails": true,
        "name": "Alimentaci\u00f3n Javier Santos",
        "opening_hours": "Mo-Fr 08:30-15:30,17:00-20:30; Sa 08:30-14:30; PH,Su 09:30-14:00",
        "outdoor_seating": "no"
      },
      "geometry": {
        "type": "Point",
        "coordinates": [
          -5.6739679,
          40.9697471
        ]
      }
    },
    {
      "type": "Feature",
      "properties": {
        "weight": 1.0
      },
      "geometry": {
        "type": "Point",
        "coordinates": [
          -5.6628107,
          40.9697696
        ]
      }
    },
    {
      "type": "Feature",
      "properties": {
        "weight": 1.0
      },
      "geometry": {
        "type": "Point",
        "coordinates": [
          -5.6543094,
          40.9697748
        ]
      }
    },
    {
      "type": "Feature",
      "properties": {
        "weight": 1.0
      },
      "geometry": {
        "type": "Point",
        "coordinates": [
          -5.6591596,
          40.969778
        ]
      }
    },
    {
      "type": "Feature",
      "properties": {
        "weight": 1.0,
        "id": 857829014,
        "hasDetails": true,
        "name": "Jes\u00fas Dom\u00ednguez",
        "opening_hours": "Mo-Th 09:30-14:00,16:00-20:00; Fr 09:30-20:00; Sa 08:30-15:00"
      },
      "geometry": {
        "type": "Point",
        "coordinates": [
          -5.669438,
          40.9697826
        ]
      }
    },
    {
      "type": "Feature",
      "properties": {
        "weight": 1.0
      },
      "geometry": {
        "type": "Point",
        "coordinates": [
          -5.6682339,
          40.9698005
        ]
      }
    },
    {
      "type": "Feature",
      "properties": {
        "weight": 1.0,
        "id": 1800116131,
        "hasDetails": true,
        "name": "Nacho de Vega",
        "opening_hours": "Mo-Sa 10:00-14:00; Mo-Fr 17:00-20:00",
        "names": [
          "Nacho de Vega",
          "City Sec"
        ]
      },
      "geometry": {
        "type": "Point",
        "coordinates": [
          -5.6550991,
          40.9698189
        ]
      }
    },
    {
      "type": "Feature",
      "properties": {
        "weight": 1.0,
        "id": 4871907709,
        "hasDetails": true,
        "name": "La Casa del Pan",
        "opening_hours": "Mo-Sa 09:00-14:30; Su 09:30-15:00; Mo 18:30-20:30; Tu-Fr 18:00-20:30",
        "outdoor_seating": "no"
      },
      "geometry": {
        "type": "Point",
        "coordinates": [
          -5.654175,
          40.9698238
        ]
      }
    },
    {
      "type": "Feature",
      "properties": {
        "weight": 1.0,
        "id": 1261958635,
        "hasDetails": true,
        "name": "Multi \u00d3pticas",
        "address": "Puerta Zamora 8, Salamanca",
        "website": "https://www.multiopticas.com/",
        "opening_hours": "Sep-Jun: Mo-Sa 17:00-20:30; Sep-Jun: Mo-Fr 10:15-14:00; Jul-Aug: Mo-Sa 10:15-14:00; Jul-Aug: Mo-Fr 17:00-20:30"
      },
      "geometry": {
        "type": "Point",
        "coordinates": [
          -5.6631055,
          40.9698431
        ]
      }
    },
    {
      "type": "Feature",
      "properties": {
        "weight": 1.0
      },
      "geometry": {
        "type": "Point",
        "coordinates": [
          -5.672325,
          40.9698465
        ]
      }
    },
    {
      "type": "Feature",
      "properties": {
        "weight": 1.0,
        "id": 6527993307,
        "hasDetails": true,
        "name": "Infoval",
        "opening_hours": "Mo-Fr 17:00-20:00; Sa 10:00-13:30"
      },
      "geometry": {
        "type": "Point",
        "coordinates": [
          -5.6574171,
          40.9698482
        ]
      }
    },
    {
      "type": "Feature",
      "properties": {
        "weight": 1.0,
        "id": 4411670443,
        "hasDetails": true,
        "name": "Ortopedia Natal",
        "address": "Calle Profesor S\u00e1ez 6, Salamanca",
        "website": "https://ortopedianatal.com/",
        "opening_hours": "Mo-Fr 09:30-13:30,16:30-20:00; Sa 10:00-13:30"
      },
      "geometry": {
        "type": "Point",
        "coordinates": [
          -5.6663049,
          40.969851
        ]
      }
    },
    {
      "type": "Feature",
      "properties": {
        "weight": 1.0,
        "id": 4871907707,
        "hasDetails": true,
        "name": "Zebra Regalos",
        "address": "Paseo de la Estaci\u00f3n 48, Salamanca"
      },
      "geometry": {
        "type": "Point",
        "coordinates": [
          -5.6540651,
          40.9698602
        ]
      }
    },
    {
      "type": "Feature",
      "properties": {
        "weight": 1.0,
        "id": 3359178319,
        "hasDetails": true,
        "name": "Primaprix",
        "website": "https://primaprix.es/",
        "names": [
          "Primaprix",
          "Fruter\u00eda La Hermosa"
        ]
      },
      "geometry": {
        "type": "Point",
        "coordinates": [
          -5.6587862,
          40.9698868
        ]
      }
    },
    {
      "type": "Feature",
      "properties": {
        "weight": 1.0,
        "id": 3896535228,
        "hasDetails": true,
        "name": "ArtePlus",
        "opening_hours": "Mo-Fr 10:00-14:00,17:30-20:30",
        "names": [
          "ArtePlus",
          "Perfumer\u00edas Avenida"
        ]
      },
      "geometry": {
        "type": "Point",
        "coordinates": [
          -5.6654327,
          40.9698898
        ]
      }
    },
    {
      "type": "Feature",
      "properties": {
        "weight": 1.0
      },
      "geometry": {
        "type": "Point",
        "coordinates": [
          -5.6590892,
          40.9698937
        ]
      }
    },
    {
      "type": "Feature",
      "properties": {
        "weight": 1.0,
        "id": 1800116130,
        "hasDetails": true,
        "name": "Dia",
        "address": "Paseo de la Estaci\u00f3n 41-43, Salamanca",
        "opening_hours": "Mo-Sa 09:00-21:00"
      },
      "geometry": {
        "type": "Point",
        "coordinates": [
          -5.6548738,
          40.9699014
        ]
      }
    },
    {
      "type": "Feature",
      "properties": {
        "weight": 1.0
      },
      "geometry": {
        "type": "Point",
        "coordinates": [
          -5.6721807,
          40.9699181
        ]
      }
    },
    {
      "type": "Feature",
      "properties": {
        "weight": 1.0,
        "id": 115623482,
        "hasDetails": true,
        "name": "Lupa",
        "address": "Calle de Jes\u00fas Arambarri 8, Salamanca",
        "opening_hours": "Mo-Sa 09:00-21:30"
      },
      "geometry": {
        "type": "Point",
        "coordinates": [
          -5.6430116,
          40.9699246
        ]
      }
    },
    {
      "type": "Feature",
      "properties": {
        "weight": 1.0,
        "id": 5196105082,
        "hasDetails": true,
        "name": "Isabela",
        "opening_hours": "Mo-Fr 09:00-20:00; Sa 09:00-14:00",
        "names": [
          "Isabela",
          "Tacto"
        ]
      },
      "geometry": {
        "type": "Point",
        "coordinates": [
          -5.6624332,
          40.9699313
        ]
      }
    },
    {
      "type": "Feature",
      "properties": {
        "weight": 1.0
      },
      "geometry": {
        "type": "Point",
        "coordinates": [
          -5.6649472,
          40.9699332
        ]
      }
    },
    {
      "type": "Feature",
      "properties": {
        "weight": 1.0,
        "id": 6426607865,
        "hasDetails": true,
        "name": "Criado Hermanos, S.L.",
        "opening_hours": "Mo-Fr 10:00-13:00,17:00-19:00"
      },
      "geometry": {
        "type": "Point",
        "coordinates": [
          -5.654757,
          40.9699363
        ]
      }
    },
    {
      "type": "Feature",
      "properties": {
        "weight": 1.0,
        "id": 9422384356,
        "hasDetails": true,
        "name": "Nueva L\u00ednea Susana Mor",
        "address": "Calle Papin 23, Salamanca"
      },
      "geometry": {
        "type": "Point",
        "coordinates": [
          -5.6690632,
          40.9699489
        ]
      }
    },
    {
      "type": "Feature",
      "properties": {
        "weight": 1.0,
        "id": 3101683058,
        "hasDetails": true,
        "name": "Pascual & Ramos",
        "opening_hours": "Mo-Sa 09:00-14:00; Mo-Fr 17:30-20:00"
      },
      "geometry": {
        "type": "Point",
        "coordinates": [
          -5.6655961,
          40.9699545
        ]
      }
    },
    {
      "type": "Feature",
      "properties": {
        "weight": 1.0,
        "id": 3470038667,
        "hasDetails": true,
        "name": "La Bellota Tattoo Studio",
        "opening_hours": "Mo-Fr 10:00-17:00"
      },
      "geometry": {
        "type": "Point",
        "coordinates": [
          -5.6738181,
          40.9699608
        ]
      }
    },
    {
      "type": "Feature",
      "properties": {
        "weight": 1.0
      },
      "geometry": {
        "type": "Point",
        "coordinates": [
          -5.6647148,
          40.9699704
        ]
      }
    },
    {
      "type": "Feature",
      "properties": {
        "weight": 1.0,
        "id": 5196105080,
        "hasDetails": true,
        "name": "Natalia Roal",
        "address": "Avenida de Mirat 36, Salamanca"
      },
      "geometry": {
        "type": "Point",
        "coordinates": [
          -5.6626044,
          40.969973
        ]
      }
    },
    {
      "type": "Feature",
      "properties": {
        "weight": 1.0,
        "id": 8836405947,
        "hasDetails": true,
        "name": "Joyer\u00eda Radi",
        "opening_hours": "Mo-Fr 10:00-14:00",
        "names": [
          "Joyer\u00eda Radi",
          "Jos\u00e9 Mari"
        ]
      },
      "geometry": {
        "type": "Point",
        "coordinates": [
          -5.6651603,
          40.969976
        ]
      }
    },
    {
      "type": "Feature",
      "properties": {
        "weight": 1.0
      },
      "geometry": {
        "type": "Point",
        "coordinates": [
          -5.6744358,
          40.9699788
        ]
      }
    },
    {
      "type": "Feature",
      "properties": {
        "weight": 1.0
      },
      "geometry": {
        "type": "Point",
        "coordinates": [
          -5.6695755,
          40.9699925
        ]
      }
    },
    {
      "type": "Feature",
      "properties": {
        "weight": 1.0,
        "id": 8836405958,
        "hasDetails": true,
        "name": "Cosmopol 2\u20ac y m\u00e1s",
        "opening_hours": "Mo-Sa 10:00-14:20,17:00-21:00",
        "names": [
          "Cosmopol 2\u20ac y m\u00e1s",
          "Llongueras",
          "Violetta"
        ]
      },
      "geometry": {
        "type": "Point",
        "coordinates": [
          -5.6642908,
          40.9699949
        ]
      }
    },
    {
      "type": "Feature",
      "properties": {
        "weight": 1.0
      },
      "geometry": {
        "type": "Point",
        "coordinates": [
          -5.6587211,
          40.9699974
        ]
      }
    },
    {
      "type": "Feature",
      "properties": {
        "weight": 1.0,
        "id": 3896535241,
        "hasDetails": true,
        "address": "Calle Wences Moreno 7, Salamanca"
      },
      "geometry": {
        "type": "Point",
        "coordinates": [
          -5.6657496,
          40.9699984
        ]
      }
    },
    {
      "type": "Feature",
      "properties": {
        "weight": 1.0
      },
      "geometry": {
        "type": "Point",
        "coordinates": [
          -5.6652766,
          40.9700002
        ]
      }
    },
    {
      "type": "Feature",
      "properties": {
        "weight": 1.0,
        "id": 3600022741,
        "hasDetails": true,
        "name": "Carrefour Express",
        "opening_hours": "Mo-Su,PH 09:00-23:00",
        "names": [
          "Carrefour Express",
          "Disanfrio Congelados"
        ]
      },
      "geometry": {
        "type": "Point",
        "coordinates": [
          -5.6590252,
          40.9700074
        ]
      }
    },
    {
      "type": "Feature",
      "properties": {
        "weight": 1.0
      },
      "geometry": {
        "type": "Point",
        "coordinates": [
          -5.6640467,
          40.9700127
        ]
      }
    },
    {
      "type": "Feature",
      "properties": {
        "weight": 1.0,
        "id": 3697943633,
        "hasDetails": true,
        "name": "Almac\u00e9n de frutas Zais",
        "address": "Calle Arapiles 32",
        "opening_hours": "Mo-Fr 09:00-15:00,17:00-20:00"
      },
      "geometry": {
        "type": "Point",
        "coordinates": [
          -5.6729402,
          40.9700148
        ]
      }
    },
    {
      "type": "Feature",
      "properties": {
        "weight": 1.0
      },
      "geometry": {
        "type": "Point",
        "coordinates": [
          -5.6747914,
          40.9700161
        ]
      }
    },
    {
      "type": "Feature",
      "properties": {
        "weight": 1.0,
        "id": 3076553084,
        "hasDetails": true,
        "name": "Casa",
        "opening_hours": "Mo-Sa 10:00-21:00"
      },
      "geometry": {
        "type": "Point",
        "coordinates": [
          -5.6627725,
          40.9700201
        ]
      }
    },
    {
      "type": "Feature",
      "properties": {
        "weight": 1.0,
        "id": 6457572465,
        "hasDetails": true,
        "name": "El armario del oeste",
        "address": "Calle Asturias 2, Salamanca",
        "opening_hours": "Mo-Fr 12:00-14:30,17:30-20:30; Sa 12:00-14:30"
      },
      "geometry": {
        "type": "Point",
        "coordinates": [
          -5.6673702,
          40.9700203
        ]
      }
    },
    {
      "type": "Feature",
      "properties": {
        "weight": 1.0,
        "id": 6455046388,
        "hasDetails": true,
        "name": "Salamanca Classic Tattoo",
        "opening_hours": "Mo-Fr 11:00-13:00,17:00-20:00"
      },
      "geometry": {
        "type": "Point",
        "coordinates": [
          -5.6671962,
          40.9700238
        ]
      }
    },
    {
      "type": "Feature",
      "properties": {
        "weight": 1.0,
        "id": 8836405965,
        "hasDetails": true,
        "address": "Paseo de Carmelitas 2, Salamanca"
      },
      "geometry": {
        "type": "Point",
        "coordinates": [
          -5.6638091,
          40.9700276
        ]
      }
    },
    {
      "type": "Feature",
      "properties": {
        "weight": 1.0,
        "id": 3904225201,
        "hasDetails": true,
        "name": "Decoraci\u00f3n Rachel",
        "opening_hours": "Mo-Sa 10:00-13:45; Mo-Fr 16:45-20:00"
      },
      "geometry": {
        "type": "Point",
        "coordinates": [
          -5.6622164,
          40.9700304
        ]
      }
    },
    {
      "type": "Feature",
      "properties": {
        "weight": 1.0,
        "id": 3896535250,
        "hasDetails": true,
        "name": "Yuste",
        "opening_hours": "Mo-Fr 09:45-13:30,16:30-20:00; Sa 10:00-13:45"
      },
      "geometry": {
        "type": "Point",
        "coordinates": [
          -5.6654138,
          40.9700351
        ]
      }
    },
    {
      "type": "Feature",
      "properties": {
        "weight": 1.0
      },
      "geometry": {
        "type": "Point",
        "coordinates": [
          -5.6696563,
          40.9700728
        ]
      }
    },
    {
      "type": "Feature",
      "properties": {
        "weight": 1.0,
        "id": 3896535232,
        "hasDetails": true,
        "name": "Ecotienda Eco Queti",
        "opening_hours": "Mo-Fr 09:30-14:30,17:00-20:30; Sa 10:00-14:00"
      },
      "geometry": {
        "type": "Point",
        "coordinates": [
          -5.6655454,
          40.9700738
        ]
      }
    },
    {
      "type": "Feature",
      "properties": {
        "weight": 1.0
      },
      "geometry": {
        "type": "Point",
        "coordinates": [
          -5.6711033,
          40.970081
        ]
      }
    },
    {
      "type": "Feature",
      "properties": {
        "weight": 1.0
      },
      "geometry": {
        "type": "Point",
        "coordinates": [
          -5.6586635,
          40.9700962
        ]
      }
    },
    {
      "type": "Feature",
      "properties": {
        "weight": 1.0,
        "id": 3896535224,
        "hasDetails": true,
        "name": "A tu gusto",
        "opening_hours": "Mo-Sa 08:00-15:30; Mo-Fr 17:00-21:00; Sa 18:00-21:00"
      },
      "geometry": {
        "type": "Point",
        "coordinates": [
          -5.6661282,
          40.9701116
        ]
      }
    },
    {
      "type": "Feature",
      "properties": {
        "weight": 1.0,
        "id": 3359195015,
        "hasDetails": true,
        "name": "Comercial Aja. Mascotas Salamanca",
        "address": "Calle de Mar\u00eda Auxiliadora 25, Salamanca",
        "website": "http://mascotasalamanca.com/",
        "opening_hours": "Mo-Sa 10:00-14:00; Mo-Fr 17:30-20:30"
      },
      "geometry": {
        "type": "Point",
        "coordinates": [
          -5.6589599,
          40.9701172
        ]
      }
    },
    {
      "type": "Feature",
      "properties": {
        "weight": 1.0,
        "id": 3904225207,
        "hasDetails": true,
        "name": "Vorwerk Kobold",
        "website": "https://kobold.vorwerk.es/kobold-inicio/"
      },
      "geometry": {
        "type": "Point",
        "coordinates": [
          -5.6621432,
          40.9701234
        ]
      }
    },
    {
      "type": "Feature",
      "properties": {
        "weight": 1.0
      },
      "geometry": {
        "type": "Point",
        "coordinates": [
          -5.6699994,
          40.9701251
        ]
      }
    },
    {
      "type": "Feature",
      "properties": {
        "weight": 1.0,
        "id": 9372967241,
        "hasDetails": true,
        "name": "Congelados Jos\u00e9 L\u00f3pez",
        "address": "Avenida Filiberto Villalobos 69, Salamanca",
        "opening_hours": "Mo-Sa 09:00-15:00,17:00-21:00"
      },
      "geometry": {
        "type": "Point",
        "coordinates": [
          -5.6744479,
          40.9701312
        ]
      }
    },
    {
      "type": "Feature",
      "properties": {
        "weight": 1.0,
        "id": 6422747788,
        "hasDetails": true,
        "name": "La Casa",
        "opening_hours": "Mo-Sa 10:00-13:30; Mo-Fr 17:00-20:00"
      },
      "geometry": {
        "type": "Point",
        "coordinates": [
          -5.6608085,
          40.9701328
        ]
      }
    },
    {
      "type": "Feature",
      "properties": {
        "weight": 1.0
      },
      "geometry": {
        "type": "Point",
        "coordinates": [
          -5.6724333,
          40.9701479
        ]
      }
    },
    {
      "type": "Feature",
      "properties": {
        "weight": 1.0,
        "id": 3635441813,
        "hasDetails": true,
        "name": "Est\u00e9tica Neftys",
        "opening_hours": "Tu,Th 09:30-13:30,16:30-20:00; We,Fr 09:30-17:30; Sa 09:30-14:00"
      },
      "geometry": {
        "type": "Point",
        "coordinates": [
          -5.6680307,
          40.9701523
        ]
      }
    },
    {
      "type": "Feature",
      "properties": {
        "weight": 1.0,
        "id": 3101683037,
        "hasDetails": true,
        "name": "Sven",
        "opening_hours": "Mo-Fr 10:00-14:00,17:00-20:30; Sa,Su,PH 10:30-15:00,17:30-20:00"
      },
      "geometry": {
        "type": "Point",
        "coordinates": [
          -5.6657804,
          40.9701557
        ]
      }
    },
    {
      "type": "Feature",
      "properties": {
        "weight": 1.0
      },
      "geometry": {
        "type": "Point",
        "coordinates": [
          -5.6662728,
          40.9701611
        ]
      }
    },
    {
      "type": "Feature",
      "properties": {
        "weight": 1.0
      },
      "geometry": {
        "type": "Point",
        "coordinates": [
          -5.6736513,
          40.9701795
        ]
      }
    },
    {
      "type": "Feature",
      "properties": {
        "weight": 1.0,
        "id": 6527993310,
        "hasDetails": true,
        "name": "Muebles Blason",
        "opening_hours": "Mo-Sa 10:30-13:30; Mo-Fr 17:30-20:00"
      },
      "geometry": {
        "type": "Point",
        "coordinates": [
          -5.6563381,
          40.9701844
        ]
      }
    },
    {
      "type": "Feature",
      "properties": {
        "weight": 1.0
      },
      "geometry": {
        "type": "Point",
        "coordinates": [
          -5.6659085,
          40.9701953
        ]
      }
    },
    {
      "type": "Feature",
      "properties": {
        "weight": 1.0,
        "id": 4028742762,
        "hasDetails": true,
        "name": "Administraci\u00f3n n\u00ba7",
        "opening_hours": "Mo-Sa 10:00-14:00; Mo-Fr 17:00-20:30",
        "names": [
          "Administraci\u00f3n n\u00ba7",
          "Viajes Kaitour"
        ]
      },
      "geometry": {
        "type": "Point",
        "coordinates": [
          -5.6614372,
          40.9701999
        ]
      }
    },
    {
      "type": "Feature",
      "properties": {
        "weight": 1.0,
        "id": 9372967238,
        "hasDetails": true,
        "name": "Fruter\u00eda La Alacena",
        "address": "Calle Padre C\u00e1mara 2",
        "opening_hours": "Mo-Fr 09:00-14:45,17:30-20:45; Sa 09:00-14:00"
      },
      "geometry": {
        "type": "Point",
        "coordinates": [
          -5.6584002,
          40.9702031
        ]
      }
    },
    {
      "type": "Feature",
      "properties": {
        "weight": 1.0,
        "id": 2477706828,
        "hasDetails": true,
        "name": "Inforsat",
        "address": "Calle Papin 9, Salamanca",
        "website": "https://inforsat.com/",
        "opening_hours": "Mo-Fr 09:30-13:30,16:30-20:00; Sa 10:00-14:00"
      },
      "geometry": {
        "type": "Point",
        "coordinates": [
          -5.6677406,
          40.9702088
        ]
      }
    },
    {
      "type": "Feature",
      "properties": {
        "weight": 1.0
      },
      "geometry": {
        "type": "Point",
        "coordinates": [
          -5.6585836,
          40.9702144
        ]
      }
    },
    {
      "type": "Feature",
      "properties": {
        "weight": 1.0
      },
      "geometry": {
        "type": "Point",
        "coordinates": [
          -5.6561535,
          40.9702225
        ]
      }
    },
    {
      "type": "Feature",
      "properties": {
        "weight": 1.0
      },
      "geometry": {
        "type": "Point",
        "coordinates": [
          -5.6705658,
          40.9702282
        ]
      }
    },
    {
      "type": "Feature",
      "properties": {
        "weight": 1.0,
        "id": 3359195013,
        "hasDetails": true,
        "name": "Bolsos Silvia",
        "opening_hours": "Jul-Aug: Mo-Sa 10:00-14:00; Jul-Aug: Mo-Fr 17:00-20:30; Sep-Jun: Mo-Sa 10:00-14:00,17:00-20:30",
        "names": [
          "Bolsos Silvia",
          "Granier"
        ]
      },
      "geometry": {
        "type": "Point",
        "coordinates": [
          -5.6588854,
          40.9702405
        ]
      }
    },
    {
      "type": "Feature",
      "properties": {
        "weight": 1.0,
        "id": 3101683033,
        "hasDetails": true,
        "name": "Melibea",
        "opening_hours": "Mo-Fr 10:00-14:00,17:00-20:30; Sa 10:30-14:00",
        "names": [
          "Melibea",
          "Peluquer\u00eda Anisbel",
          "Spray Dealer Tienda de Sprays"
        ]
      },
      "geometry": {
        "type": "Point",
        "coordinates": [
          -5.6660785,
          40.970252
        ]
      }
    },
    {
      "type": "Feature",
      "properties": {
        "weight": 1.0
      },
      "geometry": {
        "type": "Point",
        "coordinates": [
          -5.6735238,
          40.9702611
        ]
      }
    },
    {
      "type": "Feature",
      "properties": {
        "weight": 1.0
      },
      "geometry": {
        "type": "Point",
        "coordinates": [
          -5.6674116,
          40.970263
        ]
      }
    },
    {
      "type": "Feature",
      "properties": {
        "weight": 1.0,
        "id": 9950616417,
        "hasDetails": true,
        "name": "Carrefour Express",
        "opening_hours": "Mo-Su 09:00-23:00",
        "names": [
          "Carrefour Express",
          "Presume"
        ]
      },
      "geometry": {
        "type": "Point",
        "coordinates": [
          -5.6745874,
          40.9702659
        ]
      }
    },
    {
      "type": "Feature",
      "properties": {
        "weight": 1.0
      },
      "geometry": {
        "type": "Point",
        "coordinates": [
          -5.6697969,
          40.9702781
        ]
      }
    },
    {
      "type": "Feature",
      "properties": {
        "weight": 1.0,
        "id": 4411670441,
        "hasDetails": true,
        "name": "El dorado",
        "opening_hours": "Mo-Sa 10:00-14:00; Mo-Fr 17:00-20:30",
        "names": [
          "El dorado",
          "Peluquer\u00eda del Oeste"
        ]
      },
      "geometry": {
        "type": "Point",
        "coordinates": [
          -5.6666849,
          40.9702958
        ]
      }
    },
    {
      "type": "Feature",
      "properties": {
        "weight": 1.0,
        "id": 3904225206,
        "hasDetails": true,
        "name": "Gescoop Habitat Xxi",
        "website": "https://www.gescoophabitat.com/"
      },
      "geometry": {
        "type": "Point",
        "coordinates": [
          -5.6619811,
          40.9703059
        ]
      }
    },
    {
      "type": "Feature",
      "properties": {
        "weight": 1.0
      },
      "geometry": {
        "type": "Point",
        "coordinates": [
          -5.6672517,
          40.9703079
        ]
      }
    },
    {
      "type": "Feature",
      "properties": {
        "weight": 1.0
      },
      "geometry": {
        "type": "Point",
        "coordinates": [
          -5.6701343,
          40.9703126
        ]
      }
    },
    {
      "type": "Feature",
      "properties": {
        "weight": 1.0
      },
      "geometry": {
        "type": "Point",
        "coordinates": [
          -5.6587704,
          40.9703274
        ]
      }
    },
    {
      "type": "Feature",
      "properties": {
        "weight": 1.0,
        "id": 1800116124,
        "hasDetails": true,
        "address": "Calle Pollo Mart\u00edn 23, Salamanca"
      },
      "geometry": {
        "type": "Point",
        "coordinates": [
          -5.6595261,
          40.9703297
        ]
      }
    },
    {
      "type": "Feature",
      "properties": {
        "weight": 1.0,
        "id": 3359297735,
        "hasDetails": true,
        "name": "Carnicer\u00eda Ibelier",
        "address": "Calle de Mar\u00eda Auxiliadora 28, Salamanca",
        "website": "http://www.ibelier.es"
      },
      "geometry": {
        "type": "Point",
        "coordinates": [
          -5.658532,
          40.9703316
        ]
      }
    },
    {
      "type": "Feature",
      "properties": {
        "weight": 1.0,
        "id": 3101683029,
        "hasDetails": true,
        "name": "Dulce & Salado",
        "opening_hours": "Mo-Fr 08:30-14:30,17:30-20:30; Sa,Su 09:00-14:30",
        "outdoor_seating": "no"
      },
      "geometry": {
        "type": "Point",
        "coordinates": [
          -5.6663166,
          40.9703331
        ]
      }
    },
    {
      "type": "Feature",
      "properties": {
        "weight": 1.0
      },
      "geometry": {
        "type": "Point",
        "coordinates": [
          -5.6664405,
          40.9703621
        ]
      }
    },
    {
      "type": "Feature",
      "properties": {
        "weight": 1.0
      },
      "geometry": {
        "type": "Point",
        "coordinates": [
          -5.6669186,
          40.9703705
        ]
      }
    },
    {
      "type": "Feature",
      "properties": {
        "weight": 1.0
      },
      "geometry": {
        "type": "Point",
        "coordinates": [
          -5.6562779,
          40.9703865
        ]
      }
    },
    {
      "type": "Feature",
      "properties": {
        "weight": 1.0
      },
      "geometry": {
        "type": "Point",
        "coordinates": [
          -5.6752047,
          40.9703891
        ]
      }
    },
    {
      "type": "Feature",
      "properties": {
        "weight": 1.0,
        "id": 3101683034,
        "hasDetails": true,
        "name": "N\u00e1car",
        "opening_hours": "Mo-Sa 10:00-14:00; Mo-Fr 17:00-20:00"
      },
      "geometry": {
        "type": "Point",
        "coordinates": [
          -5.6666979,
          40.970437
        ]
      }
    },
    {
      "type": "Feature",
      "properties": {
        "weight": 1.0,
        "id": 1800116129,
        "hasDetails": true,
        "name": "Gadis",
        "address": "Avenida de Portugal 7-11",
        "website": "https://www.gadis.es/centros/avportugal-salamanca-salamanca-372",
        "opening_hours": "Mo-Sa 09:30-21:00"
      },
      "geometry": {
        "type": "Point",
        "coordinates": [
          -5.6549435,
          40.9704421
        ]
      }
    },
    {
      "type": "Feature",
      "properties": {
        "weight": 1.0
      },
      "geometry": {
        "type": "Point",
        "coordinates": [
          -5.6747883,
          40.9704425
        ]
      }
    },
    {
      "type": "Feature",
      "properties": {
        "weight": 1.0,
        "id": 3877305195,
        "hasDetails": true,
        "name": "Lavander\u00eda Colada R\u00e1pida",
        "address": "Calle Jamaica 2-10, Salamanca",
        "website": "http://www.coladarapida.es/",
        "opening_hours": "PH,Mo-Su 08:00-23:00"
      },
      "geometry": {
        "type": "Point",
        "coordinates": [
          -5.6435317,
          40.9704736
        ]
      }
    },
    {
      "type": "Feature",
      "properties": {
        "weight": 1.0,
        "id": 3359297737,
        "hasDetails": true,
        "name": "Pasteler\u00eda Gil",
        "address": "Calle de Mar\u00eda Auxiliadora 33, Salamanca",
        "website": "https://www.confiteriagil.es/tienda/",
        "opening_hours": "Mo-Sa 09:00-15:00,16:30-21:00; PH,Su 09:00-15:30,16:30-21:00",
        "outdoor_seating": "no"
      },
      "geometry": {
        "type": "Point",
        "coordinates": [
          -5.6587486,
          40.970477
        ]
      }
    },
    {
      "type": "Feature",
      "properties": {
        "weight": 1.0
      },
      "geometry": {
        "type": "Point",
        "coordinates": [
          -5.6718864,
          40.9705096
        ]
      }
    },
    {
      "type": "Feature",
      "properties": {
        "weight": 1.0,
        "id": 6422128741,
        "hasDetails": true,
        "name": "K-loft",
        "address": "Avenida de Portugal 17, Salamanca"
      },
      "geometry": {
        "type": "Point",
        "coordinates": [
          -5.6553062,
          40.9705109
        ]
      }
    },
    {
      "type": "Feature",
      "properties": {
        "weight": 1.0,
        "id": 8831020615,
        "hasDetails": true,
        "name": "Pescader\u00eda Alondra",
        "opening_hours": "Tu-Sa 09:00-15:00"
      },
      "geometry": {
        "type": "Point",
        "coordinates": [
          -5.6639406,
          40.9705138
        ]
      }
    },
    {
      "type": "Feature",
      "properties": {
        "weight": 1.0,
        "id": 5085728965,
        "hasDetails": true,
        "name": "Mercedes Bernal",
        "address": "Calle de Echegaray 5, Salamanca",
        "opening_hours": "Mo-Th 10:00-13:00; Mo-Fr 15:00-19:30; Fr 09:00-13:00; Sa 09:00-14:00",
        "names": [
          "Mercedes Bernal",
          "Eroski"
        ]
      },
      "geometry": {
        "type": "Point",
        "coordinates": [
          -5.6613748,
          40.9705221
        ]
      }
    },
    {
      "type": "Feature",
      "properties": {
        "weight": 1.0,
        "id": 857829081,
        "hasDetails": true,
        "name": "Peluquer\u00eda Barber\u00eda 52",
        "opening_hours": "Mo-Sa 09:30-14:00; Mo-Fr 16:00-20:00",
        "names": [
          "Peluquer\u00eda Barber\u00eda 52",
          "Colada Delux"
        ]
      },
      "geometry": {
        "type": "Point",
        "coordinates": [
          -5.6699884,
          40.9705229
        ]
      }
    },
    {
      "type": "Feature",
      "properties": {
        "weight": 1.0,
        "id": 3927157835,
        "hasDetails": true,
        "name": "Centro \u00d3ptico Social",
        "address": "Calle Antonio Espinosa 8, Salamanca",
        "website": "https://www.centroopticosocial.es/centro-optico-social-salamanca/",
        "opening_hours": "Mo-Fr 10:00-14:00,17:00-20:00; Sa 10:00-14:00"
      },
      "geometry": {
        "type": "Point",
        "coordinates": [
          -5.6654851,
          40.9705287
        ]
      }
    },
    {
      "type": "Feature",
      "properties": {
        "weight": 1.0,
        "id": 3746414790,
        "hasDetails": true,
        "name": "Botanik Centro Hol\u00edstico y Masajes",
        "address": "Calle Jamaica 2, Salamanca",
        "website": "http://www.botanik.es",
        "opening_hours": "Mo-Fr 10:00-14:00,17:00-20:00"
      },
      "geometry": {
        "type": "Point",
        "coordinates": [
          -5.6436017,
          40.9705483
        ]
      }
    },
    {
      "type": "Feature",
      "properties": {
        "weight": 1.0,
        "id": 6527993302,
        "hasDetails": true,
        "name": "Perfumer\u00eda Avenida",
        "opening_hours": "Mo-Sa 10:00-14:00; Mo-Fr 17:00-20:00"
      },
      "geometry": {
        "type": "Point",
        "coordinates": [
          -5.6590567,
          40.9705521
        ]
      }
    },
    {
      "type": "Feature",
      "properties": {
        "weight": 1.0,
        "id": 2465324635,
        "hasDetails": true,
        "name": "Productos San Fernando",
        "opening_hours": "Mo-Sa 09:30-14:00; Mo-Fr 16:30-19:00"
      },
      "geometry": {
        "type": "Point",
        "coordinates": [
          -5.6703128,
          40.9705617
        ]
      }
    },
    {
      "type": "Feature",
      "properties": {
        "weight": 1.0,
        "id": 6527819445,
        "hasDetails": true,
        "name": "Patria Paniagua estilistas",
        "opening_hours": "Tu-Th 09:00-13:30,17:00-20:00; Fr 09:30-19:30; Sa 09:00-14:30"
      },
      "geometry": {
        "type": "Point",
        "coordinates": [
          -5.6666142,
          40.9705634
        ]
      }
    },
    {
      "type": "Feature",
      "properties": {
        "weight": 1.0,
        "id": 3759912799,
        "hasDetails": true,
        "name": "Kiosco Gabi",
        "address": "Avenida de Portugal 17, Salamanca",
        "opening_hours": "Mo-Fr 07:00-21:00; PH,Sa 07:00-15:00; Su 07:00-15:00"
      },
      "geometry": {
        "type": "Point",
        "coordinates": [
          -5.6555286,
          40.9705779
        ]
      }
    },
    {
      "type": "Feature",
      "properties": {
        "weight": 1.0
      },
      "geometry": {
        "type": "Point",
        "coordinates": [
          -5.654107,
          40.9705784
        ]
      }
    },
    {
      "type": "Feature",
      "properties": {
        "weight": 1.0
      },
      "geometry": {
        "type": "Point",
        "coordinates": [
          -5.6636262,
          40.9705806
        ]
      }
    },
    {
      "type": "Feature",
      "properties": {
        "weight": 1.0
      },
      "geometry": {
        "type": "Point",
        "coordinates": [
          -5.6717803,
          40.9705819
        ]
      }
    },
    {
      "type": "Feature",
      "properties": {
        "weight": 1.0,
        "id": 6455046391,
        "hasDetails": true,
        "name": "Carreto caf\u00e9 y t\u00e9",
        "address": "Plaza del Oeste 2",
        "opening_hours": "Mo-Sa 10:30-14:00, Mo-Fr 17:30-20:00"
      },
      "geometry": {
        "type": "Point",
        "coordinates": [
          -5.6676644,
          40.9705842
        ]
      }
    },
    {
      "type": "Feature",
      "properties": {
        "weight": 1.0
      },
      "geometry": {
        "type": "Point",
        "coordinates": [
          -5.6556657,
          40.9705942
        ]
      }
    },
    {
      "type": "Feature",
      "properties": {
        "weight": 1.0,
        "id": 3697942924,
        "hasDetails": true,
        "name": "Reutilisa",
        "address": "Calle Juan de Juni 14",
        "website": "https://www.reutilisa.com/",
        "opening_hours": "Mo-Fr 12:00-14:00,17:00-20:00"
      },
      "geometry": {
        "type": "Point",
        "coordinates": [
          -5.6691233,
          40.9706022
        ]
      }
    },
    {
      "type": "Feature",
      "properties": {
        "weight": 1.0,
        "id": 5478861063,
        "hasDetails": true,
        "name": "Vulcano",
        "opening_hours": "Mo-Sa 10:00-14:00; Mo-Fr 17:00-20:30"
      },
      "geometry": {
        "type": "Point",
        "coordinates": [
          -5.6593668,
          40.9706098
        ]
      }
    },
    {
      "type": "Feature",
      "properties": {
        "weight": 1.0,
        "id": 6527819462,
        "hasDetails": true,
        "name": "Ananda Growshop",
        "website": "http://liamaria.es/",
        "opening_hours": "Mo-Sa 11:00-14:00; Mo-Fr 17:00-20:30"
      },
      "geometry": {
        "type": "Point",
        "coordinates": [
          -5.6693253,
          40.970616
        ]
      }
    },
    {
      "type": "Feature",
      "properties": {
        "weight": 1.0
      },
      "geometry": {
        "type": "Point",
        "coordinates": [
          -5.6686398,
          40.970618
        ]
      }
    },
    {
      "type": "Feature",
      "properties": {
        "weight": 1.0
      },
      "geometry": {
        "type": "Point",
        "coordinates": [
          -5.6682128,
          40.970623
        ]
      }
    },
    {
      "type": "Feature",
      "properties": {
        "weight": 1.0
      },
      "geometry": {
        "type": "Point",
        "coordinates": [
          -5.6543525,
          40.9706277
        ]
      }
    },
    {
      "type": "Feature",
      "properties": {
        "weight": 1.0,
        "id": 4028742761,
        "hasDetails": true,
        "name": "Administraci\u00f3n n\u00ba21. La Toquilla",
        "opening_hours": "Mo-Fr 09:30-14:00,17:00-20:00"
      },
      "geometry": {
        "type": "Point",
        "coordinates": [
          -5.6436691,
          40.9706319
        ]
      }
    },
    {
      "type": "Feature",
      "properties": {
        "weight": 1.0,
        "id": 5456551062,
        "hasDetails": true,
        "name": "Carnicer\u00eda Guillermo",
        "address": "Avenida de Portugal 27, Salamanca"
      },
      "geometry": {
        "type": "Point",
        "coordinates": [
          -5.6559186,
          40.9706524
        ]
      }
    },
    {
      "type": "Feature",
      "properties": {
        "weight": 1.0,
        "id": 6422128747,
        "hasDetails": true,
        "name": "Viajes Australis",
        "website": "https://www.mundigeaonline.com/australis/",
        "opening_hours": "Mo-Fr 10:00-13:30"
      },
      "geometry": {
        "type": "Point",
        "coordinates": [
          -5.6544985,
          40.970657
        ]
      }
    },
    {
      "type": "Feature",
      "properties": {
        "weight": 1.0,
        "id": 3470038665,
        "hasDetails": true,
        "name": "Estanco Autobuses Exp. N\u00ba 35",
        "opening_hours": "Mo-Fr 08:15-21:15; Sa 08:15-20:00; Su,PH 09:30-14:30"
      },
      "geometry": {
        "type": "Point",
        "coordinates": [
          -5.6743959,
          40.970661
        ]
      }
    },
    {
      "type": "Feature",
      "properties": {
        "weight": 1.0,
        "id": 4412165289,
        "hasDetails": true,
        "name": "222 Golden Car",
        "opening_hours": "Mo-Fr 09:30-14:00,17:00-20:30; Sa 10:00-14:00"
      },
      "geometry": {
        "type": "Point",
        "coordinates": [
          -5.6647273,
          40.9706744
        ]
      }
    },
    {
      "type": "Feature",
      "properties": {
        "weight": 1.0
      },
      "geometry": {
        "type": "Point",
        "coordinates": [
          -5.6546292,
          40.9706863
        ]
      }
    },
    {
      "type": "Feature",
      "properties": {
        "weight": 1.0,
        "id": 740158146,
        "hasDetails": true,
        "name": "Dia",
        "address": "Calle Arapiles 9-13, Salamanca",
        "opening_hours": "Mo-Sa 09:00-21:30"
      },
      "geometry": {
        "type": "Point",
        "coordinates": [
          -5.6716039,
          40.9706864
        ]
      }
    },
    {
      "type": "Feature",
      "properties": {
        "weight": 1.0
      },
      "geometry": {
        "type": "Point",
        "coordinates": [
          -5.6636138,
          40.9706906
        ]
      }
    },
    {
      "type": "Feature",
      "properties": {
        "weight": 1.0
      },
      "geometry": {
        "type": "Point",
        "coordinates": [
          -5.6597067,
          40.9706921
        ]
      }
    },
    {
      "type": "Feature",
      "properties": {
        "weight": 1.0
      },
      "geometry": {
        "type": "Point",
        "coordinates": [
          -5.6561745,
          40.9707056
        ]
      }
    },
    {
      "type": "Feature",
      "properties": {
        "weight": 1.0,
        "id": 4037172210,
        "hasDetails": true,
        "name": "Alcampo",
        "opening_hours": "Mo-Sa 09:00-21:30"
      },
      "geometry": {
        "type": "Point",
        "coordinates": [
          -5.6643884,
          40.9707112
        ]
      }
    },
    {
      "type": "Feature",
      "properties": {
        "weight": 1.0
      },
      "geometry": {
        "type": "Point",
        "coordinates": [
          -5.6547685,
          40.9707112
        ]
      }
    },
    {
      "type": "Feature",
      "properties": {
        "weight": 1.0,
        "id": 8677142963,
        "hasDetails": true,
        "name": "Amarga",
        "opening_hours": "Mo-Sa 11:00-14:30, Mo-Fr 17:00-21:00"
      },
      "geometry": {
        "type": "Point",
        "coordinates": [
          -5.6692277,
          40.9707215
        ]
      }
    },
    {
      "type": "Feature",
      "properties": {
        "weight": 1.0
      },
      "geometry": {
        "type": "Point",
        "coordinates": [
          -5.6549043,
          40.9707385
        ]
      }
    },
    {
      "type": "Feature",
      "properties": {
        "weight": 1.0,
        "id": 5456649247,
        "hasDetails": true,
        "name": "Peluquer\u00eda Ruben's",
        "address": "Avenida de Portugal 33, Salamanca",
        "opening_hours": "Mo-Fr 09:00-13:30,16:00-20:00; Sa 08:00-13:30"
      },
      "geometry": {
        "type": "Point",
        "coordinates": [
          -5.6564863,
          40.9707618
        ]
      }
    },
    {
      "type": "Feature",
      "properties": {
        "weight": 1.0,
        "id": 9422550040,
        "hasDetails": true,
        "name": "Parafarmacia Calle Jamaica",
        "address": "Calle Jamaica 2-10, Salamanca",
        "opening_hours": "Mo-Fr 09:30-14:30,17:00-20:00; Sa 10:00-14:00",
        "names": [
          "Parafarmacia Calle Jamaica",
          "Cocinas Idem"
        ]
      },
      "geometry": {
        "type": "Point",
        "coordinates": [
          -5.6437559,
          40.9707631
        ]
      }
    },
    {
      "type": "Feature",
      "properties": {
        "weight": 1.0
      },
      "geometry": {
        "type": "Point",
        "coordinates": [
          -5.6714998,
          40.9707638
        ]
      }
    },
    {
      "type": "Feature",
      "properties": {
        "weight": 1.0
      },
      "geometry": {
        "type": "Point",
        "coordinates": [
          -5.6671347,
          40.9707737
        ]
      }
    },
    {
      "type": "Feature",
      "properties": {
        "weight": 1.0,
        "id": 6419072605,
        "hasDetails": true,
        "name": "Pepa & Lourdes",
        "address": "Calle Valencia 10, Salamanca",
        "opening_hours": "Tu-Th 10:00-13:30,15:30-19:30; Mo 16:00-19:30; Fr 09:00-19:30; Sa 09:00-14:30"
      },
      "geometry": {
        "type": "Point",
        "coordinates": [
          -5.6594835,
          40.9707837
        ]
      }
    },
    {
      "type": "Feature",
      "properties": {
        "weight": 1.0,
        "id": 3359315111,
        "hasDetails": true,
        "name": "Movistar",
        "address": "Calle de Mar\u00eda Auxiliadora 37, Salamanca",
        "opening_hours": "Mo-Fr 09:30-14:00,17:00-20:00; Sa 10:00-14:00"
      },
      "geometry": {
        "type": "Point",
        "coordinates": [
          -5.6585626,
          40.9707899
        ]
      }
    },
    {
      "type": "Feature",
      "properties": {
        "weight": 1.0,
        "id": 6527993294,
        "hasDetails": true,
        "name": "Santos",
        "cuisine": "spanish;japanese"
      },
      "geometry": {
        "type": "Point",
        "coordinates": [
          -5.6600696,
          40.9708157
        ]
      }
    },
    {
      "type": "Feature",
      "properties": {
        "weight": 1.0,
        "id": 3887282870,
        "hasDetails": true,
        "name": "\u00c1ngel Spirit",
        "address": "Plaza del Oeste 4, Salamanca"
      },
      "geometry": {
        "type": "Point",
        "coordinates": [
          -5.6675003,
          40.9708186
        ]
      }
    },
    {
      "type": "Feature",
      "properties": {
        "weight": 1.0,
        "id": 9420161028,
        "hasDetails": true,
        "name": "Tarty Party",
        "address": "Calle Valencia 10"
      },
      "geometry": {
        "type": "Point",
        "coordinates": [
          -5.6596418,
          40.9708205
        ]
      }
    },
    {
      "type": "Feature",
      "properties": {
        "weight": 1.0
      },
      "geometry": {
        "type": "Point",
        "coordinates": [
          -5.6633054,
          40.9708351
        ]
      }
    },
    {
      "type": "Feature",
      "properties": {
        "weight": 1.0,
        "id": 5196105078,
        "hasDetails": true,
        "name": "Carnicer\u00eda Salchicher\u00eda David",
        "opening_hours": "Mo-Sa 08:45-14:15; Mo-Fr 17:00-20:00"
      },
      "geometry": {
        "type": "Point",
        "coordinates": [
          -5.6646786,
          40.9708408
        ]
      }
    },
    {
      "type": "Feature",
      "properties": {
        "weight": 1.0
      },
      "geometry": {
        "type": "Point",
        "coordinates": [
          -5.6635899,
          40.9708454
        ]
      }
    },
    {
      "type": "Feature",
      "properties": {
        "weight": 1.0,
        "id": 9883573958,
        "hasDetails": true,
        "name": "Pan y dulces Garc\u00eda",
        "opening_hours": "Mo-Su 09:00-14:30",
        "outdoor_seating": "no"
      },
      "geometry": {
        "type": "Point",
        "coordinates": [
          -5.6553798,
          40.970849
        ]
      }
    },
    {
      "type": "Feature",
      "properties": {
        "weight": 1.0
      },
      "geometry": {
        "type": "Point",
        "coordinates": [
          -5.670202,
          40.9708606
        ]
      }
    },
    {
      "type": "Feature",
      "properties": {
        "weight": 1.0,
        "id": 3896535593,
        "hasDetails": true,
        "name": "Herbolario Marina",
        "address": "Calle Arapiles 8",
        "opening_hours": "Mo-Sa 10:30-14:00; Mo-Fr 17:30-20:30"
      },
      "geometry": {
        "type": "Point",
        "coordinates": [
          -5.6716263,
          40.9708642
        ]
      }
    },
    {
      "type": "Feature",
      "properties": {
        "weight": 1.0
      },
      "geometry": {
        "type": "Point",
        "coordinates": [
          -5.667288,
          40.9708795
        ]
      }
    },
    {
      "type": "Feature",
      "properties": {
        "weight": 1.0,
        "id": 3359317361,
        "hasDetails": true,
        "name": "Gussto",
        "opening_hours": "Mo-Sa 10:00-14:15,17:30-21:00"
      },
      "geometry": {
        "type": "Point",
        "coordinates": [
          -5.6585056,
          40.9708872
        ]
      }
    },
    {
      "type": "Feature",
      "properties": {
        "weight": 1.0,
        "id": 6426607866,
        "hasDetails": true,
        "name": "Portugal 30",
        "opening_hours": "Mo-Fr 09:30-13:45,17:30-20:30; Sa 10:00-13:30"
      },
      "geometry": {
        "type": "Point",
        "coordinates": [
          -5.6555746,
          40.9708964
        ]
      }
    },
    {
      "type": "Feature",
      "properties": {
        "weight": 1.0
      },
      "geometry": {
        "type": "Point",
        "coordinates": [
          -5.6599375,
          40.9709162
        ]
      }
    },
    {
      "type": "Feature",
      "properties": {
        "weight": 1.0,
        "id": 3896535595,
        "hasDetails": true,
        "name": "Panader\u00eda Santa B\u00e1rbara",
        "outdoor_seating": "no"
      },
      "geometry": {
        "type": "Point",
        "coordinates": [
          -5.6675295,
          40.9709339
        ]
      }
    },
    {
      "type": "Feature",
      "properties": {
        "weight": 1.0,
        "id": 8836873796,
        "hasDetails": true,
        "name": "Fruter\u00eda Palacios",
        "opening_hours": "Mo-Fr 08:30-14:15,17:30-20:00; Sa 08:30-14:00"
      },
      "geometry": {
        "type": "Point",
        "coordinates": [
          -5.661862,
          40.9709423
        ]
      }
    },
    {
      "type": "Feature",
      "properties": {
        "weight": 1.0
      },
      "geometry": {
        "type": "Point",
        "coordinates": [
          -5.6558197,
          40.9709434
        ]
      }
    },
    {
      "type": "Feature",
      "properties": {
        "weight": 1.0,
        "id": 6544702682,
        "hasDetails": true,
        "name": "Al minuto",
        "opening_hours": "Mo-Fr 09:00-14:00,17:00-20:00"
      },
      "geometry": {
        "type": "Point",
        "coordinates": [
          -5.670277,
          40.9709484
        ]
      }
    },
    {
      "type": "Feature",
      "properties": {
        "weight": 1.0,
        "id": 9205424271,
        "hasDetails": true,
        "name": "Naturbell",
        "address": "Calle Melchor Cano 13, Salamanca",
        "opening_hours": "Mo-Fr 10:00-20:00; Sa 10:10-14:00"
      },
      "geometry": {
        "type": "Point",
        "coordinates": [
          -5.6670088,
          40.9709498
        ]
      }
    },
    {
      "type": "Feature",
      "properties": {
        "weight": 1.0
      },
      "geometry": {
        "type": "Point",
        "coordinates": [
          -5.6600464,
          40.9709627
        ]
      }
    },
    {
      "type": "Feature",
      "properties": {
        "weight": 1.0,
        "id": 6587207699,
        "hasDetails": true,
        "name": "Peluquer\u00eda Tom\u00e1s",
        "opening_hours": "Mo-Fr 10:00-14:00,17:00-20:30; Sa 09:30-14:30"
      },
      "geometry": {
        "type": "Point",
        "coordinates": [
          -5.6699673,
          40.9709976
        ]
      }
    },
    {
      "type": "Feature",
      "properties": {
        "weight": 1.0,
        "id": 6527993291,
        "hasDetails": true,
        "name": "Mayo",
        "opening_hours": "Mo-Sa 09:30-14:00; Mo-Fr 17:30-20:00"
      },
      "geometry": {
        "type": "Point",
        "coordinates": [
          -5.6601748,
          40.9710233
        ]
      }
    },
    {
      "type": "Feature",
      "properties": {
        "weight": 1.0,
        "id": 3359318680,
        "hasDetails": true,
        "name": "Aromas Artesalanes",
        "address": "Calle de Mar\u00eda Auxiliadora 41, Salamanca",
        "website": "https://www.aromasartesanales.es/",
        "opening_hours": "Mo-Fr 10:30-13:30,17:30-20:30; Sa 11:00-13:30"
      },
      "geometry": {
        "type": "Point",
        "coordinates": [
          -5.6584192,
          40.9710243
        ]
      }
    },
    {
      "type": "Feature",
      "properties": {
        "weight": 1.0
      },
      "geometry": {
        "type": "Point",
        "coordinates": [
          -5.6609242,
          40.9710284
        ]
      }
    },
    {
      "type": "Feature",
      "properties": {
        "weight": 1.0
      },
      "geometry": {
        "type": "Point",
        "coordinates": [
          -5.6703374,
          40.9710355
        ]
      }
    },
    {
      "type": "Feature",
      "properties": {
        "weight": 1.0
      },
      "geometry": {
        "type": "Point",
        "coordinates": [
          -5.6563489,
          40.9710441
        ]
      }
    },
    {
      "type": "Feature",
      "properties": {
        "weight": 1.0,
        "id": 8677142962,
        "hasDetails": true,
        "name": "La Barber\u00eda",
        "opening_hours": "\"martes a s\u00e1bado bajo cita previa\""
      },
      "geometry": {
        "type": "Point",
        "coordinates": [
          -5.6692455,
          40.9710496
        ]
      }
    },
    {
      "type": "Feature",
      "properties": {
        "weight": 1.0
      },
      "geometry": {
        "type": "Point",
        "coordinates": [
          -5.6673893,
          40.9710553
        ]
      }
    },
    {
      "type": "Feature",
      "properties": {
        "weight": 1.0,
        "id": 3896535242,
        "hasDetails": true,
        "name": "Pedro & Jos\u00e9",
        "opening_hours": "Mo-Fr 09:30-14:00,16:30-20:30; Sa 08:30-14:30"
      },
      "geometry": {
        "type": "Point",
        "coordinates": [
          -5.6713109,
          40.9710651
        ]
      }
    },
    {
      "type": "Feature",
      "properties": {
        "weight": 1.0,
        "id": 6422128733,
        "hasDetails": true,
        "opening_hours": "Mo-Sa 10:00-13:30; Mo-Fr 17:00-20:00"
      },
      "geometry": {
        "type": "Point",
        "coordinates": [
          -5.6564721,
          40.9710685
        ]
      }
    },
    {
      "type": "Feature",
      "properties": {
        "weight": 1.0
      },
      "geometry": {
        "type": "Point",
        "coordinates": [
          -5.6621475,
          40.9710687
        ]
      }
    },
    {
      "type": "Feature",
      "properties": {
        "weight": 1.0
      },
      "geometry": {
        "type": "Point",
        "coordinates": [
          -5.6610811,
          40.9710861
        ]
      }
    },
    {
      "type": "Feature",
      "properties": {
        "weight": 1.0,
        "id": 9422550037,
        "hasDetails": true,
        "name": "Conservas Salinero",
        "address": "Calle los Guerrilleros 3, Salamanca"
      },
      "geometry": {
        "type": "Point",
        "coordinates": [
          -5.6555732,
          40.9710883
        ]
      }
    },
    {
      "type": "Feature",
      "properties": {
        "weight": 1.0
      },
      "geometry": {
        "type": "Point",
        "coordinates": [
          -5.6651814,
          40.9710899
        ]
      }
    },
    {
      "type": "Feature",
      "properties": {
        "weight": 1.0
      },
      "geometry": {
        "type": "Point",
        "coordinates": [
          -5.6519558,
          40.9710983
        ]
      }
    },
    {
      "type": "Feature",
      "properties": {
        "weight": 1.0
      },
      "geometry": {
        "type": "Point",
        "coordinates": [
          -5.660345,
          40.9710998
        ]
      }
    },
    {
      "type": "Feature",
      "properties": {
        "weight": 1.0,
        "id": 6527819443,
        "hasDetails": true,
        "name": "Ofim\u00e1tica Paelca",
        "opening_hours": "Mo-Fr 09:00-13:30,16:30-19:30"
      },
      "geometry": {
        "type": "Point",
        "coordinates": [
          -5.6664306,
          40.9711112
        ]
      }
    },
    {
      "type": "Feature",
      "properties": {
        "weight": 1.0,
        "id": 2534904691,
        "hasDetails": true,
        "name": "Dia",
        "address": "Calle Valencia 19, Salamanca",
        "opening_hours": "Mo-Sa 09:00-21:30"
      },
      "geometry": {
        "type": "Point",
        "coordinates": [
          -5.6608675,
          40.9711189
        ]
      }
    },
    {
      "type": "Feature",
      "properties": {
        "weight": 1.0,
        "id": 3877305194,
        "hasDetails": true,
        "name": "Dacar",
        "address": "Calle Borneo 1, Salamanca",
        "opening_hours": "Mo-Fr 10:00-14:00,17:00-20:00; Sa 18:00-20:00"
      },
      "geometry": {
        "type": "Point",
        "coordinates": [
          -5.6439873,
          40.9711213
        ]
      }
    },
    {
      "type": "Feature",
      "properties": {
        "weight": 1.0
      },
      "geometry": {
        "type": "Point",
        "coordinates": [
          -5.6417342,
          40.9711224
        ]
      }
    },
    {
      "type": "Feature",
      "properties": {
        "weight": 1.0,
        "id": 3103488200,
        "hasDetails": true,
        "name": "L\u00e1serum",
        "opening_hours": "Mo-Fr 09:00-21:00; Sa 09:00-14:00"
      },
      "geometry": {
        "type": "Point",
        "coordinates": [
          -5.6657355,
          40.9711395
        ]
      }
    },
    {
      "type": "Feature",
      "properties": {
        "weight": 1.0,
        "id": 3800674582,
        "hasDetails": true,
        "name": "Caoba",
        "opening_hours": "Mo 17:00-20:30; Tu-Fr 09:30-14:00,17:00-20:30; Sa 09:30-17:00"
      },
      "geometry": {
        "type": "Point",
        "coordinates": [
          -5.656784,
          40.9711412
        ]
      }
    },
    {
      "type": "Feature",
      "properties": {
        "weight": 1.0,
        "id": 7777680337,
        "hasDetails": true,
        "name": "Bionature",
        "website": "http://www.ecologicosbionature.com/",
        "opening_hours": "Mo-Sa 10:00-14:00; Mo-Fr 17:00-20:00"
      },
      "geometry": {
        "type": "Point",
        "coordinates": [
          -5.663543,
          40.97115
        ]
      }
    },
    {
      "type": "Feature",
      "properties": {
        "weight": 1.0,
        "id": 572455063,
        "hasDetails": true,
        "name": "Casal",
        "opening_hours": "Mo-Su 09:00-15:00; Su-Fr 17:30-21:00"
      },
      "geometry": {
        "type": "Point",
        "coordinates": [
          -5.6703074,
          40.9711533
        ]
      }
    },
    {
      "type": "Feature",
      "properties": {
        "weight": 1.0,
        "id": 4015342029,
        "hasDetails": true,
        "opening_hours": "Mo-Fr 08:30-14:15,17:30-20:30; Sa 09:00-14:00"
      },
      "geometry": {
        "type": "Point",
        "coordinates": [
          -5.6430082,
          40.9711843
        ]
      }
    },
    {
      "type": "Feature",
      "properties": {
        "weight": 1.0,
        "id": 6561237656,
        "hasDetails": true,
        "name": "Jorge Luis",
        "opening_hours": "Mo-Sa 09:00-14:00"
      },
      "geometry": {
        "type": "Point",
        "coordinates": [
          -5.6415821,
          40.9711856
        ]
      }
    },
    {
      "type": "Feature",
      "properties": {
        "weight": 1.0
      },
      "geometry": {
        "type": "Point",
        "coordinates": [
          -5.6617944,
          40.9711969
        ]
      }
    },
    {
      "type": "Feature",
      "properties": {
        "weight": 1.0,
        "id": 3103488156,
        "hasDetails": true,
        "name": "Kiosco Dalu",
        "opening_hours": "Mo-Sa 11:00-14:30; Mo-Fr 16:45-22:45; Sa 17:00-23:00; PH,Su 11:30-14:30,16:45-22:45"
      },
      "geometry": {
        "type": "Point",
        "coordinates": [
          -5.6658763,
          40.9711979
        ]
      }
    },
    {
      "type": "Feature",
      "properties": {
        "weight": 1.0,
        "id": 6422128730,
        "hasDetails": true,
        "name": "Dania",
        "website": "https://daniapeluquerias.com/",
        "opening_hours": "Mo-Fr 10:00-14:00,16:00-20:00; Sa 09:00-14:30",
        "names": [
          "Dania",
          "Adela Moro"
        ]
      },
      "geometry": {
        "type": "Point",
        "coordinates": [
          -5.6570077,
          40.9711991
        ]
      }
    },
    {
      "type": "Feature",
      "properties": {
        "weight": 1.0
      },
      "geometry": {
        "type": "Point",
        "coordinates": [
          -5.6427383,
          40.9712158
        ]
      }
    },
    {
      "type": "Feature",
      "properties": {
        "weight": 1.0
      },
      "geometry": {
        "type": "Point",
        "coordinates": [
          -5.6571748,
          40.9712164
        ]
      }
    },
    {
      "type": "Feature",
      "properties": {
        "weight": 1.0
      },
      "geometry": {
        "type": "Point",
        "coordinates": [
          -5.6586503,
          40.9712248
        ]
      }
    },
    {
      "type": "Feature",
      "properties": {
        "weight": 1.0
      },
      "geometry": {
        "type": "Point",
        "coordinates": [
          -5.643692,
          40.9712289
        ]
      }
    },
    {
      "type": "Feature",
      "properties": {
        "weight": 1.0
      },
      "geometry": {
        "type": "Point",
        "coordinates": [
          -5.6573183,
          40.9712417
        ]
      }
    },
    {
      "type": "Feature",
      "properties": {
        "weight": 1.0
      },
      "geometry": {
        "type": "Point",
        "coordinates": [
          -5.6663346,
          40.971244
        ]
      }
    },
    {
      "type": "Feature",
      "properties": {
        "weight": 1.0
      },
      "geometry": {
        "type": "Point",
        "coordinates": [
          -5.6659785,
          40.9712458
        ]
      }
    },
    {
      "type": "Feature",
      "properties": {
        "weight": 1.0,
        "id": 4889168737,
        "hasDetails": true,
        "name": "Senlis",
        "address": "Avenida de Portugal 63, Salamanca",
        "opening_hours": "Mo-Fr 10:00-13:30,16:45-20:15; Sa 10:00-14:00"
      },
      "geometry": {
        "type": "Point",
        "coordinates": [
          -5.6587951,
          40.9712583
        ]
      }
    },
    {
      "type": "Feature",
      "properties": {
        "weight": 1.0
      },
      "geometry": {
        "type": "Point",
        "coordinates": [
          -5.6574478,
          40.9712652
        ]
      }
    },
    {
      "type": "Feature",
      "properties": {
        "weight": 1.0,
        "id": 2444636449,
        "hasDetails": true,
        "name": "Sexshop 42avenue",
        "address": "Calle de P\u00e9rez Oliva 19, Salamanca",
        "website": "https://www.sex42avenue.com/",
        "opening_hours": "Mo-Sa 10:30-14:30,16:00-21:00"
      },
      "geometry": {
        "type": "Point",
        "coordinates": [
          -5.6602549,
          40.9712845
        ]
      }
    },
    {
      "type": "Feature",
      "properties": {
        "weight": 1.0,
        "id": 6422128728,
        "hasDetails": true,
        "name": "Bazar Qing Chun",
        "opening_hours": "Mo-Sa 10:00-14:00,17:00-21:00; PH,Su 11:00-14:00",
        "names": [
          "Bazar Qing Chun",
          "Carlin"
        ]
      },
      "geometry": {
        "type": "Point",
        "coordinates": [
          -5.657566,
          40.9712922
        ]
      }
    },
    {
      "type": "Feature",
      "properties": {
        "weight": 1.0,
        "id": 3103488154,
        "hasDetails": true,
        "name": "Pedro Rivas",
        "opening_hours": "Mo-Sa 08:00-14:30; Mo-Fr 17:00-20:00"
      },
      "geometry": {
        "type": "Point",
        "coordinates": [
          -5.6660902,
          40.9712945
        ]
      }
    },
    {
      "type": "Feature",
      "properties": {
        "weight": 1.0
      },
      "geometry": {
        "type": "Point",
        "coordinates": [
          -5.6705996,
          40.9712975
        ]
      }
    },
    {
      "type": "Feature",
      "properties": {
        "weight": 1.0,
        "id": 6455046392,
        "hasDetails": true,
        "name": "Kiosko Kris",
        "opening_hours": "Mo-Fr 09:30-14:30,17:00-20:30; Sa 10:00-13:30"
      },
      "geometry": {
        "type": "Point",
        "coordinates": [
          -5.667439,
          40.971299
        ]
      }
    },
    {
      "type": "Feature",
      "properties": {
        "weight": 1.0,
        "id": 4889168742,
        "hasDetails": true,
        "name": "Anclas",
        "address": "Avenida de Portugal 65, Salamanca",
        "website": "https://www.anclasmoda.com/",
        "opening_hours": "Mo-Fr 10:00-14:00,17:00-20:00; Sa 10:00-14:00"
      },
      "geometry": {
        "type": "Point",
        "coordinates": [
          -5.658954,
          40.9713036
        ]
      }
    },
    {
      "type": "Feature",
      "properties": {
        "weight": 1.0,
        "id": 7069393931,
        "hasDetails": true,
        "name": "PC-Box",
        "address": "Paseo del Doctor Torres Villarroel 17, Salamanca",
        "website": "https://www.pcbox.com/tienda-de-informatica/21/salamanca",
        "opening_hours": "Mo-Fr 10:00-20:00; Sa 10:00-14:00"
      },
      "geometry": {
        "type": "Point",
        "coordinates": [
          -5.6635156,
          40.9713037
        ]
      }
    },
    {
      "type": "Feature",
      "properties": {
        "weight": 1.0,
        "id": 6527993288,
        "hasDetails": true,
        "name": "Superdragon",
        "opening_hours": "Mo-Sa 10:00-14:00,17:00-20:30"
      },
      "geometry": {
        "type": "Point",
        "coordinates": [
          -5.6615948,
          40.9713198
        ]
      }
    },
    {
      "type": "Feature",
      "properties": {
        "weight": 1.0,
        "id": 8836873794,
        "hasDetails": true,
        "name": "Farmaflash",
        "opening_hours": "Mo-Sa 10:00-14:00, Mo-Fr 17:00-20:00"
      },
      "geometry": {
        "type": "Point",
        "coordinates": [
          -5.66216,
          40.9713213
        ]
      }
    },
    {
      "type": "Feature",
      "properties": {
        "weight": 1.0
      },
      "geometry": {
        "type": "Point",
        "coordinates": [
          -5.6591211,
          40.9713418
        ]
      }
    },
    {
      "type": "Feature",
      "properties": {
        "weight": 1.0
      },
      "geometry": {
        "type": "Point",
        "coordinates": [
          -5.6704337,
          40.9713578
        ]
      }
    },
    {
      "type": "Feature",
      "properties": {
        "weight": 1.0,
        "id": 3103488153,
        "hasDetails": true,
        "name": "Bazar Diamante",
        "opening_hours": "Mo-Fr 09:30-22:00"
      },
      "geometry": {
        "type": "Point",
        "coordinates": [
          -5.6657979,
          40.9713675
        ]
      }
    },
    {
      "type": "Feature",
      "properties": {
        "weight": 1.0
      },
      "geometry": {
        "type": "Point",
        "coordinates": [
          -5.6732862,
          40.9713744
        ]
      }
    },
    {
      "type": "Feature",
      "properties": {
        "weight": 1.0
      },
      "geometry": {
        "type": "Point",
        "coordinates": [
          -5.6693084,
          40.9713783
        ]
      }
    },
    {
      "type": "Feature",
      "properties": {
        "weight": 1.0,
        "id": 4395233897,
        "hasDetails": true,
        "name": "Pinta & Decora",
        "website": "http://www.pinta-and-decora.es/",
        "opening_hours": "Mo-Fr 09:30-14:00,17:00-20:00; Sa 09:30-14:00"
      },
      "geometry": {
        "type": "Point",
        "coordinates": [
          -5.6662751,
          40.9713813
        ]
      }
    },
    {
      "type": "Feature",
      "properties": {
        "weight": 1.0,
        "id": 44115358,
        "hasDetails": true,
        "name": "Mercadona",
        "website": "https://www.mercadona.es",
        "opening_hours": "Mo-Sa 09:15-21:15"
      },
      "geometry": {
        "type": "Point",
        "coordinates": [
          -5.6345669,
          40.9713905
        ]
      }
    },
    {
      "type": "Feature",
      "properties": {
        "weight": 1.0,
        "id": 3359350868,
        "hasDetails": true,
        "name": "Talentto",
        "address": "Calle de Mar\u00eda Auxiliadora 36, Salamanca",
        "website": "https://cocinasensalamanca.es/"
      },
      "geometry": {
        "type": "Point",
        "coordinates": [
          -5.6579056,
          40.971395
        ]
      }
    },
    {
      "type": "Feature",
      "properties": {
        "weight": 1.0
      },
      "geometry": {
        "type": "Point",
        "coordinates": [
          -5.6593212,
          40.9713967
        ]
      }
    },
    {
      "type": "Feature",
      "properties": {
        "weight": 1.0
      },
      "geometry": {
        "type": "Point",
        "coordinates": [
          -5.6634905,
          40.9714025
        ]
      }
    },
    {
      "type": "Feature",
      "properties": {
        "weight": 1.0,
        "id": 3284347297,
        "hasDetails": true,
        "name": "Movistar",
        "address": "Calle de Mar\u00eda Auxiliadora 47, Salamanca"
      },
      "geometry": {
        "type": "Point",
        "coordinates": [
          -5.6581788,
          40.9714241
        ]
      }
    },
    {
      "type": "Feature",
      "properties": {
        "weight": 1.0,
        "id": 9422384351,
        "hasDetails": true,
        "name": "Juan Jos\u00e9 \u00d3ptico",
        "address": "Calle Los Ovalle 7, Salamanca"
      },
      "geometry": {
        "type": "Point",
        "coordinates": [
          -5.6565906,
          40.971426
        ]
      }
    },
    {
      "type": "Feature",
      "properties": {
        "weight": 1.0
      },
      "geometry": {
        "type": "Point",
        "coordinates": [
          -5.6659615,
          40.9714401
        ]
      }
    },
    {
      "type": "Feature",
      "properties": {
        "weight": 1.0
      },
      "geometry": {
        "type": "Point",
        "coordinates": [
          -5.6615141,
          40.9714437
        ]
      }
    },
    {
      "type": "Feature",
      "properties": {
        "weight": 1.0
      },
      "geometry": {
        "type": "Point",
        "coordinates": [
          -5.6583498,
          40.9714589
        ]
      }
    },
    {
      "type": "Feature",
      "properties": {
        "weight": 1.0
      },
      "geometry": {
        "type": "Point",
        "coordinates": [
          -5.6706647,
          40.9714848
        ]
      }
    },
    {
      "type": "Feature",
      "properties": {
        "weight": 1.0,
        "id": 4889207001,
        "hasDetails": true,
        "name": "Clotilde Panader\u00eda",
        "outdoor_seating": "no"
      },
      "geometry": {
        "type": "Point",
        "coordinates": [
          -5.6585256,
          40.9714985
        ]
      }
    },
    {
      "type": "Feature",
      "properties": {
        "weight": 1.0
      },
      "geometry": {
        "type": "Point",
        "coordinates": [
          -5.6578327,
          40.9715115
        ]
      }
    },
    {
      "type": "Feature",
      "properties": {
        "weight": 1.0,
        "id": 4396821257,
        "hasDetails": true,
        "name": "Iluminaci\u00f3n Claudino",
        "address": "Avenida de Italia 37",
        "website": "https://www.iluminacionclaudino.com/",
        "opening_hours": "Mo-Sa 09:30-14:00; Mo-Fr 17:00-20:00"
      },
      "geometry": {
        "type": "Point",
        "coordinates": [
          -5.6665761,
          40.9715238
        ]
      }
    },
    {
      "type": "Feature",
      "properties": {
        "weight": 1.0,
        "id": 4871907713,
        "hasDetails": true,
        "name": "Crespo Impresor",
        "address": "Avenida de Portugal 75, Salamanca",
        "website": "https://crespoimpresor.com/",
        "names": [
          "Crespo Impresor",
          "Natalia Recio"
        ]
      },
      "geometry": {
        "type": "Point",
        "coordinates": [
          -5.6598489,
          40.9715273
        ]
      }
    },
    {
      "type": "Feature",
      "properties": {
        "weight": 1.0,
        "id": 3359350871,
        "hasDetails": true,
        "address": "Calle de Mar\u00eda Auxiliadora 45,47, Salamanca"
      },
      "geometry": {
        "type": "Point",
        "coordinates": [
          -5.6581155,
          40.9715296
        ]
      }
    },
    {
      "type": "Feature",
      "properties": {
        "weight": 1.0,
        "id": 4889206999,
        "hasDetails": true,
        "name": "Back",
        "opening_hours": "Mo-Fr 10:30-13:45,17:30-19:30; Sa 10:30-13:30"
      },
      "geometry": {
        "type": "Point",
        "coordinates": [
          -5.6586671,
          40.9715319
        ]
      }
    },
    {
      "type": "Feature",
      "properties": {
        "weight": 1.0
      },
      "geometry": {
        "type": "Point",
        "coordinates": [
          -5.6596356,
          40.9715349
        ]
      }
    },
    {
      "type": "Feature",
      "properties": {
        "weight": 1.0
      },
      "geometry": {
        "type": "Point",
        "coordinates": [
          -5.6693215,
          40.9715413
        ]
      }
    },
    {
      "type": "Feature",
      "properties": {
        "weight": 1.0
      },
      "geometry": {
        "type": "Point",
        "coordinates": [
          -5.6588394,
          40.9715739
        ]
      }
    },
    {
      "type": "Feature",
      "properties": {
        "weight": 1.0
      },
      "geometry": {
        "type": "Point",
        "coordinates": [
          -5.6618452,
          40.9715784
        ]
      }
    },
    {
      "type": "Feature",
      "properties": {
        "weight": 1.0
      },
      "geometry": {
        "type": "Point",
        "coordinates": [
          -5.6729307,
          40.9715989
        ]
      }
    },
    {
      "type": "Feature",
      "properties": {
        "weight": 1.0,
        "id": 3359350862,
        "hasDetails": true,
        "name": "Evoluziona",
        "address": "Calle de Mar\u00eda Auxiliadora 38, Salamanca",
        "website": "http://www.evoluziona24.es/",
        "opening_hours": "Mo-Fr 10:00-13:30,17:00-19:30; Sa 10:00-14:00",
        "names": [
          "Evoluziona",
          "Herbolario D\u00edez"
        ]
      },
      "geometry": {
        "type": "Point",
        "coordinates": [
          -5.6577826,
          40.9716016
        ]
      }
    },
    {
      "type": "Feature",
      "properties": {
        "weight": 1.0
      },
      "geometry": {
        "type": "Point",
        "coordinates": [
          -5.6589621,
          40.9716033
        ]
      }
    },
    {
      "type": "Feature",
      "properties": {
        "weight": 1.0,
        "id": 3898664859,
        "hasDetails": true,
        "name": "JCM 2.0",
        "opening_hours": "Mo-Fr 10:00-14:00,17:00-20:00"
      },
      "geometry": {
        "type": "Point",
        "coordinates": [
          -5.6707484,
          40.9716096
        ]
      }
    },
    {
      "type": "Feature",
      "properties": {
        "weight": 1.0,
        "id": 6454833057,
        "hasDetails": true,
        "name": "Peluquer\u00eda y est\u00e9tica Asun",
        "opening_hours": "Tu-Fr 09:30-13:30; We-Fr 16:00-20:00; Sa 09:00-14:00"
      },
      "geometry": {
        "type": "Point",
        "coordinates": [
          -5.6730785,
          40.9716158
        ]
      }
    },
    {
      "type": "Feature",
      "properties": {
        "weight": 1.0
      },
      "geometry": {
        "type": "Point",
        "coordinates": [
          -5.6419389,
          40.9716268
        ]
      }
    },
    {
      "type": "Feature",
      "properties": {
        "weight": 1.0,
        "id": 5478861064,
        "hasDetails": true,
        "name": "\u00d3ptica Tormes",
        "opening_hours": "Mo-Fr 10:00-13:30; Tu,Th 17:00-20:00"
      },
      "geometry": {
        "type": "Point",
        "coordinates": [
          -5.6602934,
          40.9716276
        ]
      }
    },
    {
      "type": "Feature",
      "properties": {
        "weight": 1.0,
        "id": 6544762906,
        "hasDetails": true,
        "name": "Kr Inform\u00e1tica",
        "opening_hours": "Mo-Fr 10:00-14:00,17:00-20:30; Sa 11:00-13:30"
      },
      "geometry": {
        "type": "Point",
        "coordinates": [
          -5.6689728,
          40.9716314
        ]
      }
    },
    {
      "type": "Feature",
      "properties": {
        "weight": 1.0,
        "id": 6106186663,
        "hasDetails": true,
        "name": "Avena y Nueces",
        "address": "Calle Fray Luis de Granada 37",
        "opening_hours": "Mo-Fr 11:00-14:30,17:30-20:30"
      },
      "geometry": {
        "type": "Point",
        "coordinates": [
          -5.6676313,
          40.9716328
        ]
      }
    },
    {
      "type": "Feature",
      "properties": {
        "weight": 1.0,
        "id": 4889287596,
        "hasDetails": true,
        "name": "M\u00e1s vida",
        "opening_hours": "Mo-Fr 17:00-21:00"
      },
      "geometry": {
        "type": "Point",
        "coordinates": [
          -5.6590976,
          40.971641
        ]
      }
    },
    {
      "type": "Feature",
      "properties": {
        "weight": 1.0,
        "id": 6533681984,
        "hasDetails": true,
        "name": "Cartemverso",
        "website": "https://www.cartemverso.com/",
        "names": [
          "Cartemverso",
          "Eliand"
        ]
      },
      "geometry": {
        "type": "Point",
        "coordinates": [
          -5.661603,
          40.9716422
        ]
      }
    },
    {
      "type": "Feature",
      "properties": {
        "weight": 1.0,
        "id": 6527975480,
        "hasDetails": true,
        "name": "Congelados Jos\u00e9 L\u00f3pez",
        "address": "Calle Valencia 33, Salamanca",
        "opening_hours": "Mo-Sa 09:00-14:30,17:00-21:00"
      },
      "geometry": {
        "type": "Point",
        "coordinates": [
          -5.6619917,
          40.9716506
        ]
      }
    },
    {
      "type": "Feature",
      "properties": {
        "weight": 1.0,
        "id": 8836873801,
        "hasDetails": true,
        "name": "Mil Hojas",
        "opening_hours": "Mo-Fr 10:00-18:00; Sa 10:00-13:30"
      },
      "geometry": {
        "type": "Point",
        "coordinates": [
          -5.6613634,
          40.9716697
        ]
      }
    },
    {
      "type": "Feature",
      "properties": {
        "weight": 1.0,
        "id": 8851402638,
        "hasDetails": true,
        "name": "Carncier\u00eda Rosa Mar\u00eda",
        "opening_hours": "Mo-Sa 09:00-14:00, Mo-Fr 17:00-20:00"
      },
      "geometry": {
        "type": "Point",
        "coordinates": [
          -5.6426401,
          40.9716755
        ]
      }
    },
    {
      "type": "Feature",
      "properties": {
        "weight": 1.0,
        "id": 6584940261,
        "hasDetails": true,
        "name": "City Sec",
        "opening_hours": "Mo-Sa 10:30-13:30"
      },
      "geometry": {
        "type": "Point",
        "coordinates": [
          -5.6593014,
          40.9716873
        ]
      }
    },
    {
      "type": "Feature",
      "properties": {
        "weight": 1.0
      },
      "geometry": {
        "type": "Point",
        "coordinates": [
          -5.6727909,
          40.9716901
        ]
      }
    },
    {
      "type": "Feature",
      "properties": {
        "weight": 1.0
      },
      "geometry": {
        "type": "Point",
        "coordinates": [
          -5.6631824,
          40.9716979
        ]
      }
    },
    {
      "type": "Feature",
      "properties": {
        "weight": 1.0,
        "id": 740158218,
        "hasDetails": true,
        "name": "Bicicletas La Cadena",
        "opening_hours": "Mo-Sa 10:00-14:00, Mo-Fr 16:30-20:00"
      },
      "geometry": {
        "type": "Point",
        "coordinates": [
          -5.6687281,
          40.9717127
        ]
      }
    },
    {
      "type": "Feature",
      "properties": {
        "weight": 1.0,
        "id": 5558590497,
        "hasDetails": true,
        "name": "Gadis",
        "address": "Calle de Mar\u00eda Auxiliadora 49-51",
        "website": "https://www.gadis.es/centros/mariaauxiliadora-salamanca-salamanca-390",
        "opening_hours": "Mo-Sa 09:30-21:30"
      },
      "geometry": {
        "type": "Point",
        "coordinates": [
          -5.6580125,
          40.9717205
        ]
      }
    },
    {
      "type": "Feature",
      "properties": {
        "weight": 1.0
      },
      "geometry": {
        "type": "Point",
        "coordinates": [
          -5.6494353,
          40.9717207
        ]
      }
    },
    {
      "type": "Feature",
      "properties": {
        "weight": 1.0
      },
      "geometry": {
        "type": "Point",
        "coordinates": [
          -5.6708277,
          40.9717277
        ]
      }
    },
    {
      "type": "Feature",
      "properties": {
        "weight": 1.0
      },
      "geometry": {
        "type": "Point",
        "coordinates": [
          -5.6692377,
          40.9717387
        ]
      }
    },
    {
      "type": "Feature",
      "properties": {
        "weight": 1.0
      },
      "geometry": {
        "type": "Point",
        "coordinates": [
          -5.6689175,
          40.9717419
        ]
      }
    },
    {
      "type": "Feature",
      "properties": {
        "weight": 1.0
      },
      "geometry": {
        "type": "Point",
        "coordinates": [
          -5.6726948,
          40.9717509
        ]
      }
    },
    {
      "type": "Feature",
      "properties": {
        "weight": 1.0
      },
      "geometry": {
        "type": "Point",
        "coordinates": [
          -5.659572,
          40.9717529
        ]
      }
    },
    {
      "type": "Feature",
      "properties": {
        "weight": 1.0,
        "id": 6527975482,
        "hasDetails": true,
        "name": "Milar",
        "opening_hours": "Mo-Sa 10:00-13:30; Mo-Fr 17:00-20:00"
      },
      "geometry": {
        "type": "Point",
        "coordinates": [
          -5.6618678,
          40.9717556
        ]
      }
    },
    {
      "type": "Feature",
      "properties": {
        "weight": 1.0,
        "id": 4395120495,
        "hasDetails": true,
        "name": "Suministros El\u00e9ctricos Viherpa, S.L.",
        "address": "Calle de Juan Picornell 2, Salamanca",
        "website": "http://www.viherpa.es/",
        "opening_hours": "Mo-Fr 09:30-13:30,16:30-20:00; Sa 10:00-13:30"
      },
      "geometry": {
        "type": "Point",
        "coordinates": [
          -5.6636473,
          40.9717655
        ]
      }
    },
    {
      "type": "Feature",
      "properties": {
        "weight": 1.0,
        "id": 4395120496,
        "hasDetails": true,
        "name": "Cristalbox",
        "address": "Calle de Juan Picornell 8, Salamanca",
        "website": "https://www.cristalbox.es/",
        "opening_hours": "Mo-Fr 09:00-13:00,15:30-19:30; Sa 09:00-13:00"
      },
      "geometry": {
        "type": "Point",
        "coordinates": [
          -5.6638895,
          40.971805
        ]
      }
    },
    {
      "type": "Feature",
      "properties": {
        "weight": 1.0
      },
      "geometry": {
        "type": "Point",
        "coordinates": [
          -5.670899,
          40.9718131
        ]
      }
    },
    {
      "type": "Feature",
      "properties": {
        "weight": 1.0,
        "id": 6527819456,
        "hasDetails": true,
        "name": "Garal",
        "opening_hours": "Mo-Fr 08:30-15:30,17:00-21:00; Sa 08:30-15:00,17:30-20:30; Su 09:00-14:30",
        "outdoor_seating": "no"
      },
      "geometry": {
        "type": "Point",
        "coordinates": [
          -5.6631657,
          40.9718147
        ]
      }
    },
    {
      "type": "Feature",
      "properties": {
        "weight": 1.0
      },
      "geometry": {
        "type": "Point",
        "coordinates": [
          -5.6579549,
          40.9718223
        ]
      }
    },
    {
      "type": "Feature",
      "properties": {
        "weight": 1.0,
        "id": 9372967242,
        "hasDetails": true,
        "name": "Manualidades Parchis",
        "address": "Calle de Juan Picornell 8, Salamanca"
      },
      "geometry": {
        "type": "Point",
        "coordinates": [
          -5.6640174,
          40.9718228
        ]
      }
    },
    {
      "type": "Feature",
      "properties": {
        "weight": 1.0
      },
      "geometry": {
        "type": "Point",
        "coordinates": [
          -5.6496289,
          40.971847
        ]
      }
    },
    {
      "type": "Feature",
      "properties": {
        "weight": 1.0
      },
      "geometry": {
        "type": "Point",
        "coordinates": [
          -5.6633955,
          40.9718571
        ]
      }
    },
    {
      "type": "Feature",
      "properties": {
        "weight": 1.0
      },
      "geometry": {
        "type": "Point",
        "coordinates": [
          -5.6588166,
          40.9718582
        ]
      }
    },
    {
      "type": "Feature",
      "properties": {
        "weight": 1.0
      },
      "geometry": {
        "type": "Point",
        "coordinates": [
          -5.6647914,
          40.9718638
        ]
      }
    },
    {
      "type": "Feature",
      "properties": {
        "weight": 1.0,
        "id": 6584940250,
        "hasDetails": true,
        "name": "Vasco de Gama",
        "opening_hours": "Mo-Fr 08:30-15:00,16:30-21:00; PH,Sa,Su 09:30-21:30",
        "outdoor_seating": "no"
      },
      "geometry": {
        "type": "Point",
        "coordinates": [
          -5.6612373,
          40.971866
        ]
      }
    },
    {
      "type": "Feature",
      "properties": {
        "weight": 1.0,
        "id": 6584940256,
        "hasDetails": true,
        "name": "+ que m\u00f3viles",
        "opening_hours": "Mo-Sa 10:00-14:00; Mo-Fr 17:00-20:30"
      },
      "geometry": {
        "type": "Point",
        "coordinates": [
          -5.6600216,
          40.9718719
        ]
      }
    },
    {
      "type": "Feature",
      "properties": {
        "weight": 1.0,
        "id": 577561642,
        "hasDetails": true,
        "name": "Kiosco Vitigudino",
        "opening_hours": "Mo-Su 09:00-14:00"
      },
      "geometry": {
        "type": "Point",
        "coordinates": [
          -5.6693111,
          40.9718752
        ]
      }
    },
    {
      "type": "Feature",
      "properties": {
        "weight": 1.0
      },
      "geometry": {
        "type": "Point",
        "coordinates": [
          -5.6642732,
          40.9718926
        ]
      }
    },
    {
      "type": "Feature",
      "properties": {
        "weight": 1.0
      },
      "geometry": {
        "type": "Point",
        "coordinates": [
          -5.6614143,
          40.9719111
        ]
      }
    },
    {
      "type": "Feature",
      "properties": {
        "weight": 1.0
      },
      "geometry": {
        "type": "Point",
        "coordinates": [
          -5.6631489,
          40.9719169
        ]
      }
    },
    {
      "type": "Feature",
      "properties": {
        "weight": 1.0,
        "id": 857829045,
        "hasDetails": true,
        "name": "Eurocalzados",
        "opening_hours": "Mo-Sa 10:00-14:00; Mo-Fr 17:00-20:30; Sa 17:30-20:30"
      },
      "geometry": {
        "type": "Point",
        "coordinates": [
          -5.6709766,
          40.9719203
        ]
      }
    },
    {
      "type": "Feature",
      "properties": {
        "weight": 1.0
      },
      "geometry": {
        "type": "Point",
        "coordinates": [
          -5.6602958,
          40.9719321
        ]
      }
    },
    {
      "type": "Feature",
      "properties": {
        "weight": 1.0,
        "id": 163019656,
        "hasDetails": true,
        "name": "Dia",
        "address": "Avenida de Portugal, Salamanca",
        "opening_hours": "Mo-Sa 09:00-21:30"
      },
      "geometry": {
        "type": "Point",
        "coordinates": [
          -5.6795652,
          40.9719427
        ]
      }
    },
    {
      "type": "Feature",
      "properties": {
        "weight": 1.0,
        "id": 1018913630,
        "hasDetails": true,
        "name": "Model One",
        "address": "Calle de Mar\u00eda Auxiliadora 44, Salamanca",
        "website": "https://modelone.es/",
        "opening_hours": "Mo-Fr 10:00-14:00,17:00-20:30; Sa 10:00-14:00",
        "names": [
          "Model One",
          "Laser Fiel"
        ]
      },
      "geometry": {
        "type": "Point",
        "coordinates": [
          -5.6575648,
          40.9719497
        ]
      }
    },
    {
      "type": "Feature",
      "properties": {
        "weight": 1.0,
        "id": 71223942,
        "hasDetails": true,
        "name": "Vialia Estaci\u00f3n de Salamanca",
        "wikidata": "Q6399140",
        "wikipedia": "es:Estaci\u00f3n de Salamanca",
        "names": [
          "Vialia Estaci\u00f3n de Salamanca",
          "Rodilla"
        ]
      },
      "geometry": {
        "type": "Point",
        "coordinates": [
          -5.6488511,
          40.9719598
        ]
      }
    },
    {
      "type": "Feature",
      "properties": {
        "weight": 1.0
      },
      "geometry": {
        "type": "Point",
        "coordinates": [
          -5.661615,
          40.9719646
        ]
      }
    },
    {
      "type": "Feature",
      "properties": {
        "weight": 1.0,
        "id": 6527819460,
        "hasDetails": true,
        "name": "Mercer\u00eda Lencer\u00eda Mar\u00eda Jos\u00e9",
        "opening_hours": "Mo-Fr 09:30-13:30,17:00-20:00; Sa 10:00-13:30"
      },
      "geometry": {
        "type": "Point",
        "coordinates": [
          -5.662993,
          40.9719684
        ]
      }
    },
    {
      "type": "Feature",
      "properties": {
        "weight": 1.0
      },
      "geometry": {
        "type": "Point",
        "coordinates": [
          -5.6688053,
          40.97199
        ]
      }
    },
    {
      "type": "Feature",
      "properties": {
        "weight": 1.0
      },
      "geometry": {
        "type": "Point",
        "coordinates": [
          -5.6486186,
          40.972
        ]
      }
    },
    {
      "type": "Feature",
      "properties": {
        "weight": 1.0,
        "id": 4449179961,
        "hasDetails": true,
        "name": "Galatea interiorismo",
        "opening_hours": "Mo-Fr 10:00-14:00,17:00-20:00; Sa 10:30-14:00"
      },
      "geometry": {
        "type": "Point",
        "coordinates": [
          -5.6618321,
          40.9720004
        ]
      }
    },
    {
      "type": "Feature",
      "properties": {
        "weight": 1.0,
        "id": 6106186661,
        "hasDetails": true,
        "name": "Prohibido el paso",
        "opening_hours": "Mo-Fr 09:30-14:00,16:30-20:30; Sa 10:00-14:00",
        "names": [
          "Prohibido el paso",
          "Peluqueros Chic"
        ]
      },
      "geometry": {
        "type": "Point",
        "coordinates": [
          -5.6676978,
          40.9720451
        ]
      }
    },
    {
      "type": "Feature",
      "properties": {
        "weight": 1.0
      },
      "geometry": {
        "type": "Point",
        "coordinates": [
          -5.660724,
          40.9720506
        ]
      }
    },
    {
      "type": "Feature",
      "properties": {
        "weight": 1.0
      },
      "geometry": {
        "type": "Point",
        "coordinates": [
          -5.6634654,
          40.972082
        ]
      }
    },
    {
      "type": "Feature",
      "properties": {
        "weight": 1.0,
        "id": 3284347304,
        "hasDetails": true,
        "name": "Con dos Pi\u00f1ones",
        "address": "Avenida de Portugal 92, Salamanca",
        "opening_hours": "Mo-Sa 10:00-14:00; Mo-Fr 17:00-20:30"
      },
      "geometry": {
        "type": "Point",
        "coordinates": [
          -5.6609109,
          40.9720925
        ]
      }
    },
    {
      "type": "Feature",
      "properties": {
        "weight": 1.0
      },
      "geometry": {
        "type": "Point",
        "coordinates": [
          -5.6484286,
          40.9720948
        ]
      }
    },
    {
      "type": "Feature",
      "properties": {
        "weight": 1.0,
        "id": 2845473283,
        "hasDetails": true,
        "name": "Carrocer\u00edas Luitelo",
        "address": "Calle de Jes\u00fas Arambarri 96, Salamanca"
      },
      "geometry": {
        "type": "Point",
        "coordinates": [
          -5.6382505,
          40.972097
        ]
      }
    },
    {
      "type": "Feature",
      "properties": {
        "weight": 1.0,
        "id": 5808674583,
        "hasDetails": true,
        "name": "Famaliving",
        "address": "Avenida de Portugal 101, Salamanca",
        "website": "https://www.famaliving.com/salamanca"
      },
      "geometry": {
        "type": "Point",
        "coordinates": [
          -5.6622191,
          40.9721022
        ]
      }
    },
    {
      "type": "Feature",
      "properties": {
        "weight": 1.0
      },
      "geometry": {
        "type": "Point",
        "coordinates": [
          -5.6690526,
          40.9721189
        ]
      }
    },
    {
      "type": "Feature",
      "properties": {
        "weight": 1.0
      },
      "geometry": {
        "type": "Point",
        "coordinates": [
          -5.661026,
          40.9721203
        ]
      }
    },
    {
      "type": "Feature",
      "properties": {
        "weight": 1.0,
        "id": 6385256290,
        "hasDetails": true,
        "name": "El Carro de Mar\u00eda",
        "address": "Calle de Vasco de Gama 15, Salamanca",
        "opening_hours": "Mo-Sa 09:00-15:00; Mo-Fr 18:00-20:00",
        "outdoor_seating": "no"
      },
      "geometry": {
        "type": "Point",
        "coordinates": [
          -5.656536,
          40.9721262
        ]
      }
    },
    {
      "type": "Feature",
      "properties": {
        "weight": 1.0,
        "id": 3371342549,
        "hasDetails": true,
        "name": "Coko",
        "address": "Calle de Mar\u00eda Auxiliadora 46, Salamanca",
        "opening_hours": "Mo-Fr 10:00-14:00,17:00-20:30; Sa 10:30-14:00"
      },
      "geometry": {
        "type": "Point",
        "coordinates": [
          -5.657466,
          40.9721338
        ]
      }
    },
    {
      "type": "Feature",
      "properties": {
        "weight": 1.0,
        "id": 4528193461,
        "hasDetails": true,
        "name": "La Tradicional",
        "address": "Calle Alfonso de Castro 4, Salamanca"
      },
      "geometry": {
        "type": "Point",
        "coordinates": [
          -5.66021,
          40.9721351
        ]
      }
    },
    {
      "type": "Feature",
      "properties": {
        "weight": 1.0
      },
      "geometry": {
        "type": "Point",
        "coordinates": [
          -5.6651741,
          40.9721431
        ]
      }
    },
    {
      "type": "Feature",
      "properties": {
        "weight": 1.0,
        "id": 6544702673,
        "hasDetails": true,
        "name": "Casa de las Persianas",
        "opening_hours": "Mo-Fr 10:00-14:00,16:00-20:00"
      },
      "geometry": {
        "type": "Point",
        "coordinates": [
          -5.6702405,
          40.9721534
        ]
      }
    },
    {
      "type": "Feature",
      "properties": {
        "weight": 1.0
      },
      "geometry": {
        "type": "Point",
        "coordinates": [
          -5.6611702,
          40.9721718
        ]
      }
    },
    {
      "type": "Feature",
      "properties": {
        "weight": 1.0
      },
      "geometry": {
        "type": "Point",
        "coordinates": [
          -5.6529272,
          40.9721777
        ]
      }
    },
    {
      "type": "Feature",
      "properties": {
        "weight": 1.0
      },
      "geometry": {
        "type": "Point",
        "coordinates": [
          -5.6484296,
          40.9721871
        ]
      }
    },
    {
      "type": "Feature",
      "properties": {
        "weight": 1.0
      },
      "geometry": {
        "type": "Point",
        "coordinates": [
          -5.6626403,
          40.9721977
        ]
      }
    },
    {
      "type": "Feature",
      "properties": {
        "weight": 1.0,
        "id": 1148264183,
        "hasDetails": true,
        "name": "Dania",
        "website": "http://daniahairsalon.com/",
        "opening_hours": "Mo-Sa 09:00-21:00; Su 11:00-14:00,16:00-19:30"
      },
      "geometry": {
        "type": "Point",
        "coordinates": [
          -5.648123,
          40.9722073
        ]
      }
    },
    {
      "type": "Feature",
      "properties": {
        "weight": 1.0,
        "id": 3749094964,
        "hasDetails": true,
        "name": "Deco Home",
        "address": "Calle de Mar\u00eda Auxiliadora 55, Salamanca",
        "opening_hours": "Mo-Sa 10:00-14:00; Mo-Fr 17:00-21:00"
      },
      "geometry": {
        "type": "Point",
        "coordinates": [
          -5.6577258,
          40.9722104
        ]
      }
    },
    {
      "type": "Feature",
      "properties": {
        "weight": 1.0
      },
      "geometry": {
        "type": "Point",
        "coordinates": [
          -5.6690077,
          40.9722106
        ]
      }
    },
    {
      "type": "Feature",
      "properties": {
        "weight": 1.0,
        "id": 3284347310,
        "hasDetails": true,
        "name": "Perfumer\u00eda Avenida",
        "opening_hours": "Mo-Sa 10:00-14:00; Mo-Fr 17:00-20:00"
      },
      "geometry": {
        "type": "Point",
        "coordinates": [
          -5.6527145,
          40.9722166
        ]
      }
    },
    {
      "type": "Feature",
      "properties": {
        "weight": 1.0,
        "id": 6587207713,
        "hasDetails": true,
        "name": "Inmovaras",
        "opening_hours": "Mo-Sa 10:00-14:00; Mo-Fr 17:00-20:00"
      },
      "geometry": {
        "type": "Point",
        "coordinates": [
          -5.6629005,
          40.972245
        ]
      }
    },
    {
      "type": "Feature",
      "properties": {
        "weight": 1.0,
        "id": 8857468995,
        "hasDetails": true,
        "name": "Centrotex",
        "opening_hours": "Mo-Sa 10:00-14:00, Mo-Fr 17:30-21:00"
      },
      "geometry": {
        "type": "Point",
        "coordinates": [
          -5.6615018,
          40.9722516
        ]
      }
    },
    {
      "type": "Feature",
      "properties": {
        "weight": 1.0
      },
      "geometry": {
        "type": "Point",
        "coordinates": [
          -5.6482477,
          40.972259
        ]
      }
    },
    {
      "type": "Feature",
      "properties": {
        "weight": 1.0
      },
      "geometry": {
        "type": "Point",
        "coordinates": [
          -5.6680792,
          40.9722598
        ]
      }
    },
    {
      "type": "Feature",
      "properties": {
        "weight": 1.0,
        "id": 4528193452,
        "hasDetails": true,
        "name": "Akua Peluquer\u00eda",
        "opening_hours": "Mo-Fr 10:00-13:30,17:00-19:30"
      },
      "geometry": {
        "type": "Point",
        "coordinates": [
          -5.6601443,
          40.9722967
        ]
      }
    },
    {
      "type": "Feature",
      "properties": {
        "weight": 1.0
      },
      "geometry": {
        "type": "Point",
        "coordinates": [
          -5.6611288,
          40.9722987
        ]
      }
    },
    {
      "type": "Feature",
      "properties": {
        "weight": 1.0
      },
      "geometry": {
        "type": "Point",
        "coordinates": [
          -5.6616912,
          40.9722989
        ]
      }
    },
    {
      "type": "Feature",
      "properties": {
        "weight": 1.0,
        "id": 8857468997,
        "hasDetails": true,
        "name": "Tomko",
        "opening_hours": "Tu-Th 09:30-18:30; Fr 09:30-20:00; Sa 09:30-14:00"
      },
      "geometry": {
        "type": "Point",
        "coordinates": [
          -5.6612736,
          40.972333
        ]
      }
    },
    {
      "type": "Feature",
      "properties": {
        "weight": 1.0
      },
      "geometry": {
        "type": "Point",
        "coordinates": [
          -5.657402,
          40.972333
        ]
      }
    },
    {
      "type": "Feature",
      "properties": {
        "weight": 1.0,
        "id": 3371342553,
        "hasDetails": true,
        "name": "Orange",
        "address": "Calle de Mar\u00eda Auxiliadora 59, Salamanca",
        "website": "https://tiendas.orange.es/salamanca/c--maria-auxiliadora-59/",
        "opening_hours": "Mo-Sa 10:00-14:00,16:30-20:30",
        "names": [
          "Orange",
          "Electrom\u00f3vil"
        ]
      },
      "geometry": {
        "type": "Point",
        "coordinates": [
          -5.6576508,
          40.9723344
        ]
      }
    },
    {
      "type": "Feature",
      "properties": {
        "weight": 1.0,
        "id": 3610400859,
        "hasDetails": true,
        "name": "Pinturas Juno",
        "opening_hours": "Mo-Fr 08:00-13:00,16:00-19:00; Sa 10:30-13:00"
      },
      "geometry": {
        "type": "Point",
        "coordinates": [
          -5.6519762,
          40.9723442
        ]
      }
    },
    {
      "type": "Feature",
      "properties": {
        "weight": 1.0,
        "id": 966026005,
        "hasDetails": true,
        "name": "Dia",
        "address": "Calle El Greco 7, Salamanca",
        "opening_hours": "Mo-Sa 09:00-21:30"
      },
      "geometry": {
        "type": "Point",
        "coordinates": [
          -5.6532513,
          40.9723461
        ]
      }
    },
    {
      "type": "Feature",
      "properties": {
        "weight": 1.0,
        "id": 3284347294,
        "hasDetails": true,
        "name": "Cosm\u00e9tica Profesional",
        "address": "Calle El Greco 24, Salamanca",
        "opening_hours": "Mo-Fr 09:00-13:30,16:30-19:30; Sa 09:00-13:00"
      },
      "geometry": {
        "type": "Point",
        "coordinates": [
          -5.6516948,
          40.9723505
        ]
      }
    },
    {
      "type": "Feature",
      "properties": {
        "weight": 1.0,
        "id": 3392149217,
        "hasDetails": true,
        "name": "Luna de Papel",
        "opening_hours": "Mo-Sa 10:00-14:00; Mo-Fr 17:00-20:30"
      },
      "geometry": {
        "type": "Point",
        "coordinates": [
          -5.6581465,
          40.9723614
        ]
      }
    },
    {
      "type": "Feature",
      "properties": {
        "weight": 1.0,
        "id": 8857468989,
        "hasDetails": true,
        "name": "Librer\u00eda Castilla",
        "opening_hours": "Mo-Sa 09:30-14:00, Mo-Fr 17:00-20:30"
      },
      "geometry": {
        "type": "Point",
        "coordinates": [
          -5.6619986,
          40.9723832
        ]
      }
    },
    {
      "type": "Feature",
      "properties": {
        "weight": 1.0
      },
      "geometry": {
        "type": "Point",
        "coordinates": [
          -5.6515539,
          40.9724151
        ]
      }
    },
    {
      "type": "Feature",
      "properties": {
        "weight": 1.0
      },
      "geometry": {
        "type": "Point",
        "coordinates": [
          -5.6526549,
          40.9724297
        ]
      }
    },
    {
      "type": "Feature",
      "properties": {
        "weight": 1.0,
        "id": 3392149214,
        "hasDetails": true,
        "name": "Salavanda",
        "opening_hours": "Mo-Sa 11:00-14:00; Mo-Fr 17:30-20:15",
        "names": [
          "Salavanda",
          "Stylarte"
        ]
      },
      "geometry": {
        "type": "Point",
        "coordinates": [
          -5.6579437,
          40.9724301
        ]
      }
    },
    {
      "type": "Feature",
      "properties": {
        "weight": 1.0,
        "id": 4028742767,
        "hasDetails": true,
        "name": "Dia",
        "address": "Calle de las Islas Canarias 13, Salamanca",
        "opening_hours": "Mo-Sa 09:00-21:00"
      },
      "geometry": {
        "type": "Point",
        "coordinates": [
          -5.6661899,
          40.9724375
        ]
      }
    },
    {
      "type": "Feature",
      "properties": {
        "weight": 1.0
      },
      "geometry": {
        "type": "Point",
        "coordinates": [
          -5.6622535,
          40.9724434
        ]
      }
    },
    {
      "type": "Feature",
      "properties": {
        "weight": 1.0,
        "id": 1759851014,
        "hasDetails": true,
        "name": "Alcampo",
        "website": "https://www.compraonline.alcampo.es/",
        "opening_hours": "Mo-Sa 09:00-21:30"
      },
      "geometry": {
        "type": "Point",
        "coordinates": [
          -5.6603013,
          40.9724541
        ]
      }
    },
    {
      "type": "Feature",
      "properties": {
        "weight": 1.0,
        "id": 2779249043,
        "hasDetails": true,
        "name": "Carrefour Express",
        "address": "Avenida de Portugal 117, Salamanca",
        "website": "https://www.carrefour.es/tiendas-carrefour/supermercados/carrefour-express/avenida-portugal-s.aspx",
        "opening_hours": "Mo-Sa 09:00-22:00; Su 10:00-21:00"
      },
      "geometry": {
        "type": "Point",
        "coordinates": [
          -5.6638661,
          40.972462
        ]
      }
    },
    {
      "type": "Feature",
      "properties": {
        "weight": 1.0,
        "id": 3371348415,
        "hasDetails": true,
        "name": "Perfumer\u00eda Avenida",
        "opening_hours": "Mo-Sa 10:00-14:00; Mo-Fr 17:00-20:00"
      },
      "geometry": {
        "type": "Point",
        "coordinates": [
          -5.6572784,
          40.9724636
        ]
      }
    },
    {
      "type": "Feature",
      "properties": {
        "weight": 1.0,
        "id": 8857468983,
        "hasDetails": true,
        "name": "Comercial H. Garc\u00eda",
        "opening_hours": "Mo-Sa 10:00-14:00, Mo-Fr 17:00-20:00"
      },
      "geometry": {
        "type": "Point",
        "coordinates": [
          -5.6623862,
          40.9724746
        ]
      }
    },
    {
      "type": "Feature",
      "properties": {
        "weight": 1.0,
        "id": 3371348414,
        "hasDetails": true,
        "name": "Peluquer\u00eda Dania",
        "website": "http://daniahairsalon.com/",
        "opening_hours": "Mo-Fr 09:30-20:30; Sa 09:00-20:30"
      },
      "geometry": {
        "type": "Point",
        "coordinates": [
          -5.657574,
          40.9724752
        ]
      }
    },
    {
      "type": "Feature",
      "properties": {
        "weight": 1.0
      },
      "geometry": {
        "type": "Point",
        "coordinates": [
          -5.6610454,
          40.9724817
        ]
      }
    },
    {
      "type": "Feature",
      "properties": {
        "weight": 1.0,
        "id": 4462945597,
        "hasDetails": true,
        "name": "Florister\u00eda Becedas",
        "website": "http://www.becedasfloristeria.es",
        "opening_hours": "Mo-Sa 10:00-14:00; Mo-Fr 17:00-20:30"
      },
      "geometry": {
        "type": "Point",
        "coordinates": [
          -5.6581474,
          40.9725002
        ]
      }
    },
    {
      "type": "Feature",
      "properties": {
        "weight": 1.0
      },
      "geometry": {
        "type": "Point",
        "coordinates": [
          -5.6512997,
          40.9725078
        ]
      }
    },
    {
      "type": "Feature",
      "properties": {
        "weight": 1.0
      },
      "geometry": {
        "type": "Point",
        "coordinates": [
          -5.6625195,
          40.9725112
        ]
      }
    },
    {
      "type": "Feature",
      "properties": {
        "weight": 1.0
      },
      "geometry": {
        "type": "Point",
        "coordinates": [
          -5.6520711,
          40.9725286
        ]
      }
    },
    {
      "type": "Feature",
      "properties": {
        "weight": 1.0,
        "id": 6587207707,
        "hasDetails": true,
        "name": "Hiperpapeler\u00eda 123",
        "address": "Avenida de Portugal 123, Salamanca",
        "website": "https://www.hiperpapeleria123.com/",
        "opening_hours": "Mo-Fr 09:45-14:00,17:00-20:30; Sa 10:00-14:00"
      },
      "geometry": {
        "type": "Point",
        "coordinates": [
          -5.6641394,
          40.9725361
        ]
      }
    },
    {
      "type": "Feature",
      "properties": {
        "weight": 1.0
      },
      "geometry": {
        "type": "Point",
        "coordinates": [
          -5.6626556,
          40.9725485
        ]
      }
    },
    {
      "type": "Feature",
      "properties": {
        "weight": 1.0
      },
      "geometry": {
        "type": "Point",
        "coordinates": [
          -5.6377544,
          40.972557
        ]
      }
    },
    {
      "type": "Feature",
      "properties": {
        "weight": 1.0
      },
      "geometry": {
        "type": "Point",
        "coordinates": [
          -5.6717312,
          40.9725659
        ]
      }
    },
    {
      "type": "Feature",
      "properties": {
        "weight": 1.0
      },
      "geometry": {
        "type": "Point",
        "coordinates": [
          -5.6517973,
          40.9725726
        ]
      }
    },
    {
      "type": "Feature",
      "properties": {
        "weight": 1.0,
        "id": 3895702475,
        "hasDetails": true,
        "name": "Italia 67",
        "opening_hours": "Mo-Fr 10:00-13:30,17:00-20:30"
      },
      "geometry": {
        "type": "Point",
        "coordinates": [
          -5.6687687,
          40.9725778
        ]
      }
    },
    {
      "type": "Feature",
      "properties": {
        "weight": 1.0,
        "id": 8857468999,
        "hasDetails": true,
        "name": "Peluquer\u00eda Carmen Sevillano",
        "opening_hours": "Mo-Fr 09:30-20:00; Sa 09:00-14:00"
      },
      "geometry": {
        "type": "Point",
        "coordinates": [
          -5.661172,
          40.9725963
        ]
      }
    },
    {
      "type": "Feature",
      "properties": {
        "weight": 1.0,
        "id": 6587207705,
        "hasDetails": true,
        "name": "Andy Rosa",
        "opening_hours": "Mo-Sa 10:00-14:15,17:00-21:15"
      },
      "geometry": {
        "type": "Point",
        "coordinates": [
          -5.6644103,
          40.9725972
        ]
      }
    },
    {
      "type": "Feature",
      "properties": {
        "weight": 1.0,
        "id": 3202939098,
        "hasDetails": true,
        "name": "La Dulce Vita",
        "address": "Paseo de la Estaci\u00f3n 117,119",
        "opening_hours": "Mo-Th 08:00-22:00; Fr-Su 08:00-23:00"
      },
      "geometry": {
        "type": "Point",
        "coordinates": [
          -5.648838,
          40.9726073
        ]
      }
    },
    {
      "type": "Feature",
      "properties": {
        "weight": 1.0,
        "id": 1759850822,
        "hasDetails": true,
        "name": "Tiendas On",
        "address": "Calle Alfonso de Castro 11, Salamanca",
        "opening_hours": "Mo-Fr 09:30-14:00,16:30-20:00; Sa 10:30-14:00"
      },
      "geometry": {
        "type": "Point",
        "coordinates": [
          -5.6602295,
          40.9726247
        ]
      }
    },
    {
      "type": "Feature",
      "properties": {
        "weight": 1.0
      },
      "geometry": {
        "type": "Point",
        "coordinates": [
          -5.6480738,
          40.9726249
        ]
      }
    },
    {
      "type": "Feature",
      "properties": {
        "weight": 1.0,
        "id": 3357654119,
        "hasDetails": true,
        "name": "Omicr\u00f3n",
        "opening_hours": "Mo-Sa 10:00-14:00,17:00-20:30"
      },
      "geometry": {
        "type": "Point",
        "coordinates": [
          -5.6552107,
          40.9726283
        ]
      }
    },
    {
      "type": "Feature",
      "properties": {
        "weight": 1.0,
        "id": 6587207703,
        "hasDetails": true,
        "name": "Peluquer\u00eda Kribu",
        "opening_hours": "Mo-Th 09:30-14:00,16:00-20:00; Fr 09:30-20:00; Sa 09:00-14:30"
      },
      "geometry": {
        "type": "Point",
        "coordinates": [
          -5.6645489,
          40.9726283
        ]
      }
    },
    {
      "type": "Feature",
      "properties": {
        "weight": 1.0,
        "id": 6106186657,
        "hasDetails": true,
        "name": "Automotor recambios",
        "opening_hours": "Mo-Fr 09:00-14:00,16:00-20:00; Sa 09:00-13:00"
      },
      "geometry": {
        "type": "Point",
        "coordinates": [
          -5.6684787,
          40.9726465
        ]
      }
    },
    {
      "type": "Feature",
      "properties": {
        "weight": 1.0
      },
      "geometry": {
        "type": "Point",
        "coordinates": [
          -5.6646817,
          40.9726526
        ]
      }
    },
    {
      "type": "Feature",
      "properties": {
        "weight": 1.0
      },
      "geometry": {
        "type": "Point",
        "coordinates": [
          -5.659989,
          40.9726616
        ]
      }
    },
    {
      "type": "Feature",
      "properties": {
        "weight": 1.0
      },
      "geometry": {
        "type": "Point",
        "coordinates": [
          -5.6586171,
          40.9726622
        ]
      }
    },
    {
      "type": "Feature",
      "properties": {
        "weight": 1.0
      },
      "geometry": {
        "type": "Point",
        "coordinates": [
          -5.6718131,
          40.9726632
        ]
      }
    },
    {
      "type": "Feature",
      "properties": {
        "weight": 1.0
      },
      "geometry": {
        "type": "Point",
        "coordinates": [
          -5.6486461,
          40.9726733
        ]
      }
    },
    {
      "type": "Feature",
      "properties": {
        "weight": 1.0,
        "id": 8836793769,
        "hasDetails": true,
        "name": "Fruter\u00eda Canarias",
        "opening_hours": "Mo-Sa 09:00-14:00, Mo-Fr 17:00-20:00"
      },
      "geometry": {
        "type": "Point",
        "coordinates": [
          -5.6662502,
          40.972677
        ]
      }
    },
    {
      "type": "Feature",
      "properties": {
        "weight": 1.0,
        "id": 6344954893,
        "hasDetails": true,
        "name": "Apple Servicio T\u00e9cnico",
        "opening_hours": "Mo-Fr 09:30-14:00,15:30-19:00"
      },
      "geometry": {
        "type": "Point",
        "coordinates": [
          -5.657146,
          40.9726815
        ]
      }
    },
    {
      "type": "Feature",
      "properties": {
        "weight": 1.0
      },
      "geometry": {
        "type": "Point",
        "coordinates": [
          -5.6711301,
          40.9726877
        ]
      }
    },
    {
      "type": "Feature",
      "properties": {
        "weight": 1.0,
        "id": 3371351729,
        "hasDetails": true,
        "name": "Delicias a Granel",
        "address": "Calle de Mar\u00eda Auxiliadora 65, Salamanca",
        "opening_hours": "Mo-Sa 10:00-14:00,17:00-21:00"
      },
      "geometry": {
        "type": "Point",
        "coordinates": [
          -5.6574541,
          40.9726913
        ]
      }
    },
    {
      "type": "Feature",
      "properties": {
        "weight": 1.0,
        "id": 3800674580,
        "hasDetails": true,
        "name": "Lavander\u00eda La Colada",
        "address": "Avenida de Portugal 131, Salamanca",
        "website": "https://www.lacoladaprimus.com/",
        "opening_hours": "Mo-Su 08:00-22:00",
        "names": [
          "Lavander\u00eda La Colada",
          "Moda Joven Gladys"
        ]
      },
      "geometry": {
        "type": "Point",
        "coordinates": [
          -5.6649371,
          40.9726928
        ]
      }
    },
    {
      "type": "Feature",
      "properties": {
        "weight": 1.0
      },
      "geometry": {
        "type": "Point",
        "coordinates": [
          -5.6690385,
          40.9727027
        ]
      }
    },
    {
      "type": "Feature",
      "properties": {
        "weight": 1.0,
        "id": 3392149208,
        "hasDetails": true,
        "name": "Caireles",
        "website": "https://www.cairelessalamanca.com/",
        "opening_hours": "Mo-Fr 10:00-14:00; Mo,Fr 17:00-20:00; Sa 10:30-13:30",
        "names": [
          "Caireles",
          "Zoe Peluqueros"
        ]
      },
      "geometry": {
        "type": "Point",
        "coordinates": [
          -5.6591866,
          40.9727274
        ]
      }
    },
    {
      "type": "Feature",
      "properties": {
        "weight": 1.0,
        "id": 3889387288,
        "hasDetails": true,
        "opening_hours": "Mo-Fr 09:00-14:30,17:00-21:30; Sa,Su 09:30-14:30; Sa 18:15-21:30"
      },
      "geometry": {
        "type": "Point",
        "coordinates": [
          -5.6639378,
          40.9727455
        ]
      }
    },
    {
      "type": "Feature",
      "properties": {
        "weight": 1.0
      },
      "geometry": {
        "type": "Point",
        "coordinates": [
          -5.6694724,
          40.9727526
        ]
      }
    },
    {
      "type": "Feature",
      "properties": {
        "weight": 1.0
      },
      "geometry": {
        "type": "Point",
        "coordinates": [
          -5.6654487,
          40.9727581
        ]
      }
    },
    {
      "type": "Feature",
      "properties": {
        "weight": 1.0,
        "id": 8836793753,
        "hasDetails": true,
        "name": "Yessica Peluquer\u00eda y Est\u00e9tica",
        "opening_hours": "Mo-Fr 09:30-20:30; Sa 09:30-17:00",
        "names": [
          "Yessica Peluquer\u00eda y Est\u00e9tica",
          "Calzados \u00c1ngeles"
        ]
      },
      "geometry": {
        "type": "Point",
        "coordinates": [
          -5.6633977,
          40.972768
        ]
      }
    },
    {
      "type": "Feature",
      "properties": {
        "weight": 1.0
      },
      "geometry": {
        "type": "Point",
        "coordinates": [
          -5.6641192,
          40.9727799
        ]
      }
    },
    {
      "type": "Feature",
      "properties": {
        "weight": 1.0,
        "id": 6560058057,
        "hasDetails": true,
        "name": "Tribus Viajeras",
        "opening_hours": "Mo-Fr 09:30-14:00"
      },
      "geometry": {
        "type": "Point",
        "coordinates": [
          -5.6675668,
          40.9727825
        ]
      }
    },
    {
      "type": "Feature",
      "properties": {
        "weight": 1.0,
        "id": 3371393419,
        "hasDetails": true,
        "name": "La Cig\u00fce\u00f1a de Par\u00eds",
        "opening_hours": "Mo-Sa 10:30-14:00; Mo-Fr 17:00-20:30"
      },
      "geometry": {
        "type": "Point",
        "coordinates": [
          -5.6570932,
          40.9727844
        ]
      }
    },
    {
      "type": "Feature",
      "properties": {
        "weight": 1.0,
        "id": 8815205402,
        "hasDetails": true,
        "name": "Fruter\u00eda Argentina",
        "opening_hours": "Mo-Sa 09:00-14:30, Mo-Fr 17:30-20:30"
      },
      "geometry": {
        "type": "Point",
        "coordinates": [
          -5.6516025,
          40.9727882
        ]
      }
    },
    {
      "type": "Feature",
      "properties": {
        "weight": 1.0
      },
      "geometry": {
        "type": "Point",
        "coordinates": [
          -5.6672653,
          40.9727887
        ]
      }
    },
    {
      "type": "Feature",
      "properties": {
        "weight": 1.0
      },
      "geometry": {
        "type": "Point",
        "coordinates": [
          -5.6573987,
          40.9727889
        ]
      }
    },
    {
      "type": "Feature",
      "properties": {
        "weight": 1.0,
        "id": 6455046399,
        "hasDetails": true,
        "name": "Cristal",
        "opening_hours": "Mo-Fr 10:00-14:00,17:00-20:00; Sa 10:30-13:30"
      },
      "geometry": {
        "type": "Point",
        "coordinates": [
          -5.6696494,
          40.9727942
        ]
      }
    },
    {
      "type": "Feature",
      "properties": {
        "weight": 1.0,
        "id": 6591342529,
        "hasDetails": true,
        "name": "Sucesores de Moreno",
        "website": "https://www.sucesoresdemoreno.com",
        "opening_hours": "Mo-Fr 09:30-14:00,16:00-19:30; Sa 09:30-13:00"
      },
      "geometry": {
        "type": "Point",
        "coordinates": [
          -5.6657133,
          40.9727943
        ]
      }
    },
    {
      "type": "Feature",
      "properties": {
        "weight": 1.0,
        "id": 3301976588,
        "hasDetails": true,
        "name": "Lavander\u00eda Colada R\u00e1pida",
        "address": "Avenida de Villamayor 91, Salamanca",
        "website": "http://www.coladarapida.es/",
        "opening_hours": "10:00-21:00"
      },
      "geometry": {
        "type": "Point",
        "coordinates": [
          -5.6719741,
          40.9727981
        ]
      }
    },
    {
      "type": "Feature",
      "properties": {
        "weight": 1.0,
        "id": 6560058053,
        "hasDetails": true,
        "name": "Style Rose",
        "opening_hours": "Mo-Fr 10:00-14:00,16:00-20:00; Sa 09:30-14:00"
      },
      "geometry": {
        "type": "Point",
        "coordinates": [
          -5.6601384,
          40.9728051
        ]
      }
    },
    {
      "type": "Feature",
      "properties": {
        "weight": 1.0,
        "id": 2477706854,
        "hasDetails": true,
        "name": "La Tahona",
        "address": "Avenida de Portugal 134, Salamanca",
        "website": "http://www.latahona.es/",
        "opening_hours": "Mo-Sa 08:45-15:00; Fr 17:30-20:30",
        "outdoor_seating": "no"
      },
      "geometry": {
        "type": "Point",
        "coordinates": [
          -5.6643876,
          40.9728053
        ]
      }
    },
    {
      "type": "Feature",
      "properties": {
        "weight": 1.0,
        "id": 6508615297,
        "hasDetails": true,
        "name": "Super 24 Horas",
        "address": "Calle El Greco 38, Salamanca"
      },
      "geometry": {
        "type": "Point",
        "coordinates": [
          -5.6506146,
          40.9728055
        ]
      }
    },
    {
      "type": "Feature",
      "properties": {
        "weight": 1.0
      },
      "geometry": {
        "type": "Point",
        "coordinates": [
          -5.6594148,
          40.9728077
        ]
      }
    },
    {
      "type": "Feature",
      "properties": {
        "weight": 1.0,
        "id": 6584931142,
        "hasDetails": true,
        "name": "Salon de peluquer\u00eda Suam",
        "opening_hours": "Mo-Th 09:30-13:30,16:30-19:30; Fr 09:00-13:30,16:00-19:30; Sa 09:00-13:30"
      },
      "geometry": {
        "type": "Point",
        "coordinates": [
          -5.6659248,
          40.9728113
        ]
      }
    },
    {
      "type": "Feature",
      "properties": {
        "weight": 1.0,
        "id": 6584931146,
        "hasDetails": true,
        "name": "Vega Piel",
        "address": "Avenida de Portugal 143, Salamanca",
        "website": "http://www.vegapiel.com/",
        "opening_hours": "Mo-Fr 10:00-13:30,16:45-20:15; Sa 10:00-14:00"
      },
      "geometry": {
        "type": "Point",
        "coordinates": [
          -5.6660854,
          40.9728115
        ]
      }
    },
    {
      "type": "Feature",
      "properties": {
        "weight": 1.0
      },
      "geometry": {
        "type": "Point",
        "coordinates": [
          -5.6710727,
          40.972816
        ]
      }
    },
    {
      "type": "Feature",
      "properties": {
        "weight": 1.0,
        "id": 3697942922,
        "hasDetails": true,
        "name": "Carnicer\u00eda Los Serranos",
        "opening_hours": "Mo-Sa 09:00-14:30; Mo-Fr 16:30-20:00"
      },
      "geometry": {
        "type": "Point",
        "coordinates": [
          -5.6709218,
          40.9728162
        ]
      }
    },
    {
      "type": "Feature",
      "properties": {
        "weight": 1.0,
        "id": 3889387294,
        "hasDetails": true,
        "address": "Avenida de Portugal 177, Salamanca",
        "opening_hours": "Mo-Fr 10:00-14:00,17:00-20:00; Sa 10:00-14:30"
      },
      "geometry": {
        "type": "Point",
        "coordinates": [
          -5.6686435,
          40.9728284
        ]
      }
    },
    {
      "type": "Feature",
      "properties": {
        "weight": 1.0,
        "id": 6419084035,
        "hasDetails": true,
        "name": "Tengo Mueble Salamanca",
        "opening_hours": "Mo-Sa 10:00-14:00; Mo-Fr 17:00-20:00"
      },
      "geometry": {
        "type": "Point",
        "coordinates": [
          -5.6683593,
          40.9728288
        ]
      }
    },
    {
      "type": "Feature",
      "properties": {
        "weight": 1.0,
        "id": 919739603,
        "hasDetails": true,
        "name": "Factor\u00eda PC",
        "website": "https://www.factoriapc.com/",
        "opening_hours": "Mo-Fr 10:00-14:00,16:30-20:30; Sa 10:00-14:00"
      },
      "geometry": {
        "type": "Point",
        "coordinates": [
          -5.6671188,
          40.972831
        ]
      }
    },
    {
      "type": "Feature",
      "properties": {
        "weight": 1.0
      },
      "geometry": {
        "type": "Point",
        "coordinates": [
          -5.6665283,
          40.972831
        ]
      }
    },
    {
      "type": "Feature",
      "properties": {
        "weight": 1.0
      },
      "geometry": {
        "type": "Point",
        "coordinates": [
          -5.6494874,
          40.9728335
        ]
      }
    },
    {
      "type": "Feature",
      "properties": {
        "weight": 1.0
      },
      "geometry": {
        "type": "Point",
        "coordinates": [
          -5.6646316,
          40.9728345
        ]
      }
    },
    {
      "type": "Feature",
      "properties": {
        "weight": 1.0
      },
      "geometry": {
        "type": "Point",
        "coordinates": [
          -5.6517066,
          40.9728353
        ]
      }
    },
    {
      "type": "Feature",
      "properties": {
        "weight": 1.0
      },
      "geometry": {
        "type": "Point",
        "coordinates": [
          -5.666876,
          40.9728402
        ]
      }
    },
    {
      "type": "Feature",
      "properties": {
        "weight": 1.0,
        "id": 3392149213,
        "hasDetails": true,
        "name": "Equipos de descanso Sue\u00f1o",
        "opening_hours": "Mo-Fr 10:00-14:00,17:00-20:00; Sa 10:30-14:00,17:00-20:00"
      },
      "geometry": {
        "type": "Point",
        "coordinates": [
          -5.6599014,
          40.9728668
        ]
      }
    },
    {
      "type": "Feature",
      "properties": {
        "weight": 1.0,
        "id": 8836793758,
        "hasDetails": true,
        "name": "El Amiguito",
        "cuisine": "latin_american",
        "names": [
          "El Amiguito",
          "Perfumer\u00edas Avenida"
        ]
      },
      "geometry": {
        "type": "Point",
        "coordinates": [
          -5.6648141,
          40.9728706
        ]
      }
    },
    {
      "type": "Feature",
      "properties": {
        "weight": 1.0
      },
      "geometry": {
        "type": "Point",
        "coordinates": [
          -5.6518343,
          40.9728835
        ]
      }
    },
    {
      "type": "Feature",
      "properties": {
        "weight": 1.0,
        "id": 4075120270,
        "hasDetails": true,
        "name": "La Milla de Oro",
        "opening_hours": "Mo-Fr 10:00-15:00,17:00-20:00; Sa 10:00-13:30"
      },
      "geometry": {
        "type": "Point",
        "coordinates": [
          -5.6570225,
          40.9728842
        ]
      }
    },
    {
      "type": "Feature",
      "properties": {
        "weight": 1.0
      },
      "geometry": {
        "type": "Point",
        "coordinates": [
          -5.6573315,
          40.9728942
        ]
      }
    },
    {
      "type": "Feature",
      "properties": {
        "weight": 1.0,
        "id": 2708588883,
        "hasDetails": true,
        "name": "HiperCarne",
        "address": "Avenida de Portugal 138, Salamanca",
        "website": "http://www.hipercarne.com/",
        "opening_hours": "Tu-Sa 09:30-21:00",
        "names": [
          "HiperCarne",
          "Colchoner\u00eda Pi\u00f1uela"
        ]
      },
      "geometry": {
        "type": "Point",
        "coordinates": [
          -5.6649898,
          40.972902
        ]
      }
    },
    {
      "type": "Feature",
      "properties": {
        "weight": 1.0,
        "id": 7111898682,
        "hasDetails": true,
        "name": "La Portuguesa",
        "address": "Paseo del Doctor Torres Villarroel 33, Salamanca",
        "opening_hours": "Mo-Fr 08:30-15:00,17:00-21:00; Sa,Su 08:30-21:00"
      },
      "geometry": {
        "type": "Point",
        "coordinates": [
          -5.6632511,
          40.9729024
        ]
      }
    },
    {
      "type": "Feature",
      "properties": {
        "weight": 1.0
      },
      "geometry": {
        "type": "Point",
        "coordinates": [
          -5.6651231,
          40.9729169
        ]
      }
    },
    {
      "type": "Feature",
      "properties": {
        "weight": 1.0
      },
      "geometry": {
        "type": "Point",
        "coordinates": [
          -5.6603803,
          40.9729201
        ]
      }
    },
    {
      "type": "Feature",
      "properties": {
        "weight": 1.0
      },
      "geometry": {
        "type": "Point",
        "coordinates": [
          -5.6519522,
          40.9729296
        ]
      }
    },
    {
      "type": "Feature",
      "properties": {
        "weight": 1.0
      },
      "geometry": {
        "type": "Point",
        "coordinates": [
          -5.665297,
          40.9729452
        ]
      }
    },
    {
      "type": "Feature",
      "properties": {
        "weight": 1.0,
        "id": 8836793749,
        "hasDetails": true,
        "name": "Mucha Tinta",
        "address": "Calle Fernando de la Pe\u00f1a 1"
      },
      "geometry": {
        "type": "Point",
        "coordinates": [
          -5.6627887,
          40.9729545
        ]
      }
    },
    {
      "type": "Feature",
      "properties": {
        "weight": 1.0
      },
      "geometry": {
        "type": "Point",
        "coordinates": [
          -5.6600556,
          40.9729751
        ]
      }
    },
    {
      "type": "Feature",
      "properties": {
        "weight": 1.0
      },
      "geometry": {
        "type": "Point",
        "coordinates": [
          -5.6520729,
          40.9729809
        ]
      }
    },
    {
      "type": "Feature",
      "properties": {
        "weight": 1.0,
        "id": 2698144751,
        "hasDetails": true,
        "name": "Compro Oro",
        "opening_hours": "Sa 10:00-14:00; Mo-Fr 17:00-20:00,10:00-13:00"
      },
      "geometry": {
        "type": "Point",
        "coordinates": [
          -5.6655657,
          40.9729887
        ]
      }
    },
    {
      "type": "Feature",
      "properties": {
        "weight": 1.0
      },
      "geometry": {
        "type": "Point",
        "coordinates": [
          -5.6656874,
          40.9729979
        ]
      }
    },
    {
      "type": "Feature",
      "properties": {
        "weight": 1.0,
        "id": 3371393418,
        "hasDetails": true,
        "name": "Revisan",
        "opening_hours": "Mo-Sa 09:00-14:30,17:00-21:00"
      },
      "geometry": {
        "type": "Point",
        "coordinates": [
          -5.657269,
          40.9729982
        ]
      }
    },
    {
      "type": "Feature",
      "properties": {
        "weight": 1.0,
        "id": 8836793766,
        "hasDetails": true,
        "name": "By Wendy",
        "opening_hours": "Mo-Sa 09:30-13:30,17:30-20:30"
      },
      "geometry": {
        "type": "Point",
        "coordinates": [
          -5.6658825,
          40.9730124
        ]
      }
    },
    {
      "type": "Feature",
      "properties": {
        "weight": 1.0
      },
      "geometry": {
        "type": "Point",
        "coordinates": [
          -5.6709204,
          40.9730171
        ]
      }
    },
    {
      "type": "Feature",
      "properties": {
        "weight": 1.0
      },
      "geometry": {
        "type": "Point",
        "coordinates": [
          -5.6698689,
          40.9730191
        ]
      }
    },
    {
      "type": "Feature",
      "properties": {
        "weight": 1.0,
        "id": 3713085283,
        "hasDetails": true,
        "name": "La Boutique de Don Hornazo",
        "outdoor_seating": "yes"
      },
      "geometry": {
        "type": "Point",
        "coordinates": [
          -5.659818,
          40.9730244
        ]
      }
    },
    {
      "type": "Feature",
      "properties": {
        "weight": 1.0,
        "id": 6106186656,
        "hasDetails": true,
        "name": "El Rinc\u00f3n de mi beb\u00e9",
        "address": "Avenida de Portugal 174, Salamanca",
        "website": "https://elrincondemibebe.com/",
        "opening_hours": "Mo-Fr 10:00-13:30,17:30-20:30; Sa 10:00-14:00"
      },
      "geometry": {
        "type": "Point",
        "coordinates": [
          -5.669116,
          40.9730299
        ]
      }
    },
    {
      "type": "Feature",
      "properties": {
        "weight": 1.0
      },
      "geometry": {
        "type": "Point",
        "coordinates": [
          -5.6522228,
          40.9730323
        ]
      }
    },
    {
      "type": "Feature",
      "properties": {
        "weight": 1.0,
        "id": 9422384338,
        "hasDetails": true,
        "name": "Yantra Wellness",
        "address": "Calle de las Cortes de C\u00e1diz 15, Salamanca",
        "website": "https://www.yantrawellness.es"
      },
      "geometry": {
        "type": "Point",
        "coordinates": [
          -5.6552106,
          40.9730382
        ]
      }
    },
    {
      "type": "Feature",
      "properties": {
        "weight": 1.0
      },
      "geometry": {
        "type": "Point",
        "coordinates": [
          -5.6689359,
          40.9730404
        ]
      }
    },
    {
      "type": "Feature",
      "properties": {
        "weight": 1.0,
        "id": 2608606860,
        "hasDetails": true,
        "name": "Ibelier",
        "website": "https://www.embutidosballesteros.es/es/"
      },
      "geometry": {
        "type": "Point",
        "coordinates": [
          -5.6661546,
          40.9730414
        ]
      }
    },
    {
      "type": "Feature",
      "properties": {
        "weight": 1.0
      },
      "geometry": {
        "type": "Point",
        "coordinates": [
          -5.6566181,
          40.9730481
        ]
      }
    },
    {
      "type": "Feature",
      "properties": {
        "weight": 1.0,
        "id": 6544702675,
        "hasDetails": true,
        "name": "Zhao International Trade",
        "opening_hours": "Mo-Sa 09:30-14:00,16:00-21:30"
      },
      "geometry": {
        "type": "Point",
        "coordinates": [
          -5.6692819,
          40.9730505
        ]
      }
    },
    {
      "type": "Feature",
      "properties": {
        "weight": 1.0,
        "id": 3392161970,
        "hasDetails": true,
        "name": "El Punto Rojo de Van Dyck",
        "opening_hours": "Mo-Fr 10:00-13:30,17:30-19:00; Sa 10:00-13:00"
      },
      "geometry": {
        "type": "Point",
        "coordinates": [
          -5.6607123,
          40.9731093
        ]
      }
    },
    {
      "type": "Feature",
      "properties": {
        "weight": 1.0,
        "id": 4007285214,
        "hasDetails": true,
        "name": "Lavander\u00eda LAVAMAC",
        "opening_hours": "Mo-Su 08:00-22:00"
      },
      "geometry": {
        "type": "Point",
        "coordinates": [
          -5.6597814,
          40.9731341
        ]
      }
    },
    {
      "type": "Feature",
      "properties": {
        "weight": 1.0
      },
      "geometry": {
        "type": "Point",
        "coordinates": [
          -5.680844,
          40.9731656
        ]
      }
    },
    {
      "type": "Feature",
      "properties": {
        "weight": 1.0
      },
      "geometry": {
        "type": "Point",
        "coordinates": [
          -5.66359,
          40.9731806
        ]
      }
    },
    {
      "type": "Feature",
      "properties": {
        "weight": 1.0
      },
      "geometry": {
        "type": "Point",
        "coordinates": [
          -5.659964,
          40.9731975
        ]
      }
    },
    {
      "type": "Feature",
      "properties": {
        "weight": 1.0,
        "id": 3392161964,
        "hasDetails": true,
        "name": "Carrocer\u00edas Almeida",
        "opening_hours": "Mo-Fr 08:30-14:00,16:00-20:00; Sa 11:00-14:00"
      },
      "geometry": {
        "type": "Point",
        "coordinates": [
          -5.6618993,
          40.9732036
        ]
      }
    },
    {
      "type": "Feature",
      "properties": {
        "weight": 1.0
      },
      "geometry": {
        "type": "Point",
        "coordinates": [
          -5.6568461,
          40.9732184
        ]
      }
    },
    {
      "type": "Feature",
      "properties": {
        "weight": 1.0,
        "id": 5329222037,
        "hasDetails": true,
        "name": "Ultramarinos Cristina",
        "opening_hours": "Mo-Sa 10:00-14:00"
      },
      "geometry": {
        "type": "Point",
        "coordinates": [
          -5.6607223,
          40.9732227
        ]
      }
    },
    {
      "type": "Feature",
      "properties": {
        "weight": 1.0
      },
      "geometry": {
        "type": "Point",
        "coordinates": [
          -5.6768782,
          40.9732291
        ]
      }
    },
    {
      "type": "Feature",
      "properties": {
        "weight": 1.0
      },
      "geometry": {
        "type": "Point",
        "coordinates": [
          -5.6504625,
          40.9732299
        ]
      }
    },
    {
      "type": "Feature",
      "properties": {
        "weight": 1.0,
        "id": 3298178974,
        "hasDetails": true,
        "name": "Servicios Funerarios Virgen de la Vega",
        "website": "http://www.funerariavirgendelavega.com/"
      },
      "geometry": {
        "type": "Point",
        "coordinates": [
          -5.6766951,
          40.9732314
        ]
      }
    },
    {
      "type": "Feature",
      "properties": {
        "weight": 1.0,
        "id": 12549403395,
        "hasDetails": true,
        "name": "Ascensores Zener",
        "address": "Avenida de Portugal 272",
        "website": "https://www.ascensores.com/ascensores-zener-delegaciones/salamanca/"
      },
      "geometry": {
        "type": "Point",
        "coordinates": [
          -5.6765067,
          40.9732441
        ]
      }
    },
    {
      "type": "Feature",
      "properties": {
        "weight": 1.0
      },
      "geometry": {
        "type": "Point",
        "coordinates": [
          -5.67543,
          40.9732469
        ]
      }
    },
    {
      "type": "Feature",
      "properties": {
        "weight": 1.0,
        "id": 3298296082,
        "hasDetails": true,
        "name": "Publigelsa Digital S.L.",
        "website": "https://www.publigelsa.es/",
        "opening_hours": "Mo-Fr 10:00-14:00,18:00-20:30"
      },
      "geometry": {
        "type": "Point",
        "coordinates": [
          -5.6749806,
          40.9732488
        ]
      }
    },
    {
      "type": "Feature",
      "properties": {
        "weight": 1.0,
        "id": 3298296092,
        "hasDetails": true,
        "name": "Carglass",
        "address": "Avenida de Portugal 214",
        "website": "https://www.carglass.es/localizaciones/salamanca-2",
        "opening_hours": "Mo-Fr 09:00-14:00,15:00-19:00"
      },
      "geometry": {
        "type": "Point",
        "coordinates": [
          -5.6731947,
          40.9732661
        ]
      }
    },
    {
      "type": "Feature",
      "properties": {
        "weight": 1.0
      },
      "geometry": {
        "type": "Point",
        "coordinates": [
          -5.6735701,
          40.9732674
        ]
      }
    },
    {
      "type": "Feature",
      "properties": {
        "weight": 1.0
      },
      "geometry": {
        "type": "Point",
        "coordinates": [
          -5.6726384,
          40.9732719
        ]
      }
    },
    {
      "type": "Feature",
      "properties": {
        "weight": 1.0,
        "id": 48452505,
        "hasDetails": true,
        "name": "Tanatorio",
        "address": "Avenida Obispo Sancho de Castilla 67, Salamanca",
        "website": "https://www.tanatoriosancarlos.es/",
        "opening_hours": "24/7"
      },
      "geometry": {
        "type": "Point",
        "coordinates": [
          -5.6820219,
          40.9732901
        ]
      }
    },
    {
      "type": "Feature",
      "properties": {
        "weight": 1.0
      },
      "geometry": {
        "type": "Point",
        "coordinates": [
          -5.6557996,
          40.9733017
        ]
      }
    },
    {
      "type": "Feature",
      "properties": {
        "weight": 1.0
      },
      "geometry": {
        "type": "Point",
        "coordinates": [
          -5.659689,
          40.9733124
        ]
      }
    },
    {
      "type": "Feature",
      "properties": {
        "weight": 1.0
      },
      "geometry": {
        "type": "Point",
        "coordinates": [
          -5.6471528,
          40.9733128
        ]
      }
    },
    {
      "type": "Feature",
      "properties": {
        "weight": 1.0
      },
      "geometry": {
        "type": "Point",
        "coordinates": [
          -5.6567945,
          40.973314
        ]
      }
    },
    {
      "type": "Feature",
      "properties": {
        "weight": 1.0,
        "id": 3818396559,
        "hasDetails": true,
        "name": "Kiosco Calvo",
        "opening_hours": "Mo-Sa 09:00-14:00; Mo-Fr 17:00-20:30"
      },
      "geometry": {
        "type": "Point",
        "coordinates": [
          -5.6494295,
          40.9733351
        ]
      }
    },
    {
      "type": "Feature",
      "properties": {
        "weight": 1.0,
        "id": 4528193453,
        "hasDetails": true,
        "name": "Comercial Veterinaria Vega",
        "address": "Calle Alfonso de Castro 21, Salamanca",
        "opening_hours": "Mo-Fr 09:30-14:00,17:30-20:00; Sa 10:00-13:00"
      },
      "geometry": {
        "type": "Point",
        "coordinates": [
          -5.6598935,
          40.9733766
        ]
      }
    },
    {
      "type": "Feature",
      "properties": {
        "weight": 1.0
      },
      "geometry": {
        "type": "Point",
        "coordinates": [
          -5.670613,
          40.9733901
        ]
      }
    },
    {
      "type": "Feature",
      "properties": {
        "weight": 1.0
      },
      "geometry": {
        "type": "Point",
        "coordinates": [
          -5.6808053,
          40.973413
        ]
      }
    },
    {
      "type": "Feature",
      "properties": {
        "weight": 1.0
      },
      "geometry": {
        "type": "Point",
        "coordinates": [
          -5.6636862,
          40.9734161
        ]
      }
    },
    {
      "type": "Feature",
      "properties": {
        "weight": 1.0
      },
      "geometry": {
        "type": "Point",
        "coordinates": [
          -5.6532134,
          40.9734163
        ]
      }
    },
    {
      "type": "Feature",
      "properties": {
        "weight": 1.0
      },
      "geometry": {
        "type": "Point",
        "coordinates": [
          -5.6523647,
          40.9734192
        ]
      }
    },
    {
      "type": "Feature",
      "properties": {
        "weight": 1.0,
        "id": 3328347990,
        "hasDetails": true,
        "name": "VyN inform\u00e1tica",
        "address": "Calle de El Tomillar 2, Salamanca"
      },
      "geometry": {
        "type": "Point",
        "coordinates": [
          -5.6725479,
          40.9734244
        ]
      }
    },
    {
      "type": "Feature",
      "properties": {
        "weight": 1.0,
        "id": 3912610305,
        "hasDetails": true,
        "name": "Golominas",
        "opening_hours": "Mo-Sa 10:00-13:45; Mo-Fr 17:00-20:00"
      },
      "geometry": {
        "type": "Point",
        "coordinates": [
          -5.6596463,
          40.9734288
        ]
      }
    },
    {
      "type": "Feature",
      "properties": {
        "weight": 1.0
      },
      "geometry": {
        "type": "Point",
        "coordinates": [
          -5.6700331,
          40.973454
        ]
      }
    },
    {
      "type": "Feature",
      "properties": {
        "weight": 1.0,
        "id": 3697942923,
        "hasDetails": true,
        "name": "Electr\u00f3nica Alonso",
        "opening_hours": "Mo-Fr 09:00-14:00,16:30-20:00; Sa 10:00-13:30"
      },
      "geometry": {
        "type": "Point",
        "coordinates": [
          -5.6698383,
          40.9734553
        ]
      }
    },
    {
      "type": "Feature",
      "properties": {
        "weight": 1.0,
        "id": 6454833041,
        "hasDetails": true,
        "name": "The Glass Lunas",
        "amenity": "car_wash",
        "opening_hours": "Mo-Fr 09:00-16:00",
        "names": [
          "The Glass Lunas",
          "Cristaler\u00eda Helm\u00e1ntica"
        ]
      },
      "geometry": {
        "type": "Point",
        "coordinates": [
          -5.6701752,
          40.973477
        ]
      }
    },
    {
      "type": "Feature",
      "properties": {
        "weight": 1.0,
        "id": 3392161962,
        "hasDetails": true,
        "name": "Patricia Onila",
        "opening_hours": "Tu-Fr 10:00-14:00,17:00-20:00; Mo 17:00-20:00; Sa 10:00-14:00"
      },
      "geometry": {
        "type": "Point",
        "coordinates": [
          -5.6625315,
          40.9734814
        ]
      }
    },
    {
      "type": "Feature",
      "properties": {
        "weight": 1.0
      },
      "geometry": {
        "type": "Point",
        "coordinates": [
          -5.6525386,
          40.9734878
        ]
      }
    },
    {
      "type": "Feature",
      "properties": {
        "weight": 1.0,
        "id": 3965831709,
        "hasDetails": true,
        "name": "Electr\u00f3nica Rivas",
        "opening_hours": "Mo-Sa 10:00-14:00"
      },
      "geometry": {
        "type": "Point",
        "coordinates": [
          -5.6560117,
          40.9734902
        ]
      }
    },
    {
      "type": "Feature",
      "properties": {
        "weight": 1.0
      },
      "geometry": {
        "type": "Point",
        "coordinates": [
          -5.6506835,
          40.9735095
        ]
      }
    },
    {
      "type": "Feature",
      "properties": {
        "weight": 1.0,
        "id": 8857471420,
        "hasDetails": true,
        "name": "Neum\u00e1ticos Box Recambios",
        "opening_hours": "Mo-Sa 09:00-13:00; Mo-Fr 15:00-19:00"
      },
      "geometry": {
        "type": "Point",
        "coordinates": [
          -5.6537692,
          40.9735337
        ]
      }
    },
    {
      "type": "Feature",
      "properties": {
        "weight": 1.0,
        "id": 3965831711,
        "hasDetails": true,
        "name": "Isla Tortuga",
        "address": "Calle Ayala 3, Salamanca",
        "opening_hours": "Mo-Sa 10:00-14:00; Mo-Fr 17:00-20:00"
      },
      "geometry": {
        "type": "Point",
        "coordinates": [
          -5.6561773,
          40.9735371
        ]
      }
    },
    {
      "type": "Feature",
      "properties": {
        "weight": 1.0
      },
      "geometry": {
        "type": "Point",
        "coordinates": [
          -5.6726741,
          40.9735483
        ]
      }
    },
    {
      "type": "Feature",
      "properties": {
        "weight": 1.0
      },
      "geometry": {
        "type": "Point",
        "coordinates": [
          -5.6703075,
          40.9735491
        ]
      }
    },
    {
      "type": "Feature",
      "properties": {
        "weight": 1.0
      },
      "geometry": {
        "type": "Point",
        "coordinates": [
          -5.6566516,
          40.9735583
        ]
      }
    },
    {
      "type": "Feature",
      "properties": {
        "weight": 1.0,
        "id": 1434132302,
        "hasDetails": true,
        "name": "Sexbijoux Boutique er\u00f3tica",
        "address": "Avenida Alfonso IX de Le\u00f3n 34, Salamanca",
        "website": "https://www.sexbijouxtienda.es/",
        "opening_hours": "Mo-Sa 11:00-14:00; Mo-Fr 17:00-20:00"
      },
      "geometry": {
        "type": "Point",
        "coordinates": [
          -5.652711,
          40.9735613
        ]
      }
    },
    {
      "type": "Feature",
      "properties": {
        "weight": 1.0,
        "id": 8857471421,
        "hasDetails": true,
        "name": "Fruter\u00eda El \u00c1lamo",
        "opening_hours": "Mo-Sa 09:30-14:00; Mo,We,Fr 17:30-20:00"
      },
      "geometry": {
        "type": "Point",
        "coordinates": [
          -5.6535954,
          40.9735691
        ]
      }
    },
    {
      "type": "Feature",
      "properties": {
        "weight": 1.0
      },
      "geometry": {
        "type": "Point",
        "coordinates": [
          -5.6723901,
          40.9735697
        ]
      }
    },
    {
      "type": "Feature",
      "properties": {
        "weight": 1.0
      },
      "geometry": {
        "type": "Point",
        "coordinates": [
          -5.6573809,
          40.9735834
        ]
      }
    },
    {
      "type": "Feature",
      "properties": {
        "weight": 1.0,
        "id": 8836873806,
        "hasDetails": true,
        "name": "Pc Megastore",
        "opening_hours": "Mo-Sa 10:00-14:00, Mo-Fr 17:00-20:00"
      },
      "geometry": {
        "type": "Point",
        "coordinates": [
          -5.6550326,
          40.9735852
        ]
      }
    },
    {
      "type": "Feature",
      "properties": {
        "weight": 1.0
      },
      "geometry": {
        "type": "Point",
        "coordinates": [
          -5.6704473,
          40.9736203
        ]
      }
    },
    {
      "type": "Feature",
      "properties": {
        "weight": 1.0
      },
      "geometry": {
        "type": "Point",
        "coordinates": [
          -5.6507974,
          40.9736551
        ]
      }
    },
    {
      "type": "Feature",
      "properties": {
        "weight": 1.0,
        "id": 4528193459,
        "hasDetails": true,
        "name": "Luis Alberto Peluqueros",
        "opening_hours": "Mo-Fr 09:00-14:00,17:00-21:00; Sa 09:00-18:00+",
        "names": [
          "Luis Alberto Peluqueros",
          "Taller las Salesas",
          "Centro de Est\u00e9tica y L\u00e1ser Ixora"
        ]
      },
      "geometry": {
        "type": "Point",
        "coordinates": [
          -5.6597688,
          40.9736568
        ]
      }
    },
    {
      "type": "Feature",
      "properties": {
        "weight": 1.0,
        "id": 3371401817,
        "hasDetails": true,
        "name": "Herbolario Queti 2",
        "address": "Calle de Mar\u00eda Auxiliadora 68",
        "opening_hours": "Mo-Fr 10:00-14:30,17:00-20:30; Sa 10:00-14:00,17:00-20:00",
        "names": [
          "Herbolario Queti 2",
          "Horno Castellano"
        ]
      },
      "geometry": {
        "type": "Point",
        "coordinates": [
          -5.6565773,
          40.9736596
        ]
      }
    },
    {
      "type": "Feature",
      "properties": {
        "weight": 1.0
      },
      "geometry": {
        "type": "Point",
        "coordinates": [
          -5.6529934,
          40.9736722
        ]
      }
    },
    {
      "type": "Feature",
      "properties": {
        "weight": 1.0
      },
      "geometry": {
        "type": "Point",
        "coordinates": [
          -5.6738913,
          40.9736795
        ]
      }
    },
    {
      "type": "Feature",
      "properties": {
        "weight": 1.0,
        "id": 2608606861,
        "hasDetails": true,
        "name": "Gadis",
        "address": "Plaza del Barrio Vidal 8",
        "website": "https://www.gadis.es/centros/bvidal-salamanca-salamanca-369",
        "opening_hours": "Mo-Sa 09:30-21:00"
      },
      "geometry": {
        "type": "Point",
        "coordinates": [
          -5.6674099,
          40.9736856
        ]
      }
    },
    {
      "type": "Feature",
      "properties": {
        "weight": 1.0,
        "id": 5329222035,
        "hasDetails": true,
        "name": "Cardiocar",
        "address": "Calle Fernando de Rojas 21, Salamanca",
        "website": "https://cardiocar.wordpress.com/"
      },
      "geometry": {
        "type": "Point",
        "coordinates": [
          -5.6606733,
          40.9736931
        ]
      }
    },
    {
      "type": "Feature",
      "properties": {
        "weight": 1.0
      },
      "geometry": {
        "type": "Point",
        "coordinates": [
          -5.6725054,
          40.9737157
        ]
      }
    },
    {
      "type": "Feature",
      "properties": {
        "weight": 1.0,
        "id": 8857471419,
        "hasDetails": true,
        "name": "Centro de Est\u00e9tica Alexandra",
        "opening_hours": "Mo,We,Th 10:00-14:00,16:00-20:00; Fr 10:00-20:00; Sa 10:00-13:00"
      },
      "geometry": {
        "type": "Point",
        "coordinates": [
          -5.6539855,
          40.9737266
        ]
      }
    },
    {
      "type": "Feature",
      "properties": {
        "weight": 1.0,
        "id": 2589014589,
        "hasDetails": true,
        "name": "Deportes Alonso",
        "address": "Calle Miguel de Unamuno 43, Salamanca",
        "website": "http://www.deportesalonso.com"
      },
      "geometry": {
        "type": "Point",
        "coordinates": [
          -5.6523883,
          40.9737286
        ]
      }
    },
    {
      "type": "Feature",
      "properties": {
        "weight": 1.0,
        "id": 42893733,
        "hasDetails": true,
        "name": "El Corte Ingl\u00e9s",
        "address": "Calle de Mar\u00eda Auxiliadora 71,85, Salamanca"
      },
      "geometry": {
        "type": "Point",
        "coordinates": [
          -5.6573668,
          40.9737524
        ]
      }
    },
    {
      "type": "Feature",
      "properties": {
        "weight": 1.0
      },
      "geometry": {
        "type": "Point",
        "coordinates": [
          -5.6565117,
          40.973776
        ]
      }
    },
    {
      "type": "Feature",
      "properties": {
        "weight": 1.0
      },
      "geometry": {
        "type": "Point",
        "coordinates": [
          -5.6336251,
          40.9737901
        ]
      }
    },
    {
      "type": "Feature",
      "properties": {
        "weight": 1.0,
        "id": 8857471417,
        "hasDetails": true,
        "name": "Ana Mart\u00edn Peluqueros",
        "opening_hours": "Tu-Fr 09:30-19:00; Sa 09:30-14:30"
      },
      "geometry": {
        "type": "Point",
        "coordinates": [
          -5.6541999,
          40.9738092
        ]
      }
    },
    {
      "type": "Feature",
      "properties": {
        "weight": 1.0,
        "id": 3818396558,
        "hasDetails": true,
        "name": "Tienda de Ropa Infantil Conny-Land",
        "address": "Plaza de Barcelona 9, Salamanca",
        "website": "https://www.connyland.es/"
      },
      "geometry": {
        "type": "Point",
        "coordinates": [
          -5.6491167,
          40.973811
        ]
      }
    },
    {
      "type": "Feature",
      "properties": {
        "weight": 1.0,
        "id": 8888111272,
        "hasDetails": true,
        "name": "Gema Stetic",
        "address": "Calle Fernando de Rojas 28, Salamanca",
        "opening_hours": "\"estoy cuando hay clientes\""
      },
      "geometry": {
        "type": "Point",
        "coordinates": [
          -5.6604566,
          40.9738251
        ]
      }
    },
    {
      "type": "Feature",
      "properties": {
        "weight": 1.0,
        "id": 8857469012,
        "hasDetails": true,
        "name": "Joyer\u00eda Coria",
        "opening_hours": "Mo-Sa 10:00-14:00, Mo-Fr 17:00-20:00"
      },
      "geometry": {
        "type": "Point",
        "coordinates": [
          -5.6543371,
          40.9738674
        ]
      }
    },
    {
      "type": "Feature",
      "properties": {
        "weight": 1.0
      },
      "geometry": {
        "type": "Point",
        "coordinates": [
          -5.6605933,
          40.9738804
        ]
      }
    },
    {
      "type": "Feature",
      "properties": {
        "weight": 1.0
      },
      "geometry": {
        "type": "Point",
        "coordinates": [
          -5.6630875,
          40.9739107
        ]
      }
    },
    {
      "type": "Feature",
      "properties": {
        "weight": 1.0,
        "id": 3345697198,
        "hasDetails": true,
        "name": "Zapater\u00eda Pajuelo",
        "opening_hours": "Mo-Sa 10:00-14:00,17:00-20:30"
      },
      "geometry": {
        "type": "Point",
        "coordinates": [
          -5.6563557,
          40.9740369
        ]
      }
    },
    {
      "type": "Feature",
      "properties": {
        "weight": 1.0,
        "id": 1418736940,
        "hasDetails": true,
        "name": "Peluquer\u00eda Nayma Singla",
        "opening_hours": "Mo-Fr 10:00-14:00,16:30-20:30; Sa 09:00-14:00"
      },
      "geometry": {
        "type": "Point",
        "coordinates": [
          -5.6718519,
          40.9740773
        ]
      }
    },
    {
      "type": "Feature",
      "properties": {
        "weight": 1.0
      },
      "geometry": {
        "type": "Point",
        "coordinates": [
          -5.6500718,
          40.9740778
        ]
      }
    },
    {
      "type": "Feature",
      "properties": {
        "weight": 1.0
      },
      "geometry": {
        "type": "Point",
        "coordinates": [
          -5.6720841,
          40.9741112
        ]
      }
    },
    {
      "type": "Feature",
      "properties": {
        "weight": 1.0,
        "id": 8857468974,
        "hasDetails": true,
        "name": "Cer\u00e1micas Monterroble",
        "opening_hours": "Mo-Fr 09:00-13:30,16:00-20:00; Sa 10:00-14:00"
      },
      "geometry": {
        "type": "Point",
        "coordinates": [
          -5.6549946,
          40.9741132
        ]
      }
    },
    {
      "type": "Feature",
      "properties": {
        "weight": 1.0
      },
      "geometry": {
        "type": "Point",
        "coordinates": [
          -5.6551123,
          40.974163
        ]
      }
    },
    {
      "type": "Feature",
      "properties": {
        "weight": 1.0,
        "id": 1800116128,
        "hasDetails": true,
        "name": "Dia",
        "address": "Plaza de Barcelona, Salamanca",
        "opening_hours": "Mo-Sa 09:00-21:00"
      },
      "geometry": {
        "type": "Point",
        "coordinates": [
          -5.6504642,
          40.97418
        ]
      }
    },
    {
      "type": "Feature",
      "properties": {
        "weight": 1.0
      },
      "geometry": {
        "type": "Point",
        "coordinates": [
          -5.6722654,
          40.9742189
        ]
      }
    },
    {
      "type": "Feature",
      "properties": {
        "weight": 1.0
      },
      "geometry": {
        "type": "Point",
        "coordinates": [
          -5.6502027,
          40.9742515
        ]
      }
    },
    {
      "type": "Feature",
      "properties": {
        "weight": 1.0,
        "id": 7449549727,
        "hasDetails": true,
        "name": "Almac\u00e9n de Frutas Germ\u00e1n",
        "address": "Paseo de los Madro\u00f1os 5, Salamanca"
      },
      "geometry": {
        "type": "Point",
        "coordinates": [
          -5.6480973,
          40.9742642
        ]
      }
    },
    {
      "type": "Feature",
      "properties": {
        "weight": 1.0,
        "id": 3371407232,
        "hasDetails": true,
        "name": "Guillermo Pelukeros",
        "address": "Calle de Mar\u00eda Auxiliadora 78, Salamanca",
        "names": [
          "Guillermo Pelukeros",
          "Alhambra"
        ]
      },
      "geometry": {
        "type": "Point",
        "coordinates": [
          -5.6562136,
          40.9742712
        ]
      }
    },
    {
      "type": "Feature",
      "properties": {
        "weight": 1.0,
        "id": 8857469004,
        "hasDetails": true,
        "name": "Roma",
        "opening_hours": "Mo-Fr 10:30-14:00"
      },
      "geometry": {
        "type": "Point",
        "coordinates": [
          -5.6554402,
          40.9742913
        ]
      }
    },
    {
      "type": "Feature",
      "properties": {
        "weight": 1.0
      },
      "geometry": {
        "type": "Point",
        "coordinates": [
          -5.6630293,
          40.9742992
        ]
      }
    },
    {
      "type": "Feature",
      "properties": {
        "weight": 1.0
      },
      "geometry": {
        "type": "Point",
        "coordinates": [
          -5.6722731,
          40.9743301
        ]
      }
    },
    {
      "type": "Feature",
      "properties": {
        "weight": 1.0
      },
      "geometry": {
        "type": "Point",
        "coordinates": [
          -5.6564861,
          40.9743399
        ]
      }
    },
    {
      "type": "Feature",
      "properties": {
        "weight": 1.0
      },
      "geometry": {
        "type": "Point",
        "coordinates": [
          -5.6675789,
          40.9743518
        ]
      }
    },
    {
      "type": "Feature",
      "properties": {
        "weight": 1.0
      },
      "geometry": {
        "type": "Point",
        "coordinates": [
          -5.6810558,
          40.9743775
        ]
      }
    },
    {
      "type": "Feature",
      "properties": {
        "weight": 1.0
      },
      "geometry": {
        "type": "Point",
        "coordinates": [
          -5.6558669,
          40.9744265
        ]
      }
    },
    {
      "type": "Feature",
      "properties": {
        "weight": 1.0,
        "id": 3071472493,
        "hasDetails": true,
        "name": "Kiosco Mart\u00edn",
        "address": "Paseo de los Madro\u00f1os, Salamanca",
        "names": [
          "Kiosco Mart\u00edn",
          "Pinturas Hogar y Decoraci\u00f3n"
        ]
      },
      "geometry": {
        "type": "Point",
        "coordinates": [
          -5.6476568,
          40.9744584
        ]
      }
    },
    {
      "type": "Feature",
      "properties": {
        "weight": 1.0,
        "id": 3371407229,
        "hasDetails": true,
        "name": "Pasteler\u00eda La Madrile\u00f1a",
        "opening_hours": "Mo-Fr 10:00-14:30,17:00-21:00; Sa,Su 09:30-15:00; Sa 17:00-21:00; Su 17:00-20:30",
        "outdoor_seating": "no"
      },
      "geometry": {
        "type": "Point",
        "coordinates": [
          -5.6564095,
          40.9744676
        ]
      }
    },
    {
      "type": "Feature",
      "properties": {
        "weight": 1.0,
        "id": 8836405942,
        "hasDetails": true,
        "name": "Kiosko El Sayugues",
        "opening_hours": "Mo-Su 07:30-15:30,17:30-21:00"
      },
      "geometry": {
        "type": "Point",
        "coordinates": [
          -5.6629987,
          40.9745076
        ]
      }
    },
    {
      "type": "Feature",
      "properties": {
        "weight": 1.0
      },
      "geometry": {
        "type": "Point",
        "coordinates": [
          -5.6729004,
          40.974513
        ]
      }
    },
    {
      "type": "Feature",
      "properties": {
        "weight": 1.0
      },
      "geometry": {
        "type": "Point",
        "coordinates": [
          -5.672709,
          40.9745195
        ]
      }
    },
    {
      "type": "Feature",
      "properties": {
        "weight": 1.0
      },
      "geometry": {
        "type": "Point",
        "coordinates": [
          -5.656055,
          40.9745355
        ]
      }
    },
    {
      "type": "Feature",
      "properties": {
        "weight": 1.0,
        "id": 1434132259,
        "hasDetails": true,
        "name": "Brines Moda \u00edntina",
        "opening_hours": "Mo-Fr 10:15-13:45,17:15-20:15; Sa 10:15-14:00"
      },
      "geometry": {
        "type": "Point",
        "coordinates": [
          -5.6563271,
          40.9746294
        ]
      }
    },
    {
      "type": "Feature",
      "properties": {
        "weight": 1.0
      },
      "geometry": {
        "type": "Point",
        "coordinates": [
          -5.6557859,
          40.9747373
        ]
      }
    },
    {
      "type": "Feature",
      "properties": {
        "weight": 1.0
      },
      "geometry": {
        "type": "Point",
        "coordinates": [
          -5.6470806,
          40.9748443
        ]
      }
    },
    {
      "type": "Feature",
      "properties": {
        "weight": 1.0,
        "id": 7449614040,
        "hasDetails": true,
        "name": "Simitel Infotelec, C.B.",
        "address": "Calle del Tr\u00e9bol, Salamanca"
      },
      "geometry": {
        "type": "Point",
        "coordinates": [
          -5.6492955,
          40.9748665
        ]
      }
    },
    {
      "type": "Feature",
      "properties": {
        "weight": 1.0,
        "id": 2486234337,
        "hasDetails": true,
        "name": "Cocola",
        "opening_hours": "Mo-Sa 10:30-14:00; Mo-Fr 17:00-20:30"
      },
      "geometry": {
        "type": "Point",
        "coordinates": [
          -5.6561078,
          40.9748773
        ]
      }
    },
    {
      "type": "Feature",
      "properties": {
        "weight": 1.0
      },
      "geometry": {
        "type": "Point",
        "coordinates": [
          -5.6512753,
          40.9748796
        ]
      }
    },
    {
      "type": "Feature",
      "properties": {
        "weight": 1.0
      },
      "geometry": {
        "type": "Point",
        "coordinates": [
          -5.6539162,
          40.9749057
        ]
      }
    },
    {
      "type": "Feature",
      "properties": {
        "weight": 1.0,
        "id": 4625096277,
        "hasDetails": true,
        "name": "Aqua",
        "opening_hours": "PH,Mo-Su 08:00-22:00"
      },
      "geometry": {
        "type": "Point",
        "coordinates": [
          -5.6510469,
          40.9749166
        ]
      }
    },
    {
      "type": "Feature",
      "properties": {
        "weight": 1.0,
        "id": 9372967240,
        "hasDetails": true,
        "name": "Congelados Jos\u00e9 L\u00f3pez",
        "address": "Carretera de Ledesma 54, Salamanca"
      },
      "geometry": {
        "type": "Point",
        "coordinates": [
          -5.67298,
          40.9749541
        ]
      }
    },
    {
      "type": "Feature",
      "properties": {
        "weight": 1.0,
        "id": 2486234333,
        "hasDetails": true,
        "name": "Anaya \u00d3pticos",
        "address": "Avenida Federico Anaya 1, Salamanca",
        "opening_hours": "Mo-Sa 10:00-13:30; Mo-Fr 16:30-20:00"
      },
      "geometry": {
        "type": "Point",
        "coordinates": [
          -5.6560398,
          40.9749669
        ]
      }
    },
    {
      "type": "Feature",
      "properties": {
        "weight": 1.0
      },
      "geometry": {
        "type": "Point",
        "coordinates": [
          -5.6731107,
          40.9750231
        ]
      }
    },
    {
      "type": "Feature",
      "properties": {
        "weight": 1.0,
        "id": 4408644970,
        "hasDetails": true,
        "address": "Calle Isaac Peral 10,12, Salamanca"
      },
      "geometry": {
        "type": "Point",
        "coordinates": [
          -5.6542696,
          40.9750321
        ]
      }
    },
    {
      "type": "Feature",
      "properties": {
        "weight": 1.0
      },
      "geometry": {
        "type": "Point",
        "coordinates": [
          -5.6559701,
          40.9750641
        ]
      }
    },
    {
      "type": "Feature",
      "properties": {
        "weight": 1.0
      },
      "geometry": {
        "type": "Point",
        "coordinates": [
          -5.6553511,
          40.9750917
        ]
      }
    },
    {
      "type": "Feature",
      "properties": {
        "weight": 1.0,
        "id": 3917217294,
        "hasDetails": true,
        "name": "Farmacia-\u00d3ptica P\u00e9rez Teij\u00f3n",
        "amenity": "pharmacy",
        "address": "Calle Isaac Peral 10, Salamanca"
      },
      "geometry": {
        "type": "Point",
        "coordinates": [
          -5.6544292,
          40.9751049
        ]
      }
    },
    {
      "type": "Feature",
      "properties": {
        "weight": 1.0,
        "id": 2643687291,
        "hasDetails": true,
        "name": "Horno Reyes Vaquero",
        "address": "Carretera de Ledesma 60, Salamanca"
      },
      "geometry": {
        "type": "Point",
        "coordinates": [
          -5.6732587,
          40.97513
        ]
      }
    },
    {
      "type": "Feature",
      "properties": {
        "weight": 1.0
      },
      "geometry": {
        "type": "Point",
        "coordinates": [
          -5.6527449,
          40.9751466
        ]
      }
    },
    {
      "type": "Feature",
      "properties": {
        "weight": 1.0,
        "id": 3361625180,
        "hasDetails": true,
        "name": "QPelos",
        "opening_hours": "Mo-Fr 10:00-20:00; Sa 09:30-18:30"
      },
      "geometry": {
        "type": "Point",
        "coordinates": [
          -5.6558881,
          40.9751695
        ]
      }
    },
    {
      "type": "Feature",
      "properties": {
        "weight": 1.0
      },
      "geometry": {
        "type": "Point",
        "coordinates": [
          -5.6552744,
          40.9751906
        ]
      }
    },
    {
      "type": "Feature",
      "properties": {
        "weight": 1.0,
        "id": 1434132297,
        "hasDetails": true,
        "name": "Sal\u00f3n de Belleza Mercedes",
        "opening_hours": "Mo-Fr 10:15-13:30,17:00-20:00; Sa 10:15-13:30"
      },
      "geometry": {
        "type": "Point",
        "coordinates": [
          -5.6578831,
          40.9751951
        ]
      }
    },
    {
      "type": "Feature",
      "properties": {
        "weight": 1.0,
        "id": 9372967236,
        "hasDetails": true,
        "name": "Alimentaci\u00f3n Pepi",
        "address": "Paseo Gran Capit\u00e1n 50"
      },
      "geometry": {
        "type": "Point",
        "coordinates": [
          -5.6656288,
          40.9752133
        ]
      }
    },
    {
      "type": "Feature",
      "properties": {
        "weight": 1.0
      },
      "geometry": {
        "type": "Point",
        "coordinates": [
          -5.6734524,
          40.9752441
        ]
      }
    },
    {
      "type": "Feature",
      "properties": {
        "weight": 1.0
      },
      "geometry": {
        "type": "Point",
        "coordinates": [
          -5.6580284,
          40.9752491
        ]
      }
    },
    {
      "type": "Feature",
      "properties": {
        "weight": 1.0,
        "id": 3818423340,
        "hasDetails": true,
        "name": "Carnicer\u00eda Lobo",
        "address": "Avenida de los Cedros, Salamanca",
        "names": [
          "Carnicer\u00eda Lobo",
          "Peluquer\u00eda Julia L\u00f3pez"
        ]
      },
      "geometry": {
        "type": "Point",
        "coordinates": [
          -5.6509845,
          40.9752619
        ]
      }
    },
    {
      "type": "Feature",
      "properties": {
        "weight": 1.0
      },
      "geometry": {
        "type": "Point",
        "coordinates": [
          -5.6557873,
          40.9753008
        ]
      }
    },
    {
      "type": "Feature",
      "properties": {
        "weight": 1.0,
        "id": 6344945991,
        "hasDetails": true,
        "name": "1000Tel",
        "website": "https://www.1000tel.com/es/",
        "names": [
          "1000Tel",
          "Sandra"
        ]
      },
      "geometry": {
        "type": "Point",
        "coordinates": [
          -5.6551749,
          40.9753107
        ]
      }
    },
    {
      "type": "Feature",
      "properties": {
        "weight": 1.0,
        "id": 3371382115,
        "hasDetails": true,
        "name": "Autorecambios Bastida",
        "website": "http://www.autorecambiosbastida.com/"
      },
      "geometry": {
        "type": "Point",
        "coordinates": [
          -5.6563377,
          40.9753336
        ]
      }
    },
    {
      "type": "Feature",
      "properties": {
        "weight": 1.0
      },
      "geometry": {
        "type": "Point",
        "coordinates": [
          -5.651079,
          40.975373
        ]
      }
    },
    {
      "type": "Feature",
      "properties": {
        "weight": 1.0
      },
      "geometry": {
        "type": "Point",
        "coordinates": [
          -5.6588552,
          40.9753745
        ]
      }
    },
    {
      "type": "Feature",
      "properties": {
        "weight": 1.0,
        "id": 4169632057,
        "hasDetails": true,
        "name": "Estudio Foto 2005",
        "address": "Calle Juan de la Cierva 7, Salamanca",
        "opening_hours": "Mo-Sa 10:00-14:00; Mo-Fr 17:30-20:00"
      },
      "geometry": {
        "type": "Point",
        "coordinates": [
          -5.6544521,
          40.9754024
        ]
      }
    },
    {
      "type": "Feature",
      "properties": {
        "weight": 1.0,
        "id": 3180360932,
        "hasDetails": true,
        "name": "Alcampo",
        "address": "Carretera de Ledesma 66, Salamanca",
        "opening_hours": "Mo-Sa 09:00-21:30"
      },
      "geometry": {
        "type": "Point",
        "coordinates": [
          -5.6737217,
          40.975415
        ]
      }
    },
    {
      "type": "Feature",
      "properties": {
        "weight": 1.0
      },
      "geometry": {
        "type": "Point",
        "coordinates": [
          -5.6724673,
          40.9754175
        ]
      }
    },
    {
      "type": "Feature",
      "properties": {
        "weight": 1.0
      },
      "geometry": {
        "type": "Point",
        "coordinates": [
          -5.6587302,
          40.9755099
        ]
      }
    },
    {
      "type": "Feature",
      "properties": {
        "weight": 1.0
      },
      "geometry": {
        "type": "Point",
        "coordinates": [
          -5.6738634,
          40.9755174
        ]
      }
    },
    {
      "type": "Feature",
      "properties": {
        "weight": 1.0,
        "id": 4169632059,
        "hasDetails": true,
        "name": "Herbolario Felmat",
        "opening_hours": "Mo-Fr 10:00-14:00,17:00-20:00; Sa 10:00-13:30"
      },
      "geometry": {
        "type": "Point",
        "coordinates": [
          -5.6543698,
          40.9755188
        ]
      }
    },
    {
      "type": "Feature",
      "properties": {
        "weight": 1.0
      },
      "geometry": {
        "type": "Point",
        "coordinates": [
          -5.6532164,
          40.9755883
        ]
      }
    },
    {
      "type": "Feature",
      "properties": {
        "weight": 1.0,
        "id": 3361614616,
        "hasDetails": true,
        "name": "Cortinas Emilio Paradinas",
        "address": "Avenida Federico Anaya 22, Salamanca"
      },
      "geometry": {
        "type": "Point",
        "coordinates": [
          -5.6549446,
          40.9755978
        ]
      }
    },
    {
      "type": "Feature",
      "properties": {
        "weight": 1.0,
        "id": 3818423773,
        "hasDetails": true,
        "name": "El tulip\u00e1n",
        "opening_hours": "Mo-Sa 08:30-14:45; Fr 17:00-20:00"
      },
      "geometry": {
        "type": "Point",
        "coordinates": [
          -5.6512561,
          40.9756169
        ]
      }
    },
    {
      "type": "Feature",
      "properties": {
        "weight": 1.0
      },
      "geometry": {
        "type": "Point",
        "coordinates": [
          -5.6741244,
          40.9756785
        ]
      }
    },
    {
      "type": "Feature",
      "properties": {
        "weight": 1.0,
        "id": 1800116123,
        "hasDetails": true,
        "name": "Alcampo",
        "opening_hours": "Mo-Sa 09:00-21:30"
      },
      "geometry": {
        "type": "Point",
        "coordinates": [
          -5.6542569,
          40.9756842
        ]
      }
    },
    {
      "type": "Feature",
      "properties": {
        "weight": 1.0
      },
      "geometry": {
        "type": "Point",
        "coordinates": [
          -5.654859,
          40.9756912
        ]
      }
    },
    {
      "type": "Feature",
      "properties": {
        "weight": 1.0,
        "id": 3196966024,
        "hasDetails": true,
        "name": "La Tahona de la Suerte",
        "opening_hours": "Mo-Fr 08:30-14:00,17:00-20:00; PH,Su 09:30-14:00"
      },
      "geometry": {
        "type": "Point",
        "coordinates": [
          -5.6554858,
          40.9756978
        ]
      }
    },
    {
      "type": "Feature",
      "properties": {
        "weight": 1.0,
        "id": 6562786425,
        "hasDetails": true,
        "name": "Carrefour Express",
        "opening_hours": "Mo-Su 09:00-22:00"
      },
      "geometry": {
        "type": "Point",
        "coordinates": [
          -5.6604829,
          40.9757104
        ]
      }
    },
    {
      "type": "Feature",
      "properties": {
        "weight": 1.0,
        "id": 3713085282,
        "hasDetails": true,
        "name": "Kiosco Luisma",
        "opening_hours": "Mo-We,Fr 08:00-14:30; Mo-Fr 17:30-20:30; Sa,Su 08:00-14:00; Th 08:00-14:30"
      },
      "geometry": {
        "type": "Point",
        "coordinates": [
          -5.6584253,
          40.9757259
        ]
      }
    },
    {
      "type": "Feature",
      "properties": {
        "weight": 1.0
      },
      "geometry": {
        "type": "Point",
        "coordinates": [
          -5.6516274,
          40.9757555
        ]
      }
    },
    {
      "type": "Feature",
      "properties": {
        "weight": 1.0
      },
      "geometry": {
        "type": "Point",
        "coordinates": [
          -5.651986,
          40.9757773
        ]
      }
    },
    {
      "type": "Feature",
      "properties": {
        "weight": 1.0
      },
      "geometry": {
        "type": "Point",
        "coordinates": [
          -5.6554164,
          40.9757785
        ]
      }
    },
    {
      "type": "Feature",
      "properties": {
        "weight": 1.0
      },
      "geometry": {
        "type": "Point",
        "coordinates": [
          -5.6758255,
          40.9757951
        ]
      }
    },
    {
      "type": "Feature",
      "properties": {
        "weight": 1.0,
        "id": 4078697290,
        "hasDetails": true,
        "name": "Natalia R.C. Peluqueros",
        "opening_hours": "Mo-Th 10:00-14:00,16:30-19:30; Fr 10:00-19:30; Sa 09:00-14:00"
      },
      "geometry": {
        "type": "Point",
        "coordinates": [
          -5.6543536,
          40.975807
        ]
      }
    },
    {
      "type": "Feature",
      "properties": {
        "weight": 1.0
      },
      "geometry": {
        "type": "Point",
        "coordinates": [
          -5.6521157,
          40.9758153
        ]
      }
    },
    {
      "type": "Feature",
      "properties": {
        "weight": 1.0
      },
      "geometry": {
        "type": "Point",
        "coordinates": [
          -5.6518536,
          40.9758232
        ]
      }
    },
    {
      "type": "Feature",
      "properties": {
        "weight": 1.0
      },
      "geometry": {
        "type": "Point",
        "coordinates": [
          -5.6530501,
          40.9758242
        ]
      }
    },
    {
      "type": "Feature",
      "properties": {
        "weight": 1.0,
        "id": 5966253510,
        "hasDetails": true,
        "name": "La Tahona de la Abuela",
        "address": "Avenida de Alfonso VI 15, Salamanca",
        "website": "https://latahonadelaabuela.com/",
        "opening_hours": "Mo-Su 09:00-15:30,17:00-21:00",
        "names": [
          "La Tahona de la Abuela",
          "N\u00e9lida Santos"
        ]
      },
      "geometry": {
        "type": "Point",
        "coordinates": [
          -5.6607651,
          40.9758321
        ]
      }
    },
    {
      "type": "Feature",
      "properties": {
        "weight": 1.0
      },
      "geometry": {
        "type": "Point",
        "coordinates": [
          -5.6522572,
          40.975872
        ]
      }
    },
    {
      "type": "Feature",
      "properties": {
        "weight": 1.0
      },
      "geometry": {
        "type": "Point",
        "coordinates": [
          -5.6487728,
          40.9759031
        ]
      }
    },
    {
      "type": "Feature",
      "properties": {
        "weight": 1.0,
        "id": 2132091528,
        "hasDetails": true,
        "name": "Reparaci\u00f3n de Calzado La Mixta",
        "opening_hours": "Mo-Sa 09:30-14:00; Mo-Fr 17:00-20:30"
      },
      "geometry": {
        "type": "Point",
        "coordinates": [
          -5.6552971,
          40.9759112
        ]
      }
    },
    {
      "type": "Feature",
      "properties": {
        "weight": 1.0,
        "id": 3361236162,
        "hasDetails": true,
        "name": "Sqrups",
        "website": "https://www.sqrups.es/"
      },
      "geometry": {
        "type": "Point",
        "coordinates": [
          -5.6546673,
          40.9759145
        ]
      }
    },
    {
      "type": "Feature",
      "properties": {
        "weight": 1.0,
        "id": 2883875103,
        "hasDetails": true,
        "name": "Eliam",
        "website": "http://www.eliam.com/index.php"
      },
      "geometry": {
        "type": "Point",
        "coordinates": [
          -5.6529853,
          40.9759175
        ]
      }
    },
    {
      "type": "Feature",
      "properties": {
        "weight": 1.0
      },
      "geometry": {
        "type": "Point",
        "coordinates": [
          -5.6539929,
          40.9759275
        ]
      }
    },
    {
      "type": "Feature",
      "properties": {
        "weight": 1.0,
        "id": 3274386561,
        "hasDetails": true,
        "name": "Fruter\u00eda El Buen Sabor",
        "opening_hours": "Mo-Fr 09:00-14:00,17:30-20:00; Sa 09:30-14:00; Su 09:00-14:00"
      },
      "geometry": {
        "type": "Point",
        "coordinates": [
          -5.6763593,
          40.9759332
        ]
      }
    },
    {
      "type": "Feature",
      "properties": {
        "weight": 1.0,
        "id": 1113158375,
        "hasDetails": true,
        "name": "Alcampo",
        "opening_hours": "Mo-Sa 09:00-21:30"
      },
      "geometry": {
        "type": "Point",
        "coordinates": [
          -5.6590717,
          40.9759435
        ]
      }
    },
    {
      "type": "Feature",
      "properties": {
        "weight": 1.0,
        "id": 8836405933,
        "hasDetails": true,
        "name": "Indiauto",
        "opening_hours": "Mo-Sa 09:00-13:30, Mo-Fr 15:30-19:30",
        "names": [
          "Indiauto",
          "Almac\u00e9n de Frutas La Glorieta"
        ]
      },
      "geometry": {
        "type": "Point",
        "coordinates": [
          -5.6610717,
          40.9759465
        ]
      }
    },
    {
      "type": "Feature",
      "properties": {
        "weight": 1.0
      },
      "geometry": {
        "type": "Point",
        "coordinates": [
          -5.6518287,
          40.9759571
        ]
      }
    },
    {
      "type": "Feature",
      "properties": {
        "weight": 1.0,
        "id": 4440502035,
        "hasDetails": true,
        "name": "Originalia",
        "opening_hours": "Mo-Sa 10:30-14:00; Mo-Fr 17:30-20:30"
      },
      "geometry": {
        "type": "Point",
        "coordinates": [
          -5.6515337,
          40.9759742
        ]
      }
    },
    {
      "type": "Feature",
      "properties": {
        "weight": 1.0,
        "id": 3207467568,
        "hasDetails": true,
        "name": "Peluquer\u00eda de Caballeros",
        "opening_hours": "Mo-Fr 09:30-13:45,16:30-20:00; Sa 09:30-14:00"
      },
      "geometry": {
        "type": "Point",
        "coordinates": [
          -5.6742193,
          40.975976
        ]
      }
    },
    {
      "type": "Feature",
      "properties": {
        "weight": 1.0
      },
      "geometry": {
        "type": "Point",
        "coordinates": [
          -5.6745934,
          40.9759935
        ]
      }
    },
    {
      "type": "Feature",
      "properties": {
        "weight": 1.0
      },
      "geometry": {
        "type": "Point",
        "coordinates": [
          -5.6534524,
          40.9760338
        ]
      }
    },
    {
      "type": "Feature",
      "properties": {
        "weight": 1.0
      },
      "geometry": {
        "type": "Point",
        "coordinates": [
          -5.6741359,
          40.976042
        ]
      }
    },
    {
      "type": "Feature",
      "properties": {
        "weight": 1.0
      },
      "geometry": {
        "type": "Point",
        "coordinates": [
          -5.6518924,
          40.9760421
        ]
      }
    },
    {
      "type": "Feature",
      "properties": {
        "weight": 1.0,
        "id": 2126028874,
        "hasDetails": true,
        "name": "Colchoner\u00edas Bl\u00e1quez",
        "opening_hours": "Mo-Fr 10:00-13:45,17:00-20:30; Sa 10:00-14:00",
        "names": [
          "Colchoner\u00edas Bl\u00e1quez",
          "Divinity Peluquer\u00eda"
        ]
      },
      "geometry": {
        "type": "Point",
        "coordinates": [
          -5.6545444,
          40.9760633
        ]
      }
    },
    {
      "type": "Feature",
      "properties": {
        "weight": 1.0
      },
      "geometry": {
        "type": "Point",
        "coordinates": [
          -5.6747053,
          40.9760673
        ]
      }
    },
    {
      "type": "Feature",
      "properties": {
        "weight": 1.0
      },
      "geometry": {
        "type": "Point",
        "coordinates": [
          -5.6547001,
          40.9760684
        ]
      }
    },
    {
      "type": "Feature",
      "properties": {
        "weight": 1.0
      },
      "geometry": {
        "type": "Point",
        "coordinates": [
          -5.6478579,
          40.9760738
        ]
      }
    },
    {
      "type": "Feature",
      "properties": {
        "weight": 1.0
      },
      "geometry": {
        "type": "Point",
        "coordinates": [
          -5.6605672,
          40.9760768
        ]
      }
    },
    {
      "type": "Feature",
      "properties": {
        "weight": 1.0
      },
      "geometry": {
        "type": "Point",
        "coordinates": [
          -5.676337,
          40.9760801
        ]
      }
    },
    {
      "type": "Feature",
      "properties": {
        "weight": 1.0,
        "id": 5966253502,
        "hasDetails": true,
        "name": "Lavacan Salamanca",
        "address": "Avenida de San Agust\u00edn 2, Salamanca",
        "website": "https://lavacansalamanca.es/",
        "opening_hours": "Tu-Sa 10:00-13:30; Mo-Su 16:00-20:00"
      },
      "geometry": {
        "type": "Point",
        "coordinates": [
          -5.6614965,
          40.9760975
        ]
      }
    },
    {
      "type": "Feature",
      "properties": {
        "weight": 1.0,
        "id": 3276487703,
        "hasDetails": true,
        "name": "Panader\u00eda Milena",
        "outdoor_seating": "no"
      },
      "geometry": {
        "type": "Point",
        "coordinates": [
          -5.6782027,
          40.9760976
        ]
      }
    },
    {
      "type": "Feature",
      "properties": {
        "weight": 1.0
      },
      "geometry": {
        "type": "Point",
        "coordinates": [
          -5.6740425,
          40.9761188
        ]
      }
    },
    {
      "type": "Feature",
      "properties": {
        "weight": 1.0
      },
      "geometry": {
        "type": "Point",
        "coordinates": [
          -5.6751463,
          40.9761293
        ]
      }
    },
    {
      "type": "Feature",
      "properties": {
        "weight": 1.0
      },
      "geometry": {
        "type": "Point",
        "coordinates": [
          -5.660747,
          40.9761409
        ]
      }
    },
    {
      "type": "Feature",
      "properties": {
        "weight": 1.0
      },
      "geometry": {
        "type": "Point",
        "coordinates": [
          -5.6748136,
          40.9761448
        ]
      }
    },
    {
      "type": "Feature",
      "properties": {
        "weight": 1.0
      },
      "geometry": {
        "type": "Point",
        "coordinates": [
          -5.64899,
          40.9761448
        ]
      }
    },
    {
      "type": "Feature",
      "properties": {
        "weight": 1.0,
        "id": 3818443742,
        "hasDetails": true,
        "name": "Reparaci\u00f3n de Calzados Miguel",
        "opening_hours": "Mo-Sa 09:30-14:00; Mo-Fr 16:30-20:00"
      },
      "geometry": {
        "type": "Point",
        "coordinates": [
          -5.6519846,
          40.9761606
        ]
      }
    },
    {
      "type": "Feature",
      "properties": {
        "weight": 1.0
      },
      "geometry": {
        "type": "Point",
        "coordinates": [
          -5.6523976,
          40.9761742
        ]
      }
    },
    {
      "type": "Feature",
      "properties": {
        "weight": 1.0
      },
      "geometry": {
        "type": "Point",
        "coordinates": [
          -5.6609621,
          40.9762154
        ]
      }
    },
    {
      "type": "Feature",
      "properties": {
        "weight": 1.0
      },
      "geometry": {
        "type": "Point",
        "coordinates": [
          -5.6544327,
          40.9762214
        ]
      }
    },
    {
      "type": "Feature",
      "properties": {
        "weight": 1.0
      },
      "geometry": {
        "type": "Point",
        "coordinates": [
          -5.6749314,
          40.9762402
        ]
      }
    },
    {
      "type": "Feature",
      "properties": {
        "weight": 1.0,
        "id": 3213743894,
        "hasDetails": true,
        "name": "Creadsa. Desarrollos Web",
        "website": "https://www.creadsa.com/"
      },
      "geometry": {
        "type": "Point",
        "coordinates": [
          -5.6752656,
          40.9762498
        ]
      }
    },
    {
      "type": "Feature",
      "properties": {
        "weight": 1.0,
        "id": 42893732,
        "hasDetails": true,
        "name": "Mercadona",
        "website": "https://www.mercadona.es",
        "opening_hours": "Mo-Sa 09:15-21:15"
      },
      "geometry": {
        "type": "Point",
        "coordinates": [
          -5.6480149,
          40.9762571
        ]
      }
    },
    {
      "type": "Feature",
      "properties": {
        "weight": 1.0
      },
      "geometry": {
        "type": "Point",
        "coordinates": [
          -5.6747181,
          40.9762594
        ]
      }
    },
    {
      "type": "Feature",
      "properties": {
        "weight": 1.0
      },
      "geometry": {
        "type": "Point",
        "coordinates": [
          -5.6520731,
          40.9762678
        ]
      }
    },
    {
      "type": "Feature",
      "properties": {
        "weight": 1.0
      },
      "geometry": {
        "type": "Point",
        "coordinates": [
          -5.6532858,
          40.9762822
        ]
      }
    },
    {
      "type": "Feature",
      "properties": {
        "weight": 1.0
      },
      "geometry": {
        "type": "Point",
        "coordinates": [
          -5.6772304,
          40.9763037
        ]
      }
    },
    {
      "type": "Feature",
      "properties": {
        "weight": 1.0,
        "id": 2132091523,
        "hasDetails": true,
        "name": "la Colada",
        "opening_hours": "PH,Mo-Su 08:00-22:00",
        "names": [
          "la Colada",
          "Mueve-T"
        ]
      },
      "geometry": {
        "type": "Point",
        "coordinates": [
          -5.6549689,
          40.9763162
        ]
      }
    },
    {
      "type": "Feature",
      "properties": {
        "weight": 1.0
      },
      "geometry": {
        "type": "Point",
        "coordinates": [
          -5.6610776,
          40.9763544
        ]
      }
    },
    {
      "type": "Feature",
      "properties": {
        "weight": 1.0
      },
      "geometry": {
        "type": "Point",
        "coordinates": [
          -5.673839,
          40.9763756
        ]
      }
    },
    {
      "type": "Feature",
      "properties": {
        "weight": 1.0
      },
      "geometry": {
        "type": "Point",
        "coordinates": [
          -5.6522763,
          40.9763821
        ]
      }
    },
    {
      "type": "Feature",
      "properties": {
        "weight": 1.0
      },
      "geometry": {
        "type": "Point",
        "coordinates": [
          -5.6750952,
          40.9763844
        ]
      }
    },
    {
      "type": "Feature",
      "properties": {
        "weight": 1.0,
        "id": 5329299470,
        "hasDetails": true,
        "name": "Bazar Las Islas",
        "opening_hours": "Mo-Sa 10:00-14:30,17:00-21:30"
      },
      "geometry": {
        "type": "Point",
        "coordinates": [
          -5.6491466,
          40.976406
        ]
      }
    },
    {
      "type": "Feature",
      "properties": {
        "weight": 1.0
      },
      "geometry": {
        "type": "Point",
        "coordinates": [
          -5.6542395,
          40.9764523
        ]
      }
    },
    {
      "type": "Feature",
      "properties": {
        "weight": 1.0
      },
      "geometry": {
        "type": "Point",
        "coordinates": [
          -5.6731358,
          40.9764583
        ]
      }
    },
    {
      "type": "Feature",
      "properties": {
        "weight": 1.0,
        "id": 9422206507,
        "hasDetails": true,
        "name": "Silpat",
        "address": "Calle Conde Don Vela 1-9, Salamanca"
      },
      "geometry": {
        "type": "Point",
        "coordinates": [
          -5.6603654,
          40.9764689
        ]
      }
    },
    {
      "type": "Feature",
      "properties": {
        "weight": 1.0
      },
      "geometry": {
        "type": "Point",
        "coordinates": [
          -5.6754306,
          40.9764812
        ]
      }
    },
    {
      "type": "Feature",
      "properties": {
        "weight": 1.0
      },
      "geometry": {
        "type": "Point",
        "coordinates": [
          -5.6548237,
          40.9764829
        ]
      }
    },
    {
      "type": "Feature",
      "properties": {
        "weight": 1.0
      },
      "geometry": {
        "type": "Point",
        "coordinates": [
          -5.6725415,
          40.9765489
        ]
      }
    },
    {
      "type": "Feature",
      "properties": {
        "weight": 1.0
      },
      "geometry": {
        "type": "Point",
        "coordinates": [
          -5.6758647,
          40.9765504
        ]
      }
    },
    {
      "type": "Feature",
      "properties": {
        "weight": 1.0
      },
      "geometry": {
        "type": "Point",
        "coordinates": [
          -5.6718444,
          40.9765588
        ]
      }
    },
    {
      "type": "Feature",
      "properties": {
        "weight": 1.0,
        "id": 2486234327,
        "hasDetails": true,
        "name": "Macera Shops",
        "website": "https://www.macerashops.es/"
      },
      "geometry": {
        "type": "Point",
        "coordinates": [
          -5.6547618,
          40.9765634
        ]
      }
    },
    {
      "type": "Feature",
      "properties": {
        "weight": 1.0
      },
      "geometry": {
        "type": "Point",
        "coordinates": [
          -5.6540178,
          40.9765858
        ]
      }
    },
    {
      "type": "Feature",
      "properties": {
        "weight": 1.0
      },
      "geometry": {
        "type": "Point",
        "coordinates": [
          -5.6541657,
          40.9766426
        ]
      }
    },
    {
      "type": "Feature",
      "properties": {
        "weight": 1.0
      },
      "geometry": {
        "type": "Point",
        "coordinates": [
          -5.6547068,
          40.9766522
        ]
      }
    },
    {
      "type": "Feature",
      "properties": {
        "weight": 1.0
      },
      "geometry": {
        "type": "Point",
        "coordinates": [
          -5.6756616,
          40.9766562
        ]
      }
    },
    {
      "type": "Feature",
      "properties": {
        "weight": 1.0
      },
      "geometry": {
        "type": "Point",
        "coordinates": [
          -5.6753683,
          40.976658
        ]
      }
    },
    {
      "type": "Feature",
      "properties": {
        "weight": 1.0,
        "id": 5111420947,
        "hasDetails": true,
        "name": "Kika",
        "opening_hours": "Mo-Fr 10:00-18:00; Sa 10:00-14:30"
      },
      "geometry": {
        "type": "Point",
        "coordinates": [
          -5.6560939,
          40.9766864
        ]
      }
    },
    {
      "type": "Feature",
      "properties": {
        "weight": 1.0
      },
      "geometry": {
        "type": "Point",
        "coordinates": [
          -5.6540271,
          40.976728
        ]
      }
    },
    {
      "type": "Feature",
      "properties": {
        "weight": 1.0
      },
      "geometry": {
        "type": "Point",
        "coordinates": [
          -5.6754563,
          40.9767514
        ]
      }
    },
    {
      "type": "Feature",
      "properties": {
        "weight": 1.0
      },
      "geometry": {
        "type": "Point",
        "coordinates": [
          -5.6757989,
          40.9767884
        ]
      }
    },
    {
      "type": "Feature",
      "properties": {
        "weight": 1.0,
        "id": 2487904697,
        "hasDetails": true,
        "name": "Los Charritos",
        "opening_hours": "Mo-Sa 08:15-14:15; Su 08:45-13:45"
      },
      "geometry": {
        "type": "Point",
        "coordinates": [
          -5.6511299,
          40.976792
        ]
      }
    },
    {
      "type": "Feature",
      "properties": {
        "weight": 1.0,
        "id": 3196966022,
        "hasDetails": true,
        "name": "C\u00e1rnicas Mencas",
        "website": "https://www.mencas.es/",
        "opening_hours": "Mo-Sa 09:30-14:00; Mo-Fr 17:00-20:00"
      },
      "geometry": {
        "type": "Point",
        "coordinates": [
          -5.6539554,
          40.9768096
        ]
      }
    },
    {
      "type": "Feature",
      "properties": {
        "weight": 1.0
      },
      "geometry": {
        "type": "Point",
        "coordinates": [
          -5.6758678,
          40.9768804
        ]
      }
    },
    {
      "type": "Feature",
      "properties": {
        "weight": 1.0
      },
      "geometry": {
        "type": "Point",
        "coordinates": [
          -5.653881,
          40.9769059
        ]
      }
    },
    {
      "type": "Feature",
      "properties": {
        "weight": 1.0
      },
      "geometry": {
        "type": "Point",
        "coordinates": [
          -5.6756192,
          40.9769468
        ]
      }
    },
    {
      "type": "Feature",
      "properties": {
        "weight": 1.0
      },
      "geometry": {
        "type": "Point",
        "coordinates": [
          -5.6632165,
          40.9769506
        ]
      }
    },
    {
      "type": "Feature",
      "properties": {
        "weight": 1.0,
        "id": 2132033968,
        "hasDetails": true,
        "name": "Comercial Metabos",
        "address": "Avenida Federico Anaya 47, Salamanca",
        "website": "http://www.metabos.com/",
        "opening_hours": "Mo-Fr 08:00-14:00,15:30-20:30; Sa 09:00-13:00",
        "names": [
          "Comercial Metabos",
          "Salamanca Hogar"
        ]
      },
      "geometry": {
        "type": "Point",
        "coordinates": [
          -5.6544064,
          40.9770018
        ]
      }
    },
    {
      "type": "Feature",
      "properties": {
        "weight": 1.0
      },
      "geometry": {
        "type": "Point",
        "coordinates": [
          -5.6536079,
          40.9770136
        ]
      }
    },
    {
      "type": "Feature",
      "properties": {
        "weight": 1.0
      },
      "geometry": {
        "type": "Point",
        "coordinates": [
          -5.6759833,
          40.9770269
        ]
      }
    },
    {
      "type": "Feature",
      "properties": {
        "weight": 1.0
      },
      "geometry": {
        "type": "Point",
        "coordinates": [
          -5.6757055,
          40.9770562
        ]
      }
    },
    {
      "type": "Feature",
      "properties": {
        "weight": 1.0
      },
      "geometry": {
        "type": "Point",
        "coordinates": [
          -5.6791309,
          40.9770663
        ]
      }
    },
    {
      "type": "Feature",
      "properties": {
        "weight": 1.0,
        "id": 2487904700,
        "hasDetails": true,
        "name": "Talleres Juanjo",
        "opening_hours": "Mo-Fr 09:00-14:00,16:00-20:30"
      },
      "geometry": {
        "type": "Point",
        "coordinates": [
          -5.6513981,
          40.9771372
        ]
      }
    },
    {
      "type": "Feature",
      "properties": {
        "weight": 1.0
      },
      "geometry": {
        "type": "Point",
        "coordinates": [
          -5.6542943,
          40.9771649
        ]
      }
    },
    {
      "type": "Feature",
      "properties": {
        "weight": 1.0,
        "id": 3247246162,
        "hasDetails": true,
        "name": "Carn\u00edvoros",
        "address": "Avenida de los Cedros 1",
        "opening_hours": "Mo-Sa 09:00-13:30"
      },
      "geometry": {
        "type": "Point",
        "coordinates": [
          -5.653312,
          40.977173
        ]
      }
    },
    {
      "type": "Feature",
      "properties": {
        "weight": 1.0,
        "id": 3220087567,
        "hasDetails": true,
        "name": "Dia",
        "address": "Carretera de Ledesma 110, Salamanca",
        "opening_hours": "Mo-Sa 09:00-21:30"
      },
      "geometry": {
        "type": "Point",
        "coordinates": [
          -5.675804,
          40.9772317
        ]
      }
    },
    {
      "type": "Feature",
      "properties": {
        "weight": 1.0
      },
      "geometry": {
        "type": "Point",
        "coordinates": [
          -5.6497943,
          40.9772343
        ]
      }
    },
    {
      "type": "Feature",
      "properties": {
        "weight": 1.0,
        "id": 2132033970,
        "hasDetails": true,
        "name": "\u00d3ptica Q-Ves?",
        "address": "Avenida Federico Anaya 56,58, Salamanca",
        "website": "https://www.opticaqves.com/",
        "opening_hours": "Mo-Fr 10:00-13:30,17:00-20:15; Sa 10:00-14:00"
      },
      "geometry": {
        "type": "Point",
        "coordinates": [
          -5.6535421,
          40.9772738
        ]
      }
    },
    {
      "type": "Feature",
      "properties": {
        "weight": 1.0
      },
      "geometry": {
        "type": "Point",
        "coordinates": [
          -5.649876,
          40.9773485
        ]
      }
    },
    {
      "type": "Feature",
      "properties": {
        "weight": 1.0
      },
      "geometry": {
        "type": "Point",
        "coordinates": [
          -5.6758674,
          40.9773552
        ]
      }
    },
    {
      "type": "Feature",
      "properties": {
        "weight": 1.0
      },
      "geometry": {
        "type": "Point",
        "coordinates": [
          -5.6761827,
          40.9773626
        ]
      }
    },
    {
      "type": "Feature",
      "properties": {
        "weight": 1.0,
        "id": 2755722897,
        "hasDetails": true,
        "name": "Elia",
        "opening_hours": "Mo-Fr 09:30-20:00; Sa 09:00-15:00"
      },
      "geometry": {
        "type": "Point",
        "coordinates": [
          -5.6534587,
          40.9774071
        ]
      }
    },
    {
      "type": "Feature",
      "properties": {
        "weight": 1.0
      },
      "geometry": {
        "type": "Point",
        "coordinates": [
          -5.6527984,
          40.9774773
        ]
      }
    },
    {
      "type": "Feature",
      "properties": {
        "weight": 1.0
      },
      "geometry": {
        "type": "Point",
        "coordinates": [
          -5.67594,
          40.9775102
        ]
      }
    },
    {
      "type": "Feature",
      "properties": {
        "weight": 1.0,
        "id": 2755722906,
        "hasDetails": true,
        "name": "Lupa",
        "website": "https://www.lupa.com/",
        "opening_hours": "Mo-Fr 09:00-21:00"
      },
      "geometry": {
        "type": "Point",
        "coordinates": [
          -5.6533541,
          40.9775236
        ]
      }
    },
    {
      "type": "Feature",
      "properties": {
        "weight": 1.0
      },
      "geometry": {
        "type": "Point",
        "coordinates": [
          -5.6523768,
          40.9775993
        ]
      }
    },
    {
      "type": "Feature",
      "properties": {
        "weight": 1.0
      },
      "geometry": {
        "type": "Point",
        "coordinates": [
          -5.676471,
          40.9775999
        ]
      }
    },
    {
      "type": "Feature",
      "properties": {
        "weight": 1.0,
        "id": 5926525485,
        "hasDetails": true,
        "name": "TEDi",
        "address": "Avenida de los Cipreses",
        "website": "https://www.tedi.com/stores/8159/es/Castilla-y-Le%C3%B3n/Salamanca/Avenida-de-los-Cipreses-sn",
        "opening_hours": "Mo-Sa 10:00-21:00"
      },
      "geometry": {
        "type": "Point",
        "coordinates": [
          -5.6489427,
          40.9776301
        ]
      }
    },
    {
      "type": "Feature",
      "properties": {
        "weight": 1.0
      },
      "geometry": {
        "type": "Point",
        "coordinates": [
          -5.676266,
          40.9776314
        ]
      }
    },
    {
      "type": "Feature",
      "properties": {
        "weight": 1.0
      },
      "geometry": {
        "type": "Point",
        "coordinates": [
          -5.6518078,
          40.9776535
        ]
      }
    },
    {
      "type": "Feature",
      "properties": {
        "weight": 1.0,
        "id": 2755722903,
        "hasDetails": true,
        "name": "Gestorauto",
        "address": "Avenida Federico Anaya 62, Salamanca",
        "website": "https://www.hyundai.es/concesionarios/gestorauto",
        "opening_hours": "Mo-Fr 09:00-14:00,16:00-20:30; Sa 10:00-14:00"
      },
      "geometry": {
        "type": "Point",
        "coordinates": [
          -5.653259,
          40.977658
        ]
      }
    },
    {
      "type": "Feature",
      "properties": {
        "weight": 1.0
      },
      "geometry": {
        "type": "Point",
        "coordinates": [
          -5.6505554,
          40.9776864
        ]
      }
    },
    {
      "type": "Feature",
      "properties": {
        "weight": 1.0
      },
      "geometry": {
        "type": "Point",
        "coordinates": [
          -5.6539831,
          40.9777808
        ]
      }
    },
    {
      "type": "Feature",
      "properties": {
        "weight": 1.0,
        "id": 4759265025,
        "hasDetails": true,
        "name": "Gadis",
        "address": "Avenida de los Cipreses 27, Salamanca",
        "website": "https://www.gadis.es/centros/loscipreses-salamanca-salamanca-383",
        "opening_hours": "Mo-Sa 09:00-21:30"
      },
      "geometry": {
        "type": "Point",
        "coordinates": [
          -5.6490754,
          40.9778758
        ]
      }
    },
    {
      "type": "Feature",
      "properties": {
        "weight": 1.0,
        "id": 1912647958,
        "hasDetails": true,
        "name": "Ohana Animal",
        "address": "Avenida Federico Anaya 55, Salamanca",
        "website": "https://missmaryclean.es/"
      },
      "geometry": {
        "type": "Point",
        "coordinates": [
          -5.6536903,
          40.9779066
        ]
      }
    },
    {
      "type": "Feature",
      "properties": {
        "weight": 1.0,
        "id": 3164409490,
        "hasDetails": true,
        "name": "Kiosco Barrio Blanco",
        "address": "Calle San Arcadio 6, Salamanca"
      },
      "geometry": {
        "type": "Point",
        "coordinates": [
          -5.6711522,
          40.9779129
        ]
      }
    },
    {
      "type": "Feature",
      "properties": {
        "weight": 1.0
      },
      "geometry": {
        "type": "Point",
        "coordinates": [
          -5.6542521,
          40.9779235
        ]
      }
    },
    {
      "type": "Feature",
      "properties": {
        "weight": 1.0
      },
      "geometry": {
        "type": "Point",
        "coordinates": [
          -5.6762456,
          40.977929
        ]
      }
    },
    {
      "type": "Feature",
      "properties": {
        "weight": 1.0,
        "id": 3959618805,
        "hasDetails": true,
        "name": "Nasan",
        "opening_hours": "Mo-Fr 08:30-13:30,16:30-19:30; Sa 10:00-13:30"
      },
      "geometry": {
        "type": "Point",
        "coordinates": [
          -5.6528255,
          40.9779336
        ]
      }
    },
    {
      "type": "Feature",
      "properties": {
        "weight": 1.0,
        "id": 2491004362,
        "hasDetails": true,
        "name": "Pasteler\u00eda Jibe",
        "opening_hours": "Mo-Su 09:30-14:30"
      },
      "geometry": {
        "type": "Point",
        "coordinates": [
          -5.6524492,
          40.9779608
        ]
      }
    },
    {
      "type": "Feature",
      "properties": {
        "weight": 1.0
      },
      "geometry": {
        "type": "Point",
        "coordinates": [
          -5.6512317,
          40.9779644
        ]
      }
    },
    {
      "type": "Feature",
      "properties": {
        "weight": 1.0,
        "id": 4407997540,
        "hasDetails": true,
        "name": "Tahe. Cosm\u00e9tica profesional.",
        "website": "https://www.tahe.es/",
        "opening_hours": "Mo-Fr 09:30-14:00,16:00-20:00; Sa 09:00-14:30"
      },
      "geometry": {
        "type": "Point",
        "coordinates": [
          -5.6504324,
          40.9780616
        ]
      }
    },
    {
      "type": "Feature",
      "properties": {
        "weight": 1.0
      },
      "geometry": {
        "type": "Point",
        "coordinates": [
          -5.6515771,
          40.9780847
        ]
      }
    },
    {
      "type": "Feature",
      "properties": {
        "weight": 1.0
      },
      "geometry": {
        "type": "Point",
        "coordinates": [
          -5.6734498,
          40.9780862
        ]
      }
    },
    {
      "type": "Feature",
      "properties": {
        "weight": 1.0,
        "id": 1918880198,
        "hasDetails": true,
        "name": "Motowearshop",
        "address": "Avenida Federico Anaya 55",
        "website": "https://motowearshop.com/"
      },
      "geometry": {
        "type": "Point",
        "coordinates": [
          -5.6535525,
          40.9780902
        ]
      }
    },
    {
      "type": "Feature",
      "properties": {
        "weight": 1.0
      },
      "geometry": {
        "type": "Point",
        "coordinates": [
          -5.6520066,
          40.9781014
        ]
      }
    },
    {
      "type": "Feature",
      "properties": {
        "weight": 1.0
      },
      "geometry": {
        "type": "Point",
        "coordinates": [
          -5.651266,
          40.9781443
        ]
      }
    },
    {
      "type": "Feature",
      "properties": {
        "weight": 1.0
      },
      "geometry": {
        "type": "Point",
        "coordinates": [
          -5.6765715,
          40.9781544
        ]
      }
    },
    {
      "type": "Feature",
      "properties": {
        "weight": 1.0,
        "id": 2487893076,
        "hasDetails": true,
        "name": "Perfumer\u00edas Avenida",
        "opening_hours": "Mo-Fr 10:00-14:00,15:00-20:00; Sa 10:00-14:00"
      },
      "geometry": {
        "type": "Point",
        "coordinates": [
          -5.6528446,
          40.9781683
        ]
      }
    },
    {
      "type": "Feature",
      "properties": {
        "weight": 1.0
      },
      "geometry": {
        "type": "Point",
        "coordinates": [
          -5.6770882,
          40.9781775
        ]
      }
    },
    {
      "type": "Feature",
      "properties": {
        "weight": 1.0
      },
      "geometry": {
        "type": "Point",
        "coordinates": [
          -5.6733184,
          40.9782765
        ]
      }
    },
    {
      "type": "Feature",
      "properties": {
        "weight": 1.0
      },
      "geometry": {
        "type": "Point",
        "coordinates": [
          -5.6758548,
          40.9782938
        ]
      }
    },
    {
      "type": "Feature",
      "properties": {
        "weight": 1.0,
        "id": 3653699857,
        "hasDetails": true,
        "website": "https://www.kuchentime.com/"
      },
      "geometry": {
        "type": "Point",
        "coordinates": [
          -5.6533718,
          40.9783279
        ]
      }
    },
    {
      "type": "Feature",
      "properties": {
        "weight": 1.0,
        "id": 3361180645,
        "hasDetails": true,
        "name": "Natur House",
        "website": "https://naturhouse.es/es/index/map_item/500",
        "opening_hours": "Mo-Fr 10:00-13:30,17:00-20:00"
      },
      "geometry": {
        "type": "Point",
        "coordinates": [
          -5.652707,
          40.9783457
        ]
      }
    },
    {
      "type": "Feature",
      "properties": {
        "weight": 1.0,
        "id": 2491004368,
        "hasDetails": true,
        "name": "Talleres Santos",
        "opening_hours": "Mo-Fr 08:00-14:00,16:00-19:00"
      },
      "geometry": {
        "type": "Point",
        "coordinates": [
          -5.6518049,
          40.9783531
        ]
      }
    },
    {
      "type": "Feature",
      "properties": {
        "weight": 1.0,
        "id": 1912647954,
        "hasDetails": true,
        "name": "Panader\u00eda - Horno Janec",
        "opening_hours": "Mo-Fr 09:00-15:00; Sa 09:00-14:30"
      },
      "geometry": {
        "type": "Point",
        "coordinates": [
          -5.6538023,
          40.9785287
        ]
      }
    },
    {
      "type": "Feature",
      "properties": {
        "weight": 1.0
      },
      "geometry": {
        "type": "Point",
        "coordinates": [
          -5.6511763,
          40.9786134
        ]
      }
    },
    {
      "type": "Feature",
      "properties": {
        "weight": 1.0,
        "id": 1894918232,
        "hasDetails": true,
        "name": "Librer\u00eda Los Robles",
        "opening_hours": "Mo-Sa 10:00-14:00; Mo-Fr 16:30-20:30"
      },
      "geometry": {
        "type": "Point",
        "coordinates": [
          -5.6516085,
          40.9786321
        ]
      }
    },
    {
      "type": "Feature",
      "properties": {
        "weight": 1.0
      },
      "geometry": {
        "type": "Point",
        "coordinates": [
          -5.6509021,
          40.978664
        ]
      }
    },
    {
      "type": "Feature",
      "properties": {
        "weight": 1.0
      },
      "geometry": {
        "type": "Point",
        "coordinates": [
          -5.6671993,
          40.9787623
        ]
      }
    },
    {
      "type": "Feature",
      "properties": {
        "weight": 1.0
      },
      "geometry": {
        "type": "Point",
        "coordinates": [
          -5.6757194,
          40.9787641
        ]
      }
    },
    {
      "type": "Feature",
      "properties": {
        "weight": 1.0
      },
      "geometry": {
        "type": "Point",
        "coordinates": [
          -5.6523222,
          40.9787879
        ]
      }
    },
    {
      "type": "Feature",
      "properties": {
        "weight": 1.0,
        "id": 3361027665,
        "hasDetails": true,
        "name": "Ortopedia Hedasa",
        "website": "https://www.hedasa.com/"
      },
      "geometry": {
        "type": "Point",
        "coordinates": [
          -5.6522472,
          40.9788652
        ]
      }
    },
    {
      "type": "Feature",
      "properties": {
        "weight": 1.0
      },
      "geometry": {
        "type": "Point",
        "coordinates": [
          -5.6529129,
          40.9789067
        ]
      }
    },
    {
      "type": "Feature",
      "properties": {
        "weight": 1.0,
        "id": 3229609311,
        "hasDetails": true,
        "name": "C\u00e1rnicas Santos",
        "website": "https://www.carnicassantos.com/"
      },
      "geometry": {
        "type": "Point",
        "coordinates": [
          -5.6756891,
          40.9789374
        ]
      }
    },
    {
      "type": "Feature",
      "properties": {
        "weight": 1.0,
        "id": 1918880199,
        "hasDetails": true,
        "name": "Tengo Mueble",
        "opening_hours": "Mo-Fr 09:30-13:30,17:00-20:00; Sa 10:00-13:30"
      },
      "geometry": {
        "type": "Point",
        "coordinates": [
          -5.6521152,
          40.9789501
        ]
      }
    },
    {
      "type": "Feature",
      "properties": {
        "weight": 1.0
      },
      "geometry": {
        "type": "Point",
        "coordinates": [
          -5.6731857,
          40.9790163
        ]
      }
    },
    {
      "type": "Feature",
      "properties": {
        "weight": 1.0,
        "id": 1912659093,
        "hasDetails": true,
        "name": "Peluquer\u00eda Pelos.com",
        "address": "Avenida Federico Anaya 89, Salamanca",
        "website": "https://www.peluqueriayesteticapelos.com/",
        "opening_hours": "Tu-Fr 10:00-13:30,16:00-20:00; Sa 10:00-15:00",
        "names": [
          "Peluquer\u00eda Pelos.com",
          "Tere Tudero"
        ]
      },
      "geometry": {
        "type": "Point",
        "coordinates": [
          -5.6527896,
          40.9790349
        ]
      }
    },
    {
      "type": "Feature",
      "properties": {
        "weight": 1.0
      },
      "geometry": {
        "type": "Point",
        "coordinates": [
          -5.651901,
          40.9790436
        ]
      }
    },
    {
      "type": "Feature",
      "properties": {
        "weight": 1.0,
        "id": 1918880205,
        "hasDetails": true,
        "name": "Dalmay Fruter\u00eda y Alimentaci\u00f3n",
        "address": "Paseo de los Robles 45, Salamanca",
        "opening_hours": "Mo-Su 09:00-21:00",
        "names": [
          "Dalmay Fruter\u00eda y Alimentaci\u00f3n",
          "Doirel\u00fa. Taller de Reposter\u00eda Creativa"
        ]
      },
      "geometry": {
        "type": "Point",
        "coordinates": [
          -5.6513233,
          40.9790571
        ]
      }
    },
    {
      "type": "Feature",
      "properties": {
        "weight": 1.0
      },
      "geometry": {
        "type": "Point",
        "coordinates": [
          -5.6517607,
          40.979075
        ]
      }
    },
    {
      "type": "Feature",
      "properties": {
        "weight": 1.0,
        "id": 2131946854,
        "hasDetails": true,
        "name": "Autolack Pinturas",
        "opening_hours": "Mo-Fr 09:00-13:30,16:00-20:00; Sa 10:00-13:30"
      },
      "geometry": {
        "type": "Point",
        "coordinates": [
          -5.6515606,
          40.9790903
        ]
      }
    },
    {
      "type": "Feature",
      "properties": {
        "weight": 1.0
      },
      "geometry": {
        "type": "Point",
        "coordinates": [
          -5.6756496,
          40.9791462
        ]
      }
    },
    {
      "type": "Feature",
      "properties": {
        "weight": 1.0
      },
      "geometry": {
        "type": "Point",
        "coordinates": [
          -5.6527168,
          40.9791623
        ]
      }
    },
    {
      "type": "Feature",
      "properties": {
        "weight": 1.0,
        "id": 1912647955,
        "hasDetails": true,
        "name": "Kiosco Beatriz",
        "opening_hours": "08:00-18:00",
        "names": [
          "Kiosco Beatriz",
          "Ortopedia Hedasa"
        ]
      },
      "geometry": {
        "type": "Point",
        "coordinates": [
          -5.6527488,
          40.9792679
        ]
      }
    },
    {
      "type": "Feature",
      "properties": {
        "weight": 1.0,
        "id": 3229549676,
        "hasDetails": true,
        "name": "Majoa Sport",
        "website": "http://www.armeriamajoasport.es/"
      },
      "geometry": {
        "type": "Point",
        "coordinates": [
          -5.675683,
          40.9792883
        ]
      }
    },
    {
      "type": "Feature",
      "properties": {
        "weight": 1.0
      },
      "geometry": {
        "type": "Point",
        "coordinates": [
          -5.6759929,
          40.9793933
        ]
      }
    },
    {
      "type": "Feature",
      "properties": {
        "weight": 1.0
      },
      "geometry": {
        "type": "Point",
        "coordinates": [
          -5.6653628,
          40.9794216
        ]
      }
    },
    {
      "type": "Feature",
      "properties": {
        "weight": 1.0
      },
      "geometry": {
        "type": "Point",
        "coordinates": [
          -5.6713047,
          40.9795247
        ]
      }
    },
    {
      "type": "Feature",
      "properties": {
        "weight": 1.0
      },
      "geometry": {
        "type": "Point",
        "coordinates": [
          -5.6760352,
          40.9795547
        ]
      }
    },
    {
      "type": "Feature",
      "properties": {
        "weight": 1.0
      },
      "geometry": {
        "type": "Point",
        "coordinates": [
          -5.6653743,
          40.9796289
        ]
      }
    },
    {
      "type": "Feature",
      "properties": {
        "weight": 1.0
      },
      "geometry": {
        "type": "Point",
        "coordinates": [
          -5.6715514,
          40.979776
        ]
      }
    },
    {
      "type": "Feature",
      "properties": {
        "weight": 1.0
      },
      "geometry": {
        "type": "Point",
        "coordinates": [
          -5.6643388,
          40.9799095
        ]
      }
    },
    {
      "type": "Feature",
      "properties": {
        "weight": 1.0
      },
      "geometry": {
        "type": "Point",
        "coordinates": [
          -5.6653856,
          40.9799392
        ]
      }
    },
    {
      "type": "Feature",
      "properties": {
        "weight": 1.0,
        "id": 5083465137,
        "hasDetails": true,
        "name": "Alain Afflelou \u00d3ptico",
        "address": "Avenida Agustinos Recoletos 1, Salamanca"
      },
      "geometry": {
        "type": "Point",
        "coordinates": [
          -5.6641927,
          40.9799522
        ]
      }
    },
    {
      "type": "Feature",
      "properties": {
        "weight": 1.0
      },
      "geometry": {
        "type": "Point",
        "coordinates": [
          -5.6762169,
          40.9799677
        ]
      }
    },
    {
      "type": "Feature",
      "properties": {
        "weight": 1.0,
        "id": 3229506750,
        "hasDetails": true,
        "name": "Sal\u00f3n del Mueble",
        "website": "https://www.salondelmueble.es/"
      },
      "geometry": {
        "type": "Point",
        "coordinates": [
          -5.6760158,
          40.9800877
        ]
      }
    },
    {
      "type": "Feature",
      "properties": {
        "weight": 1.0
      },
      "geometry": {
        "type": "Point",
        "coordinates": [
          -5.6764328,
          40.9802595
        ]
      }
    },
    {
      "type": "Feature",
      "properties": {
        "weight": 1.0
      },
      "geometry": {
        "type": "Point",
        "coordinates": [
          -5.6762403,
          40.9803737
        ]
      }
    },
    {
      "type": "Feature",
      "properties": {
        "weight": 1.0
      },
      "geometry": {
        "type": "Point",
        "coordinates": [
          -5.6656888,
          40.9804072
        ]
      }
    },
    {
      "type": "Feature",
      "properties": {
        "weight": 1.0
      },
      "geometry": {
        "type": "Point",
        "coordinates": [
          -5.6644607,
          40.9804334
        ]
      }
    },
    {
      "type": "Feature",
      "properties": {
        "weight": 1.0,
        "id": 3229493362,
        "hasDetails": true,
        "name": "Carrocer\u00edas Auto Duco",
        "website": "http://www.carroceriasautoduco.com/"
      },
      "geometry": {
        "type": "Point",
        "coordinates": [
          -5.6766968,
          40.9804699
        ]
      }
    },
    {
      "type": "Feature",
      "properties": {
        "weight": 1.0
      },
      "geometry": {
        "type": "Point",
        "coordinates": [
          -5.6656232,
          40.9805138
        ]
      }
    },
    {
      "type": "Feature",
      "properties": {
        "weight": 1.0
      },
      "geometry": {
        "type": "Point",
        "coordinates": [
          -5.6654584,
          40.9805195
        ]
      }
    },
    {
      "type": "Feature",
      "properties": {
        "weight": 1.0
      },
      "geometry": {
        "type": "Point",
        "coordinates": [
          -5.6716077,
          40.9805607
        ]
      }
    },
    {
      "type": "Feature",
      "properties": {
        "weight": 1.0,
        "id": 3227938903,
        "hasDetails": true,
        "name": "Sal\u00f3n del Mueble",
        "website": "https://www.salondelmueble.es/",
        "opening_hours": "Mo-Fr 10:00-14:00,17:00-20:00"
      },
      "geometry": {
        "type": "Point",
        "coordinates": [
          -5.6759324,
          40.9807562
        ]
      }
    },
    {
      "type": "Feature",
      "properties": {
        "weight": 1.0
      },
      "geometry": {
        "type": "Point",
        "coordinates": [
          -5.6661934,
          40.9807678
        ]
      }
    },
    {
      "type": "Feature",
      "properties": {
        "weight": 1.0
      },
      "geometry": {
        "type": "Point",
        "coordinates": [
          -5.6673326,
          40.9808966
        ]
      }
    },
    {
      "type": "Feature",
      "properties": {
        "weight": 1.0
      },
      "geometry": {
        "type": "Point",
        "coordinates": [
          -5.666404,
          40.9809252
        ]
      }
    },
    {
      "type": "Feature",
      "properties": {
        "weight": 1.0
      },
      "geometry": {
        "type": "Point",
        "coordinates": [
          -5.6660516,
          40.9809333
        ]
      }
    },
    {
      "type": "Feature",
      "properties": {
        "weight": 1.0,
        "id": 3778060169,
        "hasDetails": true,
        "name": "F\u00f3rmula Muebles",
        "address": "Avenida de San Agust\u00edn 111, Salamanca",
        "website": "https://www.formulamuebles.es/",
        "opening_hours": "Mo-Fr 10:00-14:00,17:00-20:30; Sa 10:00-14:00"
      },
      "geometry": {
        "type": "Point",
        "coordinates": [
          -5.656045,
          40.9809701
        ]
      }
    },
    {
      "type": "Feature",
      "properties": {
        "weight": 1.0,
        "id": 3195468594,
        "hasDetails": true,
        "name": "Armer\u00eda Carril Garc\u00eda",
        "website": "http://www.armeriacarril.com/armeria/"
      },
      "geometry": {
        "type": "Point",
        "coordinates": [
          -5.6642994,
          40.9812788
        ]
      }
    },
    {
      "type": "Feature",
      "properties": {
        "weight": 1.0,
        "id": 3661321878,
        "hasDetails": true,
        "name": "Arte Miranda",
        "address": "Calle Conde de Orgaz 2, Salamanca",
        "website": "https://www.artemiranda.es/"
      },
      "geometry": {
        "type": "Point",
        "coordinates": [
          -5.6604729,
          40.9821361
        ]
      }
    },
    {
      "type": "Feature",
      "properties": {
        "weight": 1.0,
        "id": 3346045040,
        "hasDetails": true,
        "name": "Artemiranda - Bellas Artes",
        "address": "Calle Conde de Orgaz 1, Salamanca",
        "website": "https://www.artemiranda.es/",
        "opening_hours": "09:00-14:00; 16:00-20:00"
      },
      "geometry": {
        "type": "Point",
        "coordinates": [
          -5.6602365,
          40.9822105
        ]
      }
    }
  ]
}