{
  "type": "FeatureCollection",
  "features": [
    {
      "type": "Feature",
      "properties": {
        "weight": 1.0,
        "id": 9560827671,
        "hasDetails": true,
        "name": "I\u00f1austi",
        "amenity": "restaurant",
        "address": "Zuatzu kalea 4, Donostia / San Sebasti\u00e1n",
        "website": "https://www.inausti.net/"
      },
      "geometry": {
        "type": "Point",
        "coordinates": [
          -2.0091298,
          43.2970872
        ]
      }
    },
    {
      "type": "Feature",
      "properties": {
        "weight": 1.0,
        "id": 564654938,
        "hasDetails": true,
        "name": "Aldura",
        "amenity": "restaurant",
        "website": "http://www.fuertedesanmarcos.com/"
      },
      "geometry": {
        "type": "Point",
        "coordinates": [
          -1.9139348,
          43.2973175
        ]
      }
    },
    {
      "type": "Feature",
      "properties": {
        "weight": 1.0
      },
      "geometry": {
        "type": "Point",
        "coordinates": [
          -1.954764,
          43.2973793
        ]
      }
    },
    {
      "type": "Feature",
      "properties": {
        "weight": 1.0
      },
      "geometry": {
        "type": "Point",
        "coordinates": [
          -1.8953652,
          43.2979632
        ]
      }
    },
    {
      "type": "Feature",
      "properties": {
        "weight": 1.0,
        "id": 6859964286,
        "hasDetails": true,
        "name": "All i oli",
        "amenity": "restaurant",
        "opening_hours": "We-Su 01:00-24:00"
      },
      "geometry": {
        "type": "Point",
        "coordinates": [
          -1.9558728,
          43.298153
        ]
      }
    },
    {
      "type": "Feature",
      "properties": {
        "weight": 1.0,
        "id": 9560827670,
        "hasDetails": true,
        "name": "Algorri",
        "amenity": "restaurant",
        "address": "Zubiberri bidea 29, Donostia / San Sebasti\u00e1n",
        "website": "https://algorrijatetxea.com/"
      },
      "geometry": {
        "type": "Point",
        "coordinates": [
          -2.0050313,
          43.2982702
        ]
      }
    },
    {
      "type": "Feature",
      "properties": {
        "weight": 1.0,
        "id": 9560827676,
        "hasDetails": true,
        "name": "Oilo Toki",
        "amenity": "restaurant",
        "address": "Louis-L Bonaparte plaza 7, Donostia / San Sebasti\u00e1n",
        "website": "https://oilotoki.com/"
      },
      "geometry": {
        "type": "Point",
        "coordinates": [
          -2.0045472,
          43.3005715
        ]
      }
    },
    {
      "type": "Feature",
      "properties": {
        "weight": 1.0,
        "id": 6739808907,
        "hasDetails": true,
        "name": "El Vaskito",
        "amenity": "bar",
        "website": "https://www.elvaskito.com/"
      },
      "geometry": {
        "type": "Point",
        "coordinates": [
          -2.0041337,
          43.3006271
        ]
      }
    },
    {
      "type": "Feature",
      "properties": {
        "weight": 1.0,
        "id": 151689370,
        "hasDetails": true,
        "name": "El Vaskito sagardoteka",
        "amenity": "restaurant",
        "cuisine": "basque_ciderhouse",
        "address": "Igara bidea 33, Donostia / San Sebasti\u00e1n"
      },
      "geometry": {
        "type": "Point",
        "coordinates": [
          -2.0099801,
          43.3006591
        ]
      }
    },
    {
      "type": "Feature",
      "properties": {
        "weight": 1.0
      },
      "geometry": {
        "type": "Point",
        "coordinates": [
          -2.0043748,
          43.3006967
        ]
      }
    },
    {
      "type": "Feature",
      "properties": {
        "weight": 1.0,
        "id": 12621188201,
        "hasDetails": true,
        "name": "Miralles Erretegia",
        "amenity": "restaurant",
        "cuisine": "barbecue;burger;grill;regional;seafood;spanish;steak_house",
        "address": "Errondogaina kalea 78"
      },
      "geometry": {
        "type": "Point",
        "coordinates": [
          -1.9884382,
          43.300796
        ]
      }
    },
    {
      "type": "Feature",
      "properties": {
        "weight": 1.0,
        "id": 169272152,
        "hasDetails": true,
        "name": "Asador Portuetxe",
        "amenity": "restaurant",
        "address": "Igara bidea 71, Donostia / San Sebasti\u00e1n",
        "website": "https://portuetxe.com/"
      },
      "geometry": {
        "type": "Point",
        "coordinates": [
          -2.0147798,
          43.3008018
        ]
      }
    },
    {
      "type": "Feature",
      "properties": {
        "weight": 1.0,
        "id": 6393107953,
        "hasDetails": true,
        "name": "Casa Agus",
        "amenity": "restaurant",
        "address": "Portuetxe bidea 45B, Donostia / San Sebasti\u00e1n"
      },
      "geometry": {
        "type": "Point",
        "coordinates": [
          -2.0152782,
          43.3009118
        ]
      }
    },
    {
      "type": "Feature",
      "properties": {
        "weight": 1.0,
        "id": 9560827672,
        "hasDetails": true,
        "name": "Sushidonosti",
        "amenity": "restaurant",
        "address": "Errotaburu pasealekua 4, Donostia / San Sebasti\u00e1n",
        "website": "https://www.sushidonosti.com/"
      },
      "geometry": {
        "type": "Point",
        "coordinates": [
          -2.0045972,
          43.3009147
        ]
      }
    },
    {
      "type": "Feature",
      "properties": {
        "weight": 1.0
      },
      "geometry": {
        "type": "Point",
        "coordinates": [
          -2.0045084,
          43.3010645
        ]
      }
    },
    {
      "type": "Feature",
      "properties": {
        "weight": 1.0
      },
      "geometry": {
        "type": "Point",
        "coordinates": [
          -2.0177074,
          43.30107
        ]
      }
    },
    {
      "type": "Feature",
      "properties": {
        "weight": 1.0,
        "id": 1763197772,
        "hasDetails": true,
        "name": "Orlegi Jatetxea",
        "amenity": "restaurant",
        "address": "Portuetxe bidea 23B, Donostia / San Sebasti\u00e1n"
      },
      "geometry": {
        "type": "Point",
        "coordinates": [
          -2.0123063,
          43.3012905
        ]
      }
    },
    {
      "type": "Feature",
      "properties": {
        "weight": 1.0
      },
      "geometry": {
        "type": "Point",
        "coordinates": [
          -1.9523555,
          43.3015484
        ]
      }
    },
    {
      "type": "Feature",
      "properties": {
        "weight": 1.0,
        "id": 6394839115,
        "hasDetails": true,
        "name": "L\u00edo BB",
        "amenity": "cafe",
        "address": "Zuhaixken pasealekua 2, Donostia / San Sebasti\u00e1n",
        "website": "https://liobb.com/"
      },
      "geometry": {
        "type": "Point",
        "coordinates": [
          -1.992863,
          43.3016973
        ]
      }
    },
    {
      "type": "Feature",
      "properties": {
        "weight": 1.0,
        "id": 538361121,
        "hasDetails": true,
        "name": "Arrikitaun",
        "amenity": "restaurant",
        "cuisine": "regional",
        "address": "Igara bidea 19, Donostia / San Sebasti\u00e1n",
        "website": "https://arrikitaun.shop/",
        "outdoor_seating": "yes"
      },
      "geometry": {
        "type": "Point",
        "coordinates": [
          -2.0092699,
          43.301829
        ]
      }
    },
    {
      "type": "Feature",
      "properties": {
        "weight": 1.0
      },
      "geometry": {
        "type": "Point",
        "coordinates": [
          -1.9061437,
          43.3021294
        ]
      }
    },
    {
      "type": "Feature",
      "properties": {
        "weight": 1.0
      },
      "geometry": {
        "type": "Point",
        "coordinates": [
          -1.9721377,
          43.3021644
        ]
      }
    },
    {
      "type": "Feature",
      "properties": {
        "weight": 1.0,
        "id": 1017780898,
        "hasDetails": true,
        "name": "La Piscina",
        "amenity": "restaurant",
        "website": "http://elbully-lapiscina.com/"
      },
      "geometry": {
        "type": "Point",
        "coordinates": [
          -1.9886218,
          43.3022853
        ]
      }
    },
    {
      "type": "Feature",
      "properties": {
        "weight": 1.0,
        "id": 87495137,
        "hasDetails": true,
        "name": "Kantxa Bera-Bera",
        "amenity": "restaurant",
        "address": "Hegaztien pasealekua 5, Donostia / San Sebasti\u00e1n",
        "outdoor_seating": "yes"
      },
      "geometry": {
        "type": "Point",
        "coordinates": [
          -1.9944561,
          43.3023035
        ]
      }
    },
    {
      "type": "Feature",
      "properties": {
        "weight": 1.0,
        "id": 2352014819,
        "hasDetails": true,
        "name": "Agorregi",
        "amenity": "restaurant",
        "address": "Portuetxe bidea 14, Donostia / San Sebasti\u00e1n",
        "website": "https://agorregi.com",
        "opening_hours": "Tu-Sa 10:00-17:00; Th-Sa 20:30-00:30"
      },
      "geometry": {
        "type": "Point",
        "coordinates": [
          -2.0118153,
          43.3023698
        ]
      }
    },
    {
      "type": "Feature",
      "properties": {
        "weight": 1.0
      },
      "geometry": {
        "type": "Point",
        "coordinates": [
          -1.9780892,
          43.3025551
        ]
      }
    },
    {
      "type": "Feature",
      "properties": {
        "weight": 1.0,
        "id": 13630919401,
        "hasDetails": true,
        "name": "Txomin",
        "amenity": "pub",
        "cuisine": "breakfast;regional",
        "address": "Ubarburu pasealekua 13",
        "opening_hours": "Mo-Fr 05:30-17:00; Sa 07:30-14:00"
      },
      "geometry": {
        "type": "Point",
        "coordinates": [
          -1.9484007,
          43.3026178
        ]
      }
    },
    {
      "type": "Feature",
      "properties": {
        "weight": 1.0,
        "id": 566753046,
        "hasDetails": true,
        "name": "Azken Tximua",
        "amenity": "cafe",
        "address": "Illarraberri kalea 1"
      },
      "geometry": {
        "type": "Point",
        "coordinates": [
          -2.007222,
          43.3026692
        ]
      }
    },
    {
      "type": "Feature",
      "properties": {
        "weight": 1.0,
        "id": 5641234422,
        "hasDetails": true,
        "name": "Olatu",
        "amenity": "restaurant",
        "address": "Ubarburu"
      },
      "geometry": {
        "type": "Point",
        "coordinates": [
          -1.9494928,
          43.3026694
        ]
      }
    },
    {
      "type": "Feature",
      "properties": {
        "weight": 1.0
      },
      "geometry": {
        "type": "Point",
        "coordinates": [
          -1.9752255,
          43.3026799
        ]
      }
    },
    {
      "type": "Feature",
      "properties": {
        "weight": 1.0,
        "id": 470226275,
        "hasDetails": true,
        "name": "Aratz erretegia",
        "amenity": "restaurant",
        "address": "Igara bidea 15, Donostia / San Sebasti\u00e1n",
        "website": "https://www.restaurantearatz.com/"
      },
      "geometry": {
        "type": "Point",
        "coordinates": [
          -2.0080655,
          43.3028095
        ]
      }
    },
    {
      "type": "Feature",
      "properties": {
        "weight": 1.0
      },
      "geometry": {
        "type": "Point",
        "coordinates": [
          -1.9640393,
          43.3028115
        ]
      }
    },
    {
      "type": "Feature",
      "properties": {
        "weight": 1.0
      },
      "geometry": {
        "type": "Point",
        "coordinates": [
          -1.97911,
          43.3028945
        ]
      }
    },
    {
      "type": "Feature",
      "properties": {
        "weight": 1.0,
        "id": 4907297430,
        "hasDetails": true,
        "name": "Jonander",
        "amenity": "bar",
        "outdoor_seating": "yes"
      },
      "geometry": {
        "type": "Point",
        "coordinates": [
          -1.9766512,
          43.3028945
        ]
      }
    },
    {
      "type": "Feature",
      "properties": {
        "weight": 1.0,
        "id": 538361126,
        "hasDetails": true,
        "name": "Txinparta",
        "amenity": "restaurant",
        "address": "Illarraberri kalea 2, Donostia / San Sebasti\u00e1n",
        "website": "https://www.txinparta.com/"
      },
      "geometry": {
        "type": "Point",
        "coordinates": [
          -2.0078685,
          43.3029138
        ]
      }
    },
    {
      "type": "Feature",
      "properties": {
        "weight": 1.0
      },
      "geometry": {
        "type": "Point",
        "coordinates": [
          -1.9758627,
          43.3029514
        ]
      }
    },
    {
      "type": "Feature",
      "properties": {
        "weight": 1.0
      },
      "geometry": {
        "type": "Point",
        "coordinates": [
          -1.9757254,
          43.3029827
        ]
      }
    },
    {
      "type": "Feature",
      "properties": {
        "weight": 1.0,
        "id": 470226277,
        "hasDetails": true,
        "name": "Boyer Fried Chicken",
        "amenity": "bar",
        "address": "Igara bidea 16"
      },
      "geometry": {
        "type": "Point",
        "coordinates": [
          -2.0081152,
          43.303022
        ]
      }
    },
    {
      "type": "Feature",
      "properties": {
        "weight": 1.0,
        "id": 536656282,
        "hasDetails": true,
        "name": "Bar Sacha",
        "amenity": "bar",
        "address": "Madril hiribidea 30"
      },
      "geometry": {
        "type": "Point",
        "coordinates": [
          -1.9755966,
          43.3030451
        ]
      }
    },
    {
      "type": "Feature",
      "properties": {
        "weight": 1.0
      },
      "geometry": {
        "type": "Point",
        "coordinates": [
          -1.9759743,
          43.3030639
        ]
      }
    },
    {
      "type": "Feature",
      "properties": {
        "weight": 1.0,
        "id": 461429284,
        "hasDetails": true,
        "name": "El kebab de Idro",
        "amenity": "fast_food",
        "cuisine": "kebab",
        "outdoor_seating": "yes"
      },
      "geometry": {
        "type": "Point",
        "coordinates": [
          -1.9777984,
          43.303104
        ]
      }
    },
    {
      "type": "Feature",
      "properties": {
        "weight": 1.0,
        "id": 9757765839,
        "hasDetails": true,
        "name": "Club Drop",
        "amenity": "pub",
        "address": "3, Donostia / San Sebasti\u00e1n"
      },
      "geometry": {
        "type": "Point",
        "coordinates": [
          -1.9766609,
          43.3031751
        ]
      }
    },
    {
      "type": "Feature",
      "properties": {
        "weight": 1.0,
        "id": 12044662305,
        "hasDetails": true,
        "name": "Arretxe",
        "amenity": "restaurant",
        "address": "Lugaritz pasealekua 23, Donostia / San Sebasti\u00e1n"
      },
      "geometry": {
        "type": "Point",
        "coordinates": [
          -2.0009453,
          43.3031922
        ]
      }
    },
    {
      "type": "Feature",
      "properties": {
        "weight": 1.0
      },
      "geometry": {
        "type": "Point",
        "coordinates": [
          -1.9774248,
          43.303195
        ]
      }
    },
    {
      "type": "Feature",
      "properties": {
        "weight": 1.0
      },
      "geometry": {
        "type": "Point",
        "coordinates": [
          -1.9805085,
          43.3033143
        ]
      }
    },
    {
      "type": "Feature",
      "properties": {
        "weight": 1.0,
        "id": 12697152718,
        "hasDetails": true,
        "name": "Front\u00f3n",
        "amenity": "bar",
        "address": "Karlos Santamaria plaza 5, Donostia / San Sebasti\u00e1n"
      },
      "geometry": {
        "type": "Point",
        "coordinates": [
          -2.0067047,
          43.3033249
        ]
      }
    },
    {
      "type": "Feature",
      "properties": {
        "weight": 1.0,
        "id": 10680144293,
        "hasDetails": true,
        "name": "Sua",
        "amenity": "bar",
        "address": "Karlos Santamaria plaza"
      },
      "geometry": {
        "type": "Point",
        "coordinates": [
          -2.0073517,
          43.3033762
        ]
      }
    },
    {
      "type": "Feature",
      "properties": {
        "weight": 1.0
      },
      "geometry": {
        "type": "Point",
        "coordinates": [
          -1.9801075,
          43.3034003
        ]
      }
    },
    {
      "type": "Feature",
      "properties": {
        "weight": 1.0
      },
      "geometry": {
        "type": "Point",
        "coordinates": [
          -1.9760978,
          43.3035449
        ]
      }
    },
    {
      "type": "Feature",
      "properties": {
        "weight": 1.0
      },
      "geometry": {
        "type": "Point",
        "coordinates": [
          -1.9768564,
          43.3035635
        ]
      }
    },
    {
      "type": "Feature",
      "properties": {
        "weight": 1.0
      },
      "geometry": {
        "type": "Point",
        "coordinates": [
          -1.9781827,
          43.3035844
        ]
      }
    },
    {
      "type": "Feature",
      "properties": {
        "weight": 1.0
      },
      "geometry": {
        "type": "Point",
        "coordinates": [
          -1.9765596,
          43.3036494
        ]
      }
    },
    {
      "type": "Feature",
      "properties": {
        "weight": 1.0
      },
      "geometry": {
        "type": "Point",
        "coordinates": [
          -1.976309,
          43.3037447
        ]
      }
    },
    {
      "type": "Feature",
      "properties": {
        "weight": 1.0
      },
      "geometry": {
        "type": "Point",
        "coordinates": [
          -1.9764035,
          43.3038384
        ]
      }
    },
    {
      "type": "Feature",
      "properties": {
        "weight": 1.0
      },
      "geometry": {
        "type": "Point",
        "coordinates": [
          -1.9802009,
          43.3039071
        ]
      }
    },
    {
      "type": "Feature",
      "properties": {
        "weight": 1.0
      },
      "geometry": {
        "type": "Point",
        "coordinates": [
          -1.9737259,
          43.3039803
        ]
      }
    },
    {
      "type": "Feature",
      "properties": {
        "weight": 1.0
      },
      "geometry": {
        "type": "Point",
        "coordinates": [
          -1.9742626,
          43.3040361
        ]
      }
    },
    {
      "type": "Feature",
      "properties": {
        "weight": 1.0
      },
      "geometry": {
        "type": "Point",
        "coordinates": [
          -1.9601489,
          43.3040816
        ]
      }
    },
    {
      "type": "Feature",
      "properties": {
        "weight": 1.0
      },
      "geometry": {
        "type": "Point",
        "coordinates": [
          -1.9733998,
          43.3041365
        ]
      }
    },
    {
      "type": "Feature",
      "properties": {
        "weight": 1.0
      },
      "geometry": {
        "type": "Point",
        "coordinates": [
          -1.973818,
          43.3041601
        ]
      }
    },
    {
      "type": "Feature",
      "properties": {
        "weight": 1.0,
        "id": 1734540147,
        "hasDetails": true,
        "name": "Aldaba",
        "amenity": "restaurant",
        "cuisine": "regional",
        "address": "Tolosa hiribidea 119, Donostia / San Sebasti\u00e1n",
        "website": "https://www.restaurantealdaba.net/"
      },
      "geometry": {
        "type": "Point",
        "coordinates": [
          -2.00516,
          43.3041898
        ]
      }
    },
    {
      "type": "Feature",
      "properties": {
        "weight": 1.0
      },
      "geometry": {
        "type": "Point",
        "coordinates": [
          -1.974689,
          43.3042027
        ]
      }
    },
    {
      "type": "Feature",
      "properties": {
        "weight": 1.0,
        "id": 7151222385,
        "hasDetails": true,
        "name": "Campus",
        "amenity": "bar",
        "address": "Isabel IIaren hiribidea"
      },
      "geometry": {
        "type": "Point",
        "coordinates": [
          -1.9759306,
          43.3043115
        ]
      }
    },
    {
      "type": "Feature",
      "properties": {
        "weight": 1.0
      },
      "geometry": {
        "type": "Point",
        "coordinates": [
          -2.0023736,
          43.3043568
        ]
      }
    },
    {
      "type": "Feature",
      "properties": {
        "weight": 1.0
      },
      "geometry": {
        "type": "Point",
        "coordinates": [
          -1.9758234,
          43.3043695
        ]
      }
    },
    {
      "type": "Feature",
      "properties": {
        "weight": 1.0,
        "id": 536668044,
        "hasDetails": true,
        "name": "Choper bar",
        "amenity": "bar",
        "address": "Toribio Alzaga kalea 15"
      },
      "geometry": {
        "type": "Point",
        "coordinates": [
          -1.9719928,
          43.3043876
        ]
      }
    },
    {
      "type": "Feature",
      "properties": {
        "weight": 1.0,
        "id": 2395645011,
        "hasDetails": true,
        "name": "Zazpi Bar",
        "amenity": "bar",
        "address": "Marugame plaza, Donostia / San Sebasti\u00e1n"
      },
      "geometry": {
        "type": "Point",
        "coordinates": [
          -2.0161386,
          43.3044275
        ]
      }
    },
    {
      "type": "Feature",
      "properties": {
        "weight": 1.0
      },
      "geometry": {
        "type": "Point",
        "coordinates": [
          -1.9792174,
          43.3044655
        ]
      }
    },
    {
      "type": "Feature",
      "properties": {
        "weight": 1.0
      },
      "geometry": {
        "type": "Point",
        "coordinates": [
          -1.9794443,
          43.3045249
        ]
      }
    },
    {
      "type": "Feature",
      "properties": {
        "weight": 1.0,
        "id": 536535537,
        "hasDetails": true,
        "name": "Feng Jing",
        "amenity": "restaurant",
        "cuisine": "chinese"
      },
      "geometry": {
        "type": "Point",
        "coordinates": [
          -1.9743259,
          43.3045338
        ]
      }
    },
    {
      "type": "Feature",
      "properties": {
        "weight": 1.0,
        "id": 12633322609,
        "hasDetails": true,
        "amenity": "cafe",
        "cuisine": "coffee_shop"
      },
      "geometry": {
        "type": "Point",
        "coordinates": [
          -1.9763792,
          43.3045651
        ]
      }
    },
    {
      "type": "Feature",
      "properties": {
        "weight": 1.0
      },
      "geometry": {
        "type": "Point",
        "coordinates": [
          -1.9792369,
          43.3045654
        ]
      }
    },
    {
      "type": "Feature",
      "properties": {
        "weight": 1.0
      },
      "geometry": {
        "type": "Point",
        "coordinates": [
          -2.004227,
          43.3045673
        ]
      }
    },
    {
      "type": "Feature",
      "properties": {
        "weight": 1.0
      },
      "geometry": {
        "type": "Point",
        "coordinates": [
          -1.9803112,
          43.3045811
        ]
      }
    },
    {
      "type": "Feature",
      "properties": {
        "weight": 1.0
      },
      "geometry": {
        "type": "Point",
        "coordinates": [
          -1.976217,
          43.304653
        ]
      }
    },
    {
      "type": "Feature",
      "properties": {
        "weight": 1.0
      },
      "geometry": {
        "type": "Point",
        "coordinates": [
          -1.9713405,
          43.3046811
        ]
      }
    },
    {
      "type": "Feature",
      "properties": {
        "weight": 1.0
      },
      "geometry": {
        "type": "Point",
        "coordinates": [
          -1.9711959,
          43.3047384
        ]
      }
    },
    {
      "type": "Feature",
      "properties": {
        "weight": 1.0
      },
      "geometry": {
        "type": "Point",
        "coordinates": [
          -1.9728586,
          43.3047878
        ]
      }
    },
    {
      "type": "Feature",
      "properties": {
        "weight": 1.0
      },
      "geometry": {
        "type": "Point",
        "coordinates": [
          -1.9767187,
          43.3048198
        ]
      }
    },
    {
      "type": "Feature",
      "properties": {
        "weight": 1.0
      },
      "geometry": {
        "type": "Point",
        "coordinates": [
          -1.975895,
          43.3048275
        ]
      }
    },
    {
      "type": "Feature",
      "properties": {
        "weight": 1.0,
        "id": 12640396030,
        "hasDetails": true,
        "name": "Ilargi urdina",
        "amenity": "bar",
        "address": "Eustasio Amilibia kalea 14"
      },
      "geometry": {
        "type": "Point",
        "coordinates": [
          -1.978755,
          43.3048338
        ]
      }
    },
    {
      "type": "Feature",
      "properties": {
        "weight": 1.0,
        "id": 9466606369,
        "hasDetails": true,
        "name": "Lapurdiko Pizzak autozerbitzu makina",
        "amenity": "fast_food",
        "cuisine": "pizza",
        "address": "Irun plaza 4",
        "website": "https://lapurdikopizzak.com/menu/"
      },
      "geometry": {
        "type": "Point",
        "coordinates": [
          -1.9743282,
          43.3048819
        ]
      }
    },
    {
      "type": "Feature",
      "properties": {
        "weight": 1.0
      },
      "geometry": {
        "type": "Point",
        "coordinates": [
          -1.9633965,
          43.3048981
        ]
      }
    },
    {
      "type": "Feature",
      "properties": {
        "weight": 1.0
      },
      "geometry": {
        "type": "Point",
        "coordinates": [
          -1.9613113,
          43.3049019
        ]
      }
    },
    {
      "type": "Feature",
      "properties": {
        "weight": 1.0
      },
      "geometry": {
        "type": "Point",
        "coordinates": [
          -1.9799653,
          43.3049341
        ]
      }
    },
    {
      "type": "Feature",
      "properties": {
        "weight": 1.0
      },
      "geometry": {
        "type": "Point",
        "coordinates": [
          -1.9747212,
          43.3049377
        ]
      }
    },
    {
      "type": "Feature",
      "properties": {
        "weight": 1.0
      },
      "geometry": {
        "type": "Point",
        "coordinates": [
          -2.0056792,
          43.304944
        ]
      }
    },
    {
      "type": "Feature",
      "properties": {
        "weight": 1.0
      },
      "geometry": {
        "type": "Point",
        "coordinates": [
          -1.9716816,
          43.3049517
        ]
      }
    },
    {
      "type": "Feature",
      "properties": {
        "weight": 1.0
      },
      "geometry": {
        "type": "Point",
        "coordinates": [
          -1.9756628,
          43.3049522
        ]
      }
    },
    {
      "type": "Feature",
      "properties": {
        "weight": 1.0,
        "id": 12641201177,
        "hasDetails": true,
        "name": "Las Americas",
        "amenity": "fast_food",
        "address": "Irun plaza 6",
        "names": [
          "Las Americas",
          "Zumardi"
        ]
      },
      "geometry": {
        "type": "Point",
        "coordinates": [
          -1.9734205,
          43.3050247
        ]
      }
    },
    {
      "type": "Feature",
      "properties": {
        "weight": 1.0,
        "id": 1212613435,
        "hasDetails": true,
        "name": "Marugame",
        "amenity": "bar",
        "address": "Marugame plaza, Donostia / San Sebasti\u00e1n"
      },
      "geometry": {
        "type": "Point",
        "coordinates": [
          -2.0163775,
          43.3051106
        ]
      }
    },
    {
      "type": "Feature",
      "properties": {
        "weight": 1.0
      },
      "geometry": {
        "type": "Point",
        "coordinates": [
          -1.9753286,
          43.3051335
        ]
      }
    },
    {
      "type": "Feature",
      "properties": {
        "weight": 1.0
      },
      "geometry": {
        "type": "Point",
        "coordinates": [
          -1.9733258,
          43.3051505
        ]
      }
    },
    {
      "type": "Feature",
      "properties": {
        "weight": 1.0,
        "id": 10786924697,
        "hasDetails": true,
        "name": "Bar Talaia",
        "amenity": "bar",
        "address": "Talaia poligonoa 6, Oiartzun"
      },
      "geometry": {
        "type": "Point",
        "coordinates": [
          -1.8840398,
          43.3052691
        ]
      }
    },
    {
      "type": "Feature",
      "properties": {
        "weight": 1.0,
        "id": 1734523410,
        "hasDetails": true,
        "name": "Babarrun",
        "amenity": "restaurant",
        "cuisine": "italian",
        "address": "Zarautz kalea 103"
      },
      "geometry": {
        "type": "Point",
        "coordinates": [
          -2.0046789,
          43.3054175
        ]
      }
    },
    {
      "type": "Feature",
      "properties": {
        "weight": 1.0
      },
      "geometry": {
        "type": "Point",
        "coordinates": [
          -1.97734,
          43.3054329
        ]
      }
    },
    {
      "type": "Feature",
      "properties": {
        "weight": 1.0,
        "id": 12641201181,
        "hasDetails": true,
        "name": "Wok",
        "amenity": "restaurant",
        "cuisine": "asian",
        "address": "Irun plaza 6"
      },
      "geometry": {
        "type": "Point",
        "coordinates": [
          -1.9733258,
          43.3054541
        ]
      }
    },
    {
      "type": "Feature",
      "properties": {
        "weight": 1.0
      },
      "geometry": {
        "type": "Point",
        "coordinates": [
          -1.9756217,
          43.305497
        ]
      }
    },
    {
      "type": "Feature",
      "properties": {
        "weight": 1.0,
        "id": 13891739789,
        "hasDetails": true,
        "name": "Haizea",
        "amenity": "restaurant",
        "address": "Goiko Galtzada Berria 27, Donostia / San Sebasti\u00e1n",
        "website": "https://www.haizeajatetxea.com/"
      },
      "geometry": {
        "type": "Point",
        "coordinates": [
          -1.9942137,
          43.3055142
        ]
      }
    },
    {
      "type": "Feature",
      "properties": {
        "weight": 1.0
      },
      "geometry": {
        "type": "Point",
        "coordinates": [
          -1.9730055,
          43.3055302
        ]
      }
    },
    {
      "type": "Feature",
      "properties": {
        "weight": 1.0,
        "id": 537662357,
        "hasDetails": true,
        "name": "Amara Turkish Kebab",
        "amenity": "fast_food",
        "cuisine": "kebab",
        "address": "Eustasio Amilibia kalea 9"
      },
      "geometry": {
        "type": "Point",
        "coordinates": [
          -1.9773818,
          43.3055946
        ]
      }
    },
    {
      "type": "Feature",
      "properties": {
        "weight": 1.0
      },
      "geometry": {
        "type": "Point",
        "coordinates": [
          -1.9759112,
          43.3055992
        ]
      }
    },
    {
      "type": "Feature",
      "properties": {
        "weight": 1.0,
        "id": 2974454549,
        "hasDetails": true,
        "name": "Teresatxo",
        "amenity": "restaurant",
        "cuisine": "regional",
        "address": "Zarautz kalea 85, Donostia / San Sebasti\u00e1n",
        "website": "https://www.teresatxo.com/"
      },
      "geometry": {
        "type": "Point",
        "coordinates": [
          -2.0049744,
          43.3056119
        ]
      }
    },
    {
      "type": "Feature",
      "properties": {
        "weight": 1.0
      },
      "geometry": {
        "type": "Point",
        "coordinates": [
          -1.974921,
          43.3056868
        ]
      }
    },
    {
      "type": "Feature",
      "properties": {
        "weight": 1.0,
        "id": 12253315691,
        "hasDetails": true,
        "name": "Fuji",
        "amenity": "restaurant",
        "cuisine": "sushi",
        "address": "Felipe IV.a hiribidea 4"
      },
      "geometry": {
        "type": "Point",
        "coordinates": [
          -1.9762071,
          43.3057236
        ]
      }
    },
    {
      "type": "Feature",
      "properties": {
        "weight": 1.0
      },
      "geometry": {
        "type": "Point",
        "coordinates": [
          -1.9805944,
          43.3057634
        ]
      }
    },
    {
      "type": "Feature",
      "properties": {
        "weight": 1.0
      },
      "geometry": {
        "type": "Point",
        "coordinates": [
          -1.9526396,
          43.3058317
        ]
      }
    },
    {
      "type": "Feature",
      "properties": {
        "weight": 1.0,
        "id": 537662326,
        "hasDetails": true,
        "name": "Los Javis - El banquillo",
        "amenity": "pub",
        "address": "Baleazaleen kalea 8"
      },
      "geometry": {
        "type": "Point",
        "coordinates": [
          -1.9747677,
          43.3058452
        ]
      }
    },
    {
      "type": "Feature",
      "properties": {
        "weight": 1.0,
        "id": 12641201173,
        "hasDetails": true,
        "name": "Bederatzi",
        "amenity": "bar",
        "address": "Felipe IV.a hiribidea 9"
      },
      "geometry": {
        "type": "Point",
        "coordinates": [
          -1.9753553,
          43.305852
        ]
      }
    },
    {
      "type": "Feature",
      "properties": {
        "weight": 1.0,
        "id": 5993471885,
        "hasDetails": true,
        "name": "Txakoli",
        "amenity": "bar",
        "address": "Eustasio Amilibia kalea 7"
      },
      "geometry": {
        "type": "Point",
        "coordinates": [
          -1.9767762,
          43.3059225
        ]
      }
    },
    {
      "type": "Feature",
      "properties": {
        "weight": 1.0,
        "id": 537662338,
        "hasDetails": true,
        "name": "Roasters",
        "amenity": "fast_food",
        "cuisine": "kebab",
        "address": "Felipe IV.a hiribidea 7"
      },
      "geometry": {
        "type": "Point",
        "coordinates": [
          -1.9755871,
          43.3059402
        ]
      }
    },
    {
      "type": "Feature",
      "properties": {
        "weight": 1.0,
        "id": 6003022662,
        "hasDetails": true,
        "name": "Caffe Berri",
        "amenity": "cafe",
        "address": "Zarautz kalea 82, Donostia / San Sebasti\u00e1n"
      },
      "geometry": {
        "type": "Point",
        "coordinates": [
          -2.005807,
          43.305962
        ]
      }
    },
    {
      "type": "Feature",
      "properties": {
        "weight": 1.0,
        "id": 537662343,
        "hasDetails": true,
        "name": "Bar Aukera",
        "amenity": "pub",
        "address": "Felipe IV.a hiribidea 5"
      },
      "geometry": {
        "type": "Point",
        "coordinates": [
          -1.9757541,
          43.3060037
        ]
      }
    },
    {
      "type": "Feature",
      "properties": {
        "weight": 1.0,
        "id": 9587865017,
        "hasDetails": true,
        "name": "La Porte\u00f1a",
        "amenity": "restaurant",
        "address": "Zorroaga pasealekua 27"
      },
      "geometry": {
        "type": "Point",
        "coordinates": [
          -1.9702367,
          43.3060398
        ]
      }
    },
    {
      "type": "Feature",
      "properties": {
        "weight": 1.0
      },
      "geometry": {
        "type": "Point",
        "coordinates": [
          -1.970405,
          43.3061052
        ]
      }
    },
    {
      "type": "Feature",
      "properties": {
        "weight": 1.0
      },
      "geometry": {
        "type": "Point",
        "coordinates": [
          -1.9733931,
          43.3061626
        ]
      }
    },
    {
      "type": "Feature",
      "properties": {
        "weight": 1.0,
        "id": 7252335037,
        "hasDetails": true,
        "name": "Kairos",
        "amenity": "pub",
        "address": "Felipe IV.a hiribidea 1"
      },
      "geometry": {
        "type": "Point",
        "coordinates": [
          -1.976122,
          43.3061845
        ]
      }
    },
    {
      "type": "Feature",
      "properties": {
        "weight": 1.0
      },
      "geometry": {
        "type": "Point",
        "coordinates": [
          -1.9755246,
          43.3063641
        ]
      }
    },
    {
      "type": "Feature",
      "properties": {
        "weight": 1.0,
        "id": 12335288628,
        "hasDetails": true,
        "name": "Campus",
        "amenity": "bar",
        "address": "Berabera pasealekua 87, Donostia / San Sebasti\u00e1n",
        "website": "https://www.barcampus.es"
      },
      "geometry": {
        "type": "Point",
        "coordinates": [
          -1.9959502,
          43.3064576
        ]
      }
    },
    {
      "type": "Feature",
      "properties": {
        "weight": 1.0,
        "id": 13449618655,
        "hasDetails": true,
        "name": "Kimikako Kafetegia",
        "amenity": "cafe",
        "cuisine": "coffee_shop;burger;sandwich;cake",
        "outdoor_seating": "no"
      },
      "geometry": {
        "type": "Point",
        "coordinates": [
          -2.0100321,
          43.3065696
        ]
      }
    },
    {
      "type": "Feature",
      "properties": {
        "weight": 1.0,
        "id": 566118569,
        "hasDetails": true,
        "name": "Granizado",
        "amenity": "bar",
        "address": "Eustasio Amilibia kalea"
      },
      "geometry": {
        "type": "Point",
        "coordinates": [
          -1.9753645,
          43.3066526
        ]
      }
    },
    {
      "type": "Feature",
      "properties": {
        "weight": 1.0
      },
      "geometry": {
        "type": "Point",
        "coordinates": [
          -2.0002505,
          43.3066802
        ]
      }
    },
    {
      "type": "Feature",
      "properties": {
        "weight": 1.0
      },
      "geometry": {
        "type": "Point",
        "coordinates": [
          -1.9748294,
          43.3066901
        ]
      }
    },
    {
      "type": "Feature",
      "properties": {
        "weight": 1.0
      },
      "geometry": {
        "type": "Point",
        "coordinates": [
          -1.9733331,
          43.3068484
        ]
      }
    },
    {
      "type": "Feature",
      "properties": {
        "weight": 1.0,
        "id": 5372554202,
        "hasDetails": true,
        "name": "Cafeter\u00eda de Inform\u00e1tica",
        "amenity": "cafe",
        "cuisine": "coffee_shop;sandwich",
        "opening_hours": "Mo-Fr 08:00-18:00",
        "outdoor_seating": "no"
      },
      "geometry": {
        "type": "Point",
        "coordinates": [
          -2.0106487,
          43.3069965
        ]
      }
    },
    {
      "type": "Feature",
      "properties": {
        "weight": 1.0,
        "id": 4931990322,
        "hasDetails": true,
        "name": "Bar Ostadar",
        "amenity": "bar",
        "address": "Berio pasealekua 13, Donostia / San Sebasti\u00e1n",
        "opening_hours": "Mo-Su 08:00-16:00"
      },
      "geometry": {
        "type": "Point",
        "coordinates": [
          -2.0139804,
          43.3070907
        ]
      }
    },
    {
      "type": "Feature",
      "properties": {
        "weight": 1.0,
        "id": 5372554201,
        "hasDetails": true,
        "name": "HEFAko kafetegia",
        "amenity": "cafe",
        "cuisine": "sandwich;coffee_shop",
        "outdoor_seating": "yes"
      },
      "geometry": {
        "type": "Point",
        "coordinates": [
          -2.009613,
          43.3071888
        ]
      }
    },
    {
      "type": "Feature",
      "properties": {
        "weight": 1.0,
        "id": 12556034861,
        "hasDetails": true,
        "name": "Agustinak Kantina",
        "amenity": "cafe",
        "cuisine": "coffee_shop",
        "address": "Agustinen etorbidea 4, Errenteria"
      },
      "geometry": {
        "type": "Point",
        "coordinates": [
          -1.8953573,
          43.307236
        ]
      }
    },
    {
      "type": "Feature",
      "properties": {
        "weight": 1.0,
        "id": 6216039927,
        "hasDetails": true,
        "name": "Kafe Markola",
        "amenity": "bar",
        "address": "Erramun Astibia kalea 6, Errenteria"
      },
      "geometry": {
        "type": "Point",
        "coordinates": [
          -1.8894637,
          43.3073874
        ]
      }
    },
    {
      "type": "Feature",
      "properties": {
        "weight": 1.0
      },
      "geometry": {
        "type": "Point",
        "coordinates": [
          -1.9937464,
          43.3074025
        ]
      }
    },
    {
      "type": "Feature",
      "properties": {
        "weight": 1.0
      },
      "geometry": {
        "type": "Point",
        "coordinates": [
          -2.008352,
          43.3074967
        ]
      }
    },
    {
      "type": "Feature",
      "properties": {
        "weight": 1.0,
        "id": 566565728,
        "hasDetails": true,
        "name": "Salaberria sagardotegia",
        "amenity": "restaurant",
        "cuisine": "basque_ciderhouse"
      },
      "geometry": {
        "type": "Point",
        "coordinates": [
          -1.9809265,
          43.3075042
        ]
      }
    },
    {
      "type": "Feature",
      "properties": {
        "weight": 1.0
      },
      "geometry": {
        "type": "Point",
        "coordinates": [
          -1.9936753,
          43.3075415
        ]
      }
    },
    {
      "type": "Feature",
      "properties": {
        "weight": 1.0
      },
      "geometry": {
        "type": "Point",
        "coordinates": [
          -1.8940205,
          43.3076105
        ]
      }
    },
    {
      "type": "Feature",
      "properties": {
        "weight": 1.0
      },
      "geometry": {
        "type": "Point",
        "coordinates": [
          -1.9937891,
          43.307614
        ]
      }
    },
    {
      "type": "Feature",
      "properties": {
        "weight": 1.0,
        "id": 6805305685,
        "hasDetails": true,
        "name": "Istambul Antiguo Kebab",
        "amenity": "fast_food",
        "cuisine": "kebab",
        "address": "Tolosa hiribidea 81, Donostia / San Sebasti\u00e1n"
      },
      "geometry": {
        "type": "Point",
        "coordinates": [
          -2.0080722,
          43.3076392
        ]
      }
    },
    {
      "type": "Feature",
      "properties": {
        "weight": 1.0,
        "id": 12049304097,
        "hasDetails": true,
        "name": "Mantangorri",
        "amenity": "cafe",
        "address": "Manuel V\u00e1zquez Montalb\u00e1n kalea 1, Donostia / San Sebasti\u00e1n",
        "outdoor_seating": "yes"
      },
      "geometry": {
        "type": "Point",
        "coordinates": [
          -2.0001641,
          43.3076946
        ]
      }
    },
    {
      "type": "Feature",
      "properties": {
        "weight": 1.0,
        "id": 5372717695,
        "hasDetails": true,
        "name": "Aularioa",
        "amenity": "cafe",
        "outdoor_seating": "yes"
      },
      "geometry": {
        "type": "Point",
        "coordinates": [
          -2.0108219,
          43.3077347
        ]
      }
    },
    {
      "type": "Feature",
      "properties": {
        "weight": 1.0
      },
      "geometry": {
        "type": "Point",
        "coordinates": [
          -1.8922505,
          43.3077388
        ]
      }
    },
    {
      "type": "Feature",
      "properties": {
        "weight": 1.0
      },
      "geometry": {
        "type": "Point",
        "coordinates": [
          -1.9545954,
          43.307941
        ]
      }
    },
    {
      "type": "Feature",
      "properties": {
        "weight": 1.0
      },
      "geometry": {
        "type": "Point",
        "coordinates": [
          -1.8943842,
          43.3080345
        ]
      }
    },
    {
      "type": "Feature",
      "properties": {
        "weight": 1.0,
        "id": 1386956876,
        "hasDetails": true,
        "name": "Manolo Bakes",
        "amenity": "cafe",
        "cuisine": "coffee_shop"
      },
      "geometry": {
        "type": "Point",
        "coordinates": [
          -1.943857,
          43.3080916
        ]
      }
    },
    {
      "type": "Feature",
      "properties": {
        "weight": 1.0,
        "id": 10537512320,
        "hasDetails": true,
        "name": "Ondara",
        "amenity": "bar",
        "address": "Markola etorbidea 23, Errenteria"
      },
      "geometry": {
        "type": "Point",
        "coordinates": [
          -1.8932547,
          43.3080969
        ]
      }
    },
    {
      "type": "Feature",
      "properties": {
        "weight": 1.0,
        "id": 13084944261,
        "hasDetails": true,
        "name": "Bistroteka Zinema 7",
        "amenity": "restaurant",
        "address": "Familia Santua kalea 1",
        "website": "https://www.bistrotekazinema7.com/"
      },
      "geometry": {
        "type": "Point",
        "coordinates": [
          -1.97995,
          43.3081212
        ]
      }
    },
    {
      "type": "Feature",
      "properties": {
        "weight": 1.0,
        "id": 6805370585,
        "hasDetails": true,
        "name": "The Good Burger",
        "amenity": "fast_food",
        "cuisine": "burger",
        "address": "Tolosa hiribidea",
        "opening_hours": "Mo-Su 12:00-23:00",
        "outdoor_seating": "yes"
      },
      "geometry": {
        "type": "Point",
        "coordinates": [
          -2.0090066,
          43.3082502
        ]
      }
    },
    {
      "type": "Feature",
      "properties": {
        "weight": 1.0
      },
      "geometry": {
        "type": "Point",
        "coordinates": [
          -1.9787513,
          43.3083137
        ]
      }
    },
    {
      "type": "Feature",
      "properties": {
        "weight": 1.0
      },
      "geometry": {
        "type": "Point",
        "coordinates": [
          -1.9793279,
          43.3084964
        ]
      }
    },
    {
      "type": "Feature",
      "properties": {
        "weight": 1.0
      },
      "geometry": {
        "type": "Point",
        "coordinates": [
          -1.9800223,
          43.3085634
        ]
      }
    },
    {
      "type": "Feature",
      "properties": {
        "weight": 1.0
      },
      "geometry": {
        "type": "Point",
        "coordinates": [
          -1.8915538,
          43.308632
        ]
      }
    },
    {
      "type": "Feature",
      "properties": {
        "weight": 1.0,
        "id": 565517539,
        "hasDetails": true,
        "name": "Urumea del Kubano",
        "amenity": "restaurant",
        "address": "Madalena Jauregiberri pasealekua 12"
      },
      "geometry": {
        "type": "Point",
        "coordinates": [
          -1.9670812,
          43.308639
        ]
      }
    },
    {
      "type": "Feature",
      "properties": {
        "weight": 1.0
      },
      "geometry": {
        "type": "Point",
        "coordinates": [
          -1.9790088,
          43.3086759
        ]
      }
    },
    {
      "type": "Feature",
      "properties": {
        "weight": 1.0,
        "id": 1605174685,
        "hasDetails": true,
        "name": "Fand Pizzak",
        "amenity": "fast_food",
        "cuisine": "pizza"
      },
      "geometry": {
        "type": "Point",
        "coordinates": [
          -1.8880022,
          43.3087101
        ]
      }
    },
    {
      "type": "Feature",
      "properties": {
        "weight": 1.0,
        "id": 880377420,
        "hasDetails": true,
        "name": "Errota",
        "amenity": "bar",
        "opening_hours": "PH,Tu-Su 08:00-22:00"
      },
      "geometry": {
        "type": "Point",
        "coordinates": [
          -1.8877276,
          43.3087142
        ]
      }
    },
    {
      "type": "Feature",
      "properties": {
        "weight": 1.0
      },
      "geometry": {
        "type": "Point",
        "coordinates": [
          -1.9047729,
          43.3088551
        ]
      }
    },
    {
      "type": "Feature",
      "properties": {
        "weight": 1.0,
        "id": 1494644610,
        "hasDetails": true,
        "name": "Burdinola Taberna",
        "amenity": "restaurant",
        "cuisine": "regional;breakfast;tapas;brunch",
        "address": "Dolores Ibarruri zumardia, Errenteria",
        "opening_hours": "Mo,We,Th,Fr 10:00-22:00; Sa,Su 10:00-24:00"
      },
      "geometry": {
        "type": "Point",
        "coordinates": [
          -1.8879437,
          43.3089313
        ]
      }
    },
    {
      "type": "Feature",
      "properties": {
        "weight": 1.0,
        "id": 1251152770,
        "hasDetails": true,
        "name": "Txotx by Saizar",
        "amenity": "restaurant",
        "cuisine": "basque"
      },
      "geometry": {
        "type": "Point",
        "coordinates": [
          -1.9435412,
          43.3090227
        ]
      }
    },
    {
      "type": "Feature",
      "properties": {
        "weight": 1.0,
        "id": 563904657,
        "hasDetails": true,
        "name": "El Arepazo",
        "amenity": "fast_food",
        "address": "Pablo Sarasate kalea 3"
      },
      "geometry": {
        "type": "Point",
        "coordinates": [
          -1.9711563,
          43.3090755
        ]
      }
    },
    {
      "type": "Feature",
      "properties": {
        "weight": 1.0,
        "id": 1251152769,
        "hasDetails": true,
        "name": "Padthaiwok",
        "amenity": "restaurant",
        "cuisine": "thai",
        "website": "https://padthaiwok.com/restaurantes/c-c-garbera-san-sebastian/"
      },
      "geometry": {
        "type": "Point",
        "coordinates": [
          -1.9435015,
          43.3091192
        ]
      }
    },
    {
      "type": "Feature",
      "properties": {
        "weight": 1.0
      },
      "geometry": {
        "type": "Point",
        "coordinates": [
          -1.979232,
          43.3091319
        ]
      }
    },
    {
      "type": "Feature",
      "properties": {
        "weight": 1.0
      },
      "geometry": {
        "type": "Point",
        "coordinates": [
          -1.9794895,
          43.3091635
        ]
      }
    },
    {
      "type": "Feature",
      "properties": {
        "weight": 1.0
      },
      "geometry": {
        "type": "Point",
        "coordinates": [
          -1.9715019,
          43.3091859
        ]
      }
    },
    {
      "type": "Feature",
      "properties": {
        "weight": 1.0,
        "id": 882456184,
        "hasDetails": true,
        "name": "Izen-gabe",
        "amenity": "bar",
        "opening_hours": "PH,Th-Tu 08:00-22:00"
      },
      "geometry": {
        "type": "Point",
        "coordinates": [
          -1.8875833,
          43.3092024
        ]
      }
    },
    {
      "type": "Feature",
      "properties": {
        "weight": 1.0,
        "id": 9005033983,
        "hasDetails": true,
        "name": "Butchers - Smashed Burgers",
        "amenity": "restaurant",
        "cuisine": "american",
        "address": "Julio Caro Baroja plaza 2, Donostia / San Sebasti\u00e1n",
        "website": "https://www.butcherszone.com/",
        "outdoor_seating": "yes"
      },
      "geometry": {
        "type": "Point",
        "coordinates": [
          -2.0082454,
          43.3092048
        ]
      }
    },
    {
      "type": "Feature",
      "properties": {
        "weight": 1.0,
        "id": 1251152771,
        "hasDetails": true,
        "name": "KFC",
        "amenity": "fast_food",
        "cuisine": "chicken"
      },
      "geometry": {
        "type": "Point",
        "coordinates": [
          -1.9434595,
          43.3092234
        ]
      }
    },
    {
      "type": "Feature",
      "properties": {
        "weight": 1.0
      },
      "geometry": {
        "type": "Point",
        "coordinates": [
          -1.9463652,
          43.3092597
        ]
      }
    },
    {
      "type": "Feature",
      "properties": {
        "weight": 1.0,
        "id": 2143235247,
        "hasDetails": true,
        "name": "Lantxeta",
        "amenity": "bar",
        "outdoor_seating": "yes"
      },
      "geometry": {
        "type": "Point",
        "coordinates": [
          -1.9045041,
          43.3092784
        ]
      }
    },
    {
      "type": "Feature",
      "properties": {
        "weight": 1.0,
        "id": 1249865311,
        "hasDetails": true,
        "name": "Starbucks",
        "amenity": "cafe",
        "cuisine": "coffee_shop"
      },
      "geometry": {
        "type": "Point",
        "coordinates": [
          -1.9441932,
          43.3092795
        ]
      }
    },
    {
      "type": "Feature",
      "properties": {
        "weight": 1.0
      },
      "geometry": {
        "type": "Point",
        "coordinates": [
          -1.8911913,
          43.3093257
        ]
      }
    },
    {
      "type": "Feature",
      "properties": {
        "weight": 1.0,
        "id": 1251152772,
        "hasDetails": true,
        "name": "Taco Bell",
        "amenity": "fast_food",
        "cuisine": "tex-mex"
      },
      "geometry": {
        "type": "Point",
        "coordinates": [
          -1.9434104,
          43.3093454
        ]
      }
    },
    {
      "type": "Feature",
      "properties": {
        "weight": 1.0,
        "id": 2445018712,
        "hasDetails": true,
        "name": "Caff\u00e8 Etna",
        "amenity": "cafe",
        "cuisine": "coffee_shop",
        "address": "Andrestegi kalea 8, Donostia / San Sebasti\u00e1n",
        "opening_hours": "Mo-Fr 07:30-19:30; Sa 08:00-15:00",
        "outdoor_seating": "yes"
      },
      "geometry": {
        "type": "Point",
        "coordinates": [
          -2.0124857,
          43.3093571
        ]
      }
    },
    {
      "type": "Feature",
      "properties": {
        "weight": 1.0
      },
      "geometry": {
        "type": "Point",
        "coordinates": [
          -1.979535,
          43.3093746
        ]
      }
    },
    {
      "type": "Feature",
      "properties": {
        "weight": 1.0,
        "id": 9005033982,
        "hasDetails": true,
        "name": "Ocho",
        "amenity": "restaurant",
        "cuisine": "local",
        "address": "Manuel Lekuona kalea 9, Donostia / San Sebasti\u00e1n",
        "website": "https://restauranteocho.com/",
        "opening_hours": "Mo-Th 09:00-23:00; Fr-Su 09:00-23:55",
        "outdoor_seating": "yes"
      },
      "geometry": {
        "type": "Point",
        "coordinates": [
          -2.007846,
          43.3094232
        ]
      }
    },
    {
      "type": "Feature",
      "properties": {
        "weight": 1.0
      },
      "geometry": {
        "type": "Point",
        "coordinates": [
          -1.9087856,
          43.3094504
        ]
      }
    },
    {
      "type": "Feature",
      "properties": {
        "weight": 1.0,
        "id": 1250750528,
        "hasDetails": true,
        "name": "Poke House",
        "amenity": "fast_food",
        "cuisine": "poke",
        "names": [
          "Poke House",
          "Vicio"
        ]
      },
      "geometry": {
        "type": "Point",
        "coordinates": [
          -1.9439664,
          43.3094559
        ]
      }
    },
    {
      "type": "Feature",
      "properties": {
        "weight": 1.0,
        "id": 1251152773,
        "hasDetails": true,
        "name": "Brasa y Le\u00f1a",
        "amenity": "restaurant",
        "website": "https://brasaylena.com/restaurantes/cc-garbera/"
      },
      "geometry": {
        "type": "Point",
        "coordinates": [
          -1.9433599,
          43.3094658
        ]
      }
    },
    {
      "type": "Feature",
      "properties": {
        "weight": 1.0,
        "id": 2143235249,
        "hasDetails": true,
        "name": "Arditurri",
        "amenity": "bar",
        "address": "Arditurri kalea",
        "outdoor_seating": "yes"
      },
      "geometry": {
        "type": "Point",
        "coordinates": [
          -1.9046711,
          43.3095265
        ]
      }
    },
    {
      "type": "Feature",
      "properties": {
        "weight": 1.0,
        "id": 566563660,
        "hasDetails": true,
        "name": "Agust\u00edn",
        "amenity": "restaurant",
        "address": "Antso Jakitunaren hiribidea 16, Donostia / San Sebasti\u00e1n",
        "website": "https://baragustin.com/",
        "opening_hours": "Tu-Su 10:00-23:00"
      },
      "geometry": {
        "type": "Point",
        "coordinates": [
          -1.9802093,
          43.3095316
        ]
      }
    },
    {
      "type": "Feature",
      "properties": {
        "weight": 1.0
      },
      "geometry": {
        "type": "Point",
        "coordinates": [
          -1.9660143,
          43.3095512
        ]
      }
    },
    {
      "type": "Feature",
      "properties": {
        "weight": 1.0,
        "id": 5771935125,
        "hasDetails": true,
        "name": "Kupela",
        "amenity": "bar",
        "address": "Jose Maria Salaberria kalea 3, Donostia / San Sebasti\u00e1n",
        "outdoor_seating": "yes"
      },
      "geometry": {
        "type": "Point",
        "coordinates": [
          -1.9813336,
          43.3095547
        ]
      }
    },
    {
      "type": "Feature",
      "properties": {
        "weight": 1.0,
        "id": 7140114885,
        "hasDetails": true,
        "name": "Maritxu",
        "amenity": "bar",
        "address": "Plazaburu kalea"
      },
      "geometry": {
        "type": "Point",
        "coordinates": [
          -1.9667789,
          43.3095547
        ]
      }
    },
    {
      "type": "Feature",
      "properties": {
        "weight": 1.0,
        "id": 1251152774,
        "hasDetails": true,
        "name": "Foster's Hollywood",
        "amenity": "restaurant",
        "cuisine": "american"
      },
      "geometry": {
        "type": "Point",
        "coordinates": [
          -1.9433184,
          43.3095701
        ]
      }
    },
    {
      "type": "Feature",
      "properties": {
        "weight": 1.0,
        "id": 736280741,
        "hasDetails": true,
        "name": "Tximistarri",
        "amenity": "restaurant",
        "website": "https://tximistarri.restaurant/"
      },
      "geometry": {
        "type": "Point",
        "coordinates": [
          -2.0117535,
          43.309594
        ]
      }
    },
    {
      "type": "Feature",
      "properties": {
        "weight": 1.0
      },
      "geometry": {
        "type": "Point",
        "coordinates": [
          -1.9439259,
          43.3095998
        ]
      }
    },
    {
      "type": "Feature",
      "properties": {
        "weight": 1.0,
        "id": 1240176308,
        "hasDetails": true,
        "name": "Kafetegia",
        "amenity": "cafe",
        "cuisine": "coffee_shop",
        "outdoor_seating": "no"
      },
      "geometry": {
        "type": "Point",
        "coordinates": [
          -1.9762633,
          43.3096183
        ]
      }
    },
    {
      "type": "Feature",
      "properties": {
        "weight": 1.0,
        "id": 7454511685,
        "hasDetails": true,
        "name": "\u00d1am",
        "amenity": "restaurant",
        "address": "Julio Caro Baroja plaza 1, Donostia / San Sebasti\u00e1n",
        "opening_hours": "Mo-Su 08:00-00:00"
      },
      "geometry": {
        "type": "Point",
        "coordinates": [
          -2.0086807,
          43.3096232
        ]
      }
    },
    {
      "type": "Feature",
      "properties": {
        "weight": 1.0
      },
      "geometry": {
        "type": "Point",
        "coordinates": [
          -1.9101267,
          43.3096494
        ]
      }
    },
    {
      "type": "Feature",
      "properties": {
        "weight": 1.0
      },
      "geometry": {
        "type": "Point",
        "coordinates": [
          -1.9812409,
          43.3096516
        ]
      }
    },
    {
      "type": "Feature",
      "properties": {
        "weight": 1.0,
        "id": 1251152775,
        "hasDetails": true,
        "name": "McDonald's",
        "amenity": "fast_food",
        "cuisine": "burger"
      },
      "geometry": {
        "type": "Point",
        "coordinates": [
          -1.943278,
          43.3096686
        ]
      }
    },
    {
      "type": "Feature",
      "properties": {
        "weight": 1.0,
        "id": 6473697070,
        "hasDetails": true,
        "name": "Aldazabal",
        "amenity": "bar",
        "address": "Plazaburu kalea"
      },
      "geometry": {
        "type": "Point",
        "coordinates": [
          -1.9663551,
          43.3096836
        ]
      }
    },
    {
      "type": "Feature",
      "properties": {
        "weight": 1.0
      },
      "geometry": {
        "type": "Point",
        "coordinates": [
          -1.9721101,
          43.3096853
        ]
      }
    },
    {
      "type": "Feature",
      "properties": {
        "weight": 1.0,
        "id": 1250750530,
        "hasDetails": true,
        "name": "Terracity",
        "amenity": "restaurant",
        "cuisine": "mediterranean"
      },
      "geometry": {
        "type": "Point",
        "coordinates": [
          -1.9438692,
          43.3097035
        ]
      }
    },
    {
      "type": "Feature",
      "properties": {
        "weight": 1.0,
        "id": 7506894385,
        "hasDetails": true,
        "name": "Cruh Taberna",
        "amenity": "bar",
        "outdoor_seating": "yes"
      },
      "geometry": {
        "type": "Point",
        "coordinates": [
          -1.9046218,
          43.309708
        ]
      }
    },
    {
      "type": "Feature",
      "properties": {
        "weight": 1.0,
        "id": 12628563327,
        "hasDetails": true,
        "name": "Fanderiako taberna",
        "amenity": "bar",
        "outdoor_seating": "yes"
      },
      "geometry": {
        "type": "Point",
        "coordinates": [
          -1.8938724,
          43.309759
        ]
      }
    },
    {
      "type": "Feature",
      "properties": {
        "weight": 1.0
      },
      "geometry": {
        "type": "Point",
        "coordinates": [
          -1.891876,
          43.3098215
        ]
      }
    },
    {
      "type": "Feature",
      "properties": {
        "weight": 1.0
      },
      "geometry": {
        "type": "Point",
        "coordinates": [
          -2.007392,
          43.3098273
        ]
      }
    },
    {
      "type": "Feature",
      "properties": {
        "weight": 1.0
      },
      "geometry": {
        "type": "Point",
        "coordinates": [
          -2.0065798,
          43.3098582
        ]
      }
    },
    {
      "type": "Feature",
      "properties": {
        "weight": 1.0,
        "id": 4934017725,
        "hasDetails": true,
        "name": "Sport K El Tercer Tiempo",
        "amenity": "bar",
        "cuisine": "burger;sandwich;breakfast;ice_cream;mediterranean;local;friture;pasta;tapas",
        "address": "Julio Caro Baroja plaza 1",
        "website": "http://www.sportk.es"
      },
      "geometry": {
        "type": "Point",
        "coordinates": [
          -2.0098556,
          43.3098639
        ]
      }
    },
    {
      "type": "Feature",
      "properties": {
        "weight": 1.0,
        "id": 1249865306,
        "hasDetails": true,
        "name": "Vips",
        "amenity": "restaurant",
        "cuisine": "international"
      },
      "geometry": {
        "type": "Point",
        "coordinates": [
          -1.9434008,
          43.3098716
        ]
      }
    },
    {
      "type": "Feature",
      "properties": {
        "weight": 1.0,
        "id": 566563681,
        "hasDetails": true,
        "name": "Sardexka",
        "amenity": "bar",
        "address": "Madalena Jauregiberri pasealekua 4"
      },
      "geometry": {
        "type": "Point",
        "coordinates": [
          -1.9679334,
          43.3099085
        ]
      }
    },
    {
      "type": "Feature",
      "properties": {
        "weight": 1.0,
        "id": 1249865305,
        "hasDetails": true,
        "name": "Ginos",
        "amenity": "restaurant",
        "cuisine": "italian"
      },
      "geometry": {
        "type": "Point",
        "coordinates": [
          -1.9435748,
          43.3099098
        ]
      }
    },
    {
      "type": "Feature",
      "properties": {
        "weight": 1.0,
        "id": 3414164349,
        "hasDetails": true,
        "name": "Hontza kultur elkartea",
        "amenity": "bar",
        "address": "Eliza kalea 5, Donostia / San Sebasti\u00e1n",
        "opening_hours": "10:00-22:00; We off"
      },
      "geometry": {
        "type": "Point",
        "coordinates": [
          -1.9663239,
          43.3099152
        ]
      }
    },
    {
      "type": "Feature",
      "properties": {
        "weight": 1.0,
        "id": 6379983585,
        "hasDetails": true,
        "name": "Oxkarbi",
        "amenity": "bar",
        "address": "Urbasa Mendiaren kalea 8"
      },
      "geometry": {
        "type": "Point",
        "coordinates": [
          -1.9671128,
          43.3099278
        ]
      }
    },
    {
      "type": "Feature",
      "properties": {
        "weight": 1.0
      },
      "geometry": {
        "type": "Point",
        "coordinates": [
          -1.8912789,
          43.3099438
        ]
      }
    },
    {
      "type": "Feature",
      "properties": {
        "weight": 1.0
      },
      "geometry": {
        "type": "Point",
        "coordinates": [
          -1.9133748,
          43.3099461
        ]
      }
    },
    {
      "type": "Feature",
      "properties": {
        "weight": 1.0,
        "id": 1605255697,
        "hasDetails": true,
        "name": "Gabitxita",
        "amenity": "fast_food",
        "cuisine": "chicken"
      },
      "geometry": {
        "type": "Point",
        "coordinates": [
          -1.8919028,
          43.3099464
        ]
      }
    },
    {
      "type": "Feature",
      "properties": {
        "weight": 1.0,
        "id": 6954091887,
        "hasDetails": true,
        "name": "Alo\u00f1a",
        "amenity": "bar",
        "address": "Alo\u00f1amendi kalea"
      },
      "geometry": {
        "type": "Point",
        "coordinates": [
          -1.9670116,
          43.3100323
        ]
      }
    },
    {
      "type": "Feature",
      "properties": {
        "weight": 1.0
      },
      "geometry": {
        "type": "Point",
        "coordinates": [
          -1.8915846,
          43.3101155
        ]
      }
    },
    {
      "type": "Feature",
      "properties": {
        "weight": 1.0
      },
      "geometry": {
        "type": "Point",
        "coordinates": [
          -1.8841933,
          43.3101451
        ]
      }
    },
    {
      "type": "Feature",
      "properties": {
        "weight": 1.0,
        "id": 11158001857,
        "hasDetails": true,
        "name": "Hemen",
        "amenity": "restaurant",
        "cuisine": "basque",
        "address": "Jose Maria Sert plaza 10, Donostia / San Sebasti\u00e1n"
      },
      "geometry": {
        "type": "Point",
        "coordinates": [
          -2.0066262,
          43.3101889
        ]
      }
    },
    {
      "type": "Feature",
      "properties": {
        "weight": 1.0,
        "id": 563904709,
        "hasDetails": true,
        "name": "Telepizza",
        "amenity": "fast_food",
        "cuisine": "pizza"
      },
      "geometry": {
        "type": "Point",
        "coordinates": [
          -1.9711929,
          43.3102325
        ]
      }
    },
    {
      "type": "Feature",
      "properties": {
        "weight": 1.0,
        "id": 7151253385,
        "hasDetails": true,
        "name": "Kobak",
        "amenity": "bar",
        "address": "Barcelona hiribidea 18"
      },
      "geometry": {
        "type": "Point",
        "coordinates": [
          -1.971566,
          43.3102374
        ]
      }
    },
    {
      "type": "Feature",
      "properties": {
        "weight": 1.0
      },
      "geometry": {
        "type": "Point",
        "coordinates": [
          -1.8908152,
          43.3102395
        ]
      }
    },
    {
      "type": "Feature",
      "properties": {
        "weight": 1.0
      },
      "geometry": {
        "type": "Point",
        "coordinates": [
          -1.9110038,
          43.3102506
        ]
      }
    },
    {
      "type": "Feature",
      "properties": {
        "weight": 1.0,
        "id": 538358781,
        "hasDetails": true,
        "name": "Mandr\u00e1gora",
        "amenity": "bar",
        "address": "Jose Maria Sert plaza 9, Donostia / San Sebasti\u00e1n",
        "opening_hours": "09:30-22:30"
      },
      "geometry": {
        "type": "Point",
        "coordinates": [
          -2.0064853,
          43.3102516
        ]
      }
    },
    {
      "type": "Feature",
      "properties": {
        "weight": 1.0
      },
      "geometry": {
        "type": "Point",
        "coordinates": [
          -1.9115402,
          43.3103404
        ]
      }
    },
    {
      "type": "Feature",
      "properties": {
        "weight": 1.0,
        "id": 8021792873,
        "hasDetails": true,
        "name": "Mogambo",
        "amenity": "pub",
        "address": "Jose Maria Sert plaza 1",
        "outdoor_seating": "sidewalk"
      },
      "geometry": {
        "type": "Point",
        "coordinates": [
          -2.007464,
          43.310346
        ]
      }
    },
    {
      "type": "Feature",
      "properties": {
        "weight": 1.0,
        "id": 11144504490,
        "hasDetails": true,
        "name": "Goxo Poke",
        "amenity": "restaurant",
        "cuisine": "hawaiian",
        "address": "Resurrecci\u00f3n Mar\u00eda de Azkue kalea 3, Donostia / San Sebasti\u00e1n",
        "website": "https://goxopoke.com/",
        "opening_hours": "Mo-Su 12:30-16:30, 19:00-23:00"
      },
      "geometry": {
        "type": "Point",
        "coordinates": [
          -2.0078709,
          43.310406
        ]
      }
    },
    {
      "type": "Feature",
      "properties": {
        "weight": 1.0,
        "id": 775987501,
        "hasDetails": true,
        "name": "Gibel Urdin",
        "amenity": "bar",
        "address": "Ernio kalea 8, Donostia / San Sebasti\u00e1n"
      },
      "geometry": {
        "type": "Point",
        "coordinates": [
          -1.9651203,
          43.3104719
        ]
      }
    },
    {
      "type": "Feature",
      "properties": {
        "weight": 1.0,
        "id": 6477505985,
        "hasDetails": true,
        "name": "Izarraitz",
        "amenity": "bar",
        "address": "Aralar Mendiaren kalea 40"
      },
      "geometry": {
        "type": "Point",
        "coordinates": [
          -1.9659957,
          43.3104775
        ]
      }
    },
    {
      "type": "Feature",
      "properties": {
        "weight": 1.0
      },
      "geometry": {
        "type": "Point",
        "coordinates": [
          -2.0049522,
          43.3104833
        ]
      }
    },
    {
      "type": "Feature",
      "properties": {
        "weight": 1.0,
        "id": 11144504491,
        "hasDetails": true,
        "name": "Taquer\u00eda La Diabla",
        "amenity": "restaurant",
        "cuisine": "mexican",
        "address": "Resurrecci\u00f3n Mar\u00eda de Azkue kalea 6, Donostia / San Sebasti\u00e1n",
        "website": "https://ladiablataqueria.com/",
        "opening_hours": "Tu-Th 19:30-23:30; Fr-Sa 13:00-16:00, 19:30-23:59; Su 13:00-16:30"
      },
      "geometry": {
        "type": "Point",
        "coordinates": [
          -2.0082398,
          43.3105263
        ]
      }
    },
    {
      "type": "Feature",
      "properties": {
        "weight": 1.0,
        "id": 2144344464,
        "hasDetails": true,
        "name": "Elkorner kafe-taberna",
        "amenity": "bar",
        "address": "Aita Donostia kalea 8"
      },
      "geometry": {
        "type": "Point",
        "coordinates": [
          -1.9120927,
          43.3105863
        ]
      }
    },
    {
      "type": "Feature",
      "properties": {
        "weight": 1.0,
        "id": 12641268119,
        "hasDetails": true,
        "name": "El Txoko De Mara",
        "amenity": "cafe",
        "address": "Barcelona hiribidea 22"
      },
      "geometry": {
        "type": "Point",
        "coordinates": [
          -1.9716149,
          43.3105913
        ]
      }
    },
    {
      "type": "Feature",
      "properties": {
        "weight": 1.0
      },
      "geometry": {
        "type": "Point",
        "coordinates": [
          -1.9797922,
          43.3106314
        ]
      }
    },
    {
      "type": "Feature",
      "properties": {
        "weight": 1.0,
        "id": 6473694486,
        "hasDetails": true,
        "name": "Satorra",
        "amenity": "bar",
        "address": "Urbasa Mendiaren kalea 2"
      },
      "geometry": {
        "type": "Point",
        "coordinates": [
          -1.9668923,
          43.3106545
        ]
      }
    },
    {
      "type": "Feature",
      "properties": {
        "weight": 1.0,
        "id": 549757471,
        "hasDetails": true,
        "name": "Iru\u00f1a",
        "amenity": "restaurant",
        "address": "Aralar Mendiaren kalea 27"
      },
      "geometry": {
        "type": "Point",
        "coordinates": [
          -1.9654781,
          43.310686
        ]
      }
    },
    {
      "type": "Feature",
      "properties": {
        "weight": 1.0,
        "id": 12563467069,
        "hasDetails": true,
        "name": "Abakando",
        "amenity": "restaurant",
        "cuisine": "seafood",
        "address": "Tolosa hiribidea 37, Donostia / San Sebasti\u00e1n",
        "website": "https://abakandoss.com/"
      },
      "geometry": {
        "type": "Point",
        "coordinates": [
          -2.0094439,
          43.3106956
        ]
      }
    },
    {
      "type": "Feature",
      "properties": {
        "weight": 1.0
      },
      "geometry": {
        "type": "Point",
        "coordinates": [
          -1.9058977,
          43.310696
        ]
      }
    },
    {
      "type": "Feature",
      "properties": {
        "weight": 1.0,
        "id": 563904732,
        "hasDetails": true,
        "name": "Dr. Livingstone",
        "amenity": "bar",
        "address": "Barcelona hiribidea 24"
      },
      "geometry": {
        "type": "Point",
        "coordinates": [
          -1.9715758,
          43.3107957
        ]
      }
    },
    {
      "type": "Feature",
      "properties": {
        "weight": 1.0
      },
      "geometry": {
        "type": "Point",
        "coordinates": [
          -1.9083659,
          43.3107959
        ]
      }
    },
    {
      "type": "Feature",
      "properties": {
        "weight": 1.0
      },
      "geometry": {
        "type": "Point",
        "coordinates": [
          -1.9125702,
          43.310801
        ]
      }
    },
    {
      "type": "Feature",
      "properties": {
        "weight": 1.0
      },
      "geometry": {
        "type": "Point",
        "coordinates": [
          -1.9121788,
          43.310809
        ]
      }
    },
    {
      "type": "Feature",
      "properties": {
        "weight": 1.0
      },
      "geometry": {
        "type": "Point",
        "coordinates": [
          -1.9119212,
          43.3108477
        ]
      }
    },
    {
      "type": "Feature",
      "properties": {
        "weight": 1.0
      },
      "geometry": {
        "type": "Point",
        "coordinates": [
          -1.9144906,
          43.3108673
        ]
      }
    },
    {
      "type": "Feature",
      "properties": {
        "weight": 1.0,
        "id": 11158001858,
        "hasDetails": true,
        "name": "Kobak - Art & Cook",
        "amenity": "restaurant",
        "address": "Simona de Lajust kalea 9, Donostia / San Sebasti\u00e1n",
        "website": "https://kobakriberasdeloiola.tucartadigital.com/"
      },
      "geometry": {
        "type": "Point",
        "coordinates": [
          -2.005887,
          43.3108882
        ]
      }
    },
    {
      "type": "Feature",
      "properties": {
        "weight": 1.0
      },
      "geometry": {
        "type": "Point",
        "coordinates": [
          -1.9020698,
          43.3109074
        ]
      }
    },
    {
      "type": "Feature",
      "properties": {
        "weight": 1.0
      },
      "geometry": {
        "type": "Point",
        "coordinates": [
          -1.9144263,
          43.3109493
        ]
      }
    },
    {
      "type": "Feature",
      "properties": {
        "weight": 1.0
      },
      "geometry": {
        "type": "Point",
        "coordinates": [
          -2.00811,
          43.3109523
        ]
      }
    },
    {
      "type": "Feature",
      "properties": {
        "weight": 1.0
      },
      "geometry": {
        "type": "Point",
        "coordinates": [
          -1.912125,
          43.3109609
        ]
      }
    },
    {
      "type": "Feature",
      "properties": {
        "weight": 1.0,
        "id": 6404326185,
        "hasDetails": true,
        "name": "El Pescadito de la Bah\u00eda de C\u00e1diz",
        "amenity": "restaurant",
        "cuisine": "mediterranean",
        "address": "Jose Maria Sert plaza 2, Donostia / San Sebasti\u00e1n",
        "website": "https://elpescaitodelabahiadecadiz.com/"
      },
      "geometry": {
        "type": "Point",
        "coordinates": [
          -2.0073343,
          43.3109623
        ]
      }
    },
    {
      "type": "Feature",
      "properties": {
        "weight": 1.0
      },
      "geometry": {
        "type": "Point",
        "coordinates": [
          -1.9111972,
          43.3110051
        ]
      }
    },
    {
      "type": "Feature",
      "properties": {
        "weight": 1.0
      },
      "geometry": {
        "type": "Point",
        "coordinates": [
          -1.9128546,
          43.3111522
        ]
      }
    },
    {
      "type": "Feature",
      "properties": {
        "weight": 1.0
      },
      "geometry": {
        "type": "Point",
        "coordinates": [
          -1.9658284,
          43.3111989
        ]
      }
    },
    {
      "type": "Feature",
      "properties": {
        "weight": 1.0,
        "id": 1606873374,
        "hasDetails": true,
        "name": "El Piporro de la Bixi",
        "amenity": "bar",
        "outdoor_seating": "yes"
      },
      "geometry": {
        "type": "Point",
        "coordinates": [
          -1.9009723,
          43.3112054
        ]
      }
    },
    {
      "type": "Feature",
      "properties": {
        "weight": 1.0,
        "id": 753529814,
        "hasDetails": true,
        "name": "Donostea&Coffee",
        "amenity": "cafe",
        "cuisine": "coffee_shop",
        "address": "Parke kalea 1, Donostia / San Sebasti\u00e1n",
        "website": "https://donostea-and-coffee.negocio.site/",
        "outdoor_seating": "yes"
      },
      "geometry": {
        "type": "Point",
        "coordinates": [
          -1.9799049,
          43.3112153
        ]
      }
    },
    {
      "type": "Feature",
      "properties": {
        "weight": 1.0
      },
      "geometry": {
        "type": "Point",
        "coordinates": [
          -1.9713612,
          43.311218
        ]
      }
    },
    {
      "type": "Feature",
      "properties": {
        "weight": 1.0
      },
      "geometry": {
        "type": "Point",
        "coordinates": [
          -1.914201,
          43.3112343
        ]
      }
    },
    {
      "type": "Feature",
      "properties": {
        "weight": 1.0,
        "id": 1252791308,
        "hasDetails": true,
        "name": "Landabe",
        "amenity": "cafe",
        "address": "Karmelo Etxegarai kalea",
        "opening_hours": "Mo-Fr 07:30-14:00,15:00-19:00; Sa 07:30-13:30",
        "outdoor_seating": "yes"
      },
      "geometry": {
        "type": "Point",
        "coordinates": [
          -2.0061706,
          43.3112732
        ]
      }
    },
    {
      "type": "Feature",
      "properties": {
        "weight": 1.0
      },
      "geometry": {
        "type": "Point",
        "coordinates": [
          -2.0051035,
          43.3113134
        ]
      }
    },
    {
      "type": "Feature",
      "properties": {
        "weight": 1.0
      },
      "geometry": {
        "type": "Point",
        "coordinates": [
          -1.9657913,
          43.3113532
        ]
      }
    },
    {
      "type": "Feature",
      "properties": {
        "weight": 1.0,
        "id": 9005033981,
        "hasDetails": true,
        "name": "Bar Nevada",
        "amenity": "restaurant",
        "cuisine": "spanish;mediterranean;american",
        "address": "Antonio Arzak kalea 4, Donostia / San Sebasti\u00e1n",
        "opening_hours": "09:30-00:00",
        "outdoor_seating": "yes"
      },
      "geometry": {
        "type": "Point",
        "coordinates": [
          -2.0068608,
          43.3114112
        ]
      }
    },
    {
      "type": "Feature",
      "properties": {
        "weight": 1.0,
        "id": 6738426203,
        "hasDetails": true,
        "name": "La Rebotika Brasa Bar&Denda",
        "amenity": "restaurant",
        "cuisine": "regional;chicken;sandwich;coffee_shop;international",
        "address": "Zarautz kalea 6, Donostia / San Sebasti\u00e1n",
        "website": "https://larebotika.es/",
        "opening_hours": "Tu-Fr 07:00-23:30; Sa 10:00-24:00; Su 11:00-16:30",
        "outdoor_seating": "yes"
      },
      "geometry": {
        "type": "Point",
        "coordinates": [
          -2.0052221,
          43.3114466
        ]
      }
    },
    {
      "type": "Feature",
      "properties": {
        "weight": 1.0
      },
      "geometry": {
        "type": "Point",
        "coordinates": [
          -1.9134373,
          43.3114511
        ]
      }
    },
    {
      "type": "Feature",
      "properties": {
        "weight": 1.0,
        "id": 6927058485,
        "hasDetails": true,
        "name": "BBKafe",
        "amenity": "cafe",
        "cuisine": "coffee_shop",
        "address": "Tolosa hiribidea 25",
        "outdoor_seating": "yes"
      },
      "geometry": {
        "type": "Point",
        "coordinates": [
          -2.0081382,
          43.3114665
        ]
      }
    },
    {
      "type": "Feature",
      "properties": {
        "weight": 1.0
      },
      "geometry": {
        "type": "Point",
        "coordinates": [
          -1.9369684,
          43.3114937
        ]
      }
    },
    {
      "type": "Feature",
      "properties": {
        "weight": 1.0
      },
      "geometry": {
        "type": "Point",
        "coordinates": [
          -2.0069326,
          43.3114988
        ]
      }
    },
    {
      "type": "Feature",
      "properties": {
        "weight": 1.0
      },
      "geometry": {
        "type": "Point",
        "coordinates": [
          -1.9108782,
          43.3115347
        ]
      }
    },
    {
      "type": "Feature",
      "properties": {
        "weight": 1.0
      },
      "geometry": {
        "type": "Point",
        "coordinates": [
          -2.005318,
          43.3115507
        ]
      }
    },
    {
      "type": "Feature",
      "properties": {
        "weight": 1.0
      },
      "geometry": {
        "type": "Point",
        "coordinates": [
          -2.0054983,
          43.3115632
        ]
      }
    },
    {
      "type": "Feature",
      "properties": {
        "weight": 1.0
      },
      "geometry": {
        "type": "Point",
        "coordinates": [
          -1.901634,
          43.3116428
        ]
      }
    },
    {
      "type": "Feature",
      "properties": {
        "weight": 1.0
      },
      "geometry": {
        "type": "Point",
        "coordinates": [
          -1.9368584,
          43.3116868
        ]
      }
    },
    {
      "type": "Feature",
      "properties": {
        "weight": 1.0,
        "id": 1606935459,
        "hasDetails": true,
        "name": "Venecia",
        "amenity": "fast_food",
        "cuisine": "pizza",
        "address": "Santa Klara plaza 1",
        "outdoor_seating": "no"
      },
      "geometry": {
        "type": "Point",
        "coordinates": [
          -1.8952954,
          43.311696
        ]
      }
    },
    {
      "type": "Feature",
      "properties": {
        "weight": 1.0,
        "id": 12520264299,
        "hasDetails": true,
        "name": "Bor Bor",
        "amenity": "fast_food",
        "address": "Nemesio Etxaniz kalea 3, Donostia / San Sebasti\u00e1n",
        "website": "https://borbordonosti.com/"
      },
      "geometry": {
        "type": "Point",
        "coordinates": [
          -1.972958,
          43.3116968
        ]
      }
    },
    {
      "type": "Feature",
      "properties": {
        "weight": 1.0,
        "id": 10226165958,
        "hasDetails": true,
        "name": "Gailur",
        "amenity": "bar",
        "outdoor_seating": "yes"
      },
      "geometry": {
        "type": "Point",
        "coordinates": [
          -1.9009038,
          43.3117572
        ]
      }
    },
    {
      "type": "Feature",
      "properties": {
        "weight": 1.0,
        "id": 1606935456,
        "hasDetails": true,
        "name": "Portu",
        "amenity": "bar",
        "cuisine": "portuguese",
        "address": "Santa Klara kalea 19",
        "opening_hours": "Mo-Tu 09:30-23:00; We-Sa 10:00-23:00"
      },
      "geometry": {
        "type": "Point",
        "coordinates": [
          -1.8960434,
          43.31176
        ]
      }
    },
    {
      "type": "Feature",
      "properties": {
        "weight": 1.0,
        "id": 1606554700,
        "hasDetails": true,
        "name": "Amatxi",
        "amenity": "cafe",
        "address": "Santa Klara kalea 16",
        "opening_hours": "Mo-Fr 06:30-15:00,16:00-19:30; Sa,Su 06:30-14:30"
      },
      "geometry": {
        "type": "Point",
        "coordinates": [
          -1.8967264,
          43.3117894
        ]
      }
    },
    {
      "type": "Feature",
      "properties": {
        "weight": 1.0
      },
      "geometry": {
        "type": "Point",
        "coordinates": [
          -2.0002497,
          43.3118999
        ]
      }
    },
    {
      "type": "Feature",
      "properties": {
        "weight": 1.0
      },
      "geometry": {
        "type": "Point",
        "coordinates": [
          -1.9091536,
          43.3119486
        ]
      }
    },
    {
      "type": "Feature",
      "properties": {
        "weight": 1.0,
        "id": 565629337,
        "hasDetails": true,
        "name": "Manuel",
        "amenity": "bar",
        "address": "Madalen kalea 28, Errenteria",
        "outdoor_seating": "yes"
      },
      "geometry": {
        "type": "Point",
        "coordinates": [
          -1.9003081,
          43.3120164
        ]
      }
    },
    {
      "type": "Feature",
      "properties": {
        "weight": 1.0
      },
      "geometry": {
        "type": "Point",
        "coordinates": [
          -1.9713026,
          43.3120316
        ]
      }
    },
    {
      "type": "Feature",
      "properties": {
        "weight": 1.0,
        "id": 10226165956,
        "hasDetails": true,
        "name": "Aralar",
        "amenity": "bar",
        "outdoor_seating": "yes"
      },
      "geometry": {
        "type": "Point",
        "coordinates": [
          -1.9000018,
          43.3120382
        ]
      }
    },
    {
      "type": "Feature",
      "properties": {
        "weight": 1.0,
        "id": 10887401583,
        "hasDetails": true,
        "name": "Malandrino",
        "amenity": "bar",
        "cuisine": "italian;pasta;pizza",
        "address": "Zarautz kalea 2, Donostia / San Sebasti\u00e1n",
        "website": "http://malandrinobar.com",
        "opening_hours": "Mo-Fr 12:30-15:30, 19:30-00:00; Sa 12:30-16:00, 19:30-00:30; Su 12:30-16:00, 19:30-00:30"
      },
      "geometry": {
        "type": "Point",
        "coordinates": [
          -2.0057423,
          43.3120407
        ]
      }
    },
    {
      "type": "Feature",
      "properties": {
        "weight": 1.0,
        "id": 565673826,
        "hasDetails": true,
        "name": "Sun",
        "amenity": "restaurant",
        "address": "Santa Klara kalea 2",
        "outdoor_seating": "no"
      },
      "geometry": {
        "type": "Point",
        "coordinates": [
          -1.8975585,
          43.312044
        ]
      }
    },
    {
      "type": "Feature",
      "properties": {
        "weight": 1.0,
        "id": 11158001870,
        "hasDetails": true,
        "name": "OTK Kebab",
        "amenity": "fast_food",
        "cuisine": "kebab",
        "address": "Tolosa hiribidea 12, Donostia / San Sebasti\u00e1n"
      },
      "geometry": {
        "type": "Point",
        "coordinates": [
          -2.0083868,
          43.3120551
        ]
      }
    },
    {
      "type": "Feature",
      "properties": {
        "weight": 1.0
      },
      "geometry": {
        "type": "Point",
        "coordinates": [
          -1.9110933,
          43.3121121
        ]
      }
    },
    {
      "type": "Feature",
      "properties": {
        "weight": 1.0
      },
      "geometry": {
        "type": "Point",
        "coordinates": [
          -1.9089525,
          43.3121223
        ]
      }
    },
    {
      "type": "Feature",
      "properties": {
        "weight": 1.0,
        "id": 565629335,
        "hasDetails": true,
        "name": "Lekuzarra",
        "amenity": "restaurant",
        "opening_hours": "Mo-Su 10:00-23:00",
        "outdoor_seating": "yes"
      },
      "geometry": {
        "type": "Point",
        "coordinates": [
          -1.8992493,
          43.3121466
        ]
      }
    },
    {
      "type": "Feature",
      "properties": {
        "weight": 1.0,
        "id": 12197363202,
        "hasDetails": true,
        "name": "Lino Kafe",
        "amenity": "cafe",
        "cuisine": "breakfast",
        "address": "Nafarroa etorbidea 29",
        "outdoor_seating": "yes"
      },
      "geometry": {
        "type": "Point",
        "coordinates": [
          -1.8960665,
          43.3121849
        ]
      }
    },
    {
      "type": "Feature",
      "properties": {
        "weight": 1.0,
        "id": 10864900150,
        "hasDetails": true,
        "name": "Telepizza",
        "amenity": "fast_food",
        "cuisine": "pizza",
        "address": "Tolosa hiribidea 13",
        "opening_hours": "Mo-Su,PH 13:00-16:00, Su-Th,PH 19:00-23:30, Fr,Sa 19:00-24:00"
      },
      "geometry": {
        "type": "Point",
        "coordinates": [
          -2.0066078,
          43.3122263
        ]
      }
    },
    {
      "type": "Feature",
      "properties": {
        "weight": 1.0,
        "id": 7151269985,
        "hasDetails": true,
        "name": "BCN 38",
        "amenity": "bar",
        "address": "Barcelona hiribidea 38"
      },
      "geometry": {
        "type": "Point",
        "coordinates": [
          -1.9717254,
          43.3123041
        ]
      }
    },
    {
      "type": "Feature",
      "properties": {
        "weight": 1.0,
        "id": 10978988383,
        "hasDetails": true,
        "name": "La Cucharita",
        "amenity": "cafe",
        "outdoor_seating": "no"
      },
      "geometry": {
        "type": "Point",
        "coordinates": [
          -1.9021534,
          43.3123252
        ]
      }
    },
    {
      "type": "Feature",
      "properties": {
        "weight": 1.0,
        "id": 11215448039,
        "hasDetails": true,
        "name": "Batzoki Errenteria",
        "amenity": "restaurant",
        "website": "https://errenteriakobatzokia.shop"
      },
      "geometry": {
        "type": "Point",
        "coordinates": [
          -1.9015424,
          43.3123266
        ]
      }
    },
    {
      "type": "Feature",
      "properties": {
        "weight": 1.0
      },
      "geometry": {
        "type": "Point",
        "coordinates": [
          -1.9115967,
          43.312396
        ]
      }
    },
    {
      "type": "Feature",
      "properties": {
        "weight": 1.0,
        "id": 12999441801,
        "hasDetails": true,
        "name": "ByB",
        "amenity": "bar",
        "address": "Gamon Zumardia",
        "outdoor_seating": "yes",
        "names": [
          "ByB",
          "Balea"
        ]
      },
      "geometry": {
        "type": "Point",
        "coordinates": [
          -1.8974748,
          43.3124294
        ]
      }
    },
    {
      "type": "Feature",
      "properties": {
        "weight": 1.0,
        "id": 1605209622,
        "hasDetails": true,
        "name": "Pizza Sprint",
        "amenity": "fast_food",
        "cuisine": "pizza",
        "address": "Morrongilleta kalea 3",
        "website": "https://pizzasprinterrenteria.com",
        "opening_hours": "Mo-Su 13:00-16:00, 18:30-22:30"
      },
      "geometry": {
        "type": "Point",
        "coordinates": [
          -1.9016825,
          43.3125105
        ]
      }
    },
    {
      "type": "Feature",
      "properties": {
        "weight": 1.0,
        "id": 392115012,
        "hasDetails": true,
        "name": "Landare",
        "amenity": "bar",
        "outdoor_seating": "no",
        "names": [
          "Landare",
          "Aker"
        ]
      },
      "geometry": {
        "type": "Point",
        "coordinates": [
          -1.9002987,
          43.3125217
        ]
      }
    },
    {
      "type": "Feature",
      "properties": {
        "weight": 1.0,
        "id": 5070373433,
        "hasDetails": true,
        "name": "Via Fora",
        "amenity": "restaurant",
        "address": "Federico Garcia Lorca pasealekua 10",
        "website": "https://www.viaforadonostia.com/",
        "opening_hours": "Mo-Th 10:00-23:00; Fr,Sa 10:00-12:00; Su 10:00-11:00"
      },
      "geometry": {
        "type": "Point",
        "coordinates": [
          -1.9780666,
          43.3125254
        ]
      }
    },
    {
      "type": "Feature",
      "properties": {
        "weight": 1.0,
        "id": 4924294121,
        "hasDetails": true,
        "name": "Trikuharri",
        "amenity": "restaurant",
        "address": "Matia kalea 35",
        "website": "http://www.trikuharrijatetxea.com",
        "opening_hours": "Mo-Su 12:30-23:00"
      },
      "geometry": {
        "type": "Point",
        "coordinates": [
          -2.0042141,
          43.3125462
        ]
      }
    },
    {
      "type": "Feature",
      "properties": {
        "weight": 1.0,
        "id": 565629367,
        "hasDetails": true,
        "name": "Gamon 14",
        "amenity": "restaurant",
        "address": "14, Errenteria",
        "website": "https://www.gamon14.com/",
        "outdoor_seating": "yes"
      },
      "geometry": {
        "type": "Point",
        "coordinates": [
          -1.8976302,
          43.3125742
        ]
      }
    },
    {
      "type": "Feature",
      "properties": {
        "weight": 1.0,
        "id": 459654980,
        "hasDetails": true,
        "name": "Mikelazulo",
        "amenity": "cafe",
        "outdoor_seating": "no"
      },
      "geometry": {
        "type": "Point",
        "coordinates": [
          -1.8982083,
          43.3126068
        ]
      }
    },
    {
      "type": "Feature",
      "properties": {
        "weight": 1.0,
        "id": 565629363,
        "hasDetails": true,
        "name": "Etxeondo",
        "amenity": "bar",
        "outdoor_seating": "yes"
      },
      "geometry": {
        "type": "Point",
        "coordinates": [
          -1.8977268,
          43.3126331
        ]
      }
    },
    {
      "type": "Feature",
      "properties": {
        "weight": 1.0,
        "id": 5010266073,
        "hasDetails": true,
        "name": "Platero",
        "amenity": "pub",
        "address": "Matia kalea 33"
      },
      "geometry": {
        "type": "Point",
        "coordinates": [
          -2.004023,
          43.3126478
        ]
      }
    },
    {
      "type": "Feature",
      "properties": {
        "weight": 1.0,
        "id": 4717178051,
        "hasDetails": true,
        "name": "Gasteiz Bar-Restaurante",
        "amenity": "restaurant",
        "address": "Gasteiz kalea 12",
        "website": "http://www.restaurantegasteiz.com/"
      },
      "geometry": {
        "type": "Point",
        "coordinates": [
          -2.0080188,
          43.3126544
        ]
      }
    },
    {
      "type": "Feature",
      "properties": {
        "weight": 1.0,
        "id": 11597658593,
        "hasDetails": true,
        "name": "Izei",
        "amenity": "cafe",
        "cuisine": "coffee_shop"
      },
      "geometry": {
        "type": "Point",
        "coordinates": [
          -1.9544498,
          43.3126868
        ]
      }
    },
    {
      "type": "Feature",
      "properties": {
        "weight": 1.0,
        "id": 565629360,
        "hasDetails": true,
        "name": "Kerala",
        "amenity": "bar",
        "address": "14",
        "outdoor_seating": "yes",
        "names": [
          "Kerala",
          "De Cyne Reyna"
        ]
      },
      "geometry": {
        "type": "Point",
        "coordinates": [
          -1.8978251,
          43.3126997
        ]
      }
    },
    {
      "type": "Feature",
      "properties": {
        "weight": 1.0,
        "id": 10864900153,
        "hasDetails": true,
        "name": "Campus",
        "amenity": "bar",
        "website": "https://www.barcampus.es/"
      },
      "geometry": {
        "type": "Point",
        "coordinates": [
          -2.009315,
          43.3127006
        ]
      }
    },
    {
      "type": "Feature",
      "properties": {
        "weight": 1.0,
        "id": 13322888703,
        "hasDetails": true,
        "name": "Bar Kaizen",
        "amenity": "fast_food",
        "cuisine": "kebab"
      },
      "geometry": {
        "type": "Point",
        "coordinates": [
          -1.9566958,
          43.3127006
        ]
      }
    },
    {
      "type": "Feature",
      "properties": {
        "weight": 1.0,
        "id": 7606895895,
        "hasDetails": true,
        "name": "Cornelio Etxea",
        "amenity": "food_court",
        "address": "Andre Mari kalea 9, Errenteria",
        "website": "https://www.cornelioetxea.com",
        "outdoor_seating": "no",
        "names": [
          "Cornelio Etxea",
          "Gaztelu"
        ],
        "amenities": [
          "food_court",
          "restaurant"
        ]
      },
      "geometry": {
        "type": "Point",
        "coordinates": [
          -1.8991259,
          43.3127492
        ]
      }
    },
    {
      "type": "Feature",
      "properties": {
        "weight": 1.0,
        "id": 371578108,
        "hasDetails": true,
        "name": "Arkaitza",
        "amenity": "bar",
        "opening_hours": "Tu-Th 10:00-24:00, Fr 10:00-03:00, Sa 11:00-03:00, Su 11:00-24:00",
        "outdoor_seating": "yes",
        "names": [
          "Arkaitza",
          "Boga Berri"
        ]
      },
      "geometry": {
        "type": "Point",
        "coordinates": [
          -1.897953,
          43.3127799
        ]
      }
    },
    {
      "type": "Feature",
      "properties": {
        "weight": 1.0
      },
      "geometry": {
        "type": "Point",
        "coordinates": [
          -1.9582726,
          43.3127854
        ]
      }
    },
    {
      "type": "Feature",
      "properties": {
        "weight": 1.0
      },
      "geometry": {
        "type": "Point",
        "coordinates": [
          -2.0041795,
          43.3128156
        ]
      }
    },
    {
      "type": "Feature",
      "properties": {
        "weight": 1.0
      },
      "geometry": {
        "type": "Point",
        "coordinates": [
          -1.9389427,
          43.3128214
        ]
      }
    },
    {
      "type": "Feature",
      "properties": {
        "weight": 1.0,
        "id": 11188746101,
        "hasDetails": true,
        "name": "Aveniu",
        "amenity": "restaurant",
        "address": "Pablo Gorosabel kalea 3",
        "website": "https://www.aveniu.es/"
      },
      "geometry": {
        "type": "Point",
        "coordinates": [
          -1.9720504,
          43.3128431
        ]
      }
    },
    {
      "type": "Feature",
      "properties": {
        "weight": 1.0
      },
      "geometry": {
        "type": "Point",
        "coordinates": [
          -1.8986374,
          43.3128578
        ]
      }
    },
    {
      "type": "Feature",
      "properties": {
        "weight": 1.0,
        "id": 371578097,
        "hasDetails": true,
        "name": "Ondartxo",
        "amenity": "bar",
        "outdoor_seating": "yes"
      },
      "geometry": {
        "type": "Point",
        "coordinates": [
          -1.8980834,
          43.3128589
        ]
      }
    },
    {
      "type": "Feature",
      "properties": {
        "weight": 1.0,
        "id": 1325077267,
        "hasDetails": true,
        "name": "Euskal Pizza",
        "amenity": "fast_food",
        "cuisine": "pizza",
        "website": "https://www.euskalpizza.com"
      },
      "geometry": {
        "type": "Point",
        "coordinates": [
          -1.9581814,
          43.312883
        ]
      }
    },
    {
      "type": "Feature",
      "properties": {
        "weight": 1.0,
        "id": 7606895888,
        "hasDetails": true,
        "name": "Zuketz",
        "amenity": "bar",
        "outdoor_seating": "yes"
      },
      "geometry": {
        "type": "Point",
        "coordinates": [
          -1.9012783,
          43.3128906
        ]
      }
    },
    {
      "type": "Feature",
      "properties": {
        "weight": 1.0
      },
      "geometry": {
        "type": "Point",
        "coordinates": [
          -1.904573,
          43.3129667
        ]
      }
    },
    {
      "type": "Feature",
      "properties": {
        "weight": 1.0,
        "id": 4509781789,
        "hasDetails": true,
        "name": "La Mila Milanesa",
        "amenity": "restaurant",
        "address": "Gasteiz kalea 5",
        "website": "https://lamila.es/"
      },
      "geometry": {
        "type": "Point",
        "coordinates": [
          -2.0073475,
          43.3129763
        ]
      }
    },
    {
      "type": "Feature",
      "properties": {
        "weight": 1.0,
        "id": 13708387984,
        "hasDetails": true,
        "name": "Kukuarri",
        "amenity": "restaurant",
        "website": "https://www.restaurantekukuarri.com"
      },
      "geometry": {
        "type": "Point",
        "coordinates": [
          -2.0067796,
          43.3130119
        ]
      }
    },
    {
      "type": "Feature",
      "properties": {
        "weight": 1.0,
        "id": 372900672,
        "hasDetails": true,
        "name": "Lanai kafetegia",
        "amenity": "cafe",
        "address": "Santxoenea kalea 23",
        "outdoor_seating": "yes"
      },
      "geometry": {
        "type": "Point",
        "coordinates": [
          -1.8996163,
          43.3130335
        ]
      }
    },
    {
      "type": "Feature",
      "properties": {
        "weight": 1.0,
        "id": 7603733997,
        "hasDetails": true,
        "name": "Otordu",
        "amenity": "food_court",
        "outdoor_seating": "no"
      },
      "geometry": {
        "type": "Point",
        "coordinates": [
          -1.8993614,
          43.3130545
        ]
      }
    },
    {
      "type": "Feature",
      "properties": {
        "weight": 1.0,
        "id": 6404193386,
        "hasDetails": true,
        "name": "M'Mart\u00edn",
        "amenity": "restaurant",
        "website": "https://restaurantemartin.es/"
      },
      "geometry": {
        "type": "Point",
        "coordinates": [
          -2.007149,
          43.3130758
        ]
      }
    },
    {
      "type": "Feature",
      "properties": {
        "weight": 1.0,
        "id": 12198942777,
        "hasDetails": true,
        "name": "Kebab",
        "amenity": "fast_food",
        "outdoor_seating": "no"
      },
      "geometry": {
        "type": "Point",
        "coordinates": [
          -1.8985249,
          43.3130779
        ]
      }
    },
    {
      "type": "Feature",
      "properties": {
        "weight": 1.0,
        "id": 6539590586,
        "hasDetails": true,
        "name": "Amarako abad\u00eda",
        "amenity": "bar",
        "address": "Autonomia kalea 9"
      },
      "geometry": {
        "type": "Point",
        "coordinates": [
          -1.9822007,
          43.3130784
        ]
      }
    },
    {
      "type": "Feature",
      "properties": {
        "weight": 1.0
      },
      "geometry": {
        "type": "Point",
        "coordinates": [
          -1.9394677,
          43.3131334
        ]
      }
    },
    {
      "type": "Feature",
      "properties": {
        "weight": 1.0,
        "id": 168045929,
        "hasDetails": true,
        "name": "Restaurante Rekondo",
        "amenity": "restaurant",
        "address": "Igeldo pasealekua 57, Donostia / San Sebasti\u00e1n",
        "website": "https://www.rekondo.com/"
      },
      "geometry": {
        "type": "Point",
        "coordinates": [
          -2.0112746,
          43.3131417
        ]
      }
    },
    {
      "type": "Feature",
      "properties": {
        "weight": 1.0
      },
      "geometry": {
        "type": "Point",
        "coordinates": [
          -1.9040558,
          43.3131971
        ]
      }
    },
    {
      "type": "Feature",
      "properties": {
        "weight": 1.0
      },
      "geometry": {
        "type": "Point",
        "coordinates": [
          -2.0068704,
          43.3132327
        ]
      }
    },
    {
      "type": "Feature",
      "properties": {
        "weight": 1.0,
        "id": 11001459729,
        "hasDetails": true,
        "name": "Yon Gallardo",
        "amenity": "ice_cream",
        "address": "Santxoenea kalea 22, Errenteria",
        "website": "https://yongallardo.com",
        "outdoor_seating": "no",
        "names": [
          "Yon Gallardo",
          "Benito"
        ],
        "amenities": [
          "ice_cream",
          "bar"
        ]
      },
      "geometry": {
        "type": "Point",
        "coordinates": [
          -1.8991535,
          43.3132356
        ]
      }
    },
    {
      "type": "Feature",
      "properties": {
        "weight": 1.0,
        "id": 10887401579,
        "hasDetails": true,
        "name": "Kaori",
        "amenity": "restaurant",
        "cuisine": "japanese",
        "address": "Zumalakarregi hiribidea 25, Donostia / San Sebasti\u00e1n"
      },
      "geometry": {
        "type": "Point",
        "coordinates": [
          -2.0049184,
          43.3132646
        ]
      }
    },
    {
      "type": "Feature",
      "properties": {
        "weight": 1.0,
        "id": 4167643061,
        "hasDetails": true,
        "name": "Arantxa",
        "amenity": "bar",
        "opening_hours": "off"
      },
      "geometry": {
        "type": "Point",
        "coordinates": [
          -1.9397581,
          43.3132742
        ]
      }
    },
    {
      "type": "Feature",
      "properties": {
        "weight": 1.0,
        "id": 7133531785,
        "hasDetails": true,
        "name": "La mera mera",
        "amenity": "restaurant",
        "cuisine": "mexican",
        "address": "Matia kalea 38"
      },
      "geometry": {
        "type": "Point",
        "coordinates": [
          -2.0033529,
          43.3132887
        ]
      }
    },
    {
      "type": "Feature",
      "properties": {
        "weight": 1.0
      },
      "geometry": {
        "type": "Point",
        "coordinates": [
          -1.9392531,
          43.3132953
        ]
      }
    },
    {
      "type": "Feature",
      "properties": {
        "weight": 1.0
      },
      "geometry": {
        "type": "Point",
        "coordinates": [
          -1.9111618,
          43.3133139
        ]
      }
    },
    {
      "type": "Feature",
      "properties": {
        "weight": 1.0,
        "id": 10882875441,
        "hasDetails": true,
        "name": "Kapela",
        "amenity": "bar",
        "website": "https://barkapela.com/"
      },
      "geometry": {
        "type": "Point",
        "coordinates": [
          -2.0069045,
          43.3133321
        ]
      }
    },
    {
      "type": "Feature",
      "properties": {
        "weight": 1.0,
        "id": 567006630,
        "hasDetails": true,
        "name": "Isla del Sol",
        "amenity": "fast_food",
        "cuisine": "chinese"
      },
      "geometry": {
        "type": "Point",
        "coordinates": [
          -1.9809486,
          43.3133974
        ]
      }
    },
    {
      "type": "Feature",
      "properties": {
        "weight": 1.0
      },
      "geometry": {
        "type": "Point",
        "coordinates": [
          -1.956993,
          43.3134615
        ]
      }
    },
    {
      "type": "Feature",
      "properties": {
        "weight": 1.0,
        "id": 5010268961,
        "hasDetails": true,
        "name": "Bouquet",
        "amenity": "restaurant",
        "address": "Logro\u00f1o kalea 5, Donostia / San Sebasti\u00e1n"
      },
      "geometry": {
        "type": "Point",
        "coordinates": [
          -2.0070183,
          43.3134702
        ]
      }
    },
    {
      "type": "Feature",
      "properties": {
        "weight": 1.0,
        "id": 10917713321,
        "hasDetails": true,
        "name": "Chicken Please",
        "amenity": "fast_food",
        "cuisine": "chicken",
        "website": "https://chickenplease.es/"
      },
      "geometry": {
        "type": "Point",
        "coordinates": [
          -1.9808272,
          43.3134852
        ]
      }
    },
    {
      "type": "Feature",
      "properties": {
        "weight": 1.0,
        "id": 1413349393,
        "hasDetails": true,
        "name": "Maite",
        "amenity": "bar",
        "wikidata": "Q137761237",
        "outdoor_seating": "yes",
        "names": [
          "Maite",
          "Maritxu"
        ]
      },
      "geometry": {
        "type": "Point",
        "coordinates": [
          -1.8990445,
          43.3135145
        ]
      }
    },
    {
      "type": "Feature",
      "properties": {
        "weight": 1.0
      },
      "geometry": {
        "type": "Point",
        "coordinates": [
          -1.9390349,
          43.313546
        ]
      }
    },
    {
      "type": "Feature",
      "properties": {
        "weight": 1.0,
        "id": 11197310585,
        "hasDetails": true,
        "name": "Oliyos",
        "amenity": "bar",
        "outdoor_seating": "yes"
      },
      "geometry": {
        "type": "Point",
        "coordinates": [
          -2.0016951,
          43.313554
        ]
      }
    },
    {
      "type": "Feature",
      "properties": {
        "weight": 1.0,
        "id": 372900661,
        "hasDetails": true,
        "name": "Bixigarri Gastroteka",
        "amenity": "pub",
        "address": "Biteri kalea 27",
        "website": "https://www.gastrobixigarri.com/proposamena-propuesta/"
      },
      "geometry": {
        "type": "Point",
        "coordinates": [
          -1.9017827,
          43.3135665
        ]
      }
    },
    {
      "type": "Feature",
      "properties": {
        "weight": 1.0,
        "id": 12859284401,
        "hasDetails": true,
        "name": "La Cepa",
        "amenity": "restaurant",
        "address": "Biteri kalea 26",
        "names": [
          "La Cepa",
          "Bite Gastropub"
        ],
        "amenities": [
          "restaurant",
          "pub"
        ]
      },
      "geometry": {
        "type": "Point",
        "coordinates": [
          -1.9015734,
          43.3136436
        ]
      }
    },
    {
      "type": "Feature",
      "properties": {
        "weight": 1.0,
        "id": 1605209641,
        "hasDetails": true,
        "name": "Kebab Niessen",
        "amenity": "fast_food",
        "cuisine": "kebab",
        "names": [
          "Kebab Niessen",
          "Telepizza"
        ]
      },
      "geometry": {
        "type": "Point",
        "coordinates": [
          -1.9011622,
          43.3136717
        ]
      }
    },
    {
      "type": "Feature",
      "properties": {
        "weight": 1.0,
        "id": 12192638701,
        "hasDetails": true,
        "name": "Yakura",
        "amenity": "restaurant",
        "cuisine": "japanese",
        "address": "Bizente Elizegi kalea 7",
        "website": "https://bar-yakura.eatbu.com/?lang=es",
        "opening_hours": "Mo 08:00-15:30, 18:45-23:00; Tu-Th 08:00-15:30, 18:45-23:30; Fr-Sa 08:00-15:30, 18:45-00:00",
        "outdoor_seating": "yes"
      },
      "geometry": {
        "type": "Point",
        "coordinates": [
          -1.8998775,
          43.3136892
        ]
      }
    },
    {
      "type": "Feature",
      "properties": {
        "weight": 1.0,
        "id": 6539590588,
        "hasDetails": true,
        "name": "Erdiko",
        "amenity": "bar",
        "address": "Autonomia kalea"
      },
      "geometry": {
        "type": "Point",
        "coordinates": [
          -1.9825014,
          43.3136894
        ]
      }
    },
    {
      "type": "Feature",
      "properties": {
        "weight": 1.0,
        "id": 13483626701,
        "hasDetails": true,
        "name": "Bar M\u00f3naco",
        "amenity": "pub",
        "address": "Mandoegi kalea 8",
        "opening_hours": "Mo-Su 09:00-23:00"
      },
      "geometry": {
        "type": "Point",
        "coordinates": [
          -1.909237,
          43.3137149
        ]
      }
    },
    {
      "type": "Feature",
      "properties": {
        "weight": 1.0
      },
      "geometry": {
        "type": "Point",
        "coordinates": [
          -1.9396186,
          43.3137152
        ]
      }
    },
    {
      "type": "Feature",
      "properties": {
        "weight": 1.0,
        "id": 9449908646,
        "hasDetails": true,
        "name": "Bar Aurrera",
        "amenity": "bar",
        "outdoor_seating": "yes"
      },
      "geometry": {
        "type": "Point",
        "coordinates": [
          -1.8981796,
          43.31372
        ]
      }
    },
    {
      "type": "Feature",
      "properties": {
        "weight": 1.0,
        "id": 7546313289,
        "hasDetails": true,
        "name": "Restaurante Akari",
        "amenity": "restaurant",
        "cuisine": "japanese;basque",
        "address": "Amara kalea 14, Donostia / San Sebasti\u00e1n",
        "website": "https://www.akari.restaurant"
      },
      "geometry": {
        "type": "Point",
        "coordinates": [
          -1.9833191,
          43.3137496
        ]
      }
    },
    {
      "type": "Feature",
      "properties": {
        "weight": 1.0,
        "id": 12180399181,
        "hasDetails": true,
        "name": "Artola",
        "amenity": "bar",
        "address": "Osasun Iturria kalea 1, Donostia / San Sebasti\u00e1n"
      },
      "geometry": {
        "type": "Point",
        "coordinates": [
          -1.9827429,
          43.3137554
        ]
      }
    },
    {
      "type": "Feature",
      "properties": {
        "weight": 1.0,
        "id": 9449908641,
        "hasDetails": true,
        "name": "Donosti sagardotegia",
        "amenity": "restaurant",
        "cuisine": "regional",
        "address": "Zamalbide kalea 8",
        "website": "https://txotxing.blogspot.com/2008/06/donosti-sagardotegia-errenteria.html",
        "opening_hours": "Mo-We 13:30-15:00; Th-Sa 13:30-15:00, 20:30-23:00",
        "outdoor_seating": "no"
      },
      "geometry": {
        "type": "Point",
        "coordinates": [
          -1.8976061,
          43.313776
        ]
      }
    },
    {
      "type": "Feature",
      "properties": {
        "weight": 1.0,
        "id": 12860342103,
        "hasDetails": true,
        "name": "Txiki Tako takoak",
        "amenity": "restaurant",
        "cuisine": "mexican",
        "address": "Kristobal Gamon kalea 6",
        "website": "http://txikitako.com",
        "opening_hours": "We-Su 13:00-16:30, 19:00-22:00"
      },
      "geometry": {
        "type": "Point",
        "coordinates": [
          -1.8973622,
          43.313811
        ]
      }
    },
    {
      "type": "Feature",
      "properties": {
        "weight": 1.0,
        "id": 1413355749,
        "hasDetails": true,
        "name": "Savora",
        "amenity": "bar",
        "address": "Alfontso XI. kalea 10, Errenteria",
        "website": "https://www.savora.es"
      },
      "geometry": {
        "type": "Point",
        "coordinates": [
          -1.9012847,
          43.3138141
        ]
      }
    },
    {
      "type": "Feature",
      "properties": {
        "weight": 1.0
      },
      "geometry": {
        "type": "Point",
        "coordinates": [
          -1.9102026,
          43.3138154
        ]
      }
    },
    {
      "type": "Feature",
      "properties": {
        "weight": 1.0
      },
      "geometry": {
        "type": "Point",
        "coordinates": [
          -1.9009548,
          43.3138375
        ]
      }
    },
    {
      "type": "Feature",
      "properties": {
        "weight": 1.0,
        "id": 12749873701,
        "hasDetails": true,
        "name": "La Fonda",
        "amenity": "cafe",
        "website": "https://www.instagram.com/coffeebarfonda/"
      },
      "geometry": {
        "type": "Point",
        "coordinates": [
          -1.983888,
          43.313851
        ]
      }
    },
    {
      "type": "Feature",
      "properties": {
        "weight": 1.0,
        "id": 13714518866,
        "hasDetails": true,
        "name": "La Burguesia",
        "amenity": "restaurant",
        "cuisine": "Hamburguesas"
      },
      "geometry": {
        "type": "Point",
        "coordinates": [
          -1.9834419,
          43.3138545
        ]
      }
    },
    {
      "type": "Feature",
      "properties": {
        "weight": 1.0,
        "id": 8941886750,
        "hasDetails": true,
        "name": "Tandoori Mashala",
        "amenity": "restaurant",
        "cuisine": "indian",
        "address": "Matia kalea 7, Donostia / San Sebasti\u00e1n",
        "website": "https://www.tandoorimashalaindianrestaurant.com/"
      },
      "geometry": {
        "type": "Point",
        "coordinates": [
          -2.0013464,
          43.3138696
        ]
      }
    },
    {
      "type": "Feature",
      "properties": {
        "weight": 1.0
      },
      "geometry": {
        "type": "Point",
        "coordinates": [
          -1.9393343,
          43.3138714
        ]
      }
    },
    {
      "type": "Feature",
      "properties": {
        "weight": 1.0,
        "id": 11158001849,
        "hasDetails": true,
        "name": "Cervecer\u00eda del Antiguo",
        "amenity": "restaurant",
        "address": "Istingorra kalea 1, Donostia / San Sebasti\u00e1n",
        "outdoor_seating": "yes"
      },
      "geometry": {
        "type": "Point",
        "coordinates": [
          -2.0007439,
          43.313875
        ]
      }
    },
    {
      "type": "Feature",
      "properties": {
        "weight": 1.0,
        "id": 11806567433,
        "hasDetails": true,
        "name": "Maryan",
        "amenity": "cafe",
        "cuisine": "coffee_shop",
        "address": "Larrunarri kalea 11"
      },
      "geometry": {
        "type": "Point",
        "coordinates": [
          -1.9105146,
          43.313883
        ]
      }
    },
    {
      "type": "Feature",
      "properties": {
        "weight": 1.0
      },
      "geometry": {
        "type": "Point",
        "coordinates": [
          -1.9008448,
          43.3139039
        ]
      }
    },
    {
      "type": "Feature",
      "properties": {
        "weight": 1.0,
        "id": 540381955,
        "hasDetails": true,
        "name": "Pizza Sprint",
        "amenity": "fast_food",
        "cuisine": "pizza",
        "address": "Altza pasealekua, Donostia / San Sebasti\u00e1n"
      },
      "geometry": {
        "type": "Point",
        "coordinates": [
          -1.9343935,
          43.3139284
        ]
      }
    },
    {
      "type": "Feature",
      "properties": {
        "weight": 1.0,
        "id": 13709010250,
        "hasDetails": true,
        "name": "Adamo Easo",
        "amenity": "fast_food",
        "cuisine": "spanish"
      },
      "geometry": {
        "type": "Point",
        "coordinates": [
          -1.9826738,
          43.31393
        ]
      }
    },
    {
      "type": "Feature",
      "properties": {
        "weight": 1.0
      },
      "geometry": {
        "type": "Point",
        "coordinates": [
          -1.9825727,
          43.3139882
        ]
      }
    },
    {
      "type": "Feature",
      "properties": {
        "weight": 1.0,
        "id": 12192641401,
        "hasDetails": true,
        "name": "Bar Amets",
        "amenity": "bar",
        "address": "Biteri kalea 34"
      },
      "geometry": {
        "type": "Point",
        "coordinates": [
          -1.9021628,
          43.3139974
        ]
      }
    },
    {
      "type": "Feature",
      "properties": {
        "weight": 1.0,
        "id": 12860959701,
        "hasDetails": true,
        "name": "Bar El Que Faltaba",
        "amenity": "pub",
        "address": "Alfontso XI. kalea 3"
      },
      "geometry": {
        "type": "Point",
        "coordinates": [
          -1.9018048,
          43.3140128
        ]
      }
    },
    {
      "type": "Feature",
      "properties": {
        "weight": 1.0,
        "id": 14214335901,
        "hasDetails": true,
        "name": "Orburu",
        "amenity": "restaurant",
        "address": "Istingorra kalea"
      },
      "geometry": {
        "type": "Point",
        "coordinates": [
          -2.0014949,
          43.3140503
        ]
      }
    },
    {
      "type": "Feature",
      "properties": {
        "weight": 1.0,
        "id": 5443912421,
        "hasDetails": true,
        "name": "El Bistro",
        "amenity": "restaurant",
        "address": "Gasteiz kalea 2, Donostia / San Sebasti\u00e1n",
        "website": "https://www.bistroondarreta.com/"
      },
      "geometry": {
        "type": "Point",
        "coordinates": [
          -2.0052197,
          43.3140784
        ]
      }
    },
    {
      "type": "Feature",
      "properties": {
        "weight": 1.0,
        "id": 7471395480,
        "hasDetails": true,
        "name": "Bar Biteri",
        "amenity": "bar",
        "address": "Biteri kalea 39",
        "outdoor_seating": "yes"
      },
      "geometry": {
        "type": "Point",
        "coordinates": [
          -1.9027181,
          43.3141103
        ]
      }
    },
    {
      "type": "Feature",
      "properties": {
        "weight": 1.0,
        "id": 12192641601,
        "hasDetails": true,
        "name": "Bar Izar",
        "amenity": "bar",
        "address": "Segundo Izpizua kalea 2"
      },
      "geometry": {
        "type": "Point",
        "coordinates": [
          -1.9023905,
          43.3141376
        ]
      }
    },
    {
      "type": "Feature",
      "properties": {
        "weight": 1.0
      },
      "geometry": {
        "type": "Point",
        "coordinates": [
          -1.9015812,
          43.3141613
        ]
      }
    },
    {
      "type": "Feature",
      "properties": {
        "weight": 1.0
      },
      "geometry": {
        "type": "Point",
        "coordinates": [
          -2.0015212,
          43.3141734
        ]
      }
    },
    {
      "type": "Feature",
      "properties": {
        "weight": 1.0,
        "id": 1605241117,
        "hasDetails": true,
        "name": "Muga",
        "amenity": "restaurant",
        "address": "Nafarroa etorbidea 59, Errenteria",
        "outdoor_seating": "yes"
      },
      "geometry": {
        "type": "Point",
        "coordinates": [
          -1.8997342,
          43.3142051
        ]
      }
    },
    {
      "type": "Feature",
      "properties": {
        "weight": 1.0,
        "id": 13083874601,
        "hasDetails": true,
        "name": "Izadi",
        "amenity": "bar",
        "address": "Alfontso XI. kalea 9"
      },
      "geometry": {
        "type": "Point",
        "coordinates": [
          -1.9014789,
          43.3142292
        ]
      }
    },
    {
      "type": "Feature",
      "properties": {
        "weight": 1.0,
        "id": 12192674901,
        "hasDetails": true,
        "name": "Lekuona kafetegia",
        "amenity": "restaurant",
        "address": "Urantzu kalea"
      },
      "geometry": {
        "type": "Point",
        "coordinates": [
          -1.8987175,
          43.3142447
        ]
      }
    },
    {
      "type": "Feature",
      "properties": {
        "weight": 1.0,
        "id": 6539678485,
        "hasDetails": true,
        "name": "Esnaola",
        "amenity": "bar",
        "address": "Moraza kalea"
      },
      "geometry": {
        "type": "Point",
        "coordinates": [
          -1.9813034,
          43.3142587
        ]
      }
    },
    {
      "type": "Feature",
      "properties": {
        "weight": 1.0
      },
      "geometry": {
        "type": "Point",
        "coordinates": [
          -1.9825782,
          43.3142719
        ]
      }
    },
    {
      "type": "Feature",
      "properties": {
        "weight": 1.0
      },
      "geometry": {
        "type": "Point",
        "coordinates": [
          -2.0014739,
          43.3143826
        ]
      }
    },
    {
      "type": "Feature",
      "properties": {
        "weight": 1.0,
        "id": 8237197186,
        "hasDetails": true,
        "name": "Lapurdiko Pizzak",
        "amenity": "restaurant",
        "cuisine": "pizza",
        "address": "Ikutza Kortsarioa kalea 1, Errenteria",
        "website": "https://lapurdikopizzak.com/menu/",
        "opening_hours": "24/7",
        "outdoor_seating": "no"
      },
      "geometry": {
        "type": "Point",
        "coordinates": [
          -1.9034922,
          43.314388
        ]
      }
    },
    {
      "type": "Feature",
      "properties": {
        "weight": 1.0,
        "id": 6539670385,
        "hasDetails": true,
        "name": "Casa Javier",
        "amenity": "bar",
        "address": "Easo plaza 4, Donostia / San Sebasti\u00e1n"
      },
      "geometry": {
        "type": "Point",
        "coordinates": [
          -1.9825704,
          43.3143894
        ]
      }
    },
    {
      "type": "Feature",
      "properties": {
        "weight": 1.0
      },
      "geometry": {
        "type": "Point",
        "coordinates": [
          -2.0012773,
          43.3144832
        ]
      }
    },
    {
      "type": "Feature",
      "properties": {
        "weight": 1.0,
        "id": 5888759614,
        "hasDetails": true,
        "name": "La Bodeguilla",
        "amenity": "bar",
        "address": "Easo plaza 3, Donostia / San Sebasti\u00e1n",
        "outdoor_seating": "yes"
      },
      "geometry": {
        "type": "Point",
        "coordinates": [
          -1.9825628,
          43.3144967
        ]
      }
    },
    {
      "type": "Feature",
      "properties": {
        "weight": 1.0,
        "id": 12000322492,
        "hasDetails": true,
        "name": "Do\u00f1a chepina",
        "amenity": "restaurant",
        "cuisine": "regional",
        "address": "Arroka kalea 2, Donostia / San Sebasti\u00e1n",
        "website": "https://www.donachepina.com/",
        "opening_hours": "Tu-We 11:30-17:00; Th-Fr 11:30-23:00; Sa 11:30-24:00; Mo,Su off"
      },
      "geometry": {
        "type": "Point",
        "coordinates": [
          -1.9828599,
          43.314599
        ]
      }
    },
    {
      "type": "Feature",
      "properties": {
        "weight": 1.0
      },
      "geometry": {
        "type": "Point",
        "coordinates": [
          -1.9801712,
          43.3146098
        ]
      }
    },
    {
      "type": "Feature",
      "properties": {
        "weight": 1.0
      },
      "geometry": {
        "type": "Point",
        "coordinates": [
          -1.9389491,
          43.3146232
        ]
      }
    },
    {
      "type": "Feature",
      "properties": {
        "weight": 1.0
      },
      "geometry": {
        "type": "Point",
        "coordinates": [
          -1.9825425,
          43.3146299
        ]
      }
    },
    {
      "type": "Feature",
      "properties": {
        "weight": 1.0,
        "id": 2152343068,
        "hasDetails": true,
        "name": "I\u00f1aki",
        "amenity": "bar",
        "opening_hours": "Mo-Su 08:00-20:00",
        "outdoor_seating": "yes"
      },
      "geometry": {
        "type": "Point",
        "coordinates": [
          -1.9029817,
          43.3146483
        ]
      }
    },
    {
      "type": "Feature",
      "properties": {
        "weight": 1.0
      },
      "geometry": {
        "type": "Point",
        "coordinates": [
          -2.0009711,
          43.3146655
        ]
      }
    },
    {
      "type": "Feature",
      "properties": {
        "weight": 1.0,
        "id": 2152343064,
        "hasDetails": true,
        "name": "Axa",
        "amenity": "cafe",
        "outdoor_seating": "yes",
        "names": [
          "Axa",
          "Oiartzun"
        ],
        "amenities": [
          "cafe",
          "bar"
        ]
      },
      "geometry": {
        "type": "Point",
        "coordinates": [
          -1.9027418,
          43.3146681
        ]
      }
    },
    {
      "type": "Feature",
      "properties": {
        "weight": 1.0
      },
      "geometry": {
        "type": "Point",
        "coordinates": [
          -1.9033489,
          43.3146714
        ]
      }
    },
    {
      "type": "Feature",
      "properties": {
        "weight": 1.0,
        "id": 1605241109,
        "hasDetails": true,
        "name": "Lekuona",
        "amenity": "cafe",
        "address": "Nafarroa etorbidea 65, Errenteria"
      },
      "geometry": {
        "type": "Point",
        "coordinates": [
          -1.9012356,
          43.3146728
        ]
      }
    },
    {
      "type": "Feature",
      "properties": {
        "weight": 1.0,
        "id": 875828337,
        "hasDetails": true,
        "name": "Stick Cocktails",
        "amenity": "pub",
        "address": "Nafarroa etorbidea 69 bis",
        "website": "http://www.stickcocktails.com",
        "outdoor_seating": "yes"
      },
      "geometry": {
        "type": "Point",
        "coordinates": [
          -1.9023444,
          43.3147403
        ]
      }
    },
    {
      "type": "Feature",
      "properties": {
        "weight": 1.0
      },
      "geometry": {
        "type": "Point",
        "coordinates": [
          -1.9188112,
          43.3147562
        ]
      }
    },
    {
      "type": "Feature",
      "properties": {
        "weight": 1.0,
        "id": 1605241113,
        "hasDetails": true,
        "name": "Gran Muralla",
        "amenity": "restaurant",
        "cuisine": "chinese",
        "address": "Nafarroa etorbidea 75, Errenteria",
        "outdoor_seating": "no"
      },
      "geometry": {
        "type": "Point",
        "coordinates": [
          -1.902984,
          43.3147805
        ]
      }
    },
    {
      "type": "Feature",
      "properties": {
        "weight": 1.0,
        "id": 10919373315,
        "hasDetails": true,
        "name": "Iru",
        "amenity": "cafe",
        "cuisine": "coffee_shop"
      },
      "geometry": {
        "type": "Point",
        "coordinates": [
          -1.9803876,
          43.3148509
        ]
      }
    },
    {
      "type": "Feature",
      "properties": {
        "weight": 1.0
      },
      "geometry": {
        "type": "Point",
        "coordinates": [
          -1.9814848,
          43.3148912
        ]
      }
    },
    {
      "type": "Feature",
      "properties": {
        "weight": 1.0,
        "id": 8988591517,
        "hasDetails": true,
        "name": "La Madame",
        "amenity": "restaurant",
        "address": "San Bartolome kalea 35",
        "website": "https://www.lamadamesansebastian.com/",
        "opening_hours": "Su 12:00-17:00, 20:00-00:00; Mo, Th 20:00-00:00; Fr 20:00-01:00; Sa 12:00-17:00, 20:00-01:00"
      },
      "geometry": {
        "type": "Point",
        "coordinates": [
          -1.9877249,
          43.3149303
        ]
      }
    },
    {
      "type": "Feature",
      "properties": {
        "weight": 1.0
      },
      "geometry": {
        "type": "Point",
        "coordinates": [
          -1.9801842,
          43.3149448
        ]
      }
    },
    {
      "type": "Feature",
      "properties": {
        "weight": 1.0,
        "id": 4950859921,
        "hasDetails": true,
        "name": "Drop",
        "amenity": "pub",
        "address": "Errege-erregina Katolikoak kalea 18"
      },
      "geometry": {
        "type": "Point",
        "coordinates": [
          -1.9804957,
          43.3150036
        ]
      }
    },
    {
      "type": "Feature",
      "properties": {
        "weight": 1.0,
        "id": 14232466801,
        "hasDetails": true,
        "name": "TsenBay",
        "amenity": "restaurant",
        "cuisine": "asian",
        "address": "Larramendi kalea 21",
        "opening_hours": "Mo-Sa 12:00-16:30, 19:30-23:00"
      },
      "geometry": {
        "type": "Point",
        "coordinates": [
          -1.98192,
          43.31501
        ]
      }
    },
    {
      "type": "Feature",
      "properties": {
        "weight": 1.0
      },
      "geometry": {
        "type": "Point",
        "coordinates": [
          -1.9390403,
          43.3150213
        ]
      }
    },
    {
      "type": "Feature",
      "properties": {
        "weight": 1.0,
        "id": 10816191905,
        "hasDetails": true,
        "name": "Bar Pepe",
        "amenity": "restaurant",
        "address": "Zumalakarregi hiribidea 3",
        "website": "https://barpepedonostia.com/"
      },
      "geometry": {
        "type": "Point",
        "coordinates": [
          -2.0013581,
          43.3150444
        ]
      }
    },
    {
      "type": "Feature",
      "properties": {
        "weight": 1.0,
        "id": 12178589778,
        "hasDetails": true,
        "name": "San Pelaio Bread&Coffee",
        "amenity": "cafe",
        "cuisine": "coffee_shop",
        "address": "Easo kalea 22, Donostia / San Sebasti\u00e1n",
        "website": "https://sanpelaio.eus/",
        "opening_hours": "Mo-Su 07:00-21:00"
      },
      "geometry": {
        "type": "Point",
        "coordinates": [
          -1.9827446,
          43.3150695
        ]
      }
    },
    {
      "type": "Feature",
      "properties": {
        "weight": 1.0,
        "id": 11508865720,
        "hasDetails": true,
        "name": "Amici",
        "amenity": "bar",
        "outdoor_seating": "yes"
      },
      "geometry": {
        "type": "Point",
        "coordinates": [
          -1.9029889,
          43.3151023
        ]
      }
    },
    {
      "type": "Feature",
      "properties": {
        "weight": 1.0,
        "id": 13358553319,
        "hasDetails": true,
        "name": "Txirrita Sagardotegia",
        "amenity": "restaurant",
        "address": "San Bartolome kalea 32",
        "website": "https://txirritasagardotegia.com/"
      },
      "geometry": {
        "type": "Point",
        "coordinates": [
          -1.9862563,
          43.3152512
        ]
      }
    },
    {
      "type": "Feature",
      "properties": {
        "weight": 1.0,
        "id": 12190592801,
        "hasDetails": true,
        "name": "Orereta Kafe",
        "amenity": "pub",
        "cuisine": "coffee_shop",
        "address": "Diputazio plaza 2",
        "outdoor_seating": "yes"
      },
      "geometry": {
        "type": "Point",
        "coordinates": [
          -1.9029191,
          43.3152552
        ]
      }
    },
    {
      "type": "Feature",
      "properties": {
        "weight": 1.0,
        "id": 11904462202,
        "hasDetails": true,
        "name": "La Parra Riojana",
        "amenity": "bar",
        "address": "Donostia kalea 9, Errenteria"
      },
      "geometry": {
        "type": "Point",
        "coordinates": [
          -1.9019428,
          43.3153184
        ]
      }
    },
    {
      "type": "Feature",
      "properties": {
        "weight": 1.0,
        "id": 12404971188,
        "hasDetails": true,
        "name": "Zen Fusi\u00f3n",
        "amenity": "restaurant",
        "cuisine": "japanese"
      },
      "geometry": {
        "type": "Point",
        "coordinates": [
          -1.9810452,
          43.3153288
        ]
      }
    },
    {
      "type": "Feature",
      "properties": {
        "weight": 1.0,
        "id": 4951281901,
        "hasDetails": true,
        "name": "Casa Valles",
        "amenity": "restaurant",
        "address": "Errege-erregina Katolikoak kalea 10",
        "website": "https://www.barvalles.com/"
      },
      "geometry": {
        "type": "Point",
        "coordinates": [
          -1.9807268,
          43.3153301
        ]
      }
    },
    {
      "type": "Feature",
      "properties": {
        "weight": 1.0,
        "id": 4930983221,
        "hasDetails": true,
        "name": "La Perla",
        "amenity": "restaurant",
        "cuisine": "spanish;regional",
        "address": "Kontxa pasealekua / Paseo de la Concha",
        "website": "https://www.la-perla.net/",
        "opening_hours": "PH,Mo-Su 12:30-15:30; PH,Tu-Su 20:00-22:30"
      },
      "geometry": {
        "type": "Point",
        "coordinates": [
          -1.9891643,
          43.3153409
        ]
      }
    },
    {
      "type": "Feature",
      "properties": {
        "weight": 1.0,
        "id": 2152359308,
        "hasDetails": true,
        "name": "Taqueria Frida",
        "amenity": "fast_food",
        "cuisine": "mexican",
        "names": [
          "Taqueria Frida",
          "Estrella Roja"
        ]
      },
      "geometry": {
        "type": "Point",
        "coordinates": [
          -1.899941,
          43.3153515
        ]
      }
    },
    {
      "type": "Feature",
      "properties": {
        "weight": 1.0,
        "id": 9124267602,
        "hasDetails": true,
        "name": "Arnoldo",
        "amenity": "ice_cream",
        "address": "Larramendi kalea 7, Donostia / San Sebasti\u00e1n",
        "website": "http://www.arnoldoheladeria.com",
        "opening_hours": "Mo-Th 08:00-23:00; Fr-Su 08:00-01:00"
      },
      "geometry": {
        "type": "Point",
        "coordinates": [
          -1.9807892,
          43.3154181
        ]
      }
    },
    {
      "type": "Feature",
      "properties": {
        "weight": 1.0
      },
      "geometry": {
        "type": "Point",
        "coordinates": [
          -1.9012235,
          43.3154244
        ]
      }
    },
    {
      "type": "Feature",
      "properties": {
        "weight": 1.0
      },
      "geometry": {
        "type": "Point",
        "coordinates": [
          -1.903189,
          43.3154345
        ]
      }
    },
    {
      "type": "Feature",
      "properties": {
        "weight": 1.0
      },
      "geometry": {
        "type": "Point",
        "coordinates": [
          -1.9870054,
          43.3154373
        ]
      }
    },
    {
      "type": "Feature",
      "properties": {
        "weight": 1.0
      },
      "geometry": {
        "type": "Point",
        "coordinates": [
          -1.9812983,
          43.3154569
        ]
      }
    },
    {
      "type": "Feature",
      "properties": {
        "weight": 1.0,
        "id": 7088655186,
        "hasDetails": true,
        "name": "Centro estreme\u00f1o",
        "amenity": "restaurant",
        "address": "Basotxiki"
      },
      "geometry": {
        "type": "Point",
        "coordinates": [
          -1.9549939,
          43.3154725
        ]
      }
    },
    {
      "type": "Feature",
      "properties": {
        "weight": 1.0,
        "id": 5018997807,
        "hasDetails": true,
        "name": "Dabadaba",
        "amenity": "bar",
        "address": "Mundaiz 8",
        "website": "https://dabadabass.com/"
      },
      "geometry": {
        "type": "Point",
        "coordinates": [
          -1.9765588,
          43.3154794
        ]
      }
    },
    {
      "type": "Feature",
      "properties": {
        "weight": 1.0
      },
      "geometry": {
        "type": "Point",
        "coordinates": [
          -1.9805785,
          43.3155014
        ]
      }
    },
    {
      "type": "Feature",
      "properties": {
        "weight": 1.0,
        "id": 4930983121,
        "hasDetails": true,
        "name": "La Perla",
        "amenity": "cafe",
        "address": "Kontxa pasealekua / Paseo de la Concha",
        "website": "https://www.la-perla.net/",
        "opening_hours": "PH,Mo-Su 12:00-22:00"
      },
      "geometry": {
        "type": "Point",
        "coordinates": [
          -1.9890447,
          43.3155219
        ]
      }
    },
    {
      "type": "Feature",
      "properties": {
        "weight": 1.0,
        "id": 6465762386,
        "hasDetails": true,
        "name": "Bataplan",
        "amenity": "bar",
        "opening_hours": "Th 00:00-05:30; Fr,Sa 00:00-06:00"
      },
      "geometry": {
        "type": "Point",
        "coordinates": [
          -1.9888085,
          43.3155352
        ]
      }
    },
    {
      "type": "Feature",
      "properties": {
        "weight": 1.0,
        "id": 13358553318,
        "hasDetails": true,
        "name": "Pello",
        "amenity": "bar",
        "address": "Marina kalea 11"
      },
      "geometry": {
        "type": "Point",
        "coordinates": [
          -1.9858118,
          43.3155785
        ]
      }
    },
    {
      "type": "Feature",
      "properties": {
        "weight": 1.0,
        "id": 10919373319,
        "hasDetails": true,
        "name": "Udaberri",
        "amenity": "bar",
        "address": "Larramendi kalea 8, Donostia / San Sebasti\u00e1n",
        "website": "https://udaberri.metro.bar",
        "names": [
          "Udaberri",
          "Old Town Coffee"
        ],
        "amenities": [
          "bar",
          "cafe"
        ]
      },
      "geometry": {
        "type": "Point",
        "coordinates": [
          -1.9809345,
          43.3156235
        ]
      }
    },
    {
      "type": "Feature",
      "properties": {
        "weight": 1.0
      },
      "geometry": {
        "type": "Point",
        "coordinates": [
          -1.9033083,
          43.3156419
        ]
      }
    },
    {
      "type": "Feature",
      "properties": {
        "weight": 1.0
      },
      "geometry": {
        "type": "Point",
        "coordinates": [
          -1.9393568,
          43.3156458
        ]
      }
    },
    {
      "type": "Feature",
      "properties": {
        "weight": 1.0,
        "id": 5234500621,
        "hasDetails": true,
        "name": "La Mamma Mia",
        "amenity": "restaurant",
        "address": "San Bartolome kalea 18"
      },
      "geometry": {
        "type": "Point",
        "coordinates": [
          -1.9850638,
          43.3156539
        ]
      }
    },
    {
      "type": "Feature",
      "properties": {
        "weight": 1.0
      },
      "geometry": {
        "type": "Point",
        "coordinates": [
          -1.9036382,
          43.3156764
        ]
      }
    },
    {
      "type": "Feature",
      "properties": {
        "weight": 1.0
      },
      "geometry": {
        "type": "Point",
        "coordinates": [
          -1.9863107,
          43.3156906
        ]
      }
    },
    {
      "type": "Feature",
      "properties": {
        "weight": 1.0,
        "id": 636072124,
        "hasDetails": true,
        "name": "Narru",
        "amenity": "restaurant",
        "address": "Zubieta kalea 56, Donostia / San Sebasti\u00e1n",
        "names": [
          "Narru",
          "La Pasta Gansa"
        ]
      },
      "geometry": {
        "type": "Point",
        "coordinates": [
          -1.9878703,
          43.3156942
        ]
      }
    },
    {
      "type": "Feature",
      "properties": {
        "weight": 1.0,
        "id": 9246179344,
        "hasDetails": true,
        "name": "Zaldiak",
        "amenity": "restaurant",
        "address": "Jaizkibel hiribidea 1, Lezo"
      },
      "geometry": {
        "type": "Point",
        "coordinates": [
          -1.8999481,
          43.3157199
        ]
      }
    },
    {
      "type": "Feature",
      "properties": {
        "weight": 1.0,
        "id": 6905861885,
        "hasDetails": true,
        "name": "Cafe de la Concha",
        "amenity": "restaurant",
        "opening_hours": "PH,Mo-Su 09:00-23:30"
      },
      "geometry": {
        "type": "Point",
        "coordinates": [
          -1.9887076,
          43.3157477
        ]
      }
    },
    {
      "type": "Feature",
      "properties": {
        "weight": 1.0
      },
      "geometry": {
        "type": "Point",
        "coordinates": [
          -1.9810229,
          43.3157483
        ]
      }
    },
    {
      "type": "Feature",
      "properties": {
        "weight": 1.0,
        "id": 4329062720,
        "hasDetails": true,
        "name": "Viena",
        "amenity": "bar",
        "address": "Errege-erregina Katolikoak kalea 5"
      },
      "geometry": {
        "type": "Point",
        "coordinates": [
          -1.9807552,
          43.315751
        ]
      }
    },
    {
      "type": "Feature",
      "properties": {
        "weight": 1.0
      },
      "geometry": {
        "type": "Point",
        "coordinates": [
          -1.9867797,
          43.3157747
        ]
      }
    },
    {
      "type": "Feature",
      "properties": {
        "weight": 1.0
      },
      "geometry": {
        "type": "Point",
        "coordinates": [
          -1.9859798,
          43.3158205
        ]
      }
    },
    {
      "type": "Feature",
      "properties": {
        "weight": 1.0,
        "id": 13358553386,
        "hasDetails": true,
        "name": "Festival",
        "amenity": "cafe",
        "cuisine": "coffee_shop",
        "address": "San Martin kalea 64"
      },
      "geometry": {
        "type": "Point",
        "coordinates": [
          -1.9865725,
          43.3158516
        ]
      }
    },
    {
      "type": "Feature",
      "properties": {
        "weight": 1.0
      },
      "geometry": {
        "type": "Point",
        "coordinates": [
          -1.8999782,
          43.3158606
        ]
      }
    },
    {
      "type": "Feature",
      "properties": {
        "weight": 1.0
      },
      "geometry": {
        "type": "Point",
        "coordinates": [
          -1.9858627,
          43.315861
        ]
      }
    },
    {
      "type": "Feature",
      "properties": {
        "weight": 1.0,
        "id": 11518847712,
        "hasDetails": true,
        "name": "Trebol",
        "amenity": "bar",
        "outdoor_seating": "yes"
      },
      "geometry": {
        "type": "Point",
        "coordinates": [
          -1.9020402,
          43.3158645
        ]
      }
    },
    {
      "type": "Feature",
      "properties": {
        "weight": 1.0
      },
      "geometry": {
        "type": "Point",
        "coordinates": [
          -1.9173898,
          43.3158679
        ]
      }
    },
    {
      "type": "Feature",
      "properties": {
        "weight": 1.0,
        "id": 2402919835,
        "hasDetails": true,
        "name": "il suono bar pub karaoke",
        "amenity": "pub",
        "address": "Sanchez Toca kalea 5"
      },
      "geometry": {
        "type": "Point",
        "coordinates": [
          -1.980713,
          43.3159318
        ]
      }
    },
    {
      "type": "Feature",
      "properties": {
        "weight": 1.0,
        "id": 652811094,
        "hasDetails": true,
        "name": "Laket",
        "amenity": "bar",
        "address": "Kupeldegi kalea 2, Pasaia"
      },
      "geometry": {
        "type": "Point",
        "coordinates": [
          -1.9186535,
          43.3159355
        ]
      }
    },
    {
      "type": "Feature",
      "properties": {
        "weight": 1.0
      },
      "geometry": {
        "type": "Point",
        "coordinates": [
          -1.9391925,
          43.3159814
        ]
      }
    },
    {
      "type": "Feature",
      "properties": {
        "weight": 1.0
      },
      "geometry": {
        "type": "Point",
        "coordinates": [
          -2.0011041,
          43.3159884
        ]
      }
    },
    {
      "type": "Feature",
      "properties": {
        "weight": 1.0,
        "id": 10919373322,
        "hasDetails": true,
        "name": "Sweet Roma",
        "amenity": "cafe",
        "cuisine": "coffee_shop",
        "address": "Sanchez Toca kalea 3",
        "website": "https://sweet-roma.com/",
        "names": [
          "Sweet Roma",
          "Taqueria El Cabr\u00f3n"
        ],
        "amenities": [
          "cafe",
          "restaurant"
        ]
      },
      "geometry": {
        "type": "Point",
        "coordinates": [
          -1.9805613,
          43.3159903
        ]
      }
    },
    {
      "type": "Feature",
      "properties": {
        "weight": 1.0,
        "id": 620128250,
        "hasDetails": true,
        "name": "Nikkei",
        "amenity": "restaurant",
        "cuisine": "sushi",
        "address": "Urdaneta kalea 14, Donostia / San Sebasti\u00e1n",
        "website": "https://www.nikkeibar.com/"
      },
      "geometry": {
        "type": "Point",
        "coordinates": [
          -1.9823501,
          43.3160023
        ]
      }
    },
    {
      "type": "Feature",
      "properties": {
        "weight": 1.0
      },
      "geometry": {
        "type": "Point",
        "coordinates": [
          -1.9176864,
          43.3160516
        ]
      }
    },
    {
      "type": "Feature",
      "properties": {
        "weight": 1.0,
        "id": 10919373321,
        "hasDetails": true,
        "name": "Pokhara",
        "amenity": "bar",
        "address": "Sanchez Toca kalea 1",
        "website": "https://pokharataberna.shop/"
      },
      "geometry": {
        "type": "Point",
        "coordinates": [
          -1.9803421,
          43.3160658
        ]
      }
    },
    {
      "type": "Feature",
      "properties": {
        "weight": 1.0,
        "id": 2145507996,
        "hasDetails": true,
        "name": "Eder",
        "amenity": "pub",
        "cuisine": "regional;tapas",
        "address": "Galtzaraborda etorbidea 101, Errenteria",
        "opening_hours": "Mo-Tu, Th 09:00-22:30; Fr 09:00-23:30; Sa-Su 10:00-23:30"
      },
      "geometry": {
        "type": "Point",
        "coordinates": [
          -1.9070749,
          43.3160766
        ]
      }
    },
    {
      "type": "Feature",
      "properties": {
        "weight": 1.0
      },
      "geometry": {
        "type": "Point",
        "coordinates": [
          -1.9852302,
          43.3160847
        ]
      }
    },
    {
      "type": "Feature",
      "properties": {
        "weight": 1.0
      },
      "geometry": {
        "type": "Point",
        "coordinates": [
          -1.9026596,
          43.3161634
        ]
      }
    },
    {
      "type": "Feature",
      "properties": {
        "weight": 1.0,
        "id": 13358553350,
        "hasDetails": true,
        "name": "La Taberna de Blas",
        "amenity": "bar",
        "address": "San Martin kalea 56",
        "website": "http://latabernadeblas.com/"
      },
      "geometry": {
        "type": "Point",
        "coordinates": [
          -1.9858565,
          43.3161662
        ]
      }
    },
    {
      "type": "Feature",
      "properties": {
        "weight": 1.0
      },
      "geometry": {
        "type": "Point",
        "coordinates": [
          -1.9178134,
          43.3161702
        ]
      }
    },
    {
      "type": "Feature",
      "properties": {
        "weight": 1.0,
        "id": 10910825340,
        "hasDetails": true,
        "name": "IruBi",
        "amenity": "cafe",
        "cuisine": "coffee_shop"
      },
      "geometry": {
        "type": "Point",
        "coordinates": [
          -1.9818575,
          43.3161914
        ]
      }
    },
    {
      "type": "Feature",
      "properties": {
        "weight": 1.0
      },
      "geometry": {
        "type": "Point",
        "coordinates": [
          -1.9179747,
          43.3162403
        ]
      }
    },
    {
      "type": "Feature",
      "properties": {
        "weight": 1.0,
        "id": 11217658137,
        "hasDetails": true,
        "name": "Era\u00f1a",
        "amenity": "bar",
        "address": "Sorgintxulo kalea 17, Errenteria",
        "opening_hours": "Su-Mo 11:00-00:30; Tu-We 11:00-01:00; Th 11:00-02:00; Fr 11:00-03:00; Sa 11:00-03:30",
        "outdoor_seating": "yes"
      },
      "geometry": {
        "type": "Point",
        "coordinates": [
          -1.908483,
          43.3162723
        ]
      }
    },
    {
      "type": "Feature",
      "properties": {
        "weight": 1.0
      },
      "geometry": {
        "type": "Point",
        "coordinates": [
          -1.9031908,
          43.316279
        ]
      }
    },
    {
      "type": "Feature",
      "properties": {
        "weight": 1.0,
        "id": 11085770306,
        "hasDetails": true,
        "name": "VA bene",
        "amenity": "restaurant",
        "cuisine": "american;burger;cake;diner;friture;hotdog",
        "address": "Blas de Lezo kalea 4"
      },
      "geometry": {
        "type": "Point",
        "coordinates": [
          -1.9859468,
          43.3162821
        ]
      }
    },
    {
      "type": "Feature",
      "properties": {
        "weight": 1.0
      },
      "geometry": {
        "type": "Point",
        "coordinates": [
          -1.9180907,
          43.3163168
        ]
      }
    },
    {
      "type": "Feature",
      "properties": {
        "weight": 1.0,
        "id": 559760563,
        "hasDetails": true,
        "name": "Caf\u00e9 La Habana",
        "amenity": "bar",
        "address": "San Bartolome kalea 6"
      },
      "geometry": {
        "type": "Point",
        "coordinates": [
          -1.9833367,
          43.3163573
        ]
      }
    },
    {
      "type": "Feature",
      "properties": {
        "weight": 1.0,
        "id": 4681991298,
        "hasDetails": true,
        "name": "Pizzeria Paparazzi",
        "amenity": "restaurant",
        "address": "Karmengo Andre Mariaren kalea 4",
        "website": "https://www.pizzeriapaparazzi.es/",
        "opening_hours": "Mo-Fr 12:00-15:00; Sa,Su 12:00-15:30; Mo-Su 19:00-23:00"
      },
      "geometry": {
        "type": "Point",
        "coordinates": [
          -1.972173,
          43.3163609
        ]
      }
    },
    {
      "type": "Feature",
      "properties": {
        "weight": 1.0,
        "id": 13495370201,
        "hasDetails": true,
        "name": "La Estrella",
        "amenity": "bar",
        "cuisine": "spanish",
        "address": "Egia kalea 4"
      },
      "geometry": {
        "type": "Point",
        "coordinates": [
          -1.9742177,
          43.3163946
        ]
      }
    },
    {
      "type": "Feature",
      "properties": {
        "weight": 1.0,
        "id": 7128513685,
        "hasDetails": true,
        "name": "Egia",
        "amenity": "bar",
        "address": "Egia kalea"
      },
      "geometry": {
        "type": "Point",
        "coordinates": [
          -1.9727068,
          43.3163952
        ]
      }
    },
    {
      "type": "Feature",
      "properties": {
        "weight": 1.0
      },
      "geometry": {
        "type": "Point",
        "coordinates": [
          -1.9162531,
          43.3163955
        ]
      }
    },
    {
      "type": "Feature",
      "properties": {
        "weight": 1.0,
        "id": 827737141,
        "hasDetails": true,
        "name": "La Farandula",
        "amenity": "bar",
        "address": "Egia kalea 10, Donostia / San Sebasti\u00e1n",
        "website": "https://lafarandulamicroteatro.com/hasiera/"
      },
      "geometry": {
        "type": "Point",
        "coordinates": [
          -1.9737868,
          43.3164022
        ]
      }
    },
    {
      "type": "Feature",
      "properties": {
        "weight": 1.0,
        "id": 11277067247,
        "hasDetails": true,
        "name": "Helmuga",
        "amenity": "bar",
        "address": "Egia kalea 16, Donostia / San Sebasti\u00e1n"
      },
      "geometry": {
        "type": "Point",
        "coordinates": [
          -1.9732438,
          43.3164201
        ]
      }
    },
    {
      "type": "Feature",
      "properties": {
        "weight": 1.0,
        "id": 461417299,
        "hasDetails": true,
        "name": "Le Bukowski",
        "amenity": "pub",
        "address": "Egia kalea 18"
      },
      "geometry": {
        "type": "Point",
        "coordinates": [
          -1.9731201,
          43.3164256
        ]
      }
    },
    {
      "type": "Feature",
      "properties": {
        "weight": 1.0,
        "id": 566734029,
        "hasDetails": true,
        "name": "La Issla",
        "amenity": "cafe",
        "outdoor_seating": "sidewalk"
      },
      "geometry": {
        "type": "Point",
        "coordinates": [
          -1.9843375,
          43.3164281
        ]
      }
    },
    {
      "type": "Feature",
      "properties": {
        "weight": 1.0,
        "id": 2145507998,
        "hasDetails": true,
        "name": "Sorgintxulo",
        "amenity": "pub",
        "cuisine": "regional;tapas",
        "address": "Sorgintxulo kalea 13, Errenteria",
        "opening_hours": "Mo-Tu, Th-Fr 07:00-22:30; Sa 08:00-23:00; Su 08:00-22:30",
        "outdoor_seating": "yes"
      },
      "geometry": {
        "type": "Point",
        "coordinates": [
          -1.9092733,
          43.3164282
        ]
      }
    },
    {
      "type": "Feature",
      "properties": {
        "weight": 1.0
      },
      "geometry": {
        "type": "Point",
        "coordinates": [
          -1.9284162,
          43.3164795
        ]
      }
    },
    {
      "type": "Feature",
      "properties": {
        "weight": 1.0,
        "id": 566734064,
        "hasDetails": true,
        "name": "Turkia",
        "amenity": "fast_food",
        "cuisine": "kebab"
      },
      "geometry": {
        "type": "Point",
        "coordinates": [
          -1.9841545,
          43.3164947
        ]
      }
    },
    {
      "type": "Feature",
      "properties": {
        "weight": 1.0
      },
      "geometry": {
        "type": "Point",
        "coordinates": [
          -1.9181556,
          43.3165177
        ]
      }
    },
    {
      "type": "Feature",
      "properties": {
        "weight": 1.0,
        "id": 636078578,
        "hasDetails": true,
        "name": "Lanziego",
        "amenity": "restaurant",
        "address": "Triunfo kalea 3, Donostia / San Sebasti\u00e1n"
      },
      "geometry": {
        "type": "Point",
        "coordinates": [
          -1.9852989,
          43.3165456
        ]
      }
    },
    {
      "type": "Feature",
      "properties": {
        "weight": 1.0
      },
      "geometry": {
        "type": "Point",
        "coordinates": [
          -1.928502,
          43.3165482
        ]
      }
    },
    {
      "type": "Feature",
      "properties": {
        "weight": 1.0
      },
      "geometry": {
        "type": "Point",
        "coordinates": [
          -1.9827947,
          43.3165497
        ]
      }
    },
    {
      "type": "Feature",
      "properties": {
        "weight": 1.0,
        "id": 1270875696,
        "hasDetails": true,
        "name": "Kaputxinoak taberna",
        "amenity": "pub",
        "cuisine": "regional;tapas",
        "address": "Sorgintxulo kalea 11, Errenteria",
        "opening_hours": "Tu-Su 07:15-16:30, 18:00-23:00",
        "outdoor_seating": "yes"
      },
      "geometry": {
        "type": "Point",
        "coordinates": [
          -1.9097514,
          43.3165546
        ]
      }
    },
    {
      "type": "Feature",
      "properties": {
        "weight": 1.0
      },
      "geometry": {
        "type": "Point",
        "coordinates": [
          -1.9808818,
          43.3165582
        ]
      }
    },
    {
      "type": "Feature",
      "properties": {
        "weight": 1.0,
        "id": 13374876328,
        "hasDetails": true,
        "name": "Taupada Taberna",
        "amenity": "restaurant",
        "cuisine": "regional",
        "address": "Karmengo Andre Mariaren kalea 5",
        "website": "https://taupadataberna.eus/eu/",
        "opening_hours": "Mo-Fr 10:00-24:00; Sa-Su 11:00-24:00"
      },
      "geometry": {
        "type": "Point",
        "coordinates": [
          -1.9721298,
          43.3165613
        ]
      }
    },
    {
      "type": "Feature",
      "properties": {
        "weight": 1.0,
        "id": 2145507988,
        "hasDetails": true,
        "name": "Avenida",
        "amenity": "pub",
        "cuisine": "regional;tapas",
        "address": "Errenteria",
        "opening_hours": "Mo, We-Th 07:00-23:00; Fr 07:00-24:00; Sa 08:00-24:00; Su 08:00-23:00",
        "outdoor_seating": "yes"
      },
      "geometry": {
        "type": "Point",
        "coordinates": [
          -1.9101718,
          43.3165667
        ]
      }
    },
    {
      "type": "Feature",
      "properties": {
        "weight": 1.0,
        "id": 2151204989,
        "hasDetails": true,
        "name": "Isabel",
        "amenity": "pub",
        "cuisine": "regional;tapas",
        "address": "Galtzaraborda etorbidea 105 trasera, Errenteria",
        "opening_hours": "Tu-Th 09:00-22:00; Fr 09:00-23:00; Sa 10:00-24:00; Su 10:00-22:00"
      },
      "geometry": {
        "type": "Point",
        "coordinates": [
          -1.9072281,
          43.3165782
        ]
      }
    },
    {
      "type": "Feature",
      "properties": {
        "weight": 1.0
      },
      "geometry": {
        "type": "Point",
        "coordinates": [
          -1.9754829,
          43.3165873
        ]
      }
    },
    {
      "type": "Feature",
      "properties": {
        "weight": 1.0
      },
      "geometry": {
        "type": "Point",
        "coordinates": [
          -1.9302186,
          43.3165919
        ]
      }
    },
    {
      "type": "Feature",
      "properties": {
        "weight": 1.0,
        "id": 9974571130,
        "hasDetails": true,
        "name": "Bar Sayoa",
        "amenity": "bar",
        "address": "Egia kalea 3, Donostia / San Sebasti\u00e1n"
      },
      "geometry": {
        "type": "Point",
        "coordinates": [
          -1.9742807,
          43.316593
        ]
      }
    },
    {
      "type": "Feature",
      "properties": {
        "weight": 1.0,
        "id": 13825101163,
        "hasDetails": true,
        "name": "Taj Majal",
        "amenity": "restaurant",
        "cuisine": "indian"
      },
      "geometry": {
        "type": "Point",
        "coordinates": [
          -1.9691207,
          43.3165976
        ]
      }
    },
    {
      "type": "Feature",
      "properties": {
        "weight": 1.0
      },
      "geometry": {
        "type": "Point",
        "coordinates": [
          -1.9288711,
          43.3166044
        ]
      }
    },
    {
      "type": "Feature",
      "properties": {
        "weight": 1.0,
        "id": 4338355742,
        "hasDetails": true,
        "name": "Caravanserai",
        "amenity": "restaurant",
        "address": "Artzain Onaren plaza 12",
        "website": "https://www.caravanseraicafe.com/",
        "outdoor_seating": "yes"
      },
      "geometry": {
        "type": "Point",
        "coordinates": [
          -1.9820868,
          43.3166053
        ]
      }
    },
    {
      "type": "Feature",
      "properties": {
        "weight": 1.0
      },
      "geometry": {
        "type": "Point",
        "coordinates": [
          -1.9856966,
          43.3166069
        ]
      }
    },
    {
      "type": "Feature",
      "properties": {
        "weight": 1.0,
        "id": 10138099902,
        "hasDetails": true,
        "name": "Milena",
        "amenity": "cafe",
        "cuisine": "coffee_shop",
        "address": "Urdaneta kalea 3, Donostia / San Sebasti\u00e1n"
      },
      "geometry": {
        "type": "Point",
        "coordinates": [
          -1.9802388,
          43.3166109
        ]
      }
    },
    {
      "type": "Feature",
      "properties": {
        "weight": 1.0
      },
      "geometry": {
        "type": "Point",
        "coordinates": [
          -1.9714924,
          43.3166317
        ]
      }
    },
    {
      "type": "Feature",
      "properties": {
        "weight": 1.0
      },
      "geometry": {
        "type": "Point",
        "coordinates": [
          -1.9843901,
          43.3166333
        ]
      }
    },
    {
      "type": "Feature",
      "properties": {
        "weight": 1.0,
        "id": 12655991436,
        "hasDetails": true,
        "name": "Mari",
        "amenity": "pub",
        "cuisine": "regional;tapas",
        "address": "Sorgintxulo kalea 2, Errenteria",
        "opening_hours": "Tu-Th 16:30-23:00; Fr-Sa 10:30-24:00; Su 10:30-23:00",
        "outdoor_seating": "yes"
      },
      "geometry": {
        "type": "Point",
        "coordinates": [
          -1.9115322,
          43.3166542
        ]
      }
    },
    {
      "type": "Feature",
      "properties": {
        "weight": 1.0,
        "id": 12857702801,
        "hasDetails": true,
        "name": "Isla Sicilia Donostia",
        "amenity": "restaurant",
        "cuisine": "italian;italian_pizza",
        "address": "Easo kalea 27",
        "website": "https://www.islasicilia.es"
      },
      "geometry": {
        "type": "Point",
        "coordinates": [
          -1.9835655,
          43.3166805
        ]
      }
    },
    {
      "type": "Feature",
      "properties": {
        "weight": 1.0
      },
      "geometry": {
        "type": "Point",
        "coordinates": [
          -1.9279978,
          43.3167
        ]
      }
    },
    {
      "type": "Feature",
      "properties": {
        "weight": 1.0,
        "id": 13378018536,
        "hasDetails": true,
        "name": "Donostia Kebab",
        "amenity": "fast_food",
        "cuisine": "kebab"
      },
      "geometry": {
        "type": "Point",
        "coordinates": [
          -1.9718068,
          43.3167024
        ]
      }
    },
    {
      "type": "Feature",
      "properties": {
        "weight": 1.0
      },
      "geometry": {
        "type": "Point",
        "coordinates": [
          -1.9848444,
          43.316724
        ]
      }
    },
    {
      "type": "Feature",
      "properties": {
        "weight": 1.0,
        "id": 13825101164,
        "hasDetails": true,
        "name": "Do\u00f1a Chepina",
        "amenity": "restaurant",
        "cuisine": "mexican"
      },
      "geometry": {
        "type": "Point",
        "coordinates": [
          -1.9688017,
          43.3167624
        ]
      }
    },
    {
      "type": "Feature",
      "properties": {
        "weight": 1.0,
        "id": 6468691685,
        "hasDetails": true,
        "name": "Ni Hao",
        "amenity": "restaurant",
        "cuisine": "asian",
        "address": "Mandasko Dukearen pasealekua 49, Donostia / San Sebasti\u00e1n"
      },
      "geometry": {
        "type": "Point",
        "coordinates": [
          -1.9746556,
          43.316777
        ]
      }
    },
    {
      "type": "Feature",
      "properties": {
        "weight": 1.0
      },
      "geometry": {
        "type": "Point",
        "coordinates": [
          -1.9276866,
          43.3167789
        ]
      }
    },
    {
      "type": "Feature",
      "properties": {
        "weight": 1.0,
        "id": 2145507994,
        "hasDetails": true,
        "name": "J.M.",
        "amenity": "pub",
        "cuisine": "regional;tapas",
        "address": "Sorgintxulo kalea 3, Errenteria",
        "opening_hours": "Mo-Fr 07:30-21:00; Sa 08:30-15:00; PH off",
        "outdoor_seating": "yes"
      },
      "geometry": {
        "type": "Point",
        "coordinates": [
          -1.9109506,
          43.3168299
        ]
      }
    },
    {
      "type": "Feature",
      "properties": {
        "weight": 1.0,
        "id": 13304454577,
        "hasDetails": true,
        "name": "La Tagliatella",
        "amenity": "restaurant",
        "cuisine": "italian",
        "address": "San Martin kalea 29, Donostia / San Sebasti\u00e1n"
      },
      "geometry": {
        "type": "Point",
        "coordinates": [
          -1.983343,
          43.3168557
        ]
      }
    },
    {
      "type": "Feature",
      "properties": {
        "weight": 1.0
      },
      "geometry": {
        "type": "Point",
        "coordinates": [
          -1.9177425,
          43.3168572
        ]
      }
    },
    {
      "type": "Feature",
      "properties": {
        "weight": 1.0
      },
      "geometry": {
        "type": "Point",
        "coordinates": [
          -1.9282343,
          43.3168666
        ]
      }
    },
    {
      "type": "Feature",
      "properties": {
        "weight": 1.0,
        "id": 4885863434,
        "hasDetails": true,
        "name": "La Cochinita Pibil",
        "amenity": "bar",
        "address": "Hondarribia kalea 38, Donostia / San Sebasti\u00e1n"
      },
      "geometry": {
        "type": "Point",
        "coordinates": [
          -1.9808916,
          43.3169063
        ]
      }
    },
    {
      "type": "Feature",
      "properties": {
        "weight": 1.0
      },
      "geometry": {
        "type": "Point",
        "coordinates": [
          -1.8912348,
          43.3169469
        ]
      }
    },
    {
      "type": "Feature",
      "properties": {
        "weight": 1.0,
        "id": 538975715,
        "hasDetails": true,
        "name": "Doner Kebab Altza",
        "amenity": "restaurant",
        "cuisine": "kebab"
      },
      "geometry": {
        "type": "Point",
        "coordinates": [
          -1.9302272,
          43.3169479
        ]
      }
    },
    {
      "type": "Feature",
      "properties": {
        "weight": 1.0
      },
      "geometry": {
        "type": "Point",
        "coordinates": [
          -1.9533534,
          43.316952
        ]
      }
    },
    {
      "type": "Feature",
      "properties": {
        "weight": 1.0
      },
      "geometry": {
        "type": "Point",
        "coordinates": [
          -1.9312414,
          43.3169727
        ]
      }
    },
    {
      "type": "Feature",
      "properties": {
        "weight": 1.0,
        "id": 8635781717,
        "hasDetails": true,
        "name": "Ostotsa",
        "amenity": "bar",
        "address": "Karmengo Andre Mariaren kalea 15"
      },
      "geometry": {
        "type": "Point",
        "coordinates": [
          -1.9715763,
          43.3169788
        ]
      }
    },
    {
      "type": "Feature",
      "properties": {
        "weight": 1.0,
        "id": 7128511986,
        "hasDetails": true,
        "name": "Los riojanos",
        "amenity": "restaurant",
        "address": "Mandasko Dukearen pasealekua"
      },
      "geometry": {
        "type": "Point",
        "coordinates": [
          -1.9747129,
          43.316979
        ]
      }
    },
    {
      "type": "Feature",
      "properties": {
        "weight": 1.0
      },
      "geometry": {
        "type": "Point",
        "coordinates": [
          -1.9283918,
          43.3169818
        ]
      }
    },
    {
      "type": "Feature",
      "properties": {
        "weight": 1.0
      },
      "geometry": {
        "type": "Point",
        "coordinates": [
          -1.9834776,
          43.3169916
        ]
      }
    },
    {
      "type": "Feature",
      "properties": {
        "weight": 1.0,
        "id": 8635770717,
        "hasDetails": true,
        "name": "Agreda",
        "amenity": "bar",
        "address": "Tejeria kalea"
      },
      "geometry": {
        "type": "Point",
        "coordinates": [
          -1.9729757,
          43.3169993
        ]
      }
    },
    {
      "type": "Feature",
      "properties": {
        "weight": 1.0,
        "id": 8635765318,
        "hasDetails": true,
        "name": "Ilargi zarra",
        "amenity": "bar",
        "address": "San Kristobal kalea"
      },
      "geometry": {
        "type": "Point",
        "coordinates": [
          -1.9728375,
          43.3170096
        ]
      }
    },
    {
      "type": "Feature",
      "properties": {
        "weight": 1.0,
        "id": 8635781618,
        "hasDetails": true,
        "name": "Jesus",
        "amenity": "bar",
        "address": "Tejeria kalea"
      },
      "geometry": {
        "type": "Point",
        "coordinates": [
          -1.9718879,
          43.3170205
        ]
      }
    },
    {
      "type": "Feature",
      "properties": {
        "weight": 1.0,
        "id": 11668622669,
        "hasDetails": true,
        "name": "De Nortea Sur",
        "amenity": "cafe",
        "address": "Federico Garcia Lorca pasealekua",
        "outdoor_seating": "no"
      },
      "geometry": {
        "type": "Point",
        "coordinates": [
          -1.977429,
          43.3170367
        ]
      }
    },
    {
      "type": "Feature",
      "properties": {
        "weight": 1.0
      },
      "geometry": {
        "type": "Point",
        "coordinates": [
          -1.9755616,
          43.3170408
        ]
      }
    },
    {
      "type": "Feature",
      "properties": {
        "weight": 1.0,
        "id": 4688515309,
        "hasDetails": true,
        "name": "Kamio",
        "amenity": "bar",
        "cuisine": "spanish",
        "address": "Gure Zumardia 29",
        "website": "http://kamio.eus",
        "opening_hours": "Su-Th 08:00-22:00; Fr-Sa 08:00-02:00",
        "outdoor_seating": "yes"
      },
      "geometry": {
        "type": "Point",
        "coordinates": [
          -1.9183338,
          43.3170661
        ]
      }
    },
    {
      "type": "Feature",
      "properties": {
        "weight": 1.0,
        "id": 4166265025,
        "hasDetails": true,
        "name": "Kafe Botanika",
        "amenity": "restaurant",
        "address": "Gernikako Arbola pasealekua 8, Donostia / San Sebasti\u00e1n",
        "website": "https://kafebotanika.eus/",
        "opening_hours": "Mo 09:00-17:00; We-Sa 09:00-24:00; Su 09:00-21:00",
        "outdoor_seating": "yes"
      },
      "geometry": {
        "type": "Point",
        "coordinates": [
          -1.9795374,
          43.3170712
        ]
      }
    },
    {
      "type": "Feature",
      "properties": {
        "weight": 1.0,
        "id": 13555599655,
        "hasDetails": true,
        "name": "Itakate",
        "amenity": "restaurant",
        "address": "Hondarribia kalea 25"
      },
      "geometry": {
        "type": "Point",
        "coordinates": [
          -1.9807821,
          43.3171019
        ]
      }
    },
    {
      "type": "Feature",
      "properties": {
        "weight": 1.0
      },
      "geometry": {
        "type": "Point",
        "coordinates": [
          -1.9171059,
          43.3171033
        ]
      }
    },
    {
      "type": "Feature",
      "properties": {
        "weight": 1.0
      },
      "geometry": {
        "type": "Point",
        "coordinates": [
          -1.9700158,
          43.3171157
        ]
      }
    },
    {
      "type": "Feature",
      "properties": {
        "weight": 1.0
      },
      "geometry": {
        "type": "Point",
        "coordinates": [
          -1.9292576,
          43.3171236
        ]
      }
    },
    {
      "type": "Feature",
      "properties": {
        "weight": 1.0,
        "id": 11144504492,
        "hasDetails": true,
        "name": "Goxo Poke",
        "amenity": "restaurant",
        "cuisine": "hawaiian",
        "address": "Prim kalea 14, Donostia / San Sebasti\u00e1n",
        "website": "https://goxopoke.com/",
        "opening_hours": "Mo-Su 12:30-16:30, 19:00-23:00"
      },
      "geometry": {
        "type": "Point",
        "coordinates": [
          -1.9800582,
          43.3171241
        ]
      }
    },
    {
      "type": "Feature",
      "properties": {
        "weight": 1.0,
        "id": 4690327095,
        "hasDetails": true,
        "name": "Ezer Gaizki",
        "amenity": "bar",
        "address": "Eskalantegi kalea 40, Pasaia"
      },
      "geometry": {
        "type": "Point",
        "coordinates": [
          -1.9187697,
          43.3171271
        ]
      }
    },
    {
      "type": "Feature",
      "properties": {
        "weight": 1.0,
        "id": 13482496101,
        "hasDetails": true,
        "name": "Bar Belarra",
        "amenity": "bar",
        "address": "Arrasate kalea 48",
        "opening_hours": "Mo-Fr 08:30-22:30; Sa 12:00-23:00; Su 00:00-24:00"
      },
      "geometry": {
        "type": "Point",
        "coordinates": [
          -1.9848155,
          43.3171707
        ]
      }
    },
    {
      "type": "Feature",
      "properties": {
        "weight": 1.0
      },
      "geometry": {
        "type": "Point",
        "coordinates": [
          -1.9294078,
          43.3171723
        ]
      }
    },
    {
      "type": "Feature",
      "properties": {
        "weight": 1.0,
        "id": 8635781617,
        "hasDetails": true,
        "name": "Basarri",
        "amenity": "bar",
        "address": "Tejeria kalea 11"
      },
      "geometry": {
        "type": "Point",
        "coordinates": [
          -1.9721888,
          43.3171843
        ]
      }
    },
    {
      "type": "Feature",
      "properties": {
        "weight": 1.0,
        "id": 632765288,
        "hasDetails": true,
        "name": "Garraxi",
        "amenity": "restaurant",
        "opening_hours": "Mo-Fr 13:00-15:30; Mo-We 20:00-22:30; Th,Fr 20:30-23:00; Sa,Su 13:30-15:30,20:30-23:00",
        "outdoor_seating": "yes"
      },
      "geometry": {
        "type": "Point",
        "coordinates": [
          -1.9725872,
          43.3171844
        ]
      }
    },
    {
      "type": "Feature",
      "properties": {
        "weight": 1.0,
        "id": 13300706163,
        "hasDetails": true,
        "name": "Anastasio",
        "amenity": "restaurant",
        "address": "Easo kalea 19, Donostia / San Sebasti\u00e1n",
        "website": "https://www.restauranteanastasio.com"
      },
      "geometry": {
        "type": "Point",
        "coordinates": [
          -1.9839494,
          43.3172227
        ]
      }
    },
    {
      "type": "Feature",
      "properties": {
        "weight": 1.0,
        "id": 13284617154,
        "hasDetails": true,
        "amenity": "fast_food",
        "cuisine": "kebab"
      },
      "geometry": {
        "type": "Point",
        "coordinates": [
          -1.9747231,
          43.3172267
        ]
      }
    },
    {
      "type": "Feature",
      "properties": {
        "weight": 1.0,
        "id": 646890037,
        "hasDetails": true,
        "name": "Berri Versalles",
        "amenity": "restaurant",
        "address": "Kaputxinoen gaina 9, Errenteria"
      },
      "geometry": {
        "type": "Point",
        "coordinates": [
          -1.9066829,
          43.3172627
        ]
      }
    },
    {
      "type": "Feature",
      "properties": {
        "weight": 1.0,
        "id": 13555599659,
        "hasDetails": true,
        "name": "Patagonia Gastrobar",
        "amenity": "restaurant",
        "address": "Hondarribia kalea 23"
      },
      "geometry": {
        "type": "Point",
        "coordinates": [
          -1.980892,
          43.3172706
        ]
      }
    },
    {
      "type": "Feature",
      "properties": {
        "weight": 1.0
      },
      "geometry": {
        "type": "Point",
        "coordinates": [
          -1.9312314,
          43.3172788
        ]
      }
    },
    {
      "type": "Feature",
      "properties": {
        "weight": 1.0,
        "id": 5321911877,
        "hasDetails": true,
        "name": "Carmen Jatetxea",
        "amenity": "restaurant",
        "website": "https://carmenjatetxea.com/"
      },
      "geometry": {
        "type": "Point",
        "coordinates": [
          -1.8959886,
          43.317284
        ]
      }
    },
    {
      "type": "Feature",
      "properties": {
        "weight": 1.0
      },
      "geometry": {
        "type": "Point",
        "coordinates": [
          -1.9301843,
          43.3173163
        ]
      }
    },
    {
      "type": "Feature",
      "properties": {
        "weight": 1.0
      },
      "geometry": {
        "type": "Point",
        "coordinates": [
          -1.9281796,
          43.3173386
        ]
      }
    },
    {
      "type": "Feature",
      "properties": {
        "weight": 1.0,
        "id": 8635852317,
        "hasDetails": true,
        "name": "Baztarre",
        "amenity": "bar",
        "address": "Karmengo Andre Mariaren kalea"
      },
      "geometry": {
        "type": "Point",
        "coordinates": [
          -1.9704041,
          43.3173434
        ]
      }
    },
    {
      "type": "Feature",
      "properties": {
        "weight": 1.0,
        "id": 4690336089,
        "hasDetails": true,
        "name": "Fukelai",
        "amenity": "restaurant",
        "cuisine": "asian"
      },
      "geometry": {
        "type": "Point",
        "coordinates": [
          -1.9156559,
          43.3173463
        ]
      }
    },
    {
      "type": "Feature",
      "properties": {
        "weight": 1.0,
        "id": 2145507987,
        "hasDetails": true,
        "name": "Trebe",
        "amenity": "cafe",
        "cuisine": "breakfast;coffee_shop",
        "address": "Sorgintxulo kalea 23, Errenteria",
        "opening_hours": "Mo-Fr 08:30-14:30, 16:30-21:00; Sa-Su 08:15-14:30, 16:30-21:00"
      },
      "geometry": {
        "type": "Point",
        "coordinates": [
          -1.9073458,
          43.317351
        ]
      }
    },
    {
      "type": "Feature",
      "properties": {
        "weight": 1.0,
        "id": 2478742656,
        "hasDetails": true,
        "name": "Iturrioz",
        "amenity": "bar",
        "address": "San Martin kalea 30, Donostia / San Sebasti\u00e1n",
        "opening_hours": "Mo 08:00-23:00; Tu 08:00-23:00; We 08:00-23:00; Th 08:00-23:00; Fr 08:00-23:00; Sa 08:30-23:30"
      },
      "geometry": {
        "type": "Point",
        "coordinates": [
          -1.9825184,
          43.3173884
        ]
      }
    },
    {
      "type": "Feature",
      "properties": {
        "weight": 1.0,
        "id": 13304616725,
        "hasDetails": true,
        "name": "Gogoan",
        "amenity": "cafe",
        "cuisine": "coffee_shop",
        "address": "Arrasate kalea 43"
      },
      "geometry": {
        "type": "Point",
        "coordinates": [
          -1.9836724,
          43.31744
        ]
      }
    },
    {
      "type": "Feature",
      "properties": {
        "weight": 1.0
      },
      "geometry": {
        "type": "Point",
        "coordinates": [
          -1.9688644,
          43.3174908
        ]
      }
    },
    {
      "type": "Feature",
      "properties": {
        "weight": 1.0
      },
      "geometry": {
        "type": "Point",
        "coordinates": [
          -1.9187471,
          43.3175125
        ]
      }
    },
    {
      "type": "Feature",
      "properties": {
        "weight": 1.0,
        "id": 13304694559,
        "hasDetails": true,
        "name": "Lobo",
        "amenity": "restaurant",
        "address": "Easo kalea 13",
        "website": "https://digital.adhocwifi.com/es/easo/easo/local"
      },
      "geometry": {
        "type": "Point",
        "coordinates": [
          -1.9841714,
          43.3175363
        ]
      }
    },
    {
      "type": "Feature",
      "properties": {
        "weight": 1.0,
        "id": 13300706149,
        "hasDetails": true,
        "name": "Aitana",
        "amenity": "restaurant",
        "address": "Easo kalea 6, Donostia / San Sebasti\u00e1n",
        "website": "https://aitanadonostia.com/"
      },
      "geometry": {
        "type": "Point",
        "coordinates": [
          -1.9844711,
          43.3175868
        ]
      }
    },
    {
      "type": "Feature",
      "properties": {
        "weight": 1.0
      },
      "geometry": {
        "type": "Point",
        "coordinates": [
          -1.9283489,
          43.3176005
        ]
      }
    },
    {
      "type": "Feature",
      "properties": {
        "weight": 1.0
      },
      "geometry": {
        "type": "Point",
        "coordinates": [
          -1.9167709,
          43.3176073
        ]
      }
    },
    {
      "type": "Feature",
      "properties": {
        "weight": 1.0,
        "id": 8635884819,
        "hasDetails": true,
        "name": "Daniel",
        "amenity": "bar",
        "address": "Karmengo Andre Mariaren kalea 30"
      },
      "geometry": {
        "type": "Point",
        "coordinates": [
          -1.9692389,
          43.3176454
        ]
      }
    },
    {
      "type": "Feature",
      "properties": {
        "weight": 1.0,
        "id": 566278284,
        "hasDetails": true,
        "name": "Amazonas",
        "amenity": "bar",
        "address": "Bilbao plaza"
      },
      "geometry": {
        "type": "Point",
        "coordinates": [
          -1.9800422,
          43.3176684
        ]
      }
    },
    {
      "type": "Feature",
      "properties": {
        "weight": 1.0,
        "id": 9941961448,
        "hasDetails": true,
        "name": "Narru",
        "amenity": "restaurant",
        "cuisine": "basque;regional",
        "address": "San Martin kalea 22",
        "website": "https://narru.es/",
        "outdoor_seating": "yes"
      },
      "geometry": {
        "type": "Point",
        "coordinates": [
          -1.9816613,
          43.3176712
        ]
      }
    },
    {
      "type": "Feature",
      "properties": {
        "weight": 1.0,
        "id": 3603040090,
        "hasDetails": true,
        "name": "Ciaboga",
        "amenity": "bar",
        "address": "Easo kalea 9, Donostia / San Sebasti\u00e1n",
        "names": [
          "Ciaboga",
          "Gabarr\u00f3n"
        ]
      },
      "geometry": {
        "type": "Point",
        "coordinates": [
          -1.9842803,
          43.3176901
        ]
      }
    },
    {
      "type": "Feature",
      "properties": {
        "weight": 1.0,
        "id": 1327919397,
        "hasDetails": true,
        "name": "Irurak taberna",
        "amenity": "pub",
        "address": "Irurak 14, Donostia / San Sebasti\u00e1n"
      },
      "geometry": {
        "type": "Point",
        "coordinates": [
          -1.9515581,
          43.3177533
        ]
      }
    },
    {
      "type": "Feature",
      "properties": {
        "weight": 1.0
      },
      "geometry": {
        "type": "Point",
        "coordinates": [
          -1.9182256,
          43.3177674
        ]
      }
    },
    {
      "type": "Feature",
      "properties": {
        "weight": 1.0,
        "id": 652811191,
        "hasDetails": true,
        "name": "Dani",
        "amenity": "bar",
        "address": "5, Pasaia"
      },
      "geometry": {
        "type": "Point",
        "coordinates": [
          -1.9173077,
          43.3177932
        ]
      }
    },
    {
      "type": "Feature",
      "properties": {
        "weight": 1.0,
        "id": 13304694556,
        "hasDetails": true,
        "name": "Juan Sebastian",
        "amenity": "bar",
        "address": "Easo kalea 7",
        "names": [
          "Juan Sebastian",
          "Chez Croissant"
        ],
        "amenities": [
          "bar",
          "cafe"
        ]
      },
      "geometry": {
        "type": "Point",
        "coordinates": [
          -1.9843568,
          43.3177982
        ]
      }
    },
    {
      "type": "Feature",
      "properties": {
        "weight": 1.0,
        "id": 13304694548,
        "hasDetails": true,
        "name": "Enso",
        "amenity": "restaurant",
        "cuisine": "japanese",
        "address": "Urbieta kalea 12"
      },
      "geometry": {
        "type": "Point",
        "coordinates": [
          -1.9835559,
          43.3178616
        ]
      }
    },
    {
      "type": "Feature",
      "properties": {
        "weight": 1.0,
        "id": 6880537385,
        "hasDetails": true,
        "name": "Usarbi",
        "amenity": "restaurant",
        "address": "Mandasko Dukearen pasealekua 35"
      },
      "geometry": {
        "type": "Point",
        "coordinates": [
          -1.974617,
          43.3178686
        ]
      }
    },
    {
      "type": "Feature",
      "properties": {
        "weight": 1.0,
        "id": 13367503885,
        "hasDetails": true,
        "name": "Izarraitz",
        "amenity": "bar",
        "address": "Prim kalea 4"
      },
      "geometry": {
        "type": "Point",
        "coordinates": [
          -1.9798653,
          43.3178848
        ]
      }
    },
    {
      "type": "Feature",
      "properties": {
        "weight": 1.0,
        "id": 14231632701,
        "hasDetails": true,
        "name": "Tahona",
        "amenity": "cafe",
        "address": "San Martzial kalea 39",
        "opening_hours": "Mo-Su 07:30-21:00",
        "names": [
          "Tahona",
          "The New Sansse"
        ],
        "amenities": [
          "cafe",
          "restaurant"
        ]
      },
      "geometry": {
        "type": "Point",
        "coordinates": [
          -1.9841797,
          43.3179095
        ]
      }
    },
    {
      "type": "Feature",
      "properties": {
        "weight": 1.0,
        "id": 10761470105,
        "hasDetails": true,
        "name": "Kaioa",
        "amenity": "bar",
        "address": "Mandasko Dukearen pasealekua 40"
      },
      "geometry": {
        "type": "Point",
        "coordinates": [
          -1.9758944,
          43.3179302
        ]
      }
    },
    {
      "type": "Feature",
      "properties": {
        "weight": 1.0
      },
      "geometry": {
        "type": "Point",
        "coordinates": [
          -1.9310855,
          43.317972
        ]
      }
    },
    {
      "type": "Feature",
      "properties": {
        "weight": 1.0
      },
      "geometry": {
        "type": "Point",
        "coordinates": [
          -1.9308109,
          43.3179845
        ]
      }
    },
    {
      "type": "Feature",
      "properties": {
        "weight": 1.0,
        "id": 596142084,
        "hasDetails": true,
        "name": "Bar Rojo y Negro",
        "amenity": "bar",
        "address": "San Martzial kalea 52, Donostia / San Sebasti\u00e1n",
        "website": "http://www.barrojoynegro.es/",
        "opening_hours": "Mo 07:00-01:00; Tu 07:00-01:00; We 07:00-01:00; Th 07:00-01:00; Fr 07:00-01:00; Sa 07:00-01:00; Su 07:00-01:00",
        "outdoor_seating": "yes"
      },
      "geometry": {
        "type": "Point",
        "coordinates": [
          -1.984331,
          43.3179909
        ]
      }
    },
    {
      "type": "Feature",
      "properties": {
        "weight": 1.0,
        "id": 8785439702,
        "hasDetails": true,
        "name": "Cort\u00e1zar",
        "amenity": "restaurant",
        "website": "https://grupogarrancho.com/es/carta/cortazar/",
        "outdoor_seating": "yes"
      },
      "geometry": {
        "type": "Point",
        "coordinates": [
          -1.9816714,
          43.3179926
        ]
      }
    },
    {
      "type": "Feature",
      "properties": {
        "weight": 1.0
      },
      "geometry": {
        "type": "Point",
        "coordinates": [
          -1.9180937,
          43.3180153
        ]
      }
    },
    {
      "type": "Feature",
      "properties": {
        "weight": 1.0,
        "id": 620128092,
        "hasDetails": true,
        "name": "La Perola",
        "amenity": "restaurant",
        "cuisine": "spanish",
        "address": "Easo kalea 5, Donostia / San Sebasti\u00e1n",
        "website": "https://laperoladonostia.com/",
        "opening_hours": "Mo-Fr 10:00-16:00, 18:00-20:00; Sa 10:00-15:00"
      },
      "geometry": {
        "type": "Point",
        "coordinates": [
          -1.9845233,
          43.3180242
        ]
      }
    },
    {
      "type": "Feature",
      "properties": {
        "weight": 1.0,
        "id": 620115524,
        "hasDetails": true,
        "name": "Caf\u00e9 Con Leche",
        "amenity": "cafe",
        "cuisine": "local",
        "address": "San Martin kalea 8, Donostia / San Sebasti\u00e1n",
        "opening_hours": "Mo-Sa 08:00-22:00; Su 09:00-15:00"
      },
      "geometry": {
        "type": "Point",
        "coordinates": [
          -1.9807189,
          43.3180339
        ]
      }
    },
    {
      "type": "Feature",
      "properties": {
        "weight": 1.0,
        "id": 168045908,
        "hasDetails": true,
        "name": "Restaurante Alaia",
        "amenity": "restaurant",
        "address": "Igeldo pasealekua 224, Donostia / San Sebasti\u00e1n",
        "website": "https://www.restaurantealaia.com"
      },
      "geometry": {
        "type": "Point",
        "coordinates": [
          -2.0111226,
          43.3180358
        ]
      }
    },
    {
      "type": "Feature",
      "properties": {
        "weight": 1.0,
        "id": 2456683796,
        "hasDetails": true,
        "name": "San Marcial",
        "amenity": "bar",
        "address": "San Martzial kalea 50, Donostia / San Sebasti\u00e1n",
        "opening_hours": "Mo 09:00-23:30; We 09:00-23:30; Th 09:00-23:30; Fr 09:00-23:30; Sa 09:00-23:30; Su 09:00-23:30"
      },
      "geometry": {
        "type": "Point",
        "coordinates": [
          -1.9841982,
          43.3180417
        ]
      }
    },
    {
      "type": "Feature",
      "properties": {
        "weight": 1.0,
        "id": 8635908718,
        "hasDetails": true,
        "name": "La taberna",
        "amenity": "bar",
        "address": "Karmengo Andre Mariaren kalea"
      },
      "geometry": {
        "type": "Point",
        "coordinates": [
          -1.9687276,
          43.3180652
        ]
      }
    },
    {
      "type": "Feature",
      "properties": {
        "weight": 1.0,
        "id": 8635948417,
        "hasDetails": true,
        "name": "Uranzia",
        "amenity": "bar",
        "address": "Ametzaga\u00f1a kalea"
      },
      "geometry": {
        "type": "Point",
        "coordinates": [
          -1.967675,
          43.3180863
        ]
      }
    },
    {
      "type": "Feature",
      "properties": {
        "weight": 1.0
      },
      "geometry": {
        "type": "Point",
        "coordinates": [
          -1.9180421,
          43.318105
        ]
      }
    },
    {
      "type": "Feature",
      "properties": {
        "weight": 1.0,
        "id": 2456683797,
        "hasDetails": true,
        "name": "La Espiga",
        "amenity": "bar",
        "address": "San Martzial kalea 48, Donostia / San Sebasti\u00e1n",
        "outdoor_seating": "yes"
      },
      "geometry": {
        "type": "Point",
        "coordinates": [
          -1.9840265,
          43.3181074
        ]
      }
    },
    {
      "type": "Feature",
      "properties": {
        "weight": 1.0
      },
      "geometry": {
        "type": "Point",
        "coordinates": [
          -1.966973,
          43.3181175
        ]
      }
    },
    {
      "type": "Feature",
      "properties": {
        "weight": 1.0
      },
      "geometry": {
        "type": "Point",
        "coordinates": [
          -1.9300505,
          43.3181884
        ]
      }
    },
    {
      "type": "Feature",
      "properties": {
        "weight": 1.0,
        "id": 620111849,
        "hasDetails": true,
        "name": "Ibai",
        "amenity": "restaurant",
        "address": "Getaria kalea 15, Donostia / San Sebasti\u00e1n",
        "website": "https://www.baribai.com/"
      },
      "geometry": {
        "type": "Point",
        "coordinates": [
          -1.9805501,
          43.318283
        ]
      }
    },
    {
      "type": "Feature",
      "properties": {
        "weight": 1.0,
        "id": 7752563388,
        "hasDetails": true,
        "name": "Arnoldo",
        "amenity": "ice_cream",
        "address": "Easo kalea 1",
        "website": "http://www.arnoldoheladeria.com",
        "opening_hours": "Mo-Th 08:00-23:00; Fr-Su 08:00-01:00"
      },
      "geometry": {
        "type": "Point",
        "coordinates": [
          -1.9847643,
          43.3183707
        ]
      }
    },
    {
      "type": "Feature",
      "properties": {
        "weight": 1.0
      },
      "geometry": {
        "type": "Point",
        "coordinates": [
          -1.9191927,
          43.3184132
        ]
      }
    },
    {
      "type": "Feature",
      "properties": {
        "weight": 1.0,
        "id": 566272388,
        "hasDetails": true,
        "name": "Taberna Cachon",
        "amenity": "bar",
        "address": "San Martzial kalea 40"
      },
      "geometry": {
        "type": "Point",
        "coordinates": [
          -1.9832168,
          43.3184189
        ]
      }
    },
    {
      "type": "Feature",
      "properties": {
        "weight": 1.0
      },
      "geometry": {
        "type": "Point",
        "coordinates": [
          -1.9531187,
          43.3184195
        ]
      }
    },
    {
      "type": "Feature",
      "properties": {
        "weight": 1.0
      },
      "geometry": {
        "type": "Point",
        "coordinates": [
          -1.9291576,
          43.3184415
        ]
      }
    },
    {
      "type": "Feature",
      "properties": {
        "weight": 1.0
      },
      "geometry": {
        "type": "Point",
        "coordinates": [
          -1.931863,
          43.318497
        ]
      }
    },
    {
      "type": "Feature",
      "properties": {
        "weight": 1.0
      },
      "geometry": {
        "type": "Point",
        "coordinates": [
          -1.9558812,
          43.318546
        ]
      }
    },
    {
      "type": "Feature",
      "properties": {
        "weight": 1.0,
        "id": 4690325391,
        "hasDetails": true,
        "name": "Ibiza",
        "amenity": "bar",
        "outdoor_seating": "yes"
      },
      "geometry": {
        "type": "Point",
        "coordinates": [
          -1.9170002,
          43.3185893
        ]
      }
    },
    {
      "type": "Feature",
      "properties": {
        "weight": 1.0
      },
      "geometry": {
        "type": "Point",
        "coordinates": [
          -1.9574528,
          43.3186246
        ]
      }
    },
    {
      "type": "Feature",
      "properties": {
        "weight": 1.0,
        "id": 566272337,
        "hasDetails": true,
        "name": "Mina",
        "amenity": "restaurant",
        "cuisine": "pizza"
      },
      "geometry": {
        "type": "Point",
        "coordinates": [
          -1.9837818,
          43.3186466
        ]
      }
    },
    {
      "type": "Feature",
      "properties": {
        "weight": 1.0
      },
      "geometry": {
        "type": "Point",
        "coordinates": [
          -1.9191672,
          43.3188023
        ]
      }
    },
    {
      "type": "Feature",
      "properties": {
        "weight": 1.0,
        "id": 4690336192,
        "hasDetails": true,
        "name": "Iparra",
        "amenity": "bar",
        "outdoor_seating": "yes"
      },
      "geometry": {
        "type": "Point",
        "coordinates": [
          -1.9176235,
          43.3188248
        ]
      }
    },
    {
      "type": "Feature",
      "properties": {
        "weight": 1.0,
        "id": 11137054446,
        "hasDetails": true,
        "name": "Goiko",
        "amenity": "fast_food",
        "cuisine": "burger",
        "address": "Bergara kalea 14",
        "website": "https://www.goiko.com/es/restaurante/hamburgueseria-bergara-14-donostia/",
        "opening_hours": "Mo-We 12:00-23:30, Th-Su,PH 12:00-24:00"
      },
      "geometry": {
        "type": "Point",
        "coordinates": [
          -1.9802739,
          43.3188769
        ]
      }
    },
    {
      "type": "Feature",
      "properties": {
        "weight": 1.0
      },
      "geometry": {
        "type": "Point",
        "coordinates": [
          -1.9193155,
          43.3188858
        ]
      }
    },
    {
      "type": "Feature",
      "properties": {
        "weight": 1.0,
        "id": 13708485701,
        "hasDetails": true,
        "name": "Kai Sushi",
        "amenity": "restaurant",
        "cuisine": "japanese;sushi",
        "address": "Arrasate kalea 5",
        "website": "https://kaisushi.eus",
        "opening_hours": "Tu-Th 19:30-22:00; Fr-Sa 19:30-22:30"
      },
      "geometry": {
        "type": "Point",
        "coordinates": [
          -1.9797211,
          43.318902
        ]
      }
    },
    {
      "type": "Feature",
      "properties": {
        "weight": 1.0,
        "id": 8635858019,
        "hasDetails": true,
        "name": "Bidea",
        "amenity": "bar",
        "address": "Karmengo Andre Mariaren kalea"
      },
      "geometry": {
        "type": "Point",
        "coordinates": [
          -1.9666,
          43.3189708
        ]
      }
    },
    {
      "type": "Feature",
      "properties": {
        "weight": 1.0,
        "id": 569774322,
        "hasDetails": true,
        "name": "Wimbledon English Pub",
        "amenity": "pub",
        "address": "Eduardo Chillida pasealekua 9, Donostia / San Sebasti\u00e1n",
        "opening_hours": "Mo-Th 15:00-02:00, Fr 15:00-03:00, Sa 10:00-03:00, Su 10:00-23:00"
      },
      "geometry": {
        "type": "Point",
        "coordinates": [
          -2.0056078,
          43.3190045
        ]
      }
    },
    {
      "type": "Feature",
      "properties": {
        "weight": 1.0,
        "id": 13322890101,
        "hasDetails": true,
        "name": "El Quijote",
        "amenity": "restaurant",
        "address": "Miramar kalea 5"
      },
      "geometry": {
        "type": "Point",
        "coordinates": [
          -1.9840463,
          43.3190378
        ]
      }
    },
    {
      "type": "Feature",
      "properties": {
        "weight": 1.0,
        "id": 5709314762,
        "hasDetails": true,
        "name": "Starbucks",
        "amenity": "cafe",
        "cuisine": "coffee_shop",
        "address": "Askatasunaren hiribidea 40",
        "website": "https://www.starbucks.co.uk/store-locator/50303-266029/libertad-san-sebastian"
      },
      "geometry": {
        "type": "Point",
        "coordinates": [
          -1.9839236,
          43.3190736
        ]
      }
    },
    {
      "type": "Feature",
      "properties": {
        "weight": 1.0,
        "id": 4690325389,
        "hasDetails": true,
        "name": "Prost Sports Bar",
        "amenity": "bar",
        "outdoor_seating": "yes"
      },
      "geometry": {
        "type": "Point",
        "coordinates": [
          -1.9183427,
          43.319094
        ]
      }
    },
    {
      "type": "Feature",
      "properties": {
        "weight": 1.0,
        "id": 569774323,
        "hasDetails": true,
        "name": "Tenis Ondarreta",
        "amenity": "restaurant",
        "address": "Eduardo Chillida pasealekua 9, Donostia / San Sebasti\u00e1n",
        "website": "http://tenisondarreta.com/"
      },
      "geometry": {
        "type": "Point",
        "coordinates": [
          -2.0055788,
          43.3191841
        ]
      }
    },
    {
      "type": "Feature",
      "properties": {
        "weight": 1.0
      },
      "geometry": {
        "type": "Point",
        "coordinates": [
          -1.9504842,
          43.3192997
        ]
      }
    },
    {
      "type": "Feature",
      "properties": {
        "weight": 1.0,
        "id": 4335267989,
        "hasDetails": true,
        "name": "Zure Taberna",
        "amenity": "bar",
        "cuisine": "regional;tapas",
        "opening_hours": "Mo-Th 08:00-22:00; Fr 08:00-23:00; Sa 10:00-23:00; Su 11:00-15:00, 17:00-22:00"
      },
      "geometry": {
        "type": "Point",
        "coordinates": [
          -1.9381672,
          43.3193193
        ]
      }
    },
    {
      "type": "Feature",
      "properties": {
        "weight": 1.0,
        "id": 7128484585,
        "hasDetails": true,
        "name": "Rita",
        "amenity": "restaurant",
        "address": "Mandasko Dukearen pasealekua"
      },
      "geometry": {
        "type": "Point",
        "coordinates": [
          -1.9747424,
          43.3193572
        ]
      }
    },
    {
      "type": "Feature",
      "properties": {
        "weight": 1.0
      },
      "geometry": {
        "type": "Point",
        "coordinates": [
          -1.9756541,
          43.3193597
        ]
      }
    },
    {
      "type": "Feature",
      "properties": {
        "weight": 1.0,
        "id": 13344160271,
        "hasDetails": true,
        "name": "Ikili",
        "amenity": "restaurant",
        "address": "San Martzial kalea 7",
        "website": "https://ikili.eus/",
        "names": [
          "Ikili",
          "Gorila"
        ],
        "amenities": [
          "restaurant",
          "pub"
        ]
      },
      "geometry": {
        "type": "Point",
        "coordinates": [
          -1.9800778,
          43.3194371
        ]
      }
    },
    {
      "type": "Feature",
      "properties": {
        "weight": 1.0,
        "id": 12503157086,
        "hasDetails": true,
        "name": "Avenida XXI",
        "amenity": "cafe",
        "address": "Askatasunaren hiribidea 21",
        "website": "https://avenidaxxi.com/"
      },
      "geometry": {
        "type": "Point",
        "coordinates": [
          -1.9819268,
          43.3194395
        ]
      }
    },
    {
      "type": "Feature",
      "properties": {
        "weight": 1.0,
        "id": 756740967,
        "hasDetails": true,
        "name": "Yokin Club",
        "amenity": "bar",
        "address": "Luis Pradera kalea 23, Donostia / San Sebasti\u00e1n",
        "opening_hours": "24/7"
      },
      "geometry": {
        "type": "Point",
        "coordinates": [
          -1.94563,
          43.3194899
        ]
      }
    },
    {
      "type": "Feature",
      "properties": {
        "weight": 1.0
      },
      "geometry": {
        "type": "Point",
        "coordinates": [
          -1.9376186,
          43.3195637
        ]
      }
    },
    {
      "type": "Feature",
      "properties": {
        "weight": 1.0,
        "id": 13322888501,
        "hasDetails": true,
        "name": "east crema coffee",
        "amenity": "cafe",
        "address": "Hernani kalea 6"
      },
      "geometry": {
        "type": "Point",
        "coordinates": [
          -1.9837216,
          43.3196118
        ]
      }
    },
    {
      "type": "Feature",
      "properties": {
        "weight": 1.0,
        "id": 13310570486,
        "hasDetails": true,
        "name": "Itsaspe",
        "amenity": "pub",
        "address": "San Martzial kalea 8",
        "website": "https://www.itsaspedonosti.com/"
      },
      "geometry": {
        "type": "Point",
        "coordinates": [
          -1.9800197,
          43.3196206
        ]
      }
    },
    {
      "type": "Feature",
      "properties": {
        "weight": 1.0
      },
      "geometry": {
        "type": "Point",
        "coordinates": [
          -1.9395027,
          43.3196272
        ]
      }
    },
    {
      "type": "Feature",
      "properties": {
        "weight": 1.0,
        "id": 620111893,
        "hasDetails": true,
        "name": "Antonio",
        "amenity": "bar",
        "address": "Bergara kalea 3, Donostia / San Sebasti\u00e1n",
        "website": "https://antoniobar.com/"
      },
      "geometry": {
        "type": "Point",
        "coordinates": [
          -1.9806016,
          43.3197256
        ]
      }
    },
    {
      "type": "Feature",
      "properties": {
        "weight": 1.0
      },
      "geometry": {
        "type": "Point",
        "coordinates": [
          -1.9747239,
          43.3197484
        ]
      }
    },
    {
      "type": "Feature",
      "properties": {
        "weight": 1.0
      },
      "geometry": {
        "type": "Point",
        "coordinates": [
          -1.9749737,
          43.3197986
        ]
      }
    },
    {
      "type": "Feature",
      "properties": {
        "weight": 1.0,
        "id": 6927676485,
        "hasDetails": true,
        "name": "NAP Pizza",
        "amenity": "restaurant",
        "cuisine": "pizza",
        "address": "Andia kalea 11, Donostia / San Sebasti\u00e1n",
        "outdoor_seating": "yes"
      },
      "geometry": {
        "type": "Point",
        "coordinates": [
          -1.9841676,
          43.3198114
        ]
      }
    },
    {
      "type": "Feature",
      "properties": {
        "weight": 1.0,
        "id": 13629015301,
        "hasDetails": true,
        "name": "Bizargorri Taberna",
        "amenity": "pub",
        "cuisine": "regional;tapas",
        "address": "Jose Elosegi Alkatearen hiribidea 133"
      },
      "geometry": {
        "type": "Point",
        "coordinates": [
          -1.9370556,
          43.3198364
        ]
      }
    },
    {
      "type": "Feature",
      "properties": {
        "weight": 1.0,
        "id": 12739908852,
        "hasDetails": true,
        "name": "Buga Ramen",
        "amenity": "restaurant",
        "cuisine": "ramen",
        "address": "Etxaide kalea 4"
      },
      "geometry": {
        "type": "Point",
        "coordinates": [
          -1.9799574,
          43.3198673
        ]
      }
    },
    {
      "type": "Feature",
      "properties": {
        "weight": 1.0
      },
      "geometry": {
        "type": "Point",
        "coordinates": [
          -1.9006651,
          43.3198802
        ]
      }
    },
    {
      "type": "Feature",
      "properties": {
        "weight": 1.0
      },
      "geometry": {
        "type": "Point",
        "coordinates": [
          -1.9004725,
          43.319897
        ]
      }
    },
    {
      "type": "Feature",
      "properties": {
        "weight": 1.0
      },
      "geometry": {
        "type": "Point",
        "coordinates": [
          -1.9326162,
          43.3199061
        ]
      }
    },
    {
      "type": "Feature",
      "properties": {
        "weight": 1.0,
        "id": 8865027991,
        "hasDetails": true,
        "name": "Iturralde",
        "amenity": "cafe",
        "address": "Askatasunaren hiribidea 11, Donostia / San Sebasti\u00e1n",
        "website": "https://www.cafeiturralde.com/",
        "outdoor_seating": "no"
      },
      "geometry": {
        "type": "Point",
        "coordinates": [
          -1.9805869,
          43.3199444
        ]
      }
    },
    {
      "type": "Feature",
      "properties": {
        "weight": 1.0
      },
      "geometry": {
        "type": "Point",
        "coordinates": [
          -1.9011103,
          43.3200225
        ]
      }
    },
    {
      "type": "Feature",
      "properties": {
        "weight": 1.0
      },
      "geometry": {
        "type": "Point",
        "coordinates": [
          -1.951244,
          43.3200553
        ]
      }
    },
    {
      "type": "Feature",
      "properties": {
        "weight": 1.0,
        "id": 620102879,
        "hasDetails": true,
        "name": "Rolls",
        "amenity": "cafe",
        "cuisine": "coffee_shop",
        "address": "Andia kalea 6, Donostia / San Sebasti\u00e1n"
      },
      "geometry": {
        "type": "Point",
        "coordinates": [
          -1.9837409,
          43.320154
        ]
      }
    },
    {
      "type": "Feature",
      "properties": {
        "weight": 1.0
      },
      "geometry": {
        "type": "Point",
        "coordinates": [
          -1.9793153,
          43.3202568
        ]
      }
    },
    {
      "type": "Feature",
      "properties": {
        "weight": 1.0,
        "id": 5897479685,
        "hasDetails": true,
        "name": "Xiri Donosti",
        "amenity": "restaurant",
        "address": "Idiakez kalea 10",
        "website": "https://xiridonosti.com/",
        "opening_hours": "Mo-Th 07:00-22:30; Fr 07:00-23:30; Sa 09:00-23:30"
      },
      "geometry": {
        "type": "Point",
        "coordinates": [
          -1.981244,
          43.3203061
        ]
      }
    },
    {
      "type": "Feature",
      "properties": {
        "weight": 1.0,
        "id": 2135473293,
        "hasDetails": true,
        "name": "\u00d1am",
        "amenity": "restaurant",
        "address": "Eduardo Chillida pasealekua 17",
        "website": "https://www.namrestaurantes.com/",
        "outdoor_seating": "yes"
      },
      "geometry": {
        "type": "Point",
        "coordinates": [
          -2.0050194,
          43.3203756
        ]
      }
    },
    {
      "type": "Feature",
      "properties": {
        "weight": 1.0,
        "id": 9343388571,
        "hasDetails": true,
        "name": "Aiton Amonen etxea",
        "amenity": "restaurant",
        "cuisine": "regional",
        "address": "Intxaurrondo kalea 56, Donostia / San Sebasti\u00e1n"
      },
      "geometry": {
        "type": "Point",
        "coordinates": [
          -1.9535876,
          43.3204073
        ]
      }
    },
    {
      "type": "Feature",
      "properties": {
        "weight": 1.0,
        "id": 620092440,
        "hasDetails": true,
        "name": "Bideluze",
        "amenity": "restaurant",
        "address": "Garibai kalea 24, Donostia / San Sebasti\u00e1n",
        "website": "https://www.bideluzedonostia.com/",
        "names": [
          "Bideluze",
          "Grosso Napoletano"
        ]
      },
      "geometry": {
        "type": "Point",
        "coordinates": [
          -1.9833652,
          43.3204147
        ]
      }
    },
    {
      "type": "Feature",
      "properties": {
        "weight": 1.0
      },
      "geometry": {
        "type": "Point",
        "coordinates": [
          -1.9540963,
          43.3204263
        ]
      }
    },
    {
      "type": "Feature",
      "properties": {
        "weight": 1.0,
        "id": 13418576072,
        "hasDetails": true,
        "name": "Aiton amonen borda",
        "amenity": "restaurant",
        "address": "Antonio Pildain kalea 3, Lezo"
      },
      "geometry": {
        "type": "Point",
        "coordinates": [
          -1.9001441,
          43.3204823
        ]
      }
    },
    {
      "type": "Feature",
      "properties": {
        "weight": 1.0,
        "id": 13311030817,
        "hasDetails": true,
        "name": "Panchito",
        "amenity": "cafe",
        "cuisine": "coffee_shop"
      },
      "geometry": {
        "type": "Point",
        "coordinates": [
          -1.9821221,
          43.3204836
        ]
      }
    },
    {
      "type": "Feature",
      "properties": {
        "weight": 1.0,
        "id": 1323515611,
        "hasDetails": true,
        "name": "Erdikoa Taberna",
        "amenity": "pub",
        "address": "Intxaurrondo kalea",
        "opening_hours": "Mo-Su 09:00-22:30+"
      },
      "geometry": {
        "type": "Point",
        "coordinates": [
          -1.953199,
          43.3206066
        ]
      }
    },
    {
      "type": "Feature",
      "properties": {
        "weight": 1.0,
        "id": 721244720,
        "hasDetails": true,
        "name": "Santa Klara Uharteko Txiringitoa",
        "amenity": "restaurant",
        "opening_hours": "Mo-Su 10:00-20:00"
      },
      "geometry": {
        "type": "Point",
        "coordinates": [
          -2.0007921,
          43.3206286
        ]
      }
    },
    {
      "type": "Feature",
      "properties": {
        "weight": 1.0,
        "id": 8865473716,
        "hasDetails": true,
        "amenity": "pub",
        "address": "Donostia / San Sebasti\u00e1n"
      },
      "geometry": {
        "type": "Point",
        "coordinates": [
          -2.0101724,
          43.3206731
        ]
      }
    },
    {
      "type": "Feature",
      "properties": {
        "weight": 1.0,
        "id": 620092566,
        "hasDetails": true,
        "name": "Bideluze",
        "amenity": "restaurant",
        "address": "Gipuzkoa plaza 14, Donostia / San Sebasti\u00e1n",
        "website": "https://www.bideluzedonostia.com/",
        "outdoor_seating": "yes"
      },
      "geometry": {
        "type": "Point",
        "coordinates": [
          -1.9817675,
          43.3207171
        ]
      }
    },
    {
      "type": "Feature",
      "properties": {
        "weight": 1.0
      },
      "geometry": {
        "type": "Point",
        "coordinates": [
          -1.8966823,
          43.3207494
        ]
      }
    },
    {
      "type": "Feature",
      "properties": {
        "weight": 1.0,
        "id": 1549080791,
        "hasDetails": true,
        "name": "El Rincon Dulce",
        "amenity": "fast_food",
        "cuisine": "churro"
      },
      "geometry": {
        "type": "Point",
        "coordinates": [
          -2.0102843,
          43.3208336
        ]
      }
    },
    {
      "type": "Feature",
      "properties": {
        "weight": 1.0
      },
      "geometry": {
        "type": "Point",
        "coordinates": [
          -1.8961674,
          43.3208736
        ]
      }
    },
    {
      "type": "Feature",
      "properties": {
        "weight": 1.0
      },
      "geometry": {
        "type": "Point",
        "coordinates": [
          -1.8946163,
          43.3209053
        ]
      }
    },
    {
      "type": "Feature",
      "properties": {
        "weight": 1.0
      },
      "geometry": {
        "type": "Point",
        "coordinates": [
          -1.9403875,
          43.3209331
        ]
      }
    },
    {
      "type": "Feature",
      "properties": {
        "weight": 1.0,
        "id": 10811855270,
        "hasDetails": true,
        "name": "Kata 4",
        "amenity": "restaurant",
        "address": "Santa Katalina kalea 4",
        "outdoor_seating": "yes"
      },
      "geometry": {
        "type": "Point",
        "coordinates": [
          -1.9799461,
          43.3209694
        ]
      }
    },
    {
      "type": "Feature",
      "properties": {
        "weight": 1.0,
        "id": 9243432362,
        "hasDetails": true,
        "name": "Ti\u00f1elu Taberna",
        "amenity": "bar",
        "website": "https://tinelu.eus/",
        "opening_hours": "Tu-Fr 16:00-23:00; Sa-Su 12:00 - 24:00"
      },
      "geometry": {
        "type": "Point",
        "coordinates": [
          -1.8968739,
          43.32099
        ]
      }
    },
    {
      "type": "Feature",
      "properties": {
        "weight": 1.0,
        "id": 5523529189,
        "hasDetails": true,
        "name": "Zumardi",
        "amenity": "restaurant",
        "cuisine": "sandwich"
      },
      "geometry": {
        "type": "Point",
        "coordinates": [
          -1.9395957,
          43.3210013
        ]
      }
    },
    {
      "type": "Feature",
      "properties": {
        "weight": 1.0,
        "id": 12486134307,
        "hasDetails": true,
        "name": "Nalu Poke",
        "amenity": "fast_food",
        "cuisine": "poke",
        "address": "Hernani kalea 11",
        "website": "https://www.nalupoke.com/",
        "outdoor_seating": "no"
      },
      "geometry": {
        "type": "Point",
        "coordinates": [
          -1.9844698,
          43.3210398
        ]
      }
    },
    {
      "type": "Feature",
      "properties": {
        "weight": 1.0,
        "id": 7192782686,
        "hasDetails": true,
        "name": "The Paradise",
        "amenity": "pub",
        "address": "Donostia / San Sebasti\u00e1n",
        "outdoor_seating": "yes"
      },
      "geometry": {
        "type": "Point",
        "coordinates": [
          -2.0103635,
          43.32105
        ]
      }
    },
    {
      "type": "Feature",
      "properties": {
        "weight": 1.0
      },
      "geometry": {
        "type": "Point",
        "coordinates": [
          -1.9000696,
          43.3210549
        ]
      }
    },
    {
      "type": "Feature",
      "properties": {
        "weight": 1.0,
        "id": 12740890775,
        "hasDetails": true,
        "name": "Legarda",
        "amenity": "bar",
        "outdoor_seating": "yes"
      },
      "geometry": {
        "type": "Point",
        "coordinates": [
          -1.9812033,
          43.3211076
        ]
      }
    },
    {
      "type": "Feature",
      "properties": {
        "weight": 1.0,
        "id": 12612382333,
        "hasDetails": true,
        "name": "Itzel kafetegia",
        "amenity": "cafe",
        "opening_hours": "Mo-Su 08:00-14:00,16:30-20:00"
      },
      "geometry": {
        "type": "Point",
        "coordinates": [
          -1.8966541,
          43.3211237
        ]
      }
    },
    {
      "type": "Feature",
      "properties": {
        "weight": 1.0,
        "id": 10982137402,
        "hasDetails": true,
        "name": "Danontzat",
        "amenity": "pub",
        "address": "Donostia / San Sebasti\u00e1n",
        "outdoor_seating": "yes"
      },
      "geometry": {
        "type": "Point",
        "coordinates": [
          -2.0095217,
          43.3211562
        ]
      }
    },
    {
      "type": "Feature",
      "properties": {
        "weight": 1.0
      },
      "geometry": {
        "type": "Point",
        "coordinates": [
          -1.9394979,
          43.3212096
        ]
      }
    },
    {
      "type": "Feature",
      "properties": {
        "weight": 1.0,
        "id": 9343336568,
        "hasDetails": true,
        "name": "Agarre",
        "amenity": "restaurant",
        "cuisine": "pizza;regional;burger",
        "address": "Jose Elosegi Alkatearen hiribidea 84, Donostia / San Sebasti\u00e1n"
      },
      "geometry": {
        "type": "Point",
        "coordinates": [
          -1.9490744,
          43.321222
        ]
      }
    },
    {
      "type": "Feature",
      "properties": {
        "weight": 1.0
      },
      "geometry": {
        "type": "Point",
        "coordinates": [
          -1.8936179,
          43.3212557
        ]
      }
    },
    {
      "type": "Feature",
      "properties": {
        "weight": 1.0
      },
      "geometry": {
        "type": "Point",
        "coordinates": [
          -1.8988201,
          43.3212752
        ]
      }
    },
    {
      "type": "Feature",
      "properties": {
        "weight": 1.0
      },
      "geometry": {
        "type": "Point",
        "coordinates": [
          -1.9002478,
          43.3212833
        ]
      }
    },
    {
      "type": "Feature",
      "properties": {
        "weight": 1.0
      },
      "geometry": {
        "type": "Point",
        "coordinates": [
          -1.9750351,
          43.3213043
        ]
      }
    },
    {
      "type": "Feature",
      "properties": {
        "weight": 1.0,
        "id": 11792579668,
        "hasDetails": true,
        "name": "Jaizkibel",
        "amenity": "bar",
        "address": "Zubitxo kalea 9, Lezo"
      },
      "geometry": {
        "type": "Point",
        "coordinates": [
          -1.8979777,
          43.3213146
        ]
      }
    },
    {
      "type": "Feature",
      "properties": {
        "weight": 1.0
      },
      "geometry": {
        "type": "Point",
        "coordinates": [
          -1.8956345,
          43.3213245
        ]
      }
    },
    {
      "type": "Feature",
      "properties": {
        "weight": 1.0,
        "id": 3358548557,
        "hasDetails": true,
        "name": "Lasai Maitia",
        "amenity": "restaurant",
        "address": "Frantzia pasealekua 1, Donostia / San Sebasti\u00e1n",
        "outdoor_seating": "yes"
      },
      "geometry": {
        "type": "Point",
        "coordinates": [
          -1.9768767,
          43.3213327
        ]
      }
    },
    {
      "type": "Feature",
      "properties": {
        "weight": 1.0
      },
      "geometry": {
        "type": "Point",
        "coordinates": [
          -1.8989886,
          43.3213419
        ]
      }
    },
    {
      "type": "Feature",
      "properties": {
        "weight": 1.0
      },
      "geometry": {
        "type": "Point",
        "coordinates": [
          -1.8997388,
          43.3213421
        ]
      }
    },
    {
      "type": "Feature",
      "properties": {
        "weight": 1.0
      },
      "geometry": {
        "type": "Point",
        "coordinates": [
          -1.8933685,
          43.321344
        ]
      }
    },
    {
      "type": "Feature",
      "properties": {
        "weight": 1.0
      },
      "geometry": {
        "type": "Point",
        "coordinates": [
          -1.9394989,
          43.3214028
        ]
      }
    },
    {
      "type": "Feature",
      "properties": {
        "weight": 1.0,
        "id": 12738778301,
        "hasDetails": true,
        "name": "Nueve Leguas",
        "amenity": "pub",
        "address": "Itsasargiko pasealekua 134, Donostia / San Sebasti\u00e1n"
      },
      "geometry": {
        "type": "Point",
        "coordinates": [
          -2.0090124,
          43.3214217
        ]
      }
    },
    {
      "type": "Feature",
      "properties": {
        "weight": 1.0,
        "id": 13327167731,
        "hasDetails": true,
        "name": "Carai",
        "amenity": "cafe",
        "cuisine": "coffee_shop",
        "address": "Garibai kalea 6",
        "website": "https://caraislowbakery.com/"
      },
      "geometry": {
        "type": "Point",
        "coordinates": [
          -1.9840764,
          43.3214322
        ]
      }
    },
    {
      "type": "Feature",
      "properties": {
        "weight": 1.0
      },
      "geometry": {
        "type": "Point",
        "coordinates": [
          -1.8966822,
          43.3214521
        ]
      }
    },
    {
      "type": "Feature",
      "properties": {
        "weight": 1.0,
        "id": 3359962822,
        "hasDetails": true,
        "name": "Tedone",
        "amenity": "restaurant",
        "website": "https://tedone.eu",
        "outdoor_seating": "no"
      },
      "geometry": {
        "type": "Point",
        "coordinates": [
          -1.9748449,
          43.3214544
        ]
      }
    },
    {
      "type": "Feature",
      "properties": {
        "weight": 1.0,
        "id": 277280401,
        "hasDetails": true,
        "name": "Arzak jatetxea",
        "amenity": "restaurant",
        "address": "Jose Elosegi Alkatea 273, Donostia / San Sebasti\u00e1n",
        "website": "https://www.arzak.es/",
        "names": [
          "Arzak jatetxea",
          "Arzak Jatetxea"
        ]
      },
      "geometry": {
        "type": "Point",
        "coordinates": [
          -1.9492364,
          43.3214757
        ]
      }
    },
    {
      "type": "Feature",
      "properties": {
        "weight": 1.0,
        "id": 9892264604,
        "hasDetails": true,
        "name": "Honkaku",
        "amenity": "restaurant",
        "cuisine": "asian",
        "address": "Elkano kalea 10",
        "website": "https://restaurantehonkaku.com/",
        "outdoor_seating": "yes"
      },
      "geometry": {
        "type": "Point",
        "coordinates": [
          -1.983068,
          43.3214866
        ]
      }
    },
    {
      "type": "Feature",
      "properties": {
        "weight": 1.0,
        "id": 6118128859,
        "hasDetails": true,
        "name": "Saona",
        "amenity": "restaurant",
        "cuisine": "regional",
        "address": "Garibai kalea 5, Donostia / San Sebasti\u00e1n",
        "website": "https://www.gruposaona.com/restaurante/saona-san-sebastian/"
      },
      "geometry": {
        "type": "Point",
        "coordinates": [
          -1.9838732,
          43.3215095
        ]
      }
    },
    {
      "type": "Feature",
      "properties": {
        "weight": 1.0
      },
      "geometry": {
        "type": "Point",
        "coordinates": [
          -1.9646626,
          43.3215103
        ]
      }
    },
    {
      "type": "Feature",
      "properties": {
        "weight": 1.0
      },
      "geometry": {
        "type": "Point",
        "coordinates": [
          -1.9751186,
          43.3215865
        ]
      }
    },
    {
      "type": "Feature",
      "properties": {
        "weight": 1.0,
        "id": 13327167739,
        "hasDetails": true,
        "name": "Next Bite",
        "amenity": "fast_food",
        "website": "https://nextbite.es/"
      },
      "geometry": {
        "type": "Point",
        "coordinates": [
          -1.9847457,
          43.32162
        ]
      }
    },
    {
      "type": "Feature",
      "properties": {
        "weight": 1.0,
        "id": 13337262348,
        "hasDetails": true,
        "name": "Sibuya",
        "amenity": "restaurant",
        "cuisine": "sushi",
        "address": "Gipuzkoa plaza 2, Donostia / San Sebasti\u00e1n",
        "website": "https://sibuyaurbansushibar.com/",
        "names": [
          "Sibuya",
          "Manolo Bakes"
        ],
        "amenities": [
          "restaurant",
          "cafe"
        ]
      },
      "geometry": {
        "type": "Point",
        "coordinates": [
          -1.9827927,
          43.3216208
        ]
      }
    },
    {
      "type": "Feature",
      "properties": {
        "weight": 1.0
      },
      "geometry": {
        "type": "Point",
        "coordinates": [
          -1.8925313,
          43.3216473
        ]
      }
    },
    {
      "type": "Feature",
      "properties": {
        "weight": 1.0
      },
      "geometry": {
        "type": "Point",
        "coordinates": [
          -1.8994568,
          43.3216731
        ]
      }
    },
    {
      "type": "Feature",
      "properties": {
        "weight": 1.0
      },
      "geometry": {
        "type": "Point",
        "coordinates": [
          -1.8985332,
          43.3217078
        ]
      }
    },
    {
      "type": "Feature",
      "properties": {
        "weight": 1.0,
        "id": 7752570085,
        "hasDetails": true,
        "name": "Arnoldo",
        "amenity": "ice_cream",
        "address": "Garibai kalea 2",
        "website": "http://www.arnoldoheladeria.com",
        "opening_hours": "Mo-Th 08:00-23:00; Fr-Su 08:00-01:00"
      },
      "geometry": {
        "type": "Point",
        "coordinates": [
          -1.9842703,
          43.3217096
        ]
      }
    },
    {
      "type": "Feature",
      "properties": {
        "weight": 1.0,
        "id": 7130748786,
        "hasDetails": true,
        "name": "Pari\u00e8s",
        "amenity": "cafe",
        "website": "https://pariesdonostia.com/"
      },
      "geometry": {
        "type": "Point",
        "coordinates": [
          -1.9774933,
          43.3217195
        ]
      }
    },
    {
      "type": "Feature",
      "properties": {
        "weight": 1.0
      },
      "geometry": {
        "type": "Point",
        "coordinates": [
          -1.9464528,
          43.3217455
        ]
      }
    },
    {
      "type": "Feature",
      "properties": {
        "weight": 1.0,
        "id": 13192291797,
        "hasDetails": true,
        "name": "Kike taberna",
        "amenity": "bar",
        "address": "Lope de Isasti plaza 2",
        "outdoor_seating": "yes"
      },
      "geometry": {
        "type": "Point",
        "coordinates": [
          -1.8936217,
          43.3217613
        ]
      }
    },
    {
      "type": "Feature",
      "properties": {
        "weight": 1.0,
        "id": 3359881158,
        "hasDetails": true,
        "name": "La Tita Lupe",
        "amenity": "bar",
        "address": "Miserikordia kalea 4",
        "opening_hours": "Mo-Fr 06:30-21:00; Sa 08:30-15:00; Su off"
      },
      "geometry": {
        "type": "Point",
        "coordinates": [
          -1.9744265,
          43.3217764
        ]
      }
    },
    {
      "type": "Feature",
      "properties": {
        "weight": 1.0,
        "id": 4951261980,
        "hasDetails": true,
        "name": "Mes\u00f3n Mart\u00edn",
        "amenity": "restaurant",
        "address": "Elkano kalea 7, Donostia / San Sebasti\u00e1n",
        "website": "http://www.mesonmartin.com/",
        "outdoor_seating": "yes"
      },
      "geometry": {
        "type": "Point",
        "coordinates": [
          -1.9830248,
          43.3217783
        ]
      }
    },
    {
      "type": "Feature",
      "properties": {
        "weight": 1.0,
        "id": 4743342925,
        "hasDetails": true,
        "name": "Amelie",
        "amenity": "cafe",
        "address": "Legazpi kalea 12",
        "website": "https://ameliecoffee.es/",
        "opening_hours": "Mo-Th 08:00-23:00; Fr-Su 08:00-01:00",
        "outdoor_seating": "yes"
      },
      "geometry": {
        "type": "Point",
        "coordinates": [
          -1.9823016,
          43.3218084
        ]
      }
    },
    {
      "type": "Feature",
      "properties": {
        "weight": 1.0,
        "id": 3358548543,
        "hasDetails": true,
        "name": "La Cristina",
        "amenity": "restaurant",
        "cuisine": "pizza",
        "website": "http://pizzeriacristina.com/"
      },
      "geometry": {
        "type": "Point",
        "coordinates": [
          -1.9771881,
          43.3218183
        ]
      }
    },
    {
      "type": "Feature",
      "properties": {
        "weight": 1.0
      },
      "geometry": {
        "type": "Point",
        "coordinates": [
          -1.9740711,
          43.3218256
        ]
      }
    },
    {
      "type": "Feature",
      "properties": {
        "weight": 1.0
      },
      "geometry": {
        "type": "Point",
        "coordinates": [
          -1.976638,
          43.3218682
        ]
      }
    },
    {
      "type": "Feature",
      "properties": {
        "weight": 1.0
      },
      "geometry": {
        "type": "Point",
        "coordinates": [
          -1.8980887,
          43.3219255
        ]
      }
    },
    {
      "type": "Feature",
      "properties": {
        "weight": 1.0,
        "id": 2160061634,
        "hasDetails": true,
        "name": "Ijentea",
        "amenity": "cafe",
        "cuisine": "ice_cream"
      },
      "geometry": {
        "type": "Point",
        "coordinates": [
          -1.9861837,
          43.3219475
        ]
      }
    },
    {
      "type": "Feature",
      "properties": {
        "weight": 1.0,
        "id": 9469486568,
        "hasDetails": true,
        "name": "Baga Biga Faktoria",
        "amenity": "pub",
        "cuisine": "tapas",
        "address": "Ramon Maria Lili pasealekua 8, Donostia / San Sebasti\u00e1n",
        "website": "https://bagabigafaktoria.com/",
        "opening_hours": "Mo-Th 17:00-23:30; Fr 17:00-00:00; Sa 12:00-00:00; Su 12:00-23:30",
        "outdoor_seating": "yes"
      },
      "geometry": {
        "type": "Point",
        "coordinates": [
          -1.9779384,
          43.3219476
        ]
      }
    },
    {
      "type": "Feature",
      "properties": {
        "weight": 1.0,
        "id": 4228282400,
        "hasDetails": true,
        "name": "Koh Tao",
        "amenity": "cafe",
        "address": "Bengoetxea kalea 2",
        "opening_hours": "Mo-Th 07:30-22:00; Fr 07:30-24:00; Sa 09:00-23:00; Su 09:00-22:00",
        "outdoor_seating": "yes"
      },
      "geometry": {
        "type": "Point",
        "coordinates": [
          -1.9815738,
          43.3219837
        ]
      }
    },
    {
      "type": "Feature",
      "properties": {
        "weight": 1.0,
        "id": 3359881159,
        "hasDetails": true,
        "name": "La Torre de Pizza",
        "amenity": "restaurant",
        "cuisine": "pizza;italian"
      },
      "geometry": {
        "type": "Point",
        "coordinates": [
          -1.9742251,
          43.3219895
        ]
      }
    },
    {
      "type": "Feature",
      "properties": {
        "weight": 1.0
      },
      "geometry": {
        "type": "Point",
        "coordinates": [
          -1.985775,
          43.3220489
        ]
      }
    },
    {
      "type": "Feature",
      "properties": {
        "weight": 1.0
      },
      "geometry": {
        "type": "Point",
        "coordinates": [
          -1.9738584,
          43.3220618
        ]
      }
    },
    {
      "type": "Feature",
      "properties": {
        "weight": 1.0
      },
      "geometry": {
        "type": "Point",
        "coordinates": [
          -1.9736885,
          43.3220991
        ]
      }
    },
    {
      "type": "Feature",
      "properties": {
        "weight": 1.0
      },
      "geometry": {
        "type": "Point",
        "coordinates": [
          -1.9855173,
          43.3221129
        ]
      }
    },
    {
      "type": "Feature",
      "properties": {
        "weight": 1.0,
        "id": 3358548529,
        "hasDetails": true,
        "name": "Desy",
        "amenity": "pub",
        "address": "Erronda kalea 4"
      },
      "geometry": {
        "type": "Point",
        "coordinates": [
          -1.9765262,
          43.322119
        ]
      }
    },
    {
      "type": "Feature",
      "properties": {
        "weight": 1.0,
        "id": 13337262344,
        "hasDetails": true,
        "name": "Las Muns",
        "amenity": "fast_food",
        "cuisine": "empanada",
        "address": "Elkano kalea 1",
        "website": "https://lasmuns.com/",
        "outdoor_seating": "no"
      },
      "geometry": {
        "type": "Point",
        "coordinates": [
          -1.9832653,
          43.3221264
        ]
      }
    },
    {
      "type": "Feature",
      "properties": {
        "weight": 1.0,
        "id": 2159397220,
        "hasDetails": true,
        "name": "Sin N\u00famero",
        "amenity": "pub",
        "address": "Donostia / San Sebasti\u00e1n"
      },
      "geometry": {
        "type": "Point",
        "coordinates": [
          -1.9860037,
          43.3221284
        ]
      }
    },
    {
      "type": "Feature",
      "properties": {
        "weight": 1.0,
        "id": 12738695915,
        "hasDetails": true,
        "name": "Bidebide",
        "amenity": "restaurant",
        "address": "Legazpi kalea 5, Donostia / San Sebasti\u00e1n",
        "website": "https://bidebide.eus/"
      },
      "geometry": {
        "type": "Point",
        "coordinates": [
          -1.9822997,
          43.3221544
        ]
      }
    },
    {
      "type": "Feature",
      "properties": {
        "weight": 1.0,
        "id": 13919971401,
        "hasDetails": true,
        "name": "padthaiwok",
        "amenity": "fast_food",
        "cuisine": "burger;thai",
        "address": "Mirakruz kalea 13",
        "website": "https://padthaiwok.com/",
        "outdoor_seating": "no"
      },
      "geometry": {
        "type": "Point",
        "coordinates": [
          -1.9743955,
          43.3221633
        ]
      }
    },
    {
      "type": "Feature",
      "properties": {
        "weight": 1.0
      },
      "geometry": {
        "type": "Point",
        "coordinates": [
          -1.9771283,
          43.3221636
        ]
      }
    },
    {
      "type": "Feature",
      "properties": {
        "weight": 1.0,
        "id": 3359962808,
        "hasDetails": true,
        "name": "Doner Kebab",
        "amenity": "fast_food",
        "cuisine": "kebab"
      },
      "geometry": {
        "type": "Point",
        "coordinates": [
          -1.9732955,
          43.3221833
        ]
      }
    },
    {
      "type": "Feature",
      "properties": {
        "weight": 1.0,
        "id": 13337262342,
        "hasDetails": true,
        "name": "Duyi",
        "amenity": "restaurant",
        "cuisine": "sushi;bubble_tea",
        "address": "Boulevard zumardia 13",
        "website": "https://www.duyi.es/",
        "names": [
          "Duyi",
          "Arenales"
        ]
      },
      "geometry": {
        "type": "Point",
        "coordinates": [
          -1.9831766,
          43.3222086
        ]
      }
    },
    {
      "type": "Feature",
      "properties": {
        "weight": 1.0,
        "id": 12712577001,
        "hasDetails": true,
        "name": "Antonio Boulevard",
        "amenity": "restaurant",
        "outdoor_seating": "yes",
        "names": [
          "Antonio Boulevard",
          "Joko aretoa"
        ],
        "amenities": [
          "restaurant",
          "bar"
        ]
      },
      "geometry": {
        "type": "Point",
        "coordinates": [
          -1.9854368,
          43.3222552
        ]
      }
    },
    {
      "type": "Feature",
      "properties": {
        "weight": 1.0,
        "id": 13363357997,
        "hasDetails": true,
        "name": "Telepizza",
        "amenity": "fast_food",
        "cuisine": "pizza",
        "address": "Ategorrieta hiribidea 37"
      },
      "geometry": {
        "type": "Point",
        "coordinates": [
          -1.9672724,
          43.3222905
        ]
      }
    },
    {
      "type": "Feature",
      "properties": {
        "weight": 1.0
      },
      "geometry": {
        "type": "Point",
        "coordinates": [
          -1.9829553,
          43.3222927
        ]
      }
    },
    {
      "type": "Feature",
      "properties": {
        "weight": 1.0
      },
      "geometry": {
        "type": "Point",
        "coordinates": [
          -1.9748381,
          43.3222958
        ]
      }
    },
    {
      "type": "Feature",
      "properties": {
        "weight": 1.0,
        "id": 2158186470,
        "hasDetails": true,
        "name": "Piccola Venezia",
        "amenity": "ice_cream",
        "cuisine": "ice_cream",
        "address": "Boulevard 24",
        "outdoor_seating": "no"
      },
      "geometry": {
        "type": "Point",
        "coordinates": [
          -1.9850918,
          43.3223419
        ]
      }
    },
    {
      "type": "Feature",
      "properties": {
        "weight": 1.0,
        "id": 13540664831,
        "hasDetails": true,
        "name": "Oquendo",
        "amenity": "cafe",
        "address": "Okendo kalea 8",
        "website": "https://www.caferestauranteoquendo.com/",
        "outdoor_seating": "no"
      },
      "geometry": {
        "type": "Point",
        "coordinates": [
          -1.9817028,
          43.3223506
        ]
      }
    },
    {
      "type": "Feature",
      "properties": {
        "weight": 1.0,
        "id": 6468682486,
        "hasDetails": true,
        "name": "Mapa Verde",
        "amenity": "restaurant",
        "address": "Trueba kalea 4, Donostia / San Sebasti\u00e1n",
        "opening_hours": "Mo-Th 13:00-15:30; Fr,Sa 13:00-15:30, 20:15-22:15",
        "outdoor_seating": "no"
      },
      "geometry": {
        "type": "Point",
        "coordinates": [
          -1.9741396,
          43.3223705
        ]
      }
    },
    {
      "type": "Feature",
      "properties": {
        "weight": 1.0,
        "id": 2158186453,
        "hasDetails": true,
        "name": "Garagar Cervecer\u00eda",
        "amenity": "pub",
        "address": "Boulevard zumardia 22",
        "outdoor_seating": "yes",
        "names": [
          "Garagar Cervecer\u00eda",
          "Reloj"
        ],
        "amenities": [
          "pub",
          "bar"
        ]
      },
      "geometry": {
        "type": "Point",
        "coordinates": [
          -1.9849246,
          43.3223822
        ]
      }
    },
    {
      "type": "Feature",
      "properties": {
        "weight": 1.0
      },
      "geometry": {
        "type": "Point",
        "coordinates": [
          -1.9386986,
          43.3223914
        ]
      }
    },
    {
      "type": "Feature",
      "properties": {
        "weight": 1.0
      },
      "geometry": {
        "type": "Point",
        "coordinates": [
          -1.9731677,
          43.3223992
        ]
      }
    },
    {
      "type": "Feature",
      "properties": {
        "weight": 1.0
      },
      "geometry": {
        "type": "Point",
        "coordinates": [
          -1.9760206,
          43.3224202
        ]
      }
    },
    {
      "type": "Feature",
      "properties": {
        "weight": 1.0,
        "id": 2158186449,
        "hasDetails": true,
        "name": "Gelateria Boulevard",
        "amenity": "ice_cream",
        "cuisine": "ice_cream",
        "address": "Boulevard 20",
        "outdoor_seating": "no"
      },
      "geometry": {
        "type": "Point",
        "coordinates": [
          -1.9847097,
          43.3224357
        ]
      }
    },
    {
      "type": "Feature",
      "properties": {
        "weight": 1.0
      },
      "geometry": {
        "type": "Point",
        "coordinates": [
          -1.9742205,
          43.3224419
        ]
      }
    },
    {
      "type": "Feature",
      "properties": {
        "weight": 1.0,
        "id": 5030438124,
        "hasDetails": true,
        "name": "sm\u00f6oy",
        "amenity": "ice_cream",
        "address": "Boulevard zumardia 16, Donostia / San Sebasti\u00e1n",
        "outdoor_seating": "no"
      },
      "geometry": {
        "type": "Point",
        "coordinates": [
          -1.9843765,
          43.322447
        ]
      }
    },
    {
      "type": "Feature",
      "properties": {
        "weight": 1.0,
        "id": 3359962804,
        "hasDetails": true,
        "name": "Gerald's Bar",
        "amenity": "restaurant",
        "address": "Iparragirre kalea 13",
        "website": "https://geraldsbar.eu/"
      },
      "geometry": {
        "type": "Point",
        "coordinates": [
          -1.9757408,
          43.3224512
        ]
      }
    },
    {
      "type": "Feature",
      "properties": {
        "weight": 1.0,
        "id": 4486789584,
        "hasDetails": true,
        "name": "Caf\u00e9 Yakiniku",
        "amenity": "restaurant",
        "cuisine": "japanese",
        "address": "Gloria kalea 1, Donostia / San Sebasti\u00e1n"
      },
      "geometry": {
        "type": "Point",
        "coordinates": [
          -1.9728212,
          43.322453
        ]
      }
    },
    {
      "type": "Feature",
      "properties": {
        "weight": 1.0
      },
      "geometry": {
        "type": "Point",
        "coordinates": [
          -1.8974026,
          43.3224652
        ]
      }
    },
    {
      "type": "Feature",
      "properties": {
        "weight": 1.0,
        "id": 2158186473,
        "hasDetails": true,
        "name": "Pollitena",
        "amenity": "restaurant",
        "cuisine": "local",
        "address": "San Jeronimo kalea 3"
      },
      "geometry": {
        "type": "Point",
        "coordinates": [
          -1.9851403,
          43.3224668
        ]
      }
    },
    {
      "type": "Feature",
      "properties": {
        "weight": 1.0,
        "id": 2158186483,
        "hasDetails": true,
        "name": "Va Bene",
        "amenity": "restaurant",
        "cuisine": "italian",
        "outdoor_seating": "yes"
      },
      "geometry": {
        "type": "Point",
        "coordinates": [
          -1.9842552,
          43.3224768
        ]
      }
    },
    {
      "type": "Feature",
      "properties": {
        "weight": 1.0
      },
      "geometry": {
        "type": "Point",
        "coordinates": [
          -1.8972334,
          43.3224781
        ]
      }
    },
    {
      "type": "Feature",
      "properties": {
        "weight": 1.0,
        "id": 2159397157,
        "hasDetails": true,
        "name": "Kenji",
        "amenity": "restaurant",
        "cuisine": "sushi",
        "address": "Kale Nagusia 4, Donostia / San Sebasti\u00e1n",
        "website": "https://kenjisushibar.com/",
        "names": [
          "Kenji",
          "Sirimiri"
        ]
      },
      "geometry": {
        "type": "Point",
        "coordinates": [
          -1.9856013,
          43.3224871
        ]
      }
    },
    {
      "type": "Feature",
      "properties": {
        "weight": 1.0
      },
      "geometry": {
        "type": "Point",
        "coordinates": [
          -1.9734589,
          43.3224882
        ]
      }
    },
    {
      "type": "Feature",
      "properties": {
        "weight": 1.0,
        "id": 619801732,
        "hasDetails": true,
        "name": "Museo del Whisky",
        "amenity": "bar",
        "address": "Boulevard zumardia 5, Donostia / San Sebasti\u00e1n"
      },
      "geometry": {
        "type": "Point",
        "coordinates": [
          -1.9824271,
          43.3224914
        ]
      }
    },
    {
      "type": "Feature",
      "properties": {
        "weight": 1.0,
        "id": 9121742376,
        "hasDetails": true,
        "name": "GOjan",
        "amenity": "restaurant",
        "cuisine": "japanese;basque",
        "address": "Sekundino Esnaola kalea 7, Donostia / San Sebasti\u00e1n",
        "website": "https://www.gojan.es/"
      },
      "geometry": {
        "type": "Point",
        "coordinates": [
          -1.9747749,
          43.3225331
        ]
      }
    },
    {
      "type": "Feature",
      "properties": {
        "weight": 1.0,
        "id": 2160061627,
        "hasDetails": true,
        "name": "Itxaropena",
        "amenity": "restaurant",
        "cuisine": "basque",
        "address": "Enbeltran kalea 16",
        "website": "http://baritxaropena.com/"
      },
      "geometry": {
        "type": "Point",
        "coordinates": [
          -1.985393,
          43.3225384
        ]
      }
    },
    {
      "type": "Feature",
      "properties": {
        "weight": 1.0,
        "id": 2158186450,
        "hasDetails": true,
        "name": "Gelateria Boulevard",
        "amenity": "ice_cream",
        "cuisine": "ice_cream",
        "address": "Boulevard 10",
        "outdoor_seating": "no"
      },
      "geometry": {
        "type": "Point",
        "coordinates": [
          -1.983904,
          43.322564
        ]
      }
    },
    {
      "type": "Feature",
      "properties": {
        "weight": 1.0,
        "id": 5403454404,
        "hasDetails": true,
        "name": "Foodoo",
        "amenity": "restaurant",
        "address": "Boulevard zumardia 3, Donostia / San Sebasti\u00e1n",
        "opening_hours": "Su-Th 13:00-23:00; Fr-Sa 13:00-00:00",
        "outdoor_seating": "no"
      },
      "geometry": {
        "type": "Point",
        "coordinates": [
          -1.9822277,
          43.3225666
        ]
      }
    },
    {
      "type": "Feature",
      "properties": {
        "weight": 1.0,
        "id": 2136701520,
        "hasDetails": true,
        "name": "Victoria Caf\u00e9",
        "amenity": "cafe",
        "outdoor_seating": "yes"
      },
      "geometry": {
        "type": "Point",
        "coordinates": [
          -1.980551,
          43.3225849
        ]
      }
    },
    {
      "type": "Feature",
      "properties": {
        "weight": 1.0
      },
      "geometry": {
        "type": "Point",
        "coordinates": [
          -1.984801,
          43.3225865
        ]
      }
    },
    {
      "type": "Feature",
      "properties": {
        "weight": 1.0
      },
      "geometry": {
        "type": "Point",
        "coordinates": [
          -1.9720436,
          43.3226105
        ]
      }
    },
    {
      "type": "Feature",
      "properties": {
        "weight": 1.0,
        "id": 566454330,
        "hasDetails": true,
        "name": "Paco Bueno",
        "amenity": "bar",
        "address": "Kale Nagusia 6"
      },
      "geometry": {
        "type": "Point",
        "coordinates": [
          -1.9857104,
          43.3226214
        ]
      }
    },
    {
      "type": "Feature",
      "properties": {
        "weight": 1.0,
        "id": 5403454405,
        "hasDetails": true,
        "name": "Burger King",
        "amenity": "fast_food",
        "cuisine": "burger",
        "address": "Okendo kalea 2, Donostia / San Sebasti\u00e1n",
        "opening_hours": "Su-Th 12:00-23:30; Fr-Sa 12:00-01:00",
        "outdoor_seating": "no"
      },
      "geometry": {
        "type": "Point",
        "coordinates": [
          -1.9819008,
          43.3226348
        ]
      }
    },
    {
      "type": "Feature",
      "properties": {
        "weight": 1.0
      },
      "geometry": {
        "type": "Point",
        "coordinates": [
          -1.9387657,
          43.3226451
        ]
      }
    },
    {
      "type": "Feature",
      "properties": {
        "weight": 1.0,
        "id": 4167148770,
        "hasDetails": true,
        "name": "Maritxu",
        "amenity": "restaurant",
        "cuisine": "spanish"
      },
      "geometry": {
        "type": "Point",
        "coordinates": [
          -1.935463,
          43.3226545
        ]
      }
    },
    {
      "type": "Feature",
      "properties": {
        "weight": 1.0,
        "id": 2160061646,
        "hasDetails": true,
        "name": "La Muralla",
        "amenity": "restaurant",
        "cuisine": "basque"
      },
      "geometry": {
        "type": "Point",
        "coordinates": [
          -1.9844239,
          43.3226767
        ]
      }
    },
    {
      "type": "Feature",
      "properties": {
        "weight": 1.0
      },
      "geometry": {
        "type": "Point",
        "coordinates": [
          -1.9731837,
          43.3226768
        ]
      }
    },
    {
      "type": "Feature",
      "properties": {
        "weight": 1.0,
        "id": 7492702854,
        "hasDetails": true,
        "name": "La Txuleteria del Iraeta",
        "amenity": "restaurant",
        "cuisine": "basque",
        "address": "Aita Larroca kalea 6, Donostia / San Sebasti\u00e1n"
      },
      "geometry": {
        "type": "Point",
        "coordinates": [
          -1.9737037,
          43.3226799
        ]
      }
    },
    {
      "type": "Feature",
      "properties": {
        "weight": 1.0
      },
      "geometry": {
        "type": "Point",
        "coordinates": [
          -1.9847629,
          43.3226871
        ]
      }
    },
    {
      "type": "Feature",
      "properties": {
        "weight": 1.0,
        "id": 4459073589,
        "hasDetails": true,
        "name": "Caf\u00e9 Loft",
        "amenity": "cafe",
        "cuisine": "coffee_shop;breakfast;regional;sandwich",
        "opening_hours": "Mo-Fr 08:00-20:00; Sa 09:00-20:00"
      },
      "geometry": {
        "type": "Point",
        "coordinates": [
          -1.975336,
          43.3227168
        ]
      }
    },
    {
      "type": "Feature",
      "properties": {
        "weight": 1.0
      },
      "geometry": {
        "type": "Point",
        "coordinates": [
          -1.9852461,
          43.3227216
        ]
      }
    },
    {
      "type": "Feature",
      "properties": {
        "weight": 1.0,
        "id": 2160061653,
        "hasDetails": true,
        "name": "Maiatza",
        "amenity": "cafe",
        "cuisine": "breakfast;local;sandwich",
        "address": "Enbeltran kalea 1"
      },
      "geometry": {
        "type": "Point",
        "coordinates": [
          -1.9842356,
          43.3227218
        ]
      }
    },
    {
      "type": "Feature",
      "properties": {
        "weight": 1.0,
        "id": 3358548536,
        "hasDetails": true,
        "name": "Foster's Hollywood",
        "amenity": "restaurant",
        "cuisine": "american"
      },
      "geometry": {
        "type": "Point",
        "coordinates": [
          -1.9770707,
          43.3227256
        ]
      }
    },
    {
      "type": "Feature",
      "properties": {
        "weight": 1.0,
        "id": 2207144874,
        "hasDetails": true,
        "name": "Ganbara",
        "amenity": "restaurant",
        "address": "Lezobidea 24, Pasaia"
      },
      "geometry": {
        "type": "Point",
        "coordinates": [
          -1.9121526,
          43.3227359
        ]
      }
    },
    {
      "type": "Feature",
      "properties": {
        "weight": 1.0,
        "id": 5629971021,
        "hasDetails": true,
        "name": "Ahaztezina",
        "amenity": "restaurant",
        "cuisine": "spanish;vasca",
        "address": "Galtzada Nagusia 30, Donostia / San Sebasti\u00e1n",
        "website": "https://www.ahaztezina.com"
      },
      "geometry": {
        "type": "Point",
        "coordinates": [
          -1.9720384,
          43.3227464
        ]
      }
    },
    {
      "type": "Feature",
      "properties": {
        "weight": 1.0
      },
      "geometry": {
        "type": "Point",
        "coordinates": [
          -1.9734714,
          43.3227466
        ]
      }
    },
    {
      "type": "Feature",
      "properties": {
        "weight": 1.0,
        "id": 4693310893,
        "hasDetails": true,
        "name": "Topa Sukalder\u00eda",
        "amenity": "restaurant",
        "cuisine": "regional;fusion;basque;mexican;tapas",
        "address": "Agirre Miramon kalea 7, Donostia / San Sebasti\u00e1n",
        "website": "https://topasukalderia.com/",
        "opening_hours": "Mo, We 19:30-22:00; Th 13:00-15:00, 19:30-22:00; Fr 13:00-15:00, 19:30-22:30; Sa 13:00-15:30, 19:30-22:30; Su 13:00-15:30, 19:30-22:00"
      },
      "geometry": {
        "type": "Point",
        "coordinates": [
          -1.977793,
          43.3227569
        ]
      }
    },
    {
      "type": "Feature",
      "properties": {
        "weight": 1.0
      },
      "geometry": {
        "type": "Point",
        "coordinates": [
          -1.9862638,
          43.3227709
        ]
      }
    },
    {
      "type": "Feature",
      "properties": {
        "weight": 1.0,
        "id": 3358548559,
        "hasDetails": true,
        "name": "Teorema",
        "amenity": "bar",
        "address": "Zabaleta kalea 1"
      },
      "geometry": {
        "type": "Point",
        "coordinates": [
          -1.9769225,
          43.3227912
        ]
      }
    },
    {
      "type": "Feature",
      "properties": {
        "weight": 1.0,
        "id": 4167146705,
        "hasDetails": true,
        "name": "Izki\u00f1a",
        "amenity": "restaurant",
        "cuisine": "spanish"
      },
      "geometry": {
        "type": "Point",
        "coordinates": [
          -1.9346592,
          43.322807
        ]
      }
    },
    {
      "type": "Feature",
      "properties": {
        "weight": 1.0,
        "id": 2160061579,
        "hasDetails": true,
        "name": "Capricciosa",
        "amenity": "restaurant",
        "cuisine": "italian",
        "outdoor_seating": "no",
        "names": [
          "Capricciosa",
          "Cot\u00ea Bar"
        ],
        "amenities": [
          "restaurant",
          "pub"
        ]
      },
      "geometry": {
        "type": "Point",
        "coordinates": [
          -1.9863867,
          43.322818
        ]
      }
    },
    {
      "type": "Feature",
      "properties": {
        "weight": 1.0,
        "id": 7138803086,
        "hasDetails": true,
        "name": "Zaldia",
        "amenity": "bar",
        "address": "San Frantzisko kalea"
      },
      "geometry": {
        "type": "Point",
        "coordinates": [
          -1.975198,
          43.3228246
        ]
      }
    },
    {
      "type": "Feature",
      "properties": {
        "weight": 1.0
      },
      "geometry": {
        "type": "Point",
        "coordinates": [
          -1.9704126,
          43.3228375
        ]
      }
    },
    {
      "type": "Feature",
      "properties": {
        "weight": 1.0
      },
      "geometry": {
        "type": "Point",
        "coordinates": [
          -1.9729456,
          43.3228393
        ]
      }
    },
    {
      "type": "Feature",
      "properties": {
        "weight": 1.0
      },
      "geometry": {
        "type": "Point",
        "coordinates": [
          -1.9848843,
          43.3228397
        ]
      }
    },
    {
      "type": "Feature",
      "properties": {
        "weight": 1.0
      },
      "geometry": {
        "type": "Point",
        "coordinates": [
          -1.9768205,
          43.322845
        ]
      }
    },
    {
      "type": "Feature",
      "properties": {
        "weight": 1.0
      },
      "geometry": {
        "type": "Point",
        "coordinates": [
          -1.9764154,
          43.3228498
        ]
      }
    },
    {
      "type": "Feature",
      "properties": {
        "weight": 1.0,
        "id": 7139016185,
        "hasDetails": true,
        "name": "El Caf\u00e9 de Gros",
        "amenity": "cafe",
        "address": "Enrique Casas plaza"
      },
      "geometry": {
        "type": "Point",
        "coordinates": [
          -1.9745014,
          43.3228777
        ]
      }
    },
    {
      "type": "Feature",
      "properties": {
        "weight": 1.0,
        "id": 361064161,
        "hasDetails": true,
        "name": "McDonald's",
        "amenity": "fast_food",
        "cuisine": "burger",
        "outdoor_seating": "no"
      },
      "geometry": {
        "type": "Point",
        "coordinates": [
          -1.9826511,
          43.3228942
        ]
      }
    },
    {
      "type": "Feature",
      "properties": {
        "weight": 1.0,
        "id": 3484549022,
        "hasDetails": true,
        "name": "Morgan",
        "amenity": "restaurant",
        "address": "Narrika kalea 7, Donostia / San Sebasti\u00e1n",
        "website": "https://www.morgandonostia.com/",
        "names": [
          "Morgan",
          "Hori da!"
        ],
        "amenities": [
          "restaurant",
          "bar"
        ]
      },
      "geometry": {
        "type": "Point",
        "coordinates": [
          -1.9841025,
          43.322904
        ]
      }
    },
    {
      "type": "Feature",
      "properties": {
        "weight": 1.0
      },
      "geometry": {
        "type": "Point",
        "coordinates": [
          -1.9850709,
          43.3229071
        ]
      }
    },
    {
      "type": "Feature",
      "properties": {
        "weight": 1.0,
        "id": 2160061617,
        "hasDetails": true,
        "name": "Oak",
        "amenity": "fast_food",
        "cuisine": "juice"
      },
      "geometry": {
        "type": "Point",
        "coordinates": [
          -1.9857837,
          43.3229121
        ]
      }
    },
    {
      "type": "Feature",
      "properties": {
        "weight": 1.0
      },
      "geometry": {
        "type": "Point",
        "coordinates": [
          -1.9845527,
          43.3229365
        ]
      }
    },
    {
      "type": "Feature",
      "properties": {
        "weight": 1.0
      },
      "geometry": {
        "type": "Point",
        "coordinates": [
          -1.9723424,
          43.3229453
        ]
      }
    },
    {
      "type": "Feature",
      "properties": {
        "weight": 1.0
      },
      "geometry": {
        "type": "Point",
        "coordinates": [
          -1.9868704,
          43.3229454
        ]
      }
    },
    {
      "type": "Feature",
      "properties": {
        "weight": 1.0,
        "id": 2160061594,
        "hasDetails": true,
        "name": "El Quinto Pino",
        "amenity": "bar",
        "outdoor_seating": "yes"
      },
      "geometry": {
        "type": "Point",
        "coordinates": [
          -1.9836469,
          43.3229548
        ]
      }
    },
    {
      "type": "Feature",
      "properties": {
        "weight": 1.0
      },
      "geometry": {
        "type": "Point",
        "coordinates": [
          -1.9856144,
          43.3229619
        ]
      }
    },
    {
      "type": "Feature",
      "properties": {
        "weight": 1.0
      },
      "geometry": {
        "type": "Point",
        "coordinates": [
          -1.9727588,
          43.3229628
        ]
      }
    },
    {
      "type": "Feature",
      "properties": {
        "weight": 1.0
      },
      "geometry": {
        "type": "Point",
        "coordinates": [
          -1.9708027,
          43.3229688
        ]
      }
    },
    {
      "type": "Feature",
      "properties": {
        "weight": 1.0,
        "id": 4167146149,
        "hasDetails": true,
        "name": "El Caser\u00edo",
        "amenity": "restaurant",
        "cuisine": "argentinian;spanish"
      },
      "geometry": {
        "type": "Point",
        "coordinates": [
          -1.9342274,
          43.3229807
        ]
      }
    },
    {
      "type": "Feature",
      "properties": {
        "weight": 1.0,
        "id": 2159397177,
        "hasDetails": true,
        "name": "La Rampa",
        "amenity": "restaurant",
        "cuisine": "seafood"
      },
      "geometry": {
        "type": "Point",
        "coordinates": [
          -1.9914447,
          43.322985
        ]
      }
    },
    {
      "type": "Feature",
      "properties": {
        "weight": 1.0,
        "id": 2207144878,
        "hasDetails": true,
        "name": "Juantxo",
        "amenity": "restaurant",
        "address": "Lezobidea 17, Pasaia"
      },
      "geometry": {
        "type": "Point",
        "coordinates": [
          -1.912293,
          43.3229973
        ]
      }
    },
    {
      "type": "Feature",
      "properties": {
        "weight": 1.0,
        "id": 12750301668,
        "hasDetails": true,
        "name": "Etna",
        "amenity": "bar",
        "address": "Colon pasealekua 14"
      },
      "geometry": {
        "type": "Point",
        "coordinates": [
          -1.9766004,
          43.3229987
        ]
      }
    },
    {
      "type": "Feature",
      "properties": {
        "weight": 1.0,
        "id": 7745503685,
        "hasDetails": true,
        "name": "Polka",
        "amenity": "restaurant",
        "cuisine": "coffee_shop;diner;fish;friture;grill;local;mediterranean",
        "address": "Sarriegi plaza 7",
        "website": "https://www.polkasansebastian.com/",
        "opening_hours": "Fr 09:30-02:30; Sa 10:00-02:30; Su 10:00-01:00; We-Th 09:30-01:00",
        "outdoor_seating": "yes",
        "names": [
          "Polka",
          "Polka San Sebasti\u00e1n"
        ]
      },
      "geometry": {
        "type": "Point",
        "coordinates": [
          -1.9834578,
          43.3229996
        ]
      }
    },
    {
      "type": "Feature",
      "properties": {
        "weight": 1.0,
        "id": 13519805367,
        "hasDetails": true,
        "name": "Atalaia",
        "amenity": "restaurant",
        "address": "Fermin Calbeton kalea 42",
        "names": [
          "Atalaia",
          "Ferm\u00edn Calbet\u00f3n"
        ]
      },
      "geometry": {
        "type": "Point",
        "coordinates": [
          -1.9857442,
          43.3230086
        ]
      }
    },
    {
      "type": "Feature",
      "properties": {
        "weight": 1.0
      },
      "geometry": {
        "type": "Point",
        "coordinates": [
          -1.912513,
          43.3230396
        ]
      }
    },
    {
      "type": "Feature",
      "properties": {
        "weight": 1.0,
        "id": 2160061566,
        "hasDetails": true,
        "name": "Bartolo",
        "amenity": "restaurant",
        "cuisine": "basque",
        "address": "Fermin Calbeton kalea 38, Donostia / San Sebasti\u00e1n",
        "website": "https://bartoloetxea.com/"
      },
      "geometry": {
        "type": "Point",
        "coordinates": [
          -1.98558,
          43.3230569
        ]
      }
    },
    {
      "type": "Feature",
      "properties": {
        "weight": 1.0
      },
      "geometry": {
        "type": "Point",
        "coordinates": [
          -1.9852632,
          43.3230591
        ]
      }
    },
    {
      "type": "Feature",
      "properties": {
        "weight": 1.0,
        "id": 13369571453,
        "hasDetails": true,
        "name": "Fam Kafe",
        "amenity": "cafe",
        "address": "Pe\u00f1a y Go\u00f1i kalea 15"
      },
      "geometry": {
        "type": "Point",
        "coordinates": [
          -1.9773686,
          43.3230596
        ]
      }
    },
    {
      "type": "Feature",
      "properties": {
        "weight": 1.0,
        "id": 2167503073,
        "hasDetails": true,
        "name": "Pandora",
        "amenity": "restaurant",
        "cuisine": "regional"
      },
      "geometry": {
        "type": "Point",
        "coordinates": [
          -1.9713928,
          43.3230712
        ]
      }
    },
    {
      "type": "Feature",
      "properties": {
        "weight": 1.0,
        "id": 619784955,
        "hasDetails": true,
        "name": "Aita Mari",
        "amenity": "restaurant",
        "cuisine": "basque",
        "address": "Portu kalea 23, Donostia / San Sebasti\u00e1n",
        "website": "https://www.aitamari.com/"
      },
      "geometry": {
        "type": "Point",
        "coordinates": [
          -1.9870713,
          43.3230784
        ]
      }
    },
    {
      "type": "Feature",
      "properties": {
        "weight": 1.0
      },
      "geometry": {
        "type": "Point",
        "coordinates": [
          -1.9748439,
          43.3230875
        ]
      }
    },
    {
      "type": "Feature",
      "properties": {
        "weight": 1.0
      },
      "geometry": {
        "type": "Point",
        "coordinates": [
          -1.9764838,
          43.3230899
        ]
      }
    },
    {
      "type": "Feature",
      "properties": {
        "weight": 1.0
      },
      "geometry": {
        "type": "Point",
        "coordinates": [
          -1.9898449,
          43.3230923
        ]
      }
    },
    {
      "type": "Feature",
      "properties": {
        "weight": 1.0
      },
      "geometry": {
        "type": "Point",
        "coordinates": [
          -1.9851351,
          43.3230944
        ]
      }
    },
    {
      "type": "Feature",
      "properties": {
        "weight": 1.0,
        "id": 13339536600,
        "hasDetails": true,
        "name": "Panchito",
        "amenity": "cafe",
        "address": "Erregina Erregeordearen kalea 2",
        "names": [
          "Panchito",
          "Altxerri"
        ],
        "amenities": [
          "cafe",
          "pub"
        ]
      },
      "geometry": {
        "type": "Point",
        "coordinates": [
          -1.9818001,
          43.3231005
        ]
      }
    },
    {
      "type": "Feature",
      "properties": {
        "weight": 1.0
      },
      "geometry": {
        "type": "Point",
        "coordinates": [
          -1.9771459,
          43.3231064
        ]
      }
    },
    {
      "type": "Feature",
      "properties": {
        "weight": 1.0,
        "id": 13917844701,
        "hasDetails": true,
        "name": "KB Txiki",
        "amenity": "bar",
        "cuisine": "local;tapas",
        "address": "San Lorenzo kalea 11",
        "outdoor_seating": "no"
      },
      "geometry": {
        "type": "Point",
        "coordinates": [
          -1.9835572,
          43.3231074
        ]
      }
    },
    {
      "type": "Feature",
      "properties": {
        "weight": 1.0,
        "id": 619862576,
        "hasDetails": true,
        "name": "Igueldo",
        "amenity": "restaurant",
        "cuisine": "seafood",
        "address": "Kaiko pasealekua 15, Donostia / San Sebasti\u00e1n"
      },
      "geometry": {
        "type": "Point",
        "coordinates": [
          -1.9895929,
          43.3231192
        ]
      }
    },
    {
      "type": "Feature",
      "properties": {
        "weight": 1.0,
        "id": 619785040,
        "hasDetails": true,
        "name": "Mes\u00f3n Portaletas",
        "amenity": "restaurant",
        "address": "Portu kalea 21, Donostia / San Sebasti\u00e1n"
      },
      "geometry": {
        "type": "Point",
        "coordinates": [
          -1.9869315,
          43.3231235
        ]
      }
    },
    {
      "type": "Feature",
      "properties": {
        "weight": 1.0
      },
      "geometry": {
        "type": "Point",
        "coordinates": [
          -1.9426524,
          43.3231239
        ]
      }
    },
    {
      "type": "Feature",
      "properties": {
        "weight": 1.0,
        "id": 2160061676,
        "hasDetails": true,
        "name": "Txiki",
        "amenity": "restaurant",
        "outdoor_seating": "no",
        "names": [
          "Txiki",
          "Ordizia"
        ],
        "amenities": [
          "restaurant",
          "bar"
        ]
      },
      "geometry": {
        "type": "Point",
        "coordinates": [
          -1.9834133,
          43.323129
        ]
      }
    },
    {
      "type": "Feature",
      "properties": {
        "weight": 1.0
      },
      "geometry": {
        "type": "Point",
        "coordinates": [
          -1.9743218,
          43.3231365
        ]
      }
    },
    {
      "type": "Feature",
      "properties": {
        "weight": 1.0,
        "id": 2160061640,
        "hasDetails": true,
        "name": "Kukurruku",
        "amenity": "bar",
        "outdoor_seating": "no",
        "names": [
          "Kukurruku",
          "Sukalde"
        ],
        "amenities": [
          "bar",
          "fast_food"
        ]
      },
      "geometry": {
        "type": "Point",
        "coordinates": [
          -1.9832471,
          43.3231523
        ]
      }
    },
    {
      "type": "Feature",
      "properties": {
        "weight": 1.0
      },
      "geometry": {
        "type": "Point",
        "coordinates": [
          -1.930963,
          43.3231567
        ]
      }
    },
    {
      "type": "Feature",
      "properties": {
        "weight": 1.0,
        "id": 2159397180,
        "hasDetails": true,
        "name": "Mari\u00f1ela",
        "amenity": "restaurant",
        "cuisine": "seafood"
      },
      "geometry": {
        "type": "Point",
        "coordinates": [
          -1.9894242,
          43.3231669
        ]
      }
    },
    {
      "type": "Feature",
      "properties": {
        "weight": 1.0
      },
      "geometry": {
        "type": "Point",
        "coordinates": [
          -1.9847927,
          43.3231672
        ]
      }
    },
    {
      "type": "Feature",
      "properties": {
        "weight": 1.0,
        "id": 2160061582,
        "hasDetails": true,
        "name": "Chocolater\u00eda El Puerto",
        "amenity": "cafe",
        "address": "Portu kalea 19",
        "outdoor_seating": "no",
        "names": [
          "Chocolater\u00eda El Puerto",
          "Barberena"
        ],
        "amenities": [
          "cafe",
          "restaurant"
        ]
      },
      "geometry": {
        "type": "Point",
        "coordinates": [
          -1.986781,
          43.3231743
        ]
      }
    },
    {
      "type": "Feature",
      "properties": {
        "weight": 1.0
      },
      "geometry": {
        "type": "Point",
        "coordinates": [
          -1.9850856,
          43.3231857
        ]
      }
    },
    {
      "type": "Feature",
      "properties": {
        "weight": 1.0,
        "id": 3358548525,
        "hasDetails": true,
        "name": "Bodega Donostiarra",
        "amenity": "bar",
        "address": "Pe\u00f1a y Go\u00f1i kalea 13, Donostia / San Sebasti\u00e1n",
        "website": "https://www.bodegadonostiarra.com/",
        "opening_hours": "Mo-Th 09:30-23:00;Fr,Sa 09:30-24:00;Su off",
        "names": [
          "Bodega Donostiarra",
          "Txiki"
        ]
      },
      "geometry": {
        "type": "Point",
        "coordinates": [
          -1.9774621,
          43.3232029
        ]
      }
    },
    {
      "type": "Feature",
      "properties": {
        "weight": 1.0,
        "id": 2167503030,
        "hasDetails": true,
        "name": "Alabama Bristo",
        "amenity": "bar",
        "address": "Txofre kalea 4, Donostia / San Sebasti\u00e1n",
        "website": "https://alabamabistro.es",
        "opening_hours": "Th-Fr 09:00-23:00; Sa 09:00-24:00",
        "outdoor_seating": "yes"
      },
      "geometry": {
        "type": "Point",
        "coordinates": [
          -1.9714026,
          43.3232137
        ]
      }
    },
    {
      "type": "Feature",
      "properties": {
        "weight": 1.0,
        "id": 2159397218,
        "hasDetails": true,
        "name": "Sebastian",
        "amenity": "restaurant",
        "cuisine": "seafood"
      },
      "geometry": {
        "type": "Point",
        "coordinates": [
          -1.9892688,
          43.3232267
        ]
      }
    },
    {
      "type": "Feature",
      "properties": {
        "weight": 1.0,
        "id": 3358548555,
        "hasDetails": true,
        "name": "Raimnuntxo Berri",
        "amenity": "restaurant",
        "cuisine": "regional",
        "address": "Pe\u00f1a y Go\u00f1i kalea 10, Donostia / San Sebasti\u00e1n",
        "website": "https://www.ramuntxoberri.com",
        "opening_hours": "Mo-Sa 09:00-16:30,19:00-00:00;Su 09:00-17:00"
      },
      "geometry": {
        "type": "Point",
        "coordinates": [
          -1.977764,
          43.3232277
        ]
      }
    },
    {
      "type": "Feature",
      "properties": {
        "weight": 1.0
      },
      "geometry": {
        "type": "Point",
        "coordinates": [
          -1.9744237,
          43.323228
        ]
      }
    },
    {
      "type": "Feature",
      "properties": {
        "weight": 1.0,
        "id": 2160061643,
        "hasDetails": true,
        "name": "La F\u00e1brica",
        "amenity": "restaurant",
        "cuisine": "basque",
        "outdoor_seating": "no",
        "names": [
          "La F\u00e1brica",
          "La Mejillonera",
          "Carlos Arribas"
        ],
        "amenities": [
          "restaurant",
          "ice_cream"
        ]
      },
      "geometry": {
        "type": "Point",
        "coordinates": [
          -1.9865756,
          43.3232334
        ]
      }
    },
    {
      "type": "Feature",
      "properties": {
        "weight": 1.0
      },
      "geometry": {
        "type": "Point",
        "coordinates": [
          -1.9848782,
          43.3232335
        ]
      }
    },
    {
      "type": "Feature",
      "properties": {
        "weight": 1.0,
        "id": 2160061578,
        "hasDetails": true,
        "name": "Caf\u00e9 Santana",
        "amenity": "cafe",
        "address": "Erregina Erregeordearen kalea 6, Donostia / San Sebasti\u00e1n"
      },
      "geometry": {
        "type": "Point",
        "coordinates": [
          -1.9812617,
          43.3232382
        ]
      }
    },
    {
      "type": "Feature",
      "properties": {
        "weight": 1.0,
        "id": 12995331701,
        "hasDetails": true,
        "name": "Artean Barra Abierta",
        "amenity": "restaurant",
        "cuisine": "spanish",
        "address": "Colon pasealekua 11",
        "names": [
          "Artean Barra Abierta",
          "Hidalgo 56"
        ]
      },
      "geometry": {
        "type": "Point",
        "coordinates": [
          -1.9770001,
          43.3232424
        ]
      }
    },
    {
      "type": "Feature",
      "properties": {
        "weight": 1.0,
        "id": 2160061656,
        "hasDetails": true,
        "name": "Bertakoteka",
        "amenity": "restaurant",
        "cuisine": "fish;seafood;regional;tapas",
        "address": "Fermin Calbeton kalea 17",
        "names": [
          "Bertakoteka",
          "Egosari",
          "Beti-Jai"
        ],
        "amenities": [
          "restaurant",
          "bar"
        ]
      },
      "geometry": {
        "type": "Point",
        "coordinates": [
          -1.9844584,
          43.323244
        ]
      }
    },
    {
      "type": "Feature",
      "properties": {
        "weight": 1.0
      },
      "geometry": {
        "type": "Point",
        "coordinates": [
          -1.9734267,
          43.3232535
        ]
      }
    },
    {
      "type": "Feature",
      "properties": {
        "weight": 1.0
      },
      "geometry": {
        "type": "Point",
        "coordinates": [
          -1.9872216,
          43.3232536
        ]
      }
    },
    {
      "type": "Feature",
      "properties": {
        "weight": 1.0
      },
      "geometry": {
        "type": "Point",
        "coordinates": [
          -1.9831016,
          43.3232616
        ]
      }
    },
    {
      "type": "Feature",
      "properties": {
        "weight": 1.0
      },
      "geometry": {
        "type": "Point",
        "coordinates": [
          -1.9878255,
          43.3232656
        ]
      }
    },
    {
      "type": "Feature",
      "properties": {
        "weight": 1.0
      },
      "geometry": {
        "type": "Point",
        "coordinates": [
          -1.9847379,
          43.3232658
        ]
      }
    },
    {
      "type": "Feature",
      "properties": {
        "weight": 1.0,
        "id": 7259200685,
        "hasDetails": true,
        "name": "Restaurante Zumeltzegi",
        "amenity": "restaurant",
        "cuisine": "tapas",
        "address": "Fermin Calbeton kalea 15",
        "opening_hours": "Mo-Su 12:00-22:00"
      },
      "geometry": {
        "type": "Point",
        "coordinates": [
          -1.9843017,
          43.3232799
        ]
      }
    },
    {
      "type": "Feature",
      "properties": {
        "weight": 1.0,
        "id": 2159397172,
        "hasDetails": true,
        "name": "Itzalian",
        "amenity": "restaurant",
        "cuisine": "seafood"
      },
      "geometry": {
        "type": "Point",
        "coordinates": [
          -1.9891055,
          43.3232897
        ]
      }
    },
    {
      "type": "Feature",
      "properties": {
        "weight": 1.0
      },
      "geometry": {
        "type": "Point",
        "coordinates": [
          -1.9710581,
          43.3232957
        ]
      }
    },
    {
      "type": "Feature",
      "properties": {
        "weight": 1.0,
        "id": 3167477861,
        "hasDetails": true,
        "name": "La Cerve",
        "amenity": "cafe",
        "cuisine": "regional",
        "address": "Gudari plaza 9, Trintxerpe",
        "outdoor_seating": "yes"
      },
      "geometry": {
        "type": "Point",
        "coordinates": [
          -1.9308648,
          43.3233268
        ]
      }
    },
    {
      "type": "Feature",
      "properties": {
        "weight": 1.0,
        "id": 619851437,
        "hasDetails": true,
        "name": "Argitan",
        "amenity": "cafe",
        "cuisine": "ice_cream",
        "address": "Salamanca pasealekua 1, Donostia / San Sebasti\u00e1n"
      },
      "geometry": {
        "type": "Point",
        "coordinates": [
          -1.9810015,
          43.3233277
        ]
      }
    },
    {
      "type": "Feature",
      "properties": {
        "weight": 1.0,
        "id": 5004925721,
        "hasDetails": true,
        "name": "Polo Loco",
        "amenity": "cafe",
        "cuisine": "ice_cream",
        "outdoor_seating": "no"
      },
      "geometry": {
        "type": "Point",
        "coordinates": [
          -1.9840863,
          43.3233299
        ]
      }
    },
    {
      "type": "Feature",
      "properties": {
        "weight": 1.0,
        "id": 2159397138,
        "hasDetails": true,
        "name": "Arkaitzpe",
        "amenity": "pub",
        "address": "Kale Nagusia 14",
        "names": [
          "Arkaitzpe",
          "Ubarrechena"
        ],
        "amenities": [
          "pub",
          "restaurant"
        ]
      },
      "geometry": {
        "type": "Point",
        "coordinates": [
          -1.9862193,
          43.3233367
        ]
      }
    },
    {
      "type": "Feature",
      "properties": {
        "weight": 1.0,
        "id": 2160061581,
        "hasDetails": true,
        "name": "Casa Urola",
        "amenity": "restaurant",
        "cuisine": "basque",
        "address": "Fermin Calbeton kalea 20, Donostia / San Sebasti\u00e1n",
        "website": "https://www.casaurolajatetxea.es"
      },
      "geometry": {
        "type": "Point",
        "coordinates": [
          -1.9844106,
          43.3233412
        ]
      }
    },
    {
      "type": "Feature",
      "properties": {
        "weight": 1.0
      },
      "geometry": {
        "type": "Point",
        "coordinates": [
          -1.8941931,
          43.3233446
        ]
      }
    },
    {
      "type": "Feature",
      "properties": {
        "weight": 1.0
      },
      "geometry": {
        "type": "Point",
        "coordinates": [
          -1.9714124,
          43.323348
        ]
      }
    },
    {
      "type": "Feature",
      "properties": {
        "weight": 1.0
      },
      "geometry": {
        "type": "Point",
        "coordinates": [
          -1.9785329,
          43.323348
        ]
      }
    },
    {
      "type": "Feature",
      "properties": {
        "weight": 1.0,
        "id": 2160061593,
        "hasDetails": true,
        "name": "El Caser\u00edo",
        "amenity": "restaurant",
        "cuisine": "regional",
        "address": "San Jeronimo kalea 16, Donostia / San Sebasti\u00e1n",
        "website": "http://www.restaurantecaserio.com"
      },
      "geometry": {
        "type": "Point",
        "coordinates": [
          -1.9851701,
          43.3233543
        ]
      }
    },
    {
      "type": "Feature",
      "properties": {
        "weight": 1.0
      },
      "geometry": {
        "type": "Point",
        "coordinates": [
          -1.9760936,
          43.323373
        ]
      }
    },
    {
      "type": "Feature",
      "properties": {
        "weight": 1.0,
        "id": 7816314485,
        "hasDetails": true,
        "name": "Taqueria Kursaal",
        "amenity": "restaurant",
        "cuisine": "mexican",
        "address": "Ramon Maria Lili pasealekua 2",
        "website": "https://www.taqueriakursaal.com/",
        "names": [
          "Taqueria Kursaal",
          "Sakona Coffee Roasters"
        ],
        "amenities": [
          "restaurant",
          "cafe",
          "bar"
        ]
      },
      "geometry": {
        "type": "Point",
        "coordinates": [
          -1.9788631,
          43.3233747
        ]
      }
    },
    {
      "type": "Feature",
      "properties": {
        "weight": 1.0,
        "id": 5006400321,
        "hasDetails": true,
        "name": "Coffee Break",
        "amenity": "cafe",
        "cuisine": "breakfast;coffee_shop",
        "address": "San Juan kalea"
      },
      "geometry": {
        "type": "Point",
        "coordinates": [
          -1.9828403,
          43.323381
        ]
      }
    },
    {
      "type": "Feature",
      "properties": {
        "weight": 1.0,
        "id": 566290710,
        "hasDetails": true,
        "name": "Ostadar",
        "amenity": "bar",
        "outdoor_seating": "no"
      },
      "geometry": {
        "type": "Point",
        "coordinates": [
          -1.9838407,
          43.323388
        ]
      }
    },
    {
      "type": "Feature",
      "properties": {
        "weight": 1.0
      },
      "geometry": {
        "type": "Point",
        "coordinates": [
          -1.9850259,
          43.3233896
        ]
      }
    },
    {
      "type": "Feature",
      "properties": {
        "weight": 1.0,
        "id": 2160061664,
        "hasDetails": true,
        "name": "Raviolina",
        "amenity": "restaurant",
        "cuisine": "italian",
        "address": "Portu kalea 9",
        "website": "https://www.raviolinarestaurante.com/",
        "names": [
          "Raviolina",
          "Bare Bare",
          "Juanito Kojua"
        ]
      },
      "geometry": {
        "type": "Point",
        "coordinates": [
          -1.9860272,
          43.3233927
        ]
      }
    },
    {
      "type": "Feature",
      "properties": {
        "weight": 1.0,
        "id": 1662752185,
        "hasDetails": true,
        "name": "Ganbara",
        "amenity": "bar",
        "address": "San Jeronimo kalea 21, Donostia / San Sebasti\u00e1n",
        "website": "http://www.ganbarajatetxea.com"
      },
      "geometry": {
        "type": "Point",
        "coordinates": [
          -1.9855317,
          43.3234044
        ]
      }
    },
    {
      "type": "Feature",
      "properties": {
        "weight": 1.0
      },
      "geometry": {
        "type": "Point",
        "coordinates": [
          -1.9442688,
          43.323406
        ]
      }
    },
    {
      "type": "Feature",
      "properties": {
        "weight": 1.0,
        "id": 6831560885,
        "hasDetails": true,
        "name": "Pulper\u00eda O'Romeral",
        "amenity": "bar",
        "address": "Araneder kalea 2"
      },
      "geometry": {
        "type": "Point",
        "coordinates": [
          -1.9320088,
          43.3234106
        ]
      }
    },
    {
      "type": "Feature",
      "properties": {
        "weight": 1.0
      },
      "geometry": {
        "type": "Point",
        "coordinates": [
          -1.9731688,
          43.3234152
        ]
      }
    },
    {
      "type": "Feature",
      "properties": {
        "weight": 1.0,
        "id": 2160061663,
        "hasDetails": true,
        "name": "Qu\u00e9bec Krep'Herria",
        "amenity": "fast_food",
        "cuisine": "crepe",
        "address": "Fermin Calbeton kalea 11, Donostia / San Sebasti\u00e1n",
        "website": "https://quebec-krep-herria.com/",
        "opening_hours": "Tu-Th 09:00-21:00; Fr-Sa 09:00-00:00; Su 09:00-21:00",
        "names": [
          "Qu\u00e9bec Krep'Herria",
          "Alderdi Zahar"
        ],
        "amenities": [
          "fast_food",
          "restaurant"
        ]
      },
      "geometry": {
        "type": "Point",
        "coordinates": [
          -1.9837069,
          43.3234187
        ]
      }
    },
    {
      "type": "Feature",
      "properties": {
        "weight": 1.0
      },
      "geometry": {
        "type": "Point",
        "coordinates": [
          -1.9848861,
          43.3234239
        ]
      }
    },
    {
      "type": "Feature",
      "properties": {
        "weight": 1.0,
        "id": 4486789473,
        "hasDetails": true,
        "name": "Papperino",
        "amenity": "ice_cream",
        "address": "San Frantzisko kalea 12, Donostia / San Sebasti\u00e1n",
        "opening_hours": "Tu-Th,Su 12:00-23:00, Fr,Sa 12:00-24:00; Mo off",
        "outdoor_seating": "no"
      },
      "geometry": {
        "type": "Point",
        "coordinates": [
          -1.9743779,
          43.3234305
        ]
      }
    },
    {
      "type": "Feature",
      "properties": {
        "weight": 1.0,
        "id": 5873577085,
        "hasDetails": true,
        "name": "Zumeltzegi",
        "amenity": "restaurant",
        "address": "Fermin Calbeton kalea 15",
        "outdoor_seating": "no"
      },
      "geometry": {
        "type": "Point",
        "coordinates": [
          -1.9840037,
          43.323435
        ]
      }
    },
    {
      "type": "Feature",
      "properties": {
        "weight": 1.0,
        "id": 2429353300,
        "hasDetails": true,
        "name": "Zubi-Gain",
        "amenity": "restaurant",
        "cuisine": "spanish"
      },
      "geometry": {
        "type": "Point",
        "coordinates": [
          -1.9869256,
          43.3234366
        ]
      }
    },
    {
      "type": "Feature",
      "properties": {
        "weight": 1.0
      },
      "geometry": {
        "type": "Point",
        "coordinates": [
          -1.9782587,
          43.323447
        ]
      }
    },
    {
      "type": "Feature",
      "properties": {
        "weight": 1.0,
        "id": 619851393,
        "hasDetails": true,
        "name": "Haizea",
        "amenity": "bar",
        "address": "Aldamar kalea 8, Donostia / San Sebasti\u00e1n"
      },
      "geometry": {
        "type": "Point",
        "coordinates": [
          -1.9822053,
          43.323451
        ]
      }
    },
    {
      "type": "Feature",
      "properties": {
        "weight": 1.0
      },
      "geometry": {
        "type": "Point",
        "coordinates": [
          -1.9712507,
          43.3234525
        ]
      }
    },
    {
      "type": "Feature",
      "properties": {
        "weight": 1.0
      },
      "geometry": {
        "type": "Point",
        "coordinates": [
          -1.9720254,
          43.3234574
        ]
      }
    },
    {
      "type": "Feature",
      "properties": {
        "weight": 1.0
      },
      "geometry": {
        "type": "Point",
        "coordinates": [
          -1.9847408,
          43.3234595
        ]
      }
    },
    {
      "type": "Feature",
      "properties": {
        "weight": 1.0,
        "id": 2207144873,
        "hasDetails": true,
        "name": "El Txiringo",
        "amenity": "bar",
        "outdoor_seating": "yes"
      },
      "geometry": {
        "type": "Point",
        "coordinates": [
          -1.9162316,
          43.3234604
        ]
      }
    },
    {
      "type": "Feature",
      "properties": {
        "weight": 1.0,
        "id": 8328162181,
        "hasDetails": true,
        "name": "Taberna La Lonja",
        "amenity": "bar",
        "address": "Esnabide kalea 18"
      },
      "geometry": {
        "type": "Point",
        "coordinates": [
          -1.9268445,
          43.3234638
        ]
      }
    },
    {
      "type": "Feature",
      "properties": {
        "weight": 1.0,
        "id": 5073456021,
        "hasDetails": true,
        "name": "Bardulia",
        "amenity": "restaurant",
        "outdoor_seating": "no",
        "names": [
          "Bardulia",
          "Jose Mari",
          "Mendaur Berria"
        ]
      },
      "geometry": {
        "type": "Point",
        "coordinates": [
          -1.983496,
          43.323467
        ]
      }
    },
    {
      "type": "Feature",
      "properties": {
        "weight": 1.0,
        "id": 1331384562,
        "hasDetails": true,
        "name": "Basoa Taberna",
        "amenity": "restaurant",
        "address": "Bordatxipi (Mikel Gardoki) pasealekua 20, Donostia / San Sebasti\u00e1n"
      },
      "geometry": {
        "type": "Point",
        "coordinates": [
          -1.9602233,
          43.3234695
        ]
      }
    },
    {
      "type": "Feature",
      "properties": {
        "weight": 1.0,
        "id": 566290712,
        "hasDetails": true,
        "name": "Borda berri",
        "amenity": "restaurant",
        "cuisine": "local;spanish;tapas",
        "address": "Fermin Calbeton kalea 12",
        "website": "https://www.barbordaberri.com/",
        "outdoor_seating": "no",
        "amenities": [
          "restaurant",
          "bar"
        ]
      },
      "geometry": {
        "type": "Point",
        "coordinates": [
          -1.983818,
          43.3234771
        ]
      }
    },
    {
      "type": "Feature",
      "properties": {
        "weight": 1.0,
        "id": 13567379101,
        "hasDetails": true,
        "name": "Simona Specialty Coffee Club",
        "amenity": "cafe",
        "address": "Ramon Maria Lili pasealekua 2",
        "website": "https://simonacoffeeclub.com/",
        "opening_hours": "Mo-Su 09:00-19:00"
      },
      "geometry": {
        "type": "Point",
        "coordinates": [
          -1.9789212,
          43.3234816
        ]
      }
    },
    {
      "type": "Feature",
      "properties": {
        "weight": 1.0,
        "id": 2167480023,
        "hasDetails": true,
        "name": "Euskal Pizza",
        "amenity": "fast_food",
        "cuisine": "pizza"
      },
      "geometry": {
        "type": "Point",
        "coordinates": [
          -1.9716336,
          43.3234931
        ]
      }
    },
    {
      "type": "Feature",
      "properties": {
        "weight": 1.0,
        "id": 566290721,
        "hasDetails": true,
        "name": "Txalupa",
        "amenity": "restaurant",
        "website": "https://txalupagastroleku.com",
        "outdoor_seating": "no"
      },
      "geometry": {
        "type": "Point",
        "coordinates": [
          -1.9833503,
          43.3235005
        ]
      }
    },
    {
      "type": "Feature",
      "properties": {
        "weight": 1.0
      },
      "geometry": {
        "type": "Point",
        "coordinates": [
          -1.9312233,
          43.3235017
        ]
      }
    },
    {
      "type": "Feature",
      "properties": {
        "weight": 1.0,
        "id": 11910098669,
        "hasDetails": true,
        "name": "Mendaur Berria",
        "amenity": "restaurant",
        "cuisine": "local;regional;spanish;tapas",
        "address": "Fermin Calbeton kalea 8",
        "outdoor_seating": "no",
        "names": [
          "Mendaur Berria",
          "Sport"
        ],
        "amenities": [
          "restaurant",
          "bar"
        ]
      },
      "geometry": {
        "type": "Point",
        "coordinates": [
          -1.9836586,
          43.3235133
        ]
      }
    },
    {
      "type": "Feature",
      "properties": {
        "weight": 1.0,
        "id": 2160061557,
        "hasDetails": true,
        "name": "Aralar",
        "amenity": "bar",
        "address": "Portu kalea 10"
      },
      "geometry": {
        "type": "Point",
        "coordinates": [
          -1.9858899,
          43.3235191
        ]
      }
    },
    {
      "type": "Feature",
      "properties": {
        "weight": 1.0,
        "id": 13369571458,
        "hasDetails": true,
        "name": "Malabar",
        "amenity": "bar",
        "address": "Usandizaga kalea 10"
      },
      "geometry": {
        "type": "Point",
        "coordinates": [
          -1.9774939,
          43.3235273
        ]
      }
    },
    {
      "type": "Feature",
      "properties": {
        "weight": 1.0,
        "id": 6631698585,
        "hasDetails": true,
        "name": "Kokotxa",
        "amenity": "restaurant",
        "wikidata": "Q21572088"
      },
      "geometry": {
        "type": "Point",
        "coordinates": [
          -1.9870739,
          43.3235301
        ]
      }
    },
    {
      "type": "Feature",
      "properties": {
        "weight": 1.0,
        "id": 3358548540,
        "hasDetails": true,
        "name": "Ikaitz",
        "amenity": "restaurant",
        "address": "Colon pasealekua 21, Donostia / San Sebasti\u00e1n",
        "website": "https://www.restauranteikaitz.com/",
        "opening_hours": "Tu 13:00-15:30;We-Fr 13:00-15:30,20:30-22:30;Sa 13:30-16:00,20:30-23:00;Su 13:30-16:00"
      },
      "geometry": {
        "type": "Point",
        "coordinates": [
          -1.9766566,
          43.3235376
        ]
      }
    },
    {
      "type": "Feature",
      "properties": {
        "weight": 1.0,
        "id": 2159397151,
        "hasDetails": true,
        "name": "Casa Alcalde",
        "amenity": "pub",
        "cuisine": "spanish;pintxo",
        "address": "Kale Nagusia 19, Donostia / San Sebasti\u00e1n",
        "website": "https://casaalcalde.com/"
      },
      "geometry": {
        "type": "Point",
        "coordinates": [
          -1.9865175,
          43.3235402
        ]
      }
    },
    {
      "type": "Feature",
      "properties": {
        "weight": 1.0
      },
      "geometry": {
        "type": "Point",
        "coordinates": [
          -1.9718883,
          43.3235477
        ]
      }
    },
    {
      "type": "Feature",
      "properties": {
        "weight": 1.0,
        "id": 2160061568,
        "hasDetails": true,
        "name": "Baztan",
        "amenity": "bar",
        "address": "Portu kalea 8, Donostia / San Sebasti\u00e1n",
        "website": "https://www.barbaztan.com/",
        "names": [
          "Baztan",
          "La Barra de Kojua"
        ]
      },
      "geometry": {
        "type": "Point",
        "coordinates": [
          -1.9857713,
          43.3235534
        ]
      }
    },
    {
      "type": "Feature",
      "properties": {
        "weight": 1.0,
        "id": 7196119085,
        "hasDetails": true,
        "name": "La Taberna Del Picaro",
        "amenity": "bar",
        "cuisine": "spanish"
      },
      "geometry": {
        "type": "Point",
        "coordinates": [
          -1.9779574,
          43.3235556
        ]
      }
    },
    {
      "type": "Feature",
      "properties": {
        "weight": 1.0,
        "id": 2160061629,
        "hasDetails": true,
        "name": "Izki\u00f1a",
        "amenity": "restaurant",
        "address": "Fermin Calbeton kalea 4, Donostia / San Sebasti\u00e1n",
        "website": "http://www.izkinarestaurante.com",
        "outdoor_seating": "no",
        "names": [
          "Izki\u00f1a",
          "Bodegon Alejandro",
          "Goiz Argi"
        ],
        "amenities": [
          "restaurant",
          "bar"
        ]
      },
      "geometry": {
        "type": "Point",
        "coordinates": [
          -1.9834461,
          43.3235614
        ]
      }
    },
    {
      "type": "Feature",
      "properties": {
        "weight": 1.0,
        "id": 11778292669,
        "hasDetails": true,
        "name": "Ttipia",
        "amenity": "restaurant",
        "address": "Kaiko pasealekua 3",
        "website": "https://ttipiadonostia.eus/",
        "names": [
          "Ttipia",
          "Arnoldo"
        ],
        "amenities": [
          "restaurant",
          "ice_cream"
        ]
      },
      "geometry": {
        "type": "Point",
        "coordinates": [
          -1.9883862,
          43.3235658
        ]
      }
    },
    {
      "type": "Feature",
      "properties": {
        "weight": 1.0,
        "id": 2456683794,
        "hasDetails": true,
        "name": "Bar Tamboril",
        "amenity": "bar",
        "address": "Arrandegi kalea 2, Donostia / San Sebasti\u00e1n",
        "website": "http://www.bartamboril.com/"
      },
      "geometry": {
        "type": "Point",
        "coordinates": [
          -1.9842976,
          43.3235681
        ]
      }
    },
    {
      "type": "Feature",
      "properties": {
        "weight": 1.0,
        "id": 3093874030,
        "hasDetails": true,
        "name": "Ur-Gai\u00f1 elkartea",
        "amenity": "restaurant",
        "cuisine": "gastronomic",
        "address": "Euskadi etorbidea 53, Trintxerpe"
      },
      "geometry": {
        "type": "Point",
        "coordinates": [
          -1.9307655,
          43.3235802
        ]
      }
    },
    {
      "type": "Feature",
      "properties": {
        "weight": 1.0
      },
      "geometry": {
        "type": "Point",
        "coordinates": [
          -1.9844117,
          43.3236212
        ]
      }
    },
    {
      "type": "Feature",
      "properties": {
        "weight": 1.0,
        "id": 461376190,
        "hasDetails": true,
        "name": "Akerbeltz",
        "amenity": "pub",
        "address": "Mari kalea 19"
      },
      "geometry": {
        "type": "Point",
        "coordinates": [
          -1.9874786,
          43.3236231
        ]
      }
    },
    {
      "type": "Feature",
      "properties": {
        "weight": 1.0,
        "id": 5971637592,
        "hasDetails": true,
        "name": "Lobo",
        "amenity": "bar",
        "website": "https://www.lobodonosti.com/eu/",
        "opening_hours": "Su,Tu,We,Th 09:00-23:00; Fr,Sa 09:00-02:00",
        "names": [
          "Lobo",
          "La Tagliatella"
        ],
        "amenities": [
          "bar",
          "restaurant"
        ]
      },
      "geometry": {
        "type": "Point",
        "coordinates": [
          -1.9777377,
          43.323631
        ]
      }
    },
    {
      "type": "Feature",
      "properties": {
        "weight": 1.0
      },
      "geometry": {
        "type": "Point",
        "coordinates": [
          -1.9855008,
          43.3236316
        ]
      }
    },
    {
      "type": "Feature",
      "properties": {
        "weight": 1.0
      },
      "geometry": {
        "type": "Point",
        "coordinates": [
          -1.986594,
          43.323644
        ]
      }
    },
    {
      "type": "Feature",
      "properties": {
        "weight": 1.0,
        "id": 2159397222,
        "hasDetails": true,
        "name": "Sirimiri Gastroleku",
        "amenity": "restaurant",
        "cuisine": "basque",
        "address": "calle Mayor",
        "opening_hours": "Mo-Su 12:00-00:30",
        "names": [
          "Sirimiri Gastroleku",
          "Atari Gastroteka"
        ]
      },
      "geometry": {
        "type": "Point",
        "coordinates": [
          -1.986448,
          43.3236493
        ]
      }
    },
    {
      "type": "Feature",
      "properties": {
        "weight": 1.0
      },
      "geometry": {
        "type": "Point",
        "coordinates": [
          -1.9724221,
          43.3236498
        ]
      }
    },
    {
      "type": "Feature",
      "properties": {
        "weight": 1.0,
        "id": 619851445,
        "hasDetails": true,
        "name": "Urepel",
        "amenity": "restaurant",
        "cuisine": "basque",
        "address": "Salamanca pasealekua 3, Donostia / San Sebasti\u00e1n",
        "website": "https://www.restauranteurepel.com/"
      },
      "geometry": {
        "type": "Point",
        "coordinates": [
          -1.9812083,
          43.3236651
        ]
      }
    },
    {
      "type": "Feature",
      "properties": {
        "weight": 1.0
      },
      "geometry": {
        "type": "Point",
        "coordinates": [
          -1.9879072,
          43.3236748
        ]
      }
    },
    {
      "type": "Feature",
      "properties": {
        "weight": 1.0
      },
      "geometry": {
        "type": "Point",
        "coordinates": [
          -1.9853111,
          43.3236864
        ]
      }
    },
    {
      "type": "Feature",
      "properties": {
        "weight": 1.0
      },
      "geometry": {
        "type": "Point",
        "coordinates": [
          -1.9756017,
          43.3236907
        ]
      }
    },
    {
      "type": "Feature",
      "properties": {
        "weight": 1.0,
        "id": 8989449017,
        "hasDetails": true,
        "name": "Basqueland Izakaia",
        "amenity": "pub",
        "address": "Pe\u00f1a y Go\u00f1i kalea 4",
        "website": "https://basquebeer.com/basqueland-izakaia/",
        "opening_hours": "Mo-Th 17:30-00:30; Fr 17:30-02:30; Sa 13:00-02:30; Su 13:00-00:30",
        "outdoor_seating": "yes"
      },
      "geometry": {
        "type": "Point",
        "coordinates": [
          -1.9780572,
          43.3237071
        ]
      }
    },
    {
      "type": "Feature",
      "properties": {
        "weight": 1.0,
        "id": 2158186461,
        "hasDetails": true,
        "name": "Iratxo",
        "amenity": "bar",
        "outdoor_seating": "yes",
        "names": [
          "Iratxo",
          "Erniope"
        ]
      },
      "geometry": {
        "type": "Point",
        "coordinates": [
          -1.983299,
          43.3237072
        ]
      }
    },
    {
      "type": "Feature",
      "properties": {
        "weight": 1.0,
        "id": 5006911121,
        "hasDetails": true,
        "name": "yellow delli",
        "amenity": "cafe",
        "address": "Etxague Jenerala kalea 5",
        "website": "https://yellowdeli.es/"
      },
      "geometry": {
        "type": "Point",
        "coordinates": [
          -1.9819637,
          43.3237149
        ]
      }
    },
    {
      "type": "Feature",
      "properties": {
        "weight": 1.0,
        "id": 2160061622,
        "hasDetails": true,
        "name": "Holly Burguer",
        "amenity": "fast_food",
        "cuisine": "burger",
        "outdoor_seating": "no",
        "names": [
          "Holly Burguer",
          "Araba etxea"
        ],
        "amenities": [
          "fast_food",
          "bar"
        ]
      },
      "geometry": {
        "type": "Point",
        "coordinates": [
          -1.9838427,
          43.3237328
        ]
      }
    },
    {
      "type": "Feature",
      "properties": {
        "weight": 1.0,
        "id": 5005715925,
        "hasDetails": true,
        "name": "The Good Burger",
        "amenity": "fast_food",
        "cuisine": "burger",
        "address": "Zurriola hiribidea 4, Donostia / San Sebasti\u00e1n",
        "website": "https://www.thegoodburger.com/"
      },
      "geometry": {
        "type": "Point",
        "coordinates": [
          -1.9788269,
          43.3237405
        ]
      }
    },
    {
      "type": "Feature",
      "properties": {
        "weight": 1.0
      },
      "geometry": {
        "type": "Point",
        "coordinates": [
          -1.984564,
          43.323741
        ]
      }
    },
    {
      "type": "Feature",
      "properties": {
        "weight": 1.0
      },
      "geometry": {
        "type": "Point",
        "coordinates": [
          -1.9755059,
          43.3237604
        ]
      }
    },
    {
      "type": "Feature",
      "properties": {
        "weight": 1.0
      },
      "geometry": {
        "type": "Point",
        "coordinates": [
          -1.9703057,
          43.3237704
        ]
      }
    },
    {
      "type": "Feature",
      "properties": {
        "weight": 1.0,
        "id": 461399795,
        "hasDetails": true,
        "name": "Txepetxa",
        "amenity": "bar",
        "address": "Arrandegi kalea 5, Donostia / San Sebasti\u00e1n",
        "website": "http://www.bartxepetxa.com/",
        "outdoor_seating": "no"
      },
      "geometry": {
        "type": "Point",
        "coordinates": [
          -1.9839776,
          43.3237715
        ]
      }
    },
    {
      "type": "Feature",
      "properties": {
        "weight": 1.0
      },
      "geometry": {
        "type": "Point",
        "coordinates": [
          -1.9856754,
          43.323774
        ]
      }
    },
    {
      "type": "Feature",
      "properties": {
        "weight": 1.0,
        "id": 566290714,
        "hasDetails": true,
        "name": "Narrika",
        "amenity": "bar",
        "outdoor_seating": "no"
      },
      "geometry": {
        "type": "Point",
        "coordinates": [
          -1.9842047,
          43.3237881
        ]
      }
    },
    {
      "type": "Feature",
      "properties": {
        "weight": 1.0
      },
      "geometry": {
        "type": "Point",
        "coordinates": [
          -1.9849428,
          43.3237894
        ]
      }
    },
    {
      "type": "Feature",
      "properties": {
        "weight": 1.0,
        "id": 2160061690,
        "hasDetails": true,
        "name": "Zeruko",
        "amenity": "bar",
        "address": "Arrandegi kalea 10, Donostia / San Sebasti\u00e1n",
        "website": "https://www.barzeruko.com/",
        "opening_hours": "Tu-Sa 12:00-16:00,19:00-00:00; Su 12:00-16:00",
        "outdoor_seating": "no",
        "names": [
          "Zeruko",
          "Kapadokia",
          "Irrintzi",
          "Nestor"
        ]
      },
      "geometry": {
        "type": "Point",
        "coordinates": [
          -1.9836719,
          43.3238013
        ]
      }
    },
    {
      "type": "Feature",
      "properties": {
        "weight": 1.0
      },
      "geometry": {
        "type": "Point",
        "coordinates": [
          -1.9766655,
          43.3238119
        ]
      }
    },
    {
      "type": "Feature",
      "properties": {
        "weight": 1.0,
        "id": 461377141,
        "hasDetails": true,
        "name": "\u00a1Be Club!",
        "amenity": "pub",
        "address": "Salamanca pasealekua 3",
        "website": "https://beclubss.com/"
      },
      "geometry": {
        "type": "Point",
        "coordinates": [
          -1.981271,
          43.3238205
        ]
      }
    },
    {
      "type": "Feature",
      "properties": {
        "weight": 1.0,
        "id": 2160061575,
        "hasDetails": true,
        "name": "BoolyWood",
        "amenity": "fast_food",
        "cuisine": "indian",
        "outdoor_seating": "no"
      },
      "geometry": {
        "type": "Point",
        "coordinates": [
          -1.9838485,
          43.3238237
        ]
      }
    },
    {
      "type": "Feature",
      "properties": {
        "weight": 1.0,
        "id": 14231545302,
        "hasDetails": true,
        "name": "OBAIA A\u00e7ai & Juice bar",
        "amenity": "cafe",
        "cuisine": "brazilian",
        "address": "San Juan kalea 11",
        "website": "http://obaia.net",
        "opening_hours": "Mo-Su 10:00-20:00"
      },
      "geometry": {
        "type": "Point",
        "coordinates": [
          -1.9834044,
          43.3238445
        ]
      }
    },
    {
      "type": "Feature",
      "properties": {
        "weight": 1.0,
        "id": 13093019848,
        "hasDetails": true,
        "name": "Gronx",
        "amenity": "restaurant",
        "address": "Zurriola hiribidea 6",
        "website": "https://gronxzurriola.com/"
      },
      "geometry": {
        "type": "Point",
        "coordinates": [
          -1.9785715,
          43.3238507
        ]
      }
    },
    {
      "type": "Feature",
      "properties": {
        "weight": 1.0
      },
      "geometry": {
        "type": "Point",
        "coordinates": [
          -1.9735276,
          43.3238587
        ]
      }
    },
    {
      "type": "Feature",
      "properties": {
        "weight": 1.0,
        "id": 2160061692,
        "hasDetails": true,
        "name": "Zunbeltz",
        "amenity": "bar",
        "outdoor_seating": "no",
        "names": [
          "Zunbeltz",
          "Ezpala"
        ]
      },
      "geometry": {
        "type": "Point",
        "coordinates": [
          -1.9835265,
          43.3238595
        ]
      }
    },
    {
      "type": "Feature",
      "properties": {
        "weight": 1.0,
        "id": 1662753685,
        "hasDetails": true,
        "name": "SSUA Arde Donostia Sutan",
        "amenity": "bar",
        "address": "Abuztuaren 31 kalea 31, Donostia / San Sebasti\u00e1n",
        "website": "https://www.ssua.eus",
        "names": [
          "SSUA Arde Donostia Sutan",
          "Xibaritak Gandarias"
        ],
        "amenities": [
          "bar",
          "restaurant"
        ]
      },
      "geometry": {
        "type": "Point",
        "coordinates": [
          -1.9861742,
          43.323867
        ]
      }
    },
    {
      "type": "Feature",
      "properties": {
        "weight": 1.0,
        "id": 2160061560,
        "hasDetails": true,
        "name": "Astelena",
        "amenity": "restaurant",
        "cuisine": "basque"
      },
      "geometry": {
        "type": "Point",
        "coordinates": [
          -1.984652,
          43.3238708
        ]
      }
    },
    {
      "type": "Feature",
      "properties": {
        "weight": 1.0,
        "id": 2160061670,
        "hasDetails": true,
        "name": "Suhazi",
        "amenity": "restaurant",
        "cuisine": "basque"
      },
      "geometry": {
        "type": "Point",
        "coordinates": [
          -1.9853199,
          43.3238812
        ]
      }
    },
    {
      "type": "Feature",
      "properties": {
        "weight": 1.0,
        "id": 2159397147,
        "hasDetails": true,
        "name": "Bidebide",
        "amenity": "restaurant",
        "cuisine": "basque"
      },
      "geometry": {
        "type": "Point",
        "coordinates": [
          -1.9856097,
          43.3238897
        ]
      }
    },
    {
      "type": "Feature",
      "properties": {
        "weight": 1.0,
        "id": 750727440,
        "hasDetails": true,
        "name": "Ethiopiaz",
        "amenity": "restaurant",
        "cuisine": "et\u00edope",
        "address": "Jose Arana kalea 16, Donostia / San Sebasti\u00e1n"
      },
      "geometry": {
        "type": "Point",
        "coordinates": [
          -1.9693818,
          43.3238939
        ]
      }
    },
    {
      "type": "Feature",
      "properties": {
        "weight": 1.0
      },
      "geometry": {
        "type": "Point",
        "coordinates": [
          -1.9736315,
          43.3239126
        ]
      }
    },
    {
      "type": "Feature",
      "properties": {
        "weight": 1.0,
        "id": 619851408,
        "hasDetails": true,
        "name": "Cubi",
        "amenity": "bar",
        "address": "Aldamar kalea 18, Donostia / San Sebasti\u00e1n",
        "outdoor_seating": "no",
        "names": [
          "Cubi",
          "La Cueva del Pollo"
        ],
        "amenities": [
          "bar",
          "restaurant"
        ]
      },
      "geometry": {
        "type": "Point",
        "coordinates": [
          -1.9825509,
          43.3239193
        ]
      }
    },
    {
      "type": "Feature",
      "properties": {
        "weight": 1.0
      },
      "geometry": {
        "type": "Point",
        "coordinates": [
          -1.9854454,
          43.3239345
        ]
      }
    },
    {
      "type": "Feature",
      "properties": {
        "weight": 1.0,
        "id": 2429369681,
        "hasDetails": true,
        "name": "Urgulleko Polbori\u00f1a",
        "amenity": "bar",
        "outdoor_seating": "yes"
      },
      "geometry": {
        "type": "Point",
        "coordinates": [
          -1.9916204,
          43.3239584
        ]
      }
    },
    {
      "type": "Feature",
      "properties": {
        "weight": 1.0,
        "id": 2160061604,
        "hasDetails": true,
        "name": "Etxebe",
        "amenity": "pub",
        "outdoor_seating": "no",
        "names": [
          "Etxebe",
          "Etxeberria"
        ]
      },
      "geometry": {
        "type": "Point",
        "coordinates": [
          -1.9840014,
          43.3239732
        ]
      }
    },
    {
      "type": "Feature",
      "properties": {
        "weight": 1.0
      },
      "geometry": {
        "type": "Point",
        "coordinates": [
          -1.9853004,
          43.3239747
        ]
      }
    },
    {
      "type": "Feature",
      "properties": {
        "weight": 1.0,
        "id": 2158186452,
        "hasDetails": true,
        "name": "Garua bar",
        "amenity": "restaurant",
        "address": "I\u00f1igo kalea 5",
        "outdoor_seating": "no"
      },
      "geometry": {
        "type": "Point",
        "coordinates": [
          -1.9842589,
          43.3239829
        ]
      }
    },
    {
      "type": "Feature",
      "properties": {
        "weight": 1.0
      },
      "geometry": {
        "type": "Point",
        "coordinates": [
          -1.9849138,
          43.3239936
        ]
      }
    },
    {
      "type": "Feature",
      "properties": {
        "weight": 1.0,
        "id": 1662753205,
        "hasDetails": true,
        "name": "Gandarias Jatetxea",
        "amenity": "bar",
        "cuisine": "spanish",
        "address": "Abuztuaren 31 kalea 23, Donostia / San Sebasti\u00e1n",
        "website": "http://www.restaurantegandarias.com",
        "opening_hours": "Mo-Su 11:00-00:00",
        "outdoor_seating": "yes"
      },
      "geometry": {
        "type": "Point",
        "coordinates": [
          -1.9857674,
          43.3239943
        ]
      }
    },
    {
      "type": "Feature",
      "properties": {
        "weight": 1.0,
        "id": 6053094666,
        "hasDetails": true,
        "name": "Gelateria Boulevard",
        "amenity": "ice_cream",
        "address": "Zurriola hiribidea 1",
        "outdoor_seating": "no"
      },
      "geometry": {
        "type": "Point",
        "coordinates": [
          -1.9792888,
          43.3239994
        ]
      }
    },
    {
      "type": "Feature",
      "properties": {
        "weight": 1.0,
        "id": 3872463740,
        "hasDetails": true,
        "name": "Erdibana",
        "amenity": "restaurant",
        "outdoor_seating": "yes"
      },
      "geometry": {
        "type": "Point",
        "coordinates": [
          -1.9312206,
          43.3240091
        ]
      }
    },
    {
      "type": "Feature",
      "properties": {
        "weight": 1.0
      },
      "geometry": {
        "type": "Point",
        "coordinates": [
          -1.9851701,
          43.3240109
        ]
      }
    },
    {
      "type": "Feature",
      "properties": {
        "weight": 1.0
      },
      "geometry": {
        "type": "Point",
        "coordinates": [
          -1.9705168,
          43.3240169
        ]
      }
    },
    {
      "type": "Feature",
      "properties": {
        "weight": 1.0,
        "id": 2160061638,
        "hasDetails": true,
        "name": "Koxkor",
        "amenity": "restaurant",
        "outdoor_seating": "no"
      },
      "geometry": {
        "type": "Point",
        "coordinates": [
          -1.9841253,
          43.3240225
        ]
      }
    },
    {
      "type": "Feature",
      "properties": {
        "weight": 1.0,
        "id": 2160061587,
        "hasDetails": true,
        "name": "Basati Taberna",
        "amenity": "pub",
        "address": "I\u00f1igo kalea 10, Donostia / San Sebasti\u00e1n",
        "opening_hours": "Mo-Th, Su 18:30-03:00; Fr-Sa 18:30-04:30",
        "outdoor_seating": "no",
        "names": [
          "Basati Taberna",
          "Martxa"
        ],
        "amenities": [
          "pub",
          "cafe"
        ]
      },
      "geometry": {
        "type": "Point",
        "coordinates": [
          -1.983818,
          43.3240269
        ]
      }
    },
    {
      "type": "Feature",
      "properties": {
        "weight": 1.0,
        "id": 2158186472,
        "hasDetails": true,
        "name": "Pi\u00f1udi",
        "amenity": "bar",
        "outdoor_seating": "no"
      },
      "geometry": {
        "type": "Point",
        "coordinates": [
          -1.9843747,
          43.324044
        ]
      }
    },
    {
      "type": "Feature",
      "properties": {
        "weight": 1.0,
        "id": 3358548531,
        "hasDetails": true,
        "name": "Donibane",
        "amenity": "bar",
        "outdoor_seating": "yes"
      },
      "geometry": {
        "type": "Point",
        "coordinates": [
          -1.9750626,
          43.3240468
        ]
      }
    },
    {
      "type": "Feature",
      "properties": {
        "weight": 1.0,
        "id": 5079544119,
        "hasDetails": true,
        "name": "Adamo Plaza - La Tortilleria",
        "amenity": "fast_food",
        "outdoor_seating": "no"
      },
      "geometry": {
        "type": "Point",
        "coordinates": [
          -1.9752826,
          43.324048
        ]
      }
    },
    {
      "type": "Feature",
      "properties": {
        "weight": 1.0
      },
      "geometry": {
        "type": "Point",
        "coordinates": [
          -1.9835788,
          43.3240731
        ]
      }
    },
    {
      "type": "Feature",
      "properties": {
        "weight": 1.0,
        "id": 5523463087,
        "hasDetails": true,
        "name": "Bar Alai",
        "amenity": "pub",
        "outdoor_seating": "yes"
      },
      "geometry": {
        "type": "Point",
        "coordinates": [
          -1.9453445,
          43.3240734
        ]
      }
    },
    {
      "type": "Feature",
      "properties": {
        "weight": 1.0,
        "id": 2160061550,
        "hasDetails": true,
        "name": "Alberto",
        "amenity": "restaurant",
        "cuisine": "seafood",
        "names": [
          "Alberto",
          "Urbano"
        ]
      },
      "geometry": {
        "type": "Point",
        "coordinates": [
          -1.9855867,
          43.3240742
        ]
      }
    },
    {
      "type": "Feature",
      "properties": {
        "weight": 1.0,
        "id": 2160061551,
        "hasDetails": true,
        "name": "Aldanondo",
        "amenity": "restaurant",
        "cuisine": "basque",
        "website": "https://www.asadoraldanondo.com/",
        "outdoor_seating": "no",
        "names": [
          "Aldanondo",
          "Nuevo Siglo"
        ]
      },
      "geometry": {
        "type": "Point",
        "coordinates": [
          -1.9823077,
          43.3240785
        ]
      }
    },
    {
      "type": "Feature",
      "properties": {
        "weight": 1.0
      },
      "geometry": {
        "type": "Point",
        "coordinates": [
          -1.9717436,
          43.3240794
        ]
      }
    },
    {
      "type": "Feature",
      "properties": {
        "weight": 1.0,
        "id": 10143170317,
        "hasDetails": true,
        "name": "Manojo",
        "amenity": "restaurant",
        "address": "Jose Arana kalea 13",
        "outdoor_seating": "yes"
      },
      "geometry": {
        "type": "Point",
        "coordinates": [
          -1.9695379,
          43.3240816
        ]
      }
    },
    {
      "type": "Feature",
      "properties": {
        "weight": 1.0
      },
      "geometry": {
        "type": "Point",
        "coordinates": [
          -1.9691297,
          43.3240818
        ]
      }
    },
    {
      "type": "Feature",
      "properties": {
        "weight": 1.0
      },
      "geometry": {
        "type": "Point",
        "coordinates": [
          -1.9725644,
          43.3240847
        ]
      }
    },
    {
      "type": "Feature",
      "properties": {
        "weight": 1.0
      },
      "geometry": {
        "type": "Point",
        "coordinates": [
          -1.9845608,
          43.3240914
        ]
      }
    },
    {
      "type": "Feature",
      "properties": {
        "weight": 1.0
      },
      "geometry": {
        "type": "Point",
        "coordinates": [
          -1.9700275,
          43.3240918
        ]
      }
    },
    {
      "type": "Feature",
      "properties": {
        "weight": 1.0
      },
      "geometry": {
        "type": "Point",
        "coordinates": [
          -1.9861257,
          43.3240989
        ]
      }
    },
    {
      "type": "Feature",
      "properties": {
        "weight": 1.0
      },
      "geometry": {
        "type": "Point",
        "coordinates": [
          -1.984844,
          43.3241014
        ]
      }
    },
    {
      "type": "Feature",
      "properties": {
        "weight": 1.0,
        "id": 3358548541,
        "hasDetails": true,
        "name": "La Kaba",
        "amenity": "bar",
        "outdoor_seating": "yes"
      },
      "geometry": {
        "type": "Point",
        "coordinates": [
          -1.9765044,
          43.3241017
        ]
      }
    },
    {
      "type": "Feature",
      "properties": {
        "weight": 1.0,
        "id": 8986154417,
        "hasDetails": true,
        "name": "Muka",
        "amenity": "restaurant",
        "address": "Zurriola hiribidea 1",
        "website": "https://www.muka.eus/",
        "opening_hours": "Tu,We,Su 12:00-20:00; Th,Fr,Sa 12:00-23:00",
        "outdoor_seating": "yes"
      },
      "geometry": {
        "type": "Point",
        "coordinates": [
          -1.9793763,
          43.3241084
        ]
      }
    },
    {
      "type": "Feature",
      "properties": {
        "weight": 1.0,
        "id": 2160061549,
        "hasDetails": true,
        "name": "Aitona",
        "amenity": "restaurant",
        "website": "http://restaurante-aitona.com/",
        "outdoor_seating": "no"
      },
      "geometry": {
        "type": "Point",
        "coordinates": [
          -1.9837927,
          43.3241211
        ]
      }
    },
    {
      "type": "Feature",
      "properties": {
        "weight": 1.0,
        "id": 2161721531,
        "hasDetails": true,
        "name": "Picachilla (beer joint)",
        "amenity": "pub",
        "opening_hours": "Mo-Th 11:30-01:30; Fr,Sa 11:30-02:30; Su 12:00-01:30"
      },
      "geometry": {
        "type": "Point",
        "coordinates": [
          -1.9778112,
          43.3241352
        ]
      }
    },
    {
      "type": "Feature",
      "properties": {
        "weight": 1.0,
        "id": 2160061672,
        "hasDetails": true,
        "name": "The Morgan Kompany",
        "amenity": "bar",
        "address": "Euskal Herria kalea 8",
        "website": "https://morgankompany.com/",
        "outdoor_seating": "no"
      },
      "geometry": {
        "type": "Point",
        "coordinates": [
          -1.9821401,
          43.3241361
        ]
      }
    },
    {
      "type": "Feature",
      "properties": {
        "weight": 1.0
      },
      "geometry": {
        "type": "Point",
        "coordinates": [
          -1.9847137,
          43.3241375
        ]
      }
    },
    {
      "type": "Feature",
      "properties": {
        "weight": 1.0,
        "id": 12633289142,
        "hasDetails": true,
        "name": "Vintage",
        "amenity": "pub",
        "outdoor_seating": "yes",
        "names": [
          "Vintage",
          "Bidassoa Taproom"
        ]
      },
      "geometry": {
        "type": "Point",
        "coordinates": [
          -1.9762936,
          43.3241379
        ]
      }
    },
    {
      "type": "Feature",
      "properties": {
        "weight": 1.0,
        "id": 2158186480,
        "hasDetails": true,
        "name": "Txioka",
        "amenity": "bar",
        "outdoor_seating": "no"
      },
      "geometry": {
        "type": "Point",
        "coordinates": [
          -1.9842985,
          43.3241612
        ]
      }
    },
    {
      "type": "Feature",
      "properties": {
        "weight": 1.0,
        "id": 1605116359,
        "hasDetails": true,
        "name": "Txuleta",
        "amenity": "restaurant",
        "address": "Abuztuaren 31 kalea 40",
        "website": "https://www.txuletarestaurante.com",
        "outdoor_seating": "no"
      },
      "geometry": {
        "type": "Point",
        "coordinates": [
          -1.9859021,
          43.3241792
        ]
      }
    },
    {
      "type": "Feature",
      "properties": {
        "weight": 1.0
      },
      "geometry": {
        "type": "Point",
        "coordinates": [
          -1.982735,
          43.3241826
        ]
      }
    },
    {
      "type": "Feature",
      "properties": {
        "weight": 1.0,
        "id": 2160061561,
        "hasDetails": true,
        "name": "Astelena",
        "amenity": "restaurant",
        "cuisine": "basque",
        "address": "Euskal Herria kalea 3",
        "website": "https://restauranteastelena.com/",
        "outdoor_seating": "no"
      },
      "geometry": {
        "type": "Point",
        "coordinates": [
          -1.9824002,
          43.3242025
        ]
      }
    },
    {
      "type": "Feature",
      "properties": {
        "weight": 1.0,
        "id": 2165102966,
        "hasDetails": true,
        "name": "Mendi",
        "amenity": "bar",
        "outdoor_seating": "yes"
      },
      "geometry": {
        "type": "Point",
        "coordinates": [
          -1.9734934,
          43.3242027
        ]
      }
    },
    {
      "type": "Feature",
      "properties": {
        "weight": 1.0
      },
      "geometry": {
        "type": "Point",
        "coordinates": [
          -1.9725864,
          43.3242157
        ]
      }
    },
    {
      "type": "Feature",
      "properties": {
        "weight": 1.0,
        "id": 13327690005,
        "hasDetails": true,
        "name": "Elosta",
        "amenity": "restaurant",
        "cuisine": "sushi;fusion;basque",
        "address": "San Frantzisko kalea 26"
      },
      "geometry": {
        "type": "Point",
        "coordinates": [
          -1.9732074,
          43.3242171
        ]
      }
    },
    {
      "type": "Feature",
      "properties": {
        "weight": 1.0,
        "id": 2207144866,
        "hasDetails": true,
        "name": "Badiola",
        "amenity": "restaurant",
        "cuisine": "basque"
      },
      "geometry": {
        "type": "Point",
        "coordinates": [
          -1.9162518,
          43.32422
        ]
      }
    },
    {
      "type": "Feature",
      "properties": {
        "weight": 1.0,
        "id": 2160061654,
        "hasDetails": true,
        "name": "Bar Mart\u00ednez",
        "amenity": "restaurant",
        "cuisine": "tapas;pinchos;pintxos;raciones",
        "address": "Abuztuaren 31 kalea 13, Donostia / San Sebasti\u00e1n",
        "website": "https://www.barmartinezdonosti.com",
        "opening_hours": "Mo-We 11:30-15:00,19:00-23:00; Fr 18:30-23:00; Sa-Su 11:00-15:00,18:30-23:00"
      },
      "geometry": {
        "type": "Point",
        "coordinates": [
          -1.9851963,
          43.3242204
        ]
      }
    },
    {
      "type": "Feature",
      "properties": {
        "weight": 1.0,
        "id": 2165102983,
        "hasDetails": true,
        "name": "Pagadi",
        "amenity": "bar",
        "address": "Artetxe Jeneralaren kalea 1",
        "website": "https://www.tabernasansebastianpagadi.es/"
      },
      "geometry": {
        "type": "Point",
        "coordinates": [
          -1.9728139,
          43.3242515
        ]
      }
    },
    {
      "type": "Feature",
      "properties": {
        "weight": 1.0,
        "id": 498415847,
        "hasDetails": true,
        "name": "Uni\u00f3n Artesana (Egoitza berria)",
        "amenity": "bar",
        "outdoor_seating": "no"
      },
      "geometry": {
        "type": "Point",
        "coordinates": [
          -1.9821963,
          43.3242781
        ]
      }
    },
    {
      "type": "Feature",
      "properties": {
        "weight": 1.0,
        "id": 2160061647,
        "hasDetails": true,
        "name": "La Torre de Pizza",
        "amenity": "restaurant",
        "cuisine": "pizza",
        "names": [
          "La Torre de Pizza",
          "Bells Bar",
          "Vincent's Cafe"
        ],
        "amenities": [
          "restaurant",
          "bar",
          "cafe"
        ]
      },
      "geometry": {
        "type": "Point",
        "coordinates": [
          -1.9840742,
          43.32429
        ]
      }
    },
    {
      "type": "Feature",
      "properties": {
        "weight": 1.0,
        "id": 3358548549,
        "hasDetails": true,
        "name": "Malandrino",
        "amenity": "bar",
        "address": "Migel Imaz kalea 4, Donostia / San Sebasti\u00e1n"
      },
      "geometry": {
        "type": "Point",
        "coordinates": [
          -1.9769593,
          43.3243009
        ]
      }
    },
    {
      "type": "Feature",
      "properties": {
        "weight": 1.0,
        "id": 461400164,
        "hasDetails": true,
        "name": "La Cepa",
        "amenity": "bar",
        "cuisine": "regional",
        "address": "Abuztuaren 31 kalea 7, Donostia / San Sebasti\u00e1n",
        "wikidata": "Q20639968",
        "names": [
          "La Cepa",
          "Cafe de Finca"
        ],
        "amenities": [
          "bar",
          "cafe"
        ]
      },
      "geometry": {
        "type": "Point",
        "coordinates": [
          -1.9849176,
          43.3243247
        ]
      }
    },
    {
      "type": "Feature",
      "properties": {
        "weight": 1.0
      },
      "geometry": {
        "type": "Point",
        "coordinates": [
          -1.9832729,
          43.324331
        ]
      }
    },
    {
      "type": "Feature",
      "properties": {
        "weight": 1.0
      },
      "geometry": {
        "type": "Point",
        "coordinates": [
          -1.9866478,
          43.3243376
        ]
      }
    },
    {
      "type": "Feature",
      "properties": {
        "weight": 1.0
      },
      "geometry": {
        "type": "Point",
        "coordinates": [
          -1.9772408,
          43.3243432
        ]
      }
    },
    {
      "type": "Feature",
      "properties": {
        "weight": 1.0,
        "id": 2165102908,
        "hasDetails": true,
        "name": "Bergara",
        "amenity": "bar",
        "address": "Artetxe Jeneralaren kalea 8, Donostia / San Sebasti\u00e1n",
        "website": "https://pinchosbergara.es/",
        "opening_hours": "Mo 09:30-23:00; Tu 09:30-23:00; We 09:30-23:00; Th 09:30-23:00; Fr 09:30-23:00; Sa 09:30-23:00; Su 09:30-23:00"
      },
      "geometry": {
        "type": "Point",
        "coordinates": [
          -1.9723736,
          43.3243602
        ]
      }
    },
    {
      "type": "Feature",
      "properties": {
        "weight": 1.0
      },
      "geometry": {
        "type": "Point",
        "coordinates": [
          -1.985124,
          43.3243603
        ]
      }
    },
    {
      "type": "Feature",
      "properties": {
        "weight": 1.0
      },
      "geometry": {
        "type": "Point",
        "coordinates": [
          -1.9720785,
          43.3243634
        ]
      }
    },
    {
      "type": "Feature",
      "properties": {
        "weight": 1.0,
        "id": 2160061648,
        "hasDetails": true,
        "name": "La Vi\u00f1a",
        "amenity": "restaurant",
        "address": "Abuztuaren 31 kalea 3, Donostia / San Sebasti\u00e1n",
        "website": "https://lavinarestaurante.com"
      },
      "geometry": {
        "type": "Point",
        "coordinates": [
          -1.9847417,
          43.3243906
        ]
      }
    },
    {
      "type": "Feature",
      "properties": {
        "weight": 1.0
      },
      "geometry": {
        "type": "Point",
        "coordinates": [
          -1.9770472,
          43.3243982
        ]
      }
    },
    {
      "type": "Feature",
      "properties": {
        "weight": 1.0
      },
      "geometry": {
        "type": "Point",
        "coordinates": [
          -1.9850053,
          43.3244124
        ]
      }
    },
    {
      "type": "Feature",
      "properties": {
        "weight": 1.0,
        "id": 2165102932,
        "hasDetails": true,
        "name": "Caf\u00e9 Cloty",
        "amenity": "cafe",
        "address": "San Frantzisko kalea 30, Donostia / San Sebasti\u00e1n"
      },
      "geometry": {
        "type": "Point",
        "coordinates": [
          -1.9729004,
          43.3244274
        ]
      }
    },
    {
      "type": "Feature",
      "properties": {
        "weight": 1.0
      },
      "geometry": {
        "type": "Point",
        "coordinates": [
          -1.9767031,
          43.3244577
        ]
      }
    },
    {
      "type": "Feature",
      "properties": {
        "weight": 1.0
      },
      "geometry": {
        "type": "Point",
        "coordinates": [
          -1.983195,
          43.3244585
        ]
      }
    },
    {
      "type": "Feature",
      "properties": {
        "weight": 1.0,
        "id": 2160061660,
        "hasDetails": true,
        "name": "Ormazabal",
        "amenity": "restaurant",
        "cuisine": "basque",
        "names": [
          "Ormazabal",
          "Txakolina"
        ]
      },
      "geometry": {
        "type": "Point",
        "coordinates": [
          -1.984893,
          43.3244617
        ]
      }
    },
    {
      "type": "Feature",
      "properties": {
        "weight": 1.0,
        "id": 13818678673,
        "hasDetails": true,
        "name": "Azkuene taberna",
        "amenity": "bar",
        "address": "Azkuene kalea 19",
        "names": [
          "Azkuene taberna",
          "El Arepazo"
        ],
        "amenities": [
          "bar",
          "fast_food"
        ]
      },
      "geometry": {
        "type": "Point",
        "coordinates": [
          -1.9378257,
          43.3244873
        ]
      }
    },
    {
      "type": "Feature",
      "properties": {
        "weight": 1.0
      },
      "geometry": {
        "type": "Point",
        "coordinates": [
          -1.937591,
          43.3244968
        ]
      }
    },
    {
      "type": "Feature",
      "properties": {
        "weight": 1.0,
        "id": 2883898803,
        "hasDetails": true,
        "name": "Casa Senra",
        "amenity": "restaurant",
        "cuisine": "regional"
      },
      "geometry": {
        "type": "Point",
        "coordinates": [
          -1.9727956,
          43.3244999
        ]
      }
    },
    {
      "type": "Feature",
      "properties": {
        "weight": 1.0,
        "id": 461373233,
        "hasDetails": true,
        "name": "La Cuchara de San Telmo",
        "amenity": "restaurant",
        "address": "Abuztuaren 31 kalea 28, Donostia / San Sebasti\u00e1n",
        "website": "http://www.lacucharadesantelmo.com",
        "opening_hours": "Tu 19:30-23:00; We 12:00-15:30,19:30-23:00; Th 12:00-15:30,19:30-23:00; Fr 12:00-15:30,19:30-23:00; Sa 12:00-15:30,19:30-23:00; Su 12:00-15:30,19:30-23:00",
        "outdoor_seating": "yes"
      },
      "geometry": {
        "type": "Point",
        "coordinates": [
          -1.9852992,
          43.3245012
        ]
      }
    },
    {
      "type": "Feature",
      "properties": {
        "weight": 1.0,
        "id": 8987832219,
        "hasDetails": true,
        "name": "Casa 887",
        "amenity": "restaurant",
        "address": "Galtzada Nagusia 9",
        "website": "https://grupo887.com/casa-887/",
        "opening_hours": "Mo-Su 13:00-16:00, 20:00-00:00"
      },
      "geometry": {
        "type": "Point",
        "coordinates": [
          -1.9740569,
          43.3245023
        ]
      }
    },
    {
      "type": "Feature",
      "properties": {
        "weight": 1.0,
        "id": 461375444,
        "hasDetails": true,
        "name": "Ensanche",
        "amenity": "bar",
        "outdoor_seating": "yes"
      },
      "geometry": {
        "type": "Point",
        "coordinates": [
          -1.9834034,
          43.3245037
        ]
      }
    },
    {
      "type": "Feature",
      "properties": {
        "weight": 1.0
      },
      "geometry": {
        "type": "Point",
        "coordinates": [
          -1.9714476,
          43.3245278
        ]
      }
    },
    {
      "type": "Feature",
      "properties": {
        "weight": 1.0
      },
      "geometry": {
        "type": "Point",
        "coordinates": [
          -1.9832571,
          43.3245417
        ]
      }
    },
    {
      "type": "Feature",
      "properties": {
        "weight": 1.0,
        "id": 2190155126,
        "hasDetails": true,
        "name": "Oroipen",
        "amenity": "bar",
        "address": "Segundo Izpizua kalea 18, Donostia / San Sebasti\u00e1n",
        "opening_hours": "Tu-Fr 11:00-16:00,19:00-22:30; Sa 12:00-16:00,19:00-22:30; Su 12:00-16:00",
        "outdoor_seating": "yes"
      },
      "geometry": {
        "type": "Point",
        "coordinates": [
          -1.9709769,
          43.3245668
        ]
      }
    },
    {
      "type": "Feature",
      "properties": {
        "weight": 1.0,
        "id": 5091709825,
        "hasDetails": true,
        "name": "Ekeko",
        "amenity": "restaurant",
        "cuisine": "peruvian",
        "address": "Zurriola hiribidea 18"
      },
      "geometry": {
        "type": "Point",
        "coordinates": [
          -1.9766709,
          43.3245799
        ]
      }
    },
    {
      "type": "Feature",
      "properties": {
        "weight": 1.0
      },
      "geometry": {
        "type": "Point",
        "coordinates": [
          -1.9826947,
          43.3246117
        ]
      }
    },
    {
      "type": "Feature",
      "properties": {
        "weight": 1.0,
        "id": 11497682069,
        "hasDetails": true,
        "name": "Takuma",
        "amenity": "restaurant",
        "cuisine": "asian",
        "address": "Zurriola hiribidea 22",
        "website": "https://takumagros.com/",
        "opening_hours": "Mo-Su 11:30-16:30, 19:00-00:00"
      },
      "geometry": {
        "type": "Point",
        "coordinates": [
          -1.9765398,
          43.3246127
        ]
      }
    },
    {
      "type": "Feature",
      "properties": {
        "weight": 1.0
      },
      "geometry": {
        "type": "Point",
        "coordinates": [
          -1.9716409,
          43.324614
        ]
      }
    },
    {
      "type": "Feature",
      "properties": {
        "weight": 1.0
      },
      "geometry": {
        "type": "Point",
        "coordinates": [
          -1.9760823,
          43.3246155
        ]
      }
    },
    {
      "type": "Feature",
      "properties": {
        "weight": 1.0
      },
      "geometry": {
        "type": "Point",
        "coordinates": [
          -1.9751106,
          43.3246417
        ]
      }
    },
    {
      "type": "Feature",
      "properties": {
        "weight": 1.0,
        "id": 4945999121,
        "hasDetails": true,
        "name": "Zelai Txiki",
        "amenity": "restaurant",
        "address": "Rodil kalea 79"
      },
      "geometry": {
        "type": "Point",
        "coordinates": [
          -1.9642749,
          43.3246694
        ]
      }
    },
    {
      "type": "Feature",
      "properties": {
        "weight": 1.0,
        "id": 8763976417,
        "hasDetails": true,
        "name": "Enxalao",
        "amenity": "restaurant",
        "cuisine": "mediterranean",
        "address": "Ram\u00f3n y Cajal kalea 3",
        "website": "https://enxalao.com/",
        "opening_hours": "Mo-Th 10:00-16:00; Fr 10:00-21:30; Sa 10:30-21:30; Su 10:30-16:00, 19:30-21:30",
        "outdoor_seating": "yes"
      },
      "geometry": {
        "type": "Point",
        "coordinates": [
          -1.9757799,
          43.3246739
        ]
      }
    },
    {
      "type": "Feature",
      "properties": {
        "weight": 1.0,
        "id": 2165102913,
        "hasDetails": true,
        "name": "Casa de Galicia",
        "amenity": "restaurant",
        "cuisine": "galician"
      },
      "geometry": {
        "type": "Point",
        "coordinates": [
          -1.9738164,
          43.3246858
        ]
      }
    },
    {
      "type": "Feature",
      "properties": {
        "weight": 1.0,
        "id": 919445914,
        "hasDetails": true,
        "name": "Larzabal Jatetxea",
        "amenity": "restaurant",
        "cuisine": "regional"
      },
      "geometry": {
        "type": "Point",
        "coordinates": [
          -1.9680775,
          43.3247479
        ]
      }
    },
    {
      "type": "Feature",
      "properties": {
        "weight": 1.0
      },
      "geometry": {
        "type": "Point",
        "coordinates": [
          -1.9723332,
          43.3248005
        ]
      }
    },
    {
      "type": "Feature",
      "properties": {
        "weight": 1.0,
        "id": 2165102963,
        "hasDetails": true,
        "name": "Mandar\u00edn",
        "amenity": "restaurant",
        "cuisine": "chinese"
      },
      "geometry": {
        "type": "Point",
        "coordinates": [
          -1.9736278,
          43.3248245
        ]
      }
    },
    {
      "type": "Feature",
      "properties": {
        "weight": 1.0
      },
      "geometry": {
        "type": "Point",
        "coordinates": [
          -1.9177886,
          43.3248933
        ]
      }
    },
    {
      "type": "Feature",
      "properties": {
        "weight": 1.0
      },
      "geometry": {
        "type": "Point",
        "coordinates": [
          -1.9731905,
          43.3249281
        ]
      }
    },
    {
      "type": "Feature",
      "properties": {
        "weight": 1.0
      },
      "geometry": {
        "type": "Point",
        "coordinates": [
          -1.9737735,
          43.324961
        ]
      }
    },
    {
      "type": "Feature",
      "properties": {
        "weight": 1.0,
        "id": 11572699470,
        "hasDetails": true,
        "name": "Yabushi Ramen",
        "amenity": "restaurant",
        "cuisine": "ramen",
        "address": "Zabaleta kalea 36",
        "opening_hours": "Tu-Sa 13:30-16:00, 20:00-23:00; Su 13:30-16:00"
      },
      "geometry": {
        "type": "Point",
        "coordinates": [
          -1.9734225,
          43.3249642
        ]
      }
    },
    {
      "type": "Feature",
      "properties": {
        "weight": 1.0,
        "id": 461391751,
        "hasDetails": true,
        "name": "Baluarte",
        "amenity": "cafe",
        "address": "Soraluze kalea 1, Donostia / San Sebasti\u00e1n",
        "opening_hours": "Mo-Su 09:00-23:00",
        "outdoor_seating": "yes"
      },
      "geometry": {
        "type": "Point",
        "coordinates": [
          -1.9839614,
          43.3249673
        ]
      }
    },
    {
      "type": "Feature",
      "properties": {
        "weight": 1.0
      },
      "geometry": {
        "type": "Point",
        "coordinates": [
          -1.9728647,
          43.3249794
        ]
      }
    },
    {
      "type": "Feature",
      "properties": {
        "weight": 1.0
      },
      "geometry": {
        "type": "Point",
        "coordinates": [
          -1.9755281,
          43.3249816
        ]
      }
    },
    {
      "type": "Feature",
      "properties": {
        "weight": 1.0
      },
      "geometry": {
        "type": "Point",
        "coordinates": [
          -1.9740609,
          43.3249835
        ]
      }
    },
    {
      "type": "Feature",
      "properties": {
        "weight": 1.0
      },
      "geometry": {
        "type": "Point",
        "coordinates": [
          -1.9711967,
          43.3249854
        ]
      }
    },
    {
      "type": "Feature",
      "properties": {
        "weight": 1.0
      },
      "geometry": {
        "type": "Point",
        "coordinates": [
          -1.9710528,
          43.3250026
        ]
      }
    },
    {
      "type": "Feature",
      "properties": {
        "weight": 1.0,
        "id": 2161721533,
        "hasDetails": true,
        "name": "Qing Wok",
        "amenity": "restaurant",
        "cuisine": "chinese",
        "website": "https://www.restauranteasiaticoqingwok.com.es/"
      },
      "geometry": {
        "type": "Point",
        "coordinates": [
          -1.9752391,
          43.3250708
        ]
      }
    },
    {
      "type": "Feature",
      "properties": {
        "weight": 1.0,
        "id": 2428897086,
        "hasDetails": true,
        "name": "Ontziola",
        "amenity": "restaurant",
        "cuisine": "spanish",
        "website": "https://ontziolajatetxea.com/"
      },
      "geometry": {
        "type": "Point",
        "coordinates": [
          -1.9177763,
          43.3251059
        ]
      }
    },
    {
      "type": "Feature",
      "properties": {
        "weight": 1.0,
        "id": 2167551530,
        "hasDetails": true,
        "name": "Bar-bi",
        "amenity": "bar",
        "outdoor_seating": "yes"
      },
      "geometry": {
        "type": "Point",
        "coordinates": [
          -1.9718434,
          43.3251283
        ]
      }
    },
    {
      "type": "Feature",
      "properties": {
        "weight": 1.0
      },
      "geometry": {
        "type": "Point",
        "coordinates": [
          -1.9730539,
          43.325135
        ]
      }
    },
    {
      "type": "Feature",
      "properties": {
        "weight": 1.0,
        "id": 2167422606,
        "hasDetails": true,
        "name": "Zabaleta",
        "amenity": "bar",
        "outdoor_seating": "yes"
      },
      "geometry": {
        "type": "Point",
        "coordinates": [
          -1.9735215,
          43.3251599
        ]
      }
    },
    {
      "type": "Feature",
      "properties": {
        "weight": 1.0,
        "id": 12202224609,
        "hasDetails": true,
        "name": "Gure Etxea",
        "amenity": "restaurant",
        "outdoor_seating": "yes"
      },
      "geometry": {
        "type": "Point",
        "coordinates": [
          -1.9704829,
          43.3251625
        ]
      }
    },
    {
      "type": "Feature",
      "properties": {
        "weight": 1.0
      },
      "geometry": {
        "type": "Point",
        "coordinates": [
          -1.9743659,
          43.3251687
        ]
      }
    },
    {
      "type": "Feature",
      "properties": {
        "weight": 1.0
      },
      "geometry": {
        "type": "Point",
        "coordinates": [
          -1.9255193,
          43.3252851
        ]
      }
    },
    {
      "type": "Feature",
      "properties": {
        "weight": 1.0,
        "id": 13327933419,
        "hasDetails": true,
        "name": "Kai Street Food",
        "amenity": "restaurant",
        "cuisine": "burger;salad"
      },
      "geometry": {
        "type": "Point",
        "coordinates": [
          -1.9737022,
          43.3252942
        ]
      }
    },
    {
      "type": "Feature",
      "properties": {
        "weight": 1.0
      },
      "geometry": {
        "type": "Point",
        "coordinates": [
          -1.9728542,
          43.3253001
        ]
      }
    },
    {
      "type": "Feature",
      "properties": {
        "weight": 1.0,
        "id": 11663664069,
        "hasDetails": true,
        "name": "\u00f1am",
        "amenity": "fast_food",
        "outdoor_seating": "yes"
      },
      "geometry": {
        "type": "Point",
        "coordinates": [
          -1.9733305,
          43.3253062
        ]
      }
    },
    {
      "type": "Feature",
      "properties": {
        "weight": 1.0
      },
      "geometry": {
        "type": "Point",
        "coordinates": [
          -1.984629,
          43.3253107
        ]
      }
    },
    {
      "type": "Feature",
      "properties": {
        "weight": 1.0
      },
      "geometry": {
        "type": "Point",
        "coordinates": [
          -1.9259516,
          43.3253516
        ]
      }
    },
    {
      "type": "Feature",
      "properties": {
        "weight": 1.0,
        "id": 13335584302,
        "hasDetails": true,
        "name": "Goxo Poke",
        "amenity": "restaurant",
        "address": "Zurriola hiribidea 36"
      },
      "geometry": {
        "type": "Point",
        "coordinates": [
          -1.9744914,
          43.3253899
        ]
      }
    },
    {
      "type": "Feature",
      "properties": {
        "weight": 1.0,
        "id": 2189914890,
        "hasDetails": true,
        "name": "Mala Gissona Beer House",
        "amenity": "pub",
        "address": "Zabaleta kalea 53",
        "website": "https://www.malagissona.beer/",
        "opening_hours": "Mo-We 13:00-24:00; Th-Fr 13:00-01:00; Sa 12:00-01:00; Su 12:00-24:00",
        "outdoor_seating": "yes"
      },
      "geometry": {
        "type": "Point",
        "coordinates": [
          -1.9731665,
          43.3254192
        ]
      }
    },
    {
      "type": "Feature",
      "properties": {
        "weight": 1.0
      },
      "geometry": {
        "type": "Point",
        "coordinates": [
          -1.9225059,
          43.3254246
        ]
      }
    },
    {
      "type": "Feature",
      "properties": {
        "weight": 1.0,
        "id": 14052366402,
        "hasDetails": true,
        "name": "Petit Caf\u00e9 en San Sebasti\u00e1n",
        "amenity": "cafe",
        "website": "https://petitcafe.es/",
        "opening_hours": "Mo-Tu, Th-Sa 08:30-18:00; Su 08:30-16:00",
        "names": [
          "Petit Caf\u00e9 en San Sebasti\u00e1n",
          "Alabama Caf\u00e9"
        ]
      },
      "geometry": {
        "type": "Point",
        "coordinates": [
          -1.9717972,
          43.3254423
        ]
      }
    },
    {
      "type": "Feature",
      "properties": {
        "weight": 1.0
      },
      "geometry": {
        "type": "Point",
        "coordinates": [
          -1.9726108,
          43.3254719
        ]
      }
    },
    {
      "type": "Feature",
      "properties": {
        "weight": 1.0,
        "id": 2167422568,
        "hasDetails": true,
        "name": "Malekon",
        "amenity": "bar",
        "address": "Lapurdi plaza 1",
        "outdoor_seating": "yes"
      },
      "geometry": {
        "type": "Point",
        "coordinates": [
          -1.9739264,
          43.3254775
        ]
      }
    },
    {
      "type": "Feature",
      "properties": {
        "weight": 1.0,
        "id": 2189914901,
        "hasDetails": true,
        "name": "La Guinda",
        "amenity": "restaurant",
        "address": "Zabaleta kalea 55, Donostia / San Sebasti\u00e1n",
        "website": "https://www.laguindadelicoffee.com/",
        "opening_hours": "Mo-Th 08:30-23:00; Fr 08:00-23:30; Sa 09:00-23:30; Su 09:00-23:00"
      },
      "geometry": {
        "type": "Point",
        "coordinates": [
          -1.9730383,
          43.3255203
        ]
      }
    },
    {
      "type": "Feature",
      "properties": {
        "weight": 1.0,
        "id": 2158186463,
        "hasDetails": true,
        "name": "Kaskazuri",
        "amenity": "restaurant",
        "cuisine": "basque",
        "website": "https://www.kaskazuri.com/"
      },
      "geometry": {
        "type": "Point",
        "coordinates": [
          -1.9836538,
          43.3255301
        ]
      }
    },
    {
      "type": "Feature",
      "properties": {
        "weight": 1.0,
        "id": 652812282,
        "hasDetails": true,
        "name": "hiru terdi",
        "amenity": "cafe",
        "cuisine": "coffee_shop;steak_house",
        "address": "Passaman Alargunaren kalea 5, Pasaia",
        "website": "https://www.google.es/maps/place/HIRU+T'ERDI/@43.3256408,-1.9263623,19z/data=!3m1!4b1!4m6!3m5!1s0xd51a5ec4e0f367d:0x3e663d817b4ca626!8m2!3d43.3256408!4d-1.9263623!16s%2Fg%2F11csq5y7nw",
        "outdoor_seating": "yes"
      },
      "geometry": {
        "type": "Point",
        "coordinates": [
          -1.9263515,
          43.325534
        ]
      }
    },
    {
      "type": "Feature",
      "properties": {
        "weight": 1.0,
        "id": 12343701493,
        "hasDetails": true,
        "name": "Humo pizza",
        "amenity": "restaurant",
        "cuisine": "pizza",
        "address": "San Frantzisko kalea 47, Donostia / San Sebasti\u00e1n",
        "website": "https://humopizza.com/",
        "opening_hours": "Fr-Su 13:00-16:00, 19:00-00:00; Mo, We-Th 19:00-00:00",
        "names": [
          "Humo pizza",
          "Roke"
        ],
        "amenities": [
          "restaurant",
          "cafe"
        ]
      },
      "geometry": {
        "type": "Point",
        "coordinates": [
          -1.971548,
          43.3255539
        ]
      }
    },
    {
      "type": "Feature",
      "properties": {
        "weight": 1.0,
        "id": 2161721527,
        "hasDetails": true,
        "name": "Arnoldo",
        "amenity": "ice_cream",
        "cuisine": "kebab"
      },
      "geometry": {
        "type": "Point",
        "coordinates": [
          -1.9740301,
          43.3255638
        ]
      }
    },
    {
      "type": "Feature",
      "properties": {
        "weight": 1.0,
        "id": 2189993063,
        "hasDetails": true,
        "name": "Pak Tandoori Flame",
        "amenity": "restaurant",
        "cuisine": "indian",
        "address": "San Frantzisko kalea 56, Donostia / San Sebasti\u00e1n",
        "website": "https://pak-tandoori-flame.negocio.site/",
        "opening_hours": "We-Su 12:00-16:00,20:00-24:00; Tu 20:00-24:00; Mo 12:00-16:00,20:00-24:00"
      },
      "geometry": {
        "type": "Point",
        "coordinates": [
          -1.9712105,
          43.3255777
        ]
      }
    },
    {
      "type": "Feature",
      "properties": {
        "weight": 1.0,
        "id": 10581885005,
        "hasDetails": true,
        "name": "Bar Txispi",
        "amenity": "bar",
        "address": "Donibane kalea 62"
      },
      "geometry": {
        "type": "Point",
        "coordinates": [
          -1.9194572,
          43.325616
        ]
      }
    },
    {
      "type": "Feature",
      "properties": {
        "weight": 1.0,
        "id": 2189914867,
        "hasDetails": true,
        "name": "La Burguess\u00eda",
        "amenity": "fast_food",
        "cuisine": "burger",
        "address": "Zabaleta kalea 55",
        "website": "https://laburguessia.com/"
      },
      "geometry": {
        "type": "Point",
        "coordinates": [
          -1.9728835,
          43.325619
        ]
      }
    },
    {
      "type": "Feature",
      "properties": {
        "weight": 1.0,
        "id": 2207144882,
        "hasDetails": true,
        "name": "Nicolasa",
        "amenity": "restaurant",
        "cuisine": "basque"
      },
      "geometry": {
        "type": "Point",
        "coordinates": [
          -1.9196012,
          43.3256455
        ]
      }
    },
    {
      "type": "Feature",
      "properties": {
        "weight": 1.0,
        "id": 2189914923,
        "hasDetails": true,
        "name": "Pistacho",
        "amenity": "restaurant",
        "address": "Zabaleta kalea 57",
        "website": "https://www.pistachocoffeebrunch.com/",
        "names": [
          "Pistacho",
          "Labrit berri"
        ],
        "amenities": [
          "restaurant",
          "bar"
        ]
      },
      "geometry": {
        "type": "Point",
        "coordinates": [
          -1.9727694,
          43.3257146
        ]
      }
    },
    {
      "type": "Feature",
      "properties": {
        "weight": 1.0
      },
      "geometry": {
        "type": "Point",
        "coordinates": [
          -1.9726347,
          43.3258095
        ]
      }
    },
    {
      "type": "Feature",
      "properties": {
        "weight": 1.0
      },
      "geometry": {
        "type": "Point",
        "coordinates": [
          -1.9743768,
          43.3259501
        ]
      }
    },
    {
      "type": "Feature",
      "properties": {
        "weight": 1.0,
        "id": 2207145067,
        "hasDetails": true,
        "name": "Piedade izozki denda",
        "amenity": "ice_cream",
        "address": "Donibane kalea 76"
      },
      "geometry": {
        "type": "Point",
        "coordinates": [
          -1.9199654,
          43.32614
        ]
      }
    },
    {
      "type": "Feature",
      "properties": {
        "weight": 1.0,
        "id": 13384386000,
        "hasDetails": true,
        "name": "Uh mami",
        "amenity": "fast_food",
        "cuisine": "juice",
        "address": "Zabaleta kalea 61",
        "website": "https://www.uhmamidonosti.com/"
      },
      "geometry": {
        "type": "Point",
        "coordinates": [
          -1.9721586,
          43.3261444
        ]
      }
    },
    {
      "type": "Feature",
      "properties": {
        "weight": 1.0,
        "id": 2189943045,
        "hasDetails": true,
        "name": "Gangnam Korean BBQ",
        "amenity": "restaurant",
        "cuisine": "chinese;korean",
        "address": "Zabaleta kalea 58"
      },
      "geometry": {
        "type": "Point",
        "coordinates": [
          -1.9716009,
          43.3261941
        ]
      }
    },
    {
      "type": "Feature",
      "properties": {
        "weight": 1.0,
        "id": 2207144886,
        "hasDetails": true,
        "name": "Restaurante Txulotxo",
        "amenity": "restaurant",
        "address": "Donibane kalea 71, Pasaia",
        "website": "https://restaurantetxulotxo.com/",
        "outdoor_seating": "no"
      },
      "geometry": {
        "type": "Point",
        "coordinates": [
          -1.9199066,
          43.3263425
        ]
      }
    },
    {
      "type": "Feature",
      "properties": {
        "weight": 1.0
      },
      "geometry": {
        "type": "Point",
        "coordinates": [
          -1.9197189,
          43.3264615
        ]
      }
    },
    {
      "type": "Feature",
      "properties": {
        "weight": 1.0,
        "id": 2207144870,
        "hasDetails": true,
        "name": "Casa C\u00e1mara",
        "amenity": "restaurant",
        "cuisine": "fish",
        "address": "Donibane kalea 79",
        "website": "https://www.casacamara.com/",
        "opening_hours": "Tu-Th 13:30-15:15; Fr-Sa 13:30-15:15, 20:30-22:15; Su 13:30-15:00"
      },
      "geometry": {
        "type": "Point",
        "coordinates": [
          -1.9199284,
          43.3266165
        ]
      }
    },
    {
      "type": "Feature",
      "properties": {
        "weight": 1.0,
        "id": 14071290698,
        "hasDetails": true,
        "name": "Falcon",
        "amenity": "bar",
        "address": "Torreatze kalea 4, Pasaia"
      },
      "geometry": {
        "type": "Point",
        "coordinates": [
          -1.9224602,
          43.3268789
        ]
      }
    },
    {
      "type": "Feature",
      "properties": {
        "weight": 1.0
      },
      "geometry": {
        "type": "Point",
        "coordinates": [
          -1.9710793,
          43.3269281
        ]
      }
    },
    {
      "type": "Feature",
      "properties": {
        "weight": 1.0,
        "id": 2207144906,
        "hasDetails": true,
        "name": "Ziaboga",
        "amenity": "restaurant",
        "website": "https://www.ziabogabistrot.com/"
      },
      "geometry": {
        "type": "Point",
        "coordinates": [
          -1.9199789,
          43.3269654
        ]
      }
    },
    {
      "type": "Feature",
      "properties": {
        "weight": 1.0
      },
      "geometry": {
        "type": "Point",
        "coordinates": [
          -1.9197729,
          43.3271943
        ]
      }
    },
    {
      "type": "Feature",
      "properties": {
        "weight": 1.0
      },
      "geometry": {
        "type": "Point",
        "coordinates": [
          -1.9714178,
          43.3274161
        ]
      }
    },
    {
      "type": "Feature",
      "properties": {
        "weight": 1.0,
        "id": 2207144903,
        "hasDetails": true,
        "name": "Yola Berri",
        "amenity": "restaurant",
        "cuisine": "basque"
      },
      "geometry": {
        "type": "Point",
        "coordinates": [
          -1.9202276,
          43.3274342
        ]
      }
    },
    {
      "type": "Feature",
      "properties": {
        "weight": 1.0
      },
      "geometry": {
        "type": "Point",
        "coordinates": [
          -1.9201033,
          43.3274525
        ]
      }
    },
    {
      "type": "Feature",
      "properties": {
        "weight": 1.0,
        "id": 10581863005,
        "hasDetails": true,
        "name": "Bar Restaurante Hegaluze",
        "amenity": "restaurant",
        "address": "Donibane kalea 132"
      },
      "geometry": {
        "type": "Point",
        "coordinates": [
          -1.9203272,
          43.3275778
        ]
      }
    },
    {
      "type": "Feature",
      "properties": {
        "weight": 1.0
      },
      "geometry": {
        "type": "Point",
        "coordinates": [
          -1.9702453,
          43.327679
        ]
      }
    },
    {
      "type": "Feature",
      "properties": {
        "weight": 1.0
      },
      "geometry": {
        "type": "Point",
        "coordinates": [
          -1.9705955,
          43.3279579
        ]
      }
    },
    {
      "type": "Feature",
      "properties": {
        "weight": 1.0
      },
      "geometry": {
        "type": "Point",
        "coordinates": [
          -1.9705651,
          43.3280919
        ]
      }
    },
    {
      "type": "Feature",
      "properties": {
        "weight": 1.0
      },
      "geometry": {
        "type": "Point",
        "coordinates": [
          -1.9705651,
          43.3282515
        ]
      }
    },
    {
      "type": "Feature",
      "properties": {
        "weight": 1.0
      },
      "geometry": {
        "type": "Point",
        "coordinates": [
          -1.9705909,
          43.328346
        ]
      }
    },
    {
      "type": "Feature",
      "properties": {
        "weight": 1.0
      },
      "geometry": {
        "type": "Point",
        "coordinates": [
          -1.9706268,
          43.3284452
        ]
      }
    },
    {
      "type": "Feature",
      "properties": {
        "weight": 1.0
      },
      "geometry": {
        "type": "Point",
        "coordinates": [
          -1.9629983,
          43.3284929
        ]
      }
    },
    {
      "type": "Feature",
      "properties": {
        "weight": 1.0,
        "id": 11696933088,
        "hasDetails": true,
        "name": "Mirador de Ulia",
        "amenity": "restaurant",
        "website": "https://www.miradordeulia.es/"
      },
      "geometry": {
        "type": "Point",
        "coordinates": [
          -1.9676098,
          43.3287641
        ]
      }
    }
  ]
}