{
  "type": "FeatureCollection",
  "features": [
    {
      "type": "Feature",
      "properties": {
        "weight": 1.0,
        "id": 2991168858,
        "hasDetails": true,
        "name": "Carrocerias Renteria",
        "address": "Egiburuberri pasealekua 13 0.A, Errenteria"
      },
      "geometry": {
        "type": "Point",
        "coordinates": [
          -1.8955066,
          43.2972716
        ]
      }
    },
    {
      "type": "Feature",
      "properties": {
        "weight": 1.0,
        "id": 258086734,
        "hasDetails": true,
        "name": "BM",
        "address": "Bascongada pasealekua, Donostia / San Sebasti\u00e1n"
      },
      "geometry": {
        "type": "Point",
        "coordinates": [
          -1.9921978,
          43.2986727
        ]
      }
    },
    {
      "type": "Feature",
      "properties": {
        "weight": 1.0,
        "id": 9025936887,
        "hasDetails": true,
        "name": "Eragin elektronika-denda",
        "address": "Ubarburu pasealekua 100, 19 nabea, 1. solairua",
        "website": "https://www.eraginstac.com"
      },
      "geometry": {
        "type": "Point",
        "coordinates": [
          -1.9419396,
          43.2993679
        ]
      }
    },
    {
      "type": "Feature",
      "properties": {
        "weight": 1.0
      },
      "geometry": {
        "type": "Point",
        "coordinates": [
          -2.0041725,
          43.2995918
        ]
      }
    },
    {
      "type": "Feature",
      "properties": {
        "weight": 1.0,
        "id": 646880528,
        "hasDetails": true,
        "name": "Zentolen Berri",
        "amenity": "crematorium",
        "address": "39, Errenteria",
        "website": "https://zentolenberri.com/"
      },
      "geometry": {
        "type": "Point",
        "coordinates": [
          -1.8933052,
          43.2997073
        ]
      }
    },
    {
      "type": "Feature",
      "properties": {
        "weight": 1.0
      },
      "geometry": {
        "type": "Point",
        "coordinates": [
          -2.0024086,
          43.3001178
        ]
      }
    },
    {
      "type": "Feature",
      "properties": {
        "weight": 1.0
      },
      "geometry": {
        "type": "Point",
        "coordinates": [
          -2.0025656,
          43.3002916
        ]
      }
    },
    {
      "type": "Feature",
      "properties": {
        "weight": 1.0,
        "id": 1192211685,
        "hasDetails": true,
        "name": "Alcampo",
        "opening_hours": "Mo-Sa 10:00-22:00"
      },
      "geometry": {
        "type": "Point",
        "coordinates": [
          -1.8830068,
          43.3004058
        ]
      }
    },
    {
      "type": "Feature",
      "properties": {
        "weight": 1.0
      },
      "geometry": {
        "type": "Point",
        "coordinates": [
          -2.0047127,
          43.3004584
        ]
      }
    },
    {
      "type": "Feature",
      "properties": {
        "weight": 1.0
      },
      "geometry": {
        "type": "Point",
        "coordinates": [
          -2.0038946,
          43.3004623
        ]
      }
    },
    {
      "type": "Feature",
      "properties": {
        "weight": 1.0
      },
      "geometry": {
        "type": "Point",
        "coordinates": [
          -2.0027765,
          43.3005175
        ]
      }
    },
    {
      "type": "Feature",
      "properties": {
        "weight": 1.0
      },
      "geometry": {
        "type": "Point",
        "coordinates": [
          -2.004318,
          43.3007114
        ]
      }
    },
    {
      "type": "Feature",
      "properties": {
        "weight": 1.0
      },
      "geometry": {
        "type": "Point",
        "coordinates": [
          -2.0041843,
          43.3007337
        ]
      }
    },
    {
      "type": "Feature",
      "properties": {
        "weight": 1.0
      },
      "geometry": {
        "type": "Point",
        "coordinates": [
          -2.0029794,
          43.300769
        ]
      }
    },
    {
      "type": "Feature",
      "properties": {
        "weight": 1.0
      },
      "geometry": {
        "type": "Point",
        "coordinates": [
          -2.0047959,
          43.3008118
        ]
      }
    },
    {
      "type": "Feature",
      "properties": {
        "weight": 1.0
      },
      "geometry": {
        "type": "Point",
        "coordinates": [
          -2.0046216,
          43.3008977
        ]
      }
    },
    {
      "type": "Feature",
      "properties": {
        "weight": 1.0
      },
      "geometry": {
        "type": "Point",
        "coordinates": [
          -2.0050701,
          43.3009047
        ]
      }
    },
    {
      "type": "Feature",
      "properties": {
        "weight": 1.0
      },
      "geometry": {
        "type": "Point",
        "coordinates": [
          -1.8830068,
          43.3010367
        ]
      }
    },
    {
      "type": "Feature",
      "properties": {
        "weight": 1.0,
        "id": 10759222455,
        "hasDetails": true,
        "name": "Eurofesa",
        "address": "Portuetxe bidea 51",
        "website": "https://www.eurofesa.es/contacto.html"
      },
      "geometry": {
        "type": "Point",
        "coordinates": [
          -2.0163754,
          43.3010708
        ]
      }
    },
    {
      "type": "Feature",
      "properties": {
        "weight": 1.0,
        "id": 11015642153,
        "hasDetails": true,
        "name": "Viajes Nakara",
        "address": "Portuetxe bidea 53A, Donostia / San Sebasti\u00e1n",
        "website": "https://viajesnakara.com/"
      },
      "geometry": {
        "type": "Point",
        "coordinates": [
          -2.017502,
          43.3011221
        ]
      }
    },
    {
      "type": "Feature",
      "properties": {
        "weight": 1.0
      },
      "geometry": {
        "type": "Point",
        "coordinates": [
          -2.0173182,
          43.3011541
        ]
      }
    },
    {
      "type": "Feature",
      "properties": {
        "weight": 1.0,
        "id": 10978377147,
        "hasDetails": true,
        "name": "Bigara",
        "website": "https://www.bigara.com/"
      },
      "geometry": {
        "type": "Point",
        "coordinates": [
          -2.0171323,
          43.3011983
        ]
      }
    },
    {
      "type": "Feature",
      "properties": {
        "weight": 1.0
      },
      "geometry": {
        "type": "Point",
        "coordinates": [
          -2.0168962,
          43.3012244
        ]
      }
    },
    {
      "type": "Feature",
      "properties": {
        "weight": 1.0,
        "id": 6444876176,
        "hasDetails": true,
        "name": "Bidegorri",
        "address": "Portuetxe bidea 37, Donostia / San Sebasti\u00e1n",
        "website": "https://www.bidegorri.es/"
      },
      "geometry": {
        "type": "Point",
        "coordinates": [
          -2.0132936,
          43.3012522
        ]
      }
    },
    {
      "type": "Feature",
      "properties": {
        "weight": 1.0
      },
      "geometry": {
        "type": "Point",
        "coordinates": [
          -2.0134742,
          43.3014096
        ]
      }
    },
    {
      "type": "Feature",
      "properties": {
        "weight": 1.0,
        "id": 9601930097,
        "hasDetails": true,
        "name": "Giant",
        "address": "Zarautz kalea 130",
        "website": "https://www.giant-donostia-san-sebastian.es"
      },
      "geometry": {
        "type": "Point",
        "coordinates": [
          -2.0023598,
          43.301415
        ]
      }
    },
    {
      "type": "Feature",
      "properties": {
        "weight": 1.0,
        "id": 10824765043,
        "hasDetails": true,
        "name": "Igara-bide",
        "address": "Igara bidea 55, Donostia / San Sebasti\u00e1n"
      },
      "geometry": {
        "type": "Point",
        "coordinates": [
          -2.0104436,
          43.3014203
        ]
      }
    },
    {
      "type": "Feature",
      "properties": {
        "weight": 1.0
      },
      "geometry": {
        "type": "Point",
        "coordinates": [
          -1.974904,
          43.3014364
        ]
      }
    },
    {
      "type": "Feature",
      "properties": {
        "weight": 1.0,
        "id": 38618603,
        "hasDetails": true,
        "name": "Biyona",
        "website": "https://www.carroceriasbiyona.com/"
      },
      "geometry": {
        "type": "Point",
        "coordinates": [
          -1.9545473,
          43.3014753
        ]
      }
    },
    {
      "type": "Feature",
      "properties": {
        "weight": 1.0
      },
      "geometry": {
        "type": "Point",
        "coordinates": [
          -1.9748419,
          43.3017383
        ]
      }
    },
    {
      "type": "Feature",
      "properties": {
        "weight": 1.0,
        "id": 244091348,
        "hasDetails": true,
        "name": "DMC Cer\u00e1micas",
        "website": "https://dmc-ceramicas.com/"
      },
      "geometry": {
        "type": "Point",
        "coordinates": [
          -1.95184,
          43.3017779
        ]
      }
    },
    {
      "type": "Feature",
      "properties": {
        "weight": 1.0
      },
      "geometry": {
        "type": "Point",
        "coordinates": [
          -2.0112229,
          43.301843
        ]
      }
    },
    {
      "type": "Feature",
      "properties": {
        "weight": 1.0,
        "id": 9474108798,
        "hasDetails": true,
        "name": "A.I motor",
        "address": "Txirrita Behekoa 3, Errenteria"
      },
      "geometry": {
        "type": "Point",
        "coordinates": [
          -1.9052951,
          43.3019789
        ]
      }
    },
    {
      "type": "Feature",
      "properties": {
        "weight": 1.0,
        "id": 10634825058,
        "hasDetails": true,
        "name": "M\u00e1s que pan",
        "address": "Zarautz kalea 131"
      },
      "geometry": {
        "type": "Point",
        "coordinates": [
          -2.0026182,
          43.3022943
        ]
      }
    },
    {
      "type": "Feature",
      "properties": {
        "weight": 1.0
      },
      "geometry": {
        "type": "Point",
        "coordinates": [
          -1.9567551,
          43.3023888
        ]
      }
    },
    {
      "type": "Feature",
      "properties": {
        "weight": 1.0
      },
      "geometry": {
        "type": "Point",
        "coordinates": [
          -1.977796,
          43.3024911
        ]
      }
    },
    {
      "type": "Feature",
      "properties": {
        "weight": 1.0,
        "id": 14213774923,
        "hasDetails": true,
        "name": "Madina",
        "opening_hours": "Mo-Th 09:00-13:00,15:00-18:00; Fr 09:00-13:00,15:00-18:00"
      },
      "geometry": {
        "type": "Point",
        "coordinates": [
          -1.9515837,
          43.3025014
        ]
      }
    },
    {
      "type": "Feature",
      "properties": {
        "weight": 1.0
      },
      "geometry": {
        "type": "Point",
        "coordinates": [
          -1.9798688,
          43.3025365
        ]
      }
    },
    {
      "type": "Feature",
      "properties": {
        "weight": 1.0,
        "id": 200176234,
        "hasDetails": true,
        "name": "Autocentro Igara",
        "address": "Portuetxe bidea 12, Donostia / San Sebasti\u00e1n",
        "website": "https://www.autocentroigara.com/"
      },
      "geometry": {
        "type": "Point",
        "coordinates": [
          -2.0113167,
          43.3025639
        ]
      }
    },
    {
      "type": "Feature",
      "properties": {
        "weight": 1.0
      },
      "geometry": {
        "type": "Point",
        "coordinates": [
          -2.0089678,
          43.302633
        ]
      }
    },
    {
      "type": "Feature",
      "properties": {
        "weight": 1.0,
        "id": 11381296758,
        "hasDetails": true,
        "name": "Pasteler\u00eda Izar",
        "address": "Paseo Mateo Errota 11;13, Donostia / San Sebasti\u00e1n",
        "website": "https://www.pasteleriaizar.es/"
      },
      "geometry": {
        "type": "Point",
        "coordinates": [
          -1.9435184,
          43.3026573
        ]
      }
    },
    {
      "type": "Feature",
      "properties": {
        "weight": 1.0
      },
      "geometry": {
        "type": "Point",
        "coordinates": [
          -1.9475522,
          43.3027096
        ]
      }
    },
    {
      "type": "Feature",
      "properties": {
        "weight": 1.0
      },
      "geometry": {
        "type": "Point",
        "coordinates": [
          -1.9799581,
          43.3027584
        ]
      }
    },
    {
      "type": "Feature",
      "properties": {
        "weight": 1.0
      },
      "geometry": {
        "type": "Point",
        "coordinates": [
          -1.9795398,
          43.302812
        ]
      }
    },
    {
      "type": "Feature",
      "properties": {
        "weight": 1.0
      },
      "geometry": {
        "type": "Point",
        "coordinates": [
          -1.9793146,
          43.3028388
        ]
      }
    },
    {
      "type": "Feature",
      "properties": {
        "weight": 1.0
      },
      "geometry": {
        "type": "Point",
        "coordinates": [
          -1.978907,
          43.3028749
        ]
      }
    },
    {
      "type": "Feature",
      "properties": {
        "weight": 1.0
      },
      "geometry": {
        "type": "Point",
        "coordinates": [
          -1.9789741,
          43.3032188
        ]
      }
    },
    {
      "type": "Feature",
      "properties": {
        "weight": 1.0
      },
      "geometry": {
        "type": "Point",
        "coordinates": [
          -2.0076235,
          43.3032649
        ]
      }
    },
    {
      "type": "Feature",
      "properties": {
        "weight": 1.0
      },
      "geometry": {
        "type": "Point",
        "coordinates": [
          -1.9803923,
          43.3033306
        ]
      }
    },
    {
      "type": "Feature",
      "properties": {
        "weight": 1.0,
        "id": 4907297048,
        "hasDetails": true,
        "name": "Charo Arruti",
        "address": "Illunbe kalea 1"
      },
      "geometry": {
        "type": "Point",
        "coordinates": [
          -1.9749853,
          43.3033362
        ]
      }
    },
    {
      "type": "Feature",
      "properties": {
        "weight": 1.0,
        "id": 481996071,
        "hasDetails": true,
        "name": "Saltoki",
        "address": "Talaia poligonoa 2, Oiartzun",
        "website": "https://www.saltoki.com",
        "opening_hours": "Mo-Fr 07:00-19:30; Sa 08:00-13:00"
      },
      "geometry": {
        "type": "Point",
        "coordinates": [
          -1.8840188,
          43.3033391
        ]
      }
    },
    {
      "type": "Feature",
      "properties": {
        "weight": 1.0
      },
      "geometry": {
        "type": "Point",
        "coordinates": [
          -1.9801075,
          43.3034003
        ]
      }
    },
    {
      "type": "Feature",
      "properties": {
        "weight": 1.0
      },
      "geometry": {
        "type": "Point",
        "coordinates": [
          -1.9790145,
          43.3034257
        ]
      }
    },
    {
      "type": "Feature",
      "properties": {
        "weight": 1.0
      },
      "geometry": {
        "type": "Point",
        "coordinates": [
          -1.9747652,
          43.3034573
        ]
      }
    },
    {
      "type": "Feature",
      "properties": {
        "weight": 1.0,
        "id": 736292247,
        "hasDetails": true,
        "name": "Igara Media",
        "address": "Karlos Santamaria plaza 2, Donostia / San Sebasti\u00e1n",
        "website": "https://www.igaramediaservicioinformatico.com/"
      },
      "geometry": {
        "type": "Point",
        "coordinates": [
          -2.0071204,
          43.3034742
        ]
      }
    },
    {
      "type": "Feature",
      "properties": {
        "weight": 1.0
      },
      "geometry": {
        "type": "Point",
        "coordinates": [
          -1.9783553,
          43.3035
        ]
      }
    },
    {
      "type": "Feature",
      "properties": {
        "weight": 1.0
      },
      "geometry": {
        "type": "Point",
        "coordinates": [
          -1.9811067,
          43.3035337
        ]
      }
    },
    {
      "type": "Feature",
      "properties": {
        "weight": 1.0,
        "id": 14041626828,
        "hasDetails": true,
        "name": "Saltoki Home",
        "website": "https://www.saltokihome.com",
        "opening_hours": "Mo-Fr 09:00-13:30,16:00-19:30; Sa 09:00-13:30"
      },
      "geometry": {
        "type": "Point",
        "coordinates": [
          -1.8841204,
          43.3035523
        ]
      }
    },
    {
      "type": "Feature",
      "properties": {
        "weight": 1.0
      },
      "geometry": {
        "type": "Point",
        "coordinates": [
          -1.977252,
          43.3036013
        ]
      }
    },
    {
      "type": "Feature",
      "properties": {
        "weight": 1.0,
        "id": 1319893271,
        "hasDetails": true,
        "name": "Etxeconfort",
        "website": "https://etxeconfort.com/"
      },
      "geometry": {
        "type": "Point",
        "coordinates": [
          -1.8848768,
          43.3036344
        ]
      }
    },
    {
      "type": "Feature",
      "properties": {
        "weight": 1.0
      },
      "geometry": {
        "type": "Point",
        "coordinates": [
          -1.9770525,
          43.3037164
        ]
      }
    },
    {
      "type": "Feature",
      "properties": {
        "weight": 1.0
      },
      "geometry": {
        "type": "Point",
        "coordinates": [
          -1.9599753,
          43.3037208
        ]
      }
    },
    {
      "type": "Feature",
      "properties": {
        "weight": 1.0
      },
      "geometry": {
        "type": "Point",
        "coordinates": [
          -1.9790785,
          43.3037536
        ]
      }
    },
    {
      "type": "Feature",
      "properties": {
        "weight": 1.0
      },
      "geometry": {
        "type": "Point",
        "coordinates": [
          -1.9588445,
          43.3037687
        ]
      }
    },
    {
      "type": "Feature",
      "properties": {
        "weight": 1.0,
        "id": 537662362,
        "hasDetails": true,
        "name": "Juan Carlos Fruter\u00eda",
        "opening_hours": "Mo-Su 08:30-20:30"
      },
      "geometry": {
        "type": "Point",
        "coordinates": [
          -1.9767042,
          43.3037823
        ]
      }
    },
    {
      "type": "Feature",
      "properties": {
        "weight": 1.0,
        "id": 461434975,
        "hasDetails": true,
        "name": "Super Amara",
        "address": "Isabel II.aren hiribidea 16, Donostia / San Sebasti\u00e1n",
        "website": "https://www.superamara.com/",
        "opening_hours": "Mo-Su 09:00-21:00"
      },
      "geometry": {
        "type": "Point",
        "coordinates": [
          -1.9777999,
          43.3037933
        ]
      }
    },
    {
      "type": "Feature",
      "properties": {
        "weight": 1.0,
        "id": 12214000744,
        "hasDetails": true,
        "name": "Talleres Irubi",
        "address": "Talaia poligonoa 12, Oiartzun",
        "website": "https://www.talleresirubi.es/"
      },
      "geometry": {
        "type": "Point",
        "coordinates": [
          -1.8844541,
          43.3038285
        ]
      }
    },
    {
      "type": "Feature",
      "properties": {
        "weight": 1.0
      },
      "geometry": {
        "type": "Point",
        "coordinates": [
          -1.8850014,
          43.3038487
        ]
      }
    },
    {
      "type": "Feature",
      "properties": {
        "weight": 1.0,
        "id": 13238975255,
        "hasDetails": true,
        "name": "Imanol Reformas",
        "website": "https://www.imanolreformas.es/"
      },
      "geometry": {
        "type": "Point",
        "coordinates": [
          -2.0064082,
          43.3038705
        ]
      }
    },
    {
      "type": "Feature",
      "properties": {
        "weight": 1.0
      },
      "geometry": {
        "type": "Point",
        "coordinates": [
          -1.9785641,
          43.30388
        ]
      }
    },
    {
      "type": "Feature",
      "properties": {
        "weight": 1.0
      },
      "geometry": {
        "type": "Point",
        "coordinates": [
          -1.9593379,
          43.3039087
        ]
      }
    },
    {
      "type": "Feature",
      "properties": {
        "weight": 1.0
      },
      "geometry": {
        "type": "Point",
        "coordinates": [
          -1.8850654,
          43.3039455
        ]
      }
    },
    {
      "type": "Feature",
      "properties": {
        "weight": 1.0
      },
      "geometry": {
        "type": "Point",
        "coordinates": [
          -1.9773322,
          43.3040387
        ]
      }
    },
    {
      "type": "Feature",
      "properties": {
        "weight": 1.0
      },
      "geometry": {
        "type": "Point",
        "coordinates": [
          -1.8851616,
          43.3040938
        ]
      }
    },
    {
      "type": "Feature",
      "properties": {
        "weight": 1.0
      },
      "geometry": {
        "type": "Point",
        "coordinates": [
          -1.884638,
          43.3041207
        ]
      }
    },
    {
      "type": "Feature",
      "properties": {
        "weight": 1.0
      },
      "geometry": {
        "type": "Point",
        "coordinates": [
          -1.9771452,
          43.3041322
        ]
      }
    },
    {
      "type": "Feature",
      "properties": {
        "weight": 1.0
      },
      "geometry": {
        "type": "Point",
        "coordinates": [
          -1.959217,
          43.3041519
        ]
      }
    },
    {
      "type": "Feature",
      "properties": {
        "weight": 1.0,
        "id": 213575918,
        "hasDetails": true,
        "name": "Alkubi Garden",
        "website": "https://www.alkubigarden.com/"
      },
      "geometry": {
        "type": "Point",
        "coordinates": [
          -1.9508306,
          43.3041525
        ]
      }
    },
    {
      "type": "Feature",
      "properties": {
        "weight": 1.0
      },
      "geometry": {
        "type": "Point",
        "coordinates": [
          -1.9760923,
          43.304199
        ]
      }
    },
    {
      "type": "Feature",
      "properties": {
        "weight": 1.0,
        "id": 10786924701,
        "hasDetails": true,
        "name": "Maspormenos",
        "website": "https://maspormenos.net/"
      },
      "geometry": {
        "type": "Point",
        "coordinates": [
          -1.8841199,
          43.3042481
        ]
      }
    },
    {
      "type": "Feature",
      "properties": {
        "weight": 1.0,
        "id": 7151222285,
        "hasDetails": true,
        "name": "Merk&To",
        "address": "Isabel IIaren hiribidea"
      },
      "geometry": {
        "type": "Point",
        "coordinates": [
          -1.9759995,
          43.3042783
        ]
      }
    },
    {
      "type": "Feature",
      "properties": {
        "weight": 1.0
      },
      "geometry": {
        "type": "Point",
        "coordinates": [
          -2.0041814,
          43.3043019
        ]
      }
    },
    {
      "type": "Feature",
      "properties": {
        "weight": 1.0,
        "id": 12214453853,
        "hasDetails": true,
        "name": "Grupo Jon",
        "website": "https://grupojon.com/"
      },
      "geometry": {
        "type": "Point",
        "coordinates": [
          -1.8847749,
          43.3043416
        ]
      }
    },
    {
      "type": "Feature",
      "properties": {
        "weight": 1.0
      },
      "geometry": {
        "type": "Point",
        "coordinates": [
          -1.9720482,
          43.3044023
        ]
      }
    },
    {
      "type": "Feature",
      "properties": {
        "weight": 1.0,
        "id": 10786924702,
        "hasDetails": true,
        "name": "Merkasofa",
        "website": "https://msmerkasofa.com/"
      },
      "geometry": {
        "type": "Point",
        "coordinates": [
          -1.884219,
          43.3044087
        ]
      }
    },
    {
      "type": "Feature",
      "properties": {
        "weight": 1.0
      },
      "geometry": {
        "type": "Point",
        "coordinates": [
          -2.0035855,
          43.3044533
        ]
      }
    },
    {
      "type": "Feature",
      "properties": {
        "weight": 1.0
      },
      "geometry": {
        "type": "Point",
        "coordinates": [
          -1.9770129,
          43.3044706
        ]
      }
    },
    {
      "type": "Feature",
      "properties": {
        "weight": 1.0,
        "id": 708632961,
        "hasDetails": true,
        "name": "Todotodo",
        "address": "Marugame plaza, Donostia / San Sebasti\u00e1n",
        "opening_hours": "Mo-Sa 09:00-21:30"
      },
      "geometry": {
        "type": "Point",
        "coordinates": [
          -2.0159364,
          43.3045217
        ]
      }
    },
    {
      "type": "Feature",
      "properties": {
        "weight": 1.0,
        "id": 12214453851,
        "hasDetails": true,
        "name": "Cornejo",
        "address": "Talaia poligonoa 3, Oiartzun",
        "website": "http://www.comercialcornejo.com/"
      },
      "geometry": {
        "type": "Point",
        "coordinates": [
          -1.8849006,
          43.3045218
        ]
      }
    },
    {
      "type": "Feature",
      "properties": {
        "weight": 1.0
      },
      "geometry": {
        "type": "Point",
        "coordinates": [
          -1.9764192,
          43.3045436
        ]
      }
    },
    {
      "type": "Feature",
      "properties": {
        "weight": 1.0,
        "id": 1193303834,
        "hasDetails": true,
        "name": "Jaia Bicicletas",
        "address": "Karlos I.aren hiribidea 3, Donostia / San Sebasti\u00e1n"
      },
      "geometry": {
        "type": "Point",
        "coordinates": [
          -1.9786987,
          43.3045485
        ]
      }
    },
    {
      "type": "Feature",
      "properties": {
        "weight": 1.0
      },
      "geometry": {
        "type": "Point",
        "coordinates": [
          -1.9771211,
          43.3045678
        ]
      }
    },
    {
      "type": "Feature",
      "properties": {
        "weight": 1.0
      },
      "geometry": {
        "type": "Point",
        "coordinates": [
          -1.9762798,
          43.304619
        ]
      }
    },
    {
      "type": "Feature",
      "properties": {
        "weight": 1.0
      },
      "geometry": {
        "type": "Point",
        "coordinates": [
          -1.9771975,
          43.3046446
        ]
      }
    },
    {
      "type": "Feature",
      "properties": {
        "weight": 1.0,
        "id": 12214453850,
        "hasDetails": true,
        "name": "Merkakoltxon",
        "address": "Talaia poligonoa 2, Oiartzun",
        "website": "https://merkakoltxon.com/"
      },
      "geometry": {
        "type": "Point",
        "coordinates": [
          -1.884634,
          43.304673
        ]
      }
    },
    {
      "type": "Feature",
      "properties": {
        "weight": 1.0
      },
      "geometry": {
        "type": "Point",
        "coordinates": [
          -1.8840039,
          43.3047123
        ]
      }
    },
    {
      "type": "Feature",
      "properties": {
        "weight": 1.0
      },
      "geometry": {
        "type": "Point",
        "coordinates": [
          -1.9733545,
          43.3047285
        ]
      }
    },
    {
      "type": "Feature",
      "properties": {
        "weight": 1.0
      },
      "geometry": {
        "type": "Point",
        "coordinates": [
          -1.9610438,
          43.3048095
        ]
      }
    },
    {
      "type": "Feature",
      "properties": {
        "weight": 1.0
      },
      "geometry": {
        "type": "Point",
        "coordinates": [
          -1.9741782,
          43.3048142
        ]
      }
    },
    {
      "type": "Feature",
      "properties": {
        "weight": 1.0,
        "id": 12214453849,
        "hasDetails": true,
        "name": "Larz\u00e1bal",
        "address": "Talaia poligonoa 4, Oiartzun"
      },
      "geometry": {
        "type": "Point",
        "coordinates": [
          -1.8850635,
          43.3048169
        ]
      }
    },
    {
      "type": "Feature",
      "properties": {
        "weight": 1.0,
        "id": 12452751430,
        "hasDetails": true,
        "name": "Super Mini",
        "address": "Isabel II.aren hiribidea 1"
      },
      "geometry": {
        "type": "Point",
        "coordinates": [
          -1.9749643,
          43.3048452
        ]
      }
    },
    {
      "type": "Feature",
      "properties": {
        "weight": 1.0
      },
      "geometry": {
        "type": "Point",
        "coordinates": [
          -1.9818306,
          43.3048553
        ]
      }
    },
    {
      "type": "Feature",
      "properties": {
        "weight": 1.0
      },
      "geometry": {
        "type": "Point",
        "coordinates": [
          -2.0043718,
          43.3048717
        ]
      }
    },
    {
      "type": "Feature",
      "properties": {
        "weight": 1.0,
        "id": 537662360,
        "hasDetails": true,
        "name": "Huerta del Pa\u00eds",
        "address": "Irun plaza 4"
      },
      "geometry": {
        "type": "Point",
        "coordinates": [
          -1.9742537,
          43.3048992
        ]
      }
    },
    {
      "type": "Feature",
      "properties": {
        "weight": 1.0
      },
      "geometry": {
        "type": "Point",
        "coordinates": [
          -1.9768508,
          43.3049668
        ]
      }
    },
    {
      "type": "Feature",
      "properties": {
        "weight": 1.0
      },
      "geometry": {
        "type": "Point",
        "coordinates": [
          -1.9795298,
          43.3049797
        ]
      }
    },
    {
      "type": "Feature",
      "properties": {
        "weight": 1.0
      },
      "geometry": {
        "type": "Point",
        "coordinates": [
          -1.9755438,
          43.3050168
        ]
      }
    },
    {
      "type": "Feature",
      "properties": {
        "weight": 1.0,
        "id": 1801148078,
        "hasDetails": true,
        "name": "Carrefour Express",
        "address": "Zarautz kalea 88",
        "opening_hours": "Mo-Sa 09:00-21:00, 09:00-18:00; Su 09:00-14:00"
      },
      "geometry": {
        "type": "Point",
        "coordinates": [
          -2.0051954,
          43.3050455
        ]
      }
    },
    {
      "type": "Feature",
      "properties": {
        "weight": 1.0
      },
      "geometry": {
        "type": "Point",
        "coordinates": [
          -1.8846516,
          43.3050605
        ]
      }
    },
    {
      "type": "Feature",
      "properties": {
        "weight": 1.0
      },
      "geometry": {
        "type": "Point",
        "coordinates": [
          -1.976965,
          43.3050811
        ]
      }
    },
    {
      "type": "Feature",
      "properties": {
        "weight": 1.0,
        "id": 1734523398,
        "hasDetails": true,
        "name": "Mariaje Moda",
        "address": "Zarautz kalea 109"
      },
      "geometry": {
        "type": "Point",
        "coordinates": [
          -2.0044894,
          43.3050896
        ]
      }
    },
    {
      "type": "Feature",
      "properties": {
        "weight": 1.0
      },
      "geometry": {
        "type": "Point",
        "coordinates": [
          -1.9776582,
          43.305108
        ]
      }
    },
    {
      "type": "Feature",
      "properties": {
        "weight": 1.0,
        "id": 537676896,
        "hasDetails": true,
        "name": "La Pera",
        "address": "Isabel II.aren hiribidea 2"
      },
      "geometry": {
        "type": "Point",
        "coordinates": [
          -1.9753708,
          43.3051106
        ]
      }
    },
    {
      "type": "Feature",
      "properties": {
        "weight": 1.0
      },
      "geometry": {
        "type": "Point",
        "coordinates": [
          -1.9804381,
          43.3051114
        ]
      }
    },
    {
      "type": "Feature",
      "properties": {
        "weight": 1.0,
        "id": 13435643981,
        "hasDetails": true,
        "name": "Saldias",
        "address": "Katalina Erauso kalea 10"
      },
      "geometry": {
        "type": "Point",
        "coordinates": [
          -1.9812894,
          43.3051135
        ]
      }
    },
    {
      "type": "Feature",
      "properties": {
        "weight": 1.0,
        "id": 536508900,
        "hasDetails": true,
        "name": "motor works",
        "opening_hours": "Mo-Th 09:00-13:00,15:00-18:00; Fr 08:00-14:00",
        "names": [
          "motor works",
          "Motor Works"
        ]
      },
      "geometry": {
        "type": "Point",
        "coordinates": [
          -1.9630095,
          43.3051521
        ]
      }
    },
    {
      "type": "Feature",
      "properties": {
        "weight": 1.0
      },
      "geometry": {
        "type": "Point",
        "coordinates": [
          -1.9770635,
          43.30516
        ]
      }
    },
    {
      "type": "Feature",
      "properties": {
        "weight": 1.0
      },
      "geometry": {
        "type": "Point",
        "coordinates": [
          -1.9777453,
          43.3051888
        ]
      }
    },
    {
      "type": "Feature",
      "properties": {
        "weight": 1.0
      },
      "geometry": {
        "type": "Point",
        "coordinates": [
          -1.9780281,
          43.3051995
        ]
      }
    },
    {
      "type": "Feature",
      "properties": {
        "weight": 1.0,
        "id": 537676889,
        "hasDetails": true,
        "name": "Halal Amara",
        "address": "Isabel II.aren hiribidea 2"
      },
      "geometry": {
        "type": "Point",
        "coordinates": [
          -1.9751906,
          43.3052083
        ]
      }
    },
    {
      "type": "Feature",
      "properties": {
        "weight": 1.0
      },
      "geometry": {
        "type": "Point",
        "coordinates": [
          -2.0051027,
          43.3052364
        ]
      }
    },
    {
      "type": "Feature",
      "properties": {
        "weight": 1.0,
        "id": 12641254126,
        "hasDetails": true,
        "name": "Eroski",
        "address": "Irun plaza 6"
      },
      "geometry": {
        "type": "Point",
        "coordinates": [
          -1.9734573,
          43.3052838
        ]
      }
    },
    {
      "type": "Feature",
      "properties": {
        "weight": 1.0
      },
      "geometry": {
        "type": "Point",
        "coordinates": [
          -1.9772175,
          43.305312
        ]
      }
    },
    {
      "type": "Feature",
      "properties": {
        "weight": 1.0,
        "id": 26735527,
        "hasDetails": true,
        "name": "Arcco",
        "address": "Irun plaza 6, Donostia / San Sebasti\u00e1n",
        "website": "https://www.arccoamara.com/es/",
        "wikidata": "Q12253886",
        "wikipedia": "eu:Arcco Amara"
      },
      "geometry": {
        "type": "Point",
        "coordinates": [
          -1.9735794,
          43.3053226
        ]
      }
    },
    {
      "type": "Feature",
      "properties": {
        "weight": 1.0,
        "id": 12452786325,
        "hasDetails": true,
        "name": "Deskontalia Home",
        "address": "Isabel II.aren hiribidea 2",
        "website": "https://www.deskontaliahome.com/",
        "opening_hours": "Mo-Fr 10:00-13:30; Mo-Fr 16:30-20:00; Sa 10:00-14:00"
      },
      "geometry": {
        "type": "Point",
        "coordinates": [
          -1.9752326,
          43.305331
        ]
      }
    },
    {
      "type": "Feature",
      "properties": {
        "weight": 1.0,
        "id": 12452786327,
        "hasDetails": true,
        "name": "Aranaz",
        "address": "Felipe IV.a hiribidea 8"
      },
      "geometry": {
        "type": "Point",
        "coordinates": [
          -1.9754792,
          43.3054419
        ]
      }
    },
    {
      "type": "Feature",
      "properties": {
        "weight": 1.0
      },
      "geometry": {
        "type": "Point",
        "coordinates": [
          -2.0051928,
          43.3054552
        ]
      }
    },
    {
      "type": "Feature",
      "properties": {
        "weight": 1.0,
        "id": 12641201179,
        "hasDetails": true,
        "address": "Irun plaza 6"
      },
      "geometry": {
        "type": "Point",
        "coordinates": [
          -1.9734103,
          43.3054644
        ]
      }
    },
    {
      "type": "Feature",
      "properties": {
        "weight": 1.0
      },
      "geometry": {
        "type": "Point",
        "coordinates": [
          -1.9774041,
          43.3054961
        ]
      }
    },
    {
      "type": "Feature",
      "properties": {
        "weight": 1.0,
        "id": 12214414934,
        "hasDetails": true,
        "name": "Euskal Sof\u00e1",
        "address": "Talaia poligonoa D, Oiartzun",
        "website": "https://euskalsofa.com/",
        "opening_hours": "Mo-Sa 10:00-13:30,16:30-20:30"
      },
      "geometry": {
        "type": "Point",
        "coordinates": [
          -1.8844718,
          43.3055247
        ]
      }
    },
    {
      "type": "Feature",
      "properties": {
        "weight": 1.0
      },
      "geometry": {
        "type": "Point",
        "coordinates": [
          -2.005307,
          43.3055683
        ]
      }
    },
    {
      "type": "Feature",
      "properties": {
        "weight": 1.0,
        "id": 537662349,
        "hasDetails": true,
        "name": "Almandoz",
        "address": "Felipe IV.a hiribidea 8"
      },
      "geometry": {
        "type": "Point",
        "coordinates": [
          -1.9758481,
          43.3055749
        ]
      }
    },
    {
      "type": "Feature",
      "properties": {
        "weight": 1.0
      },
      "geometry": {
        "type": "Point",
        "coordinates": [
          -1.9794478,
          43.3056458
        ]
      }
    },
    {
      "type": "Feature",
      "properties": {
        "weight": 1.0,
        "id": 12253315692,
        "hasDetails": true,
        "address": "Felipe IV.a hiribidea 4"
      },
      "geometry": {
        "type": "Point",
        "coordinates": [
          -1.9761266,
          43.3056806
        ]
      }
    },
    {
      "type": "Feature",
      "properties": {
        "weight": 1.0,
        "id": 12214508325,
        "hasDetails": true,
        "name": "Motokoba",
        "address": "Talaia poligonoa D, Oiartzun",
        "website": "https://motokoba.com/",
        "opening_hours": "Mo-Th 08:30-19:00; Fr 08:30-15:30"
      },
      "geometry": {
        "type": "Point",
        "coordinates": [
          -1.8847608,
          43.3056956
        ]
      }
    },
    {
      "type": "Feature",
      "properties": {
        "weight": 1.0,
        "id": 12048651721,
        "hasDetails": true,
        "name": "Dia",
        "address": "Eustasio Amilibia kalea 8"
      },
      "geometry": {
        "type": "Point",
        "coordinates": [
          -1.9771653,
          43.3057139
        ]
      }
    },
    {
      "type": "Feature",
      "properties": {
        "weight": 1.0
      },
      "geometry": {
        "type": "Point",
        "coordinates": [
          -2.0060263,
          43.3057174
        ]
      }
    },
    {
      "type": "Feature",
      "properties": {
        "weight": 1.0,
        "id": 537662320,
        "hasDetails": true,
        "name": "Harotz",
        "address": "Gregorio Ordo\u00f1ez kalea 1"
      },
      "geometry": {
        "type": "Point",
        "coordinates": [
          -1.9741218,
          43.3057266
        ]
      }
    },
    {
      "type": "Feature",
      "properties": {
        "weight": 1.0,
        "id": 1801148067,
        "hasDetails": true,
        "name": "Sonygara",
        "address": "Zarautz kalea 83, Donostia / San Sebasti\u00e1n"
      },
      "geometry": {
        "type": "Point",
        "coordinates": [
          -2.0050979,
          43.3057349
        ]
      }
    },
    {
      "type": "Feature",
      "properties": {
        "weight": 1.0,
        "id": 12253315690,
        "hasDetails": true,
        "name": "Felix Santos",
        "address": "Felipe IV.a hiribidea 4",
        "names": [
          "Felix Santos",
          "Tigre"
        ]
      },
      "geometry": {
        "type": "Point",
        "coordinates": [
          -1.9762779,
          43.305751
        ]
      }
    },
    {
      "type": "Feature",
      "properties": {
        "weight": 1.0
      },
      "geometry": {
        "type": "Point",
        "coordinates": [
          -1.97509,
          43.3057511
        ]
      }
    },
    {
      "type": "Feature",
      "properties": {
        "weight": 1.0,
        "id": 1801148080,
        "hasDetails": true,
        "name": "Korela Inform\u00e1tica",
        "website": "https://korelainformatica.com/"
      },
      "geometry": {
        "type": "Point",
        "coordinates": [
          -2.0055218,
          43.3057853
        ]
      }
    },
    {
      "type": "Feature",
      "properties": {
        "weight": 1.0,
        "id": 12194824983,
        "hasDetails": true,
        "name": "Rueda de Asia",
        "address": "Eustasio Amilibia kalea 8",
        "names": [
          "Rueda de Asia",
          "Sanse"
        ]
      },
      "geometry": {
        "type": "Point",
        "coordinates": [
          -1.9770156,
          43.3057901
        ]
      }
    },
    {
      "type": "Feature",
      "properties": {
        "weight": 1.0,
        "id": 12253315687,
        "hasDetails": true,
        "name": "Ortega",
        "address": "Felipe IV.a hiribidea 2"
      },
      "geometry": {
        "type": "Point",
        "coordinates": [
          -1.9764392,
          43.3058134
        ]
      }
    },
    {
      "type": "Feature",
      "properties": {
        "weight": 1.0,
        "id": 12641201174,
        "hasDetails": true,
        "name": "Qmara",
        "address": "Felipe IV.a hiribidea 11"
      },
      "geometry": {
        "type": "Point",
        "coordinates": [
          -1.975316,
          43.3058371
        ]
      }
    },
    {
      "type": "Feature",
      "properties": {
        "weight": 1.0,
        "id": 1801148084,
        "hasDetails": true,
        "name": "ArrainLore",
        "address": "Zarautz kalea 83, Donostia / San Sebasti\u00e1n"
      },
      "geometry": {
        "type": "Point",
        "coordinates": [
          -2.0052052,
          43.3058513
        ]
      }
    },
    {
      "type": "Feature",
      "properties": {
        "weight": 1.0,
        "id": 12253315686,
        "hasDetails": true,
        "name": "Ola",
        "address": "Eustasio Amilibia kalea 7"
      },
      "geometry": {
        "type": "Point",
        "coordinates": [
          -1.9765632,
          43.3058614
        ]
      }
    },
    {
      "type": "Feature",
      "properties": {
        "weight": 1.0,
        "id": 12641201172,
        "hasDetails": true,
        "address": "Felipe IV.a hiribidea 7"
      },
      "geometry": {
        "type": "Point",
        "coordinates": [
          -1.9754366,
          43.3058687
        ]
      }
    },
    {
      "type": "Feature",
      "properties": {
        "weight": 1.0
      },
      "geometry": {
        "type": "Point",
        "coordinates": [
          -1.9702161,
          43.3059553
        ]
      }
    },
    {
      "type": "Feature",
      "properties": {
        "weight": 1.0,
        "id": 11188708298,
        "hasDetails": true,
        "name": "Cucos",
        "address": "Santesteban musikaria 5"
      },
      "geometry": {
        "type": "Point",
        "coordinates": [
          -1.9738597,
          43.3059693
        ]
      }
    },
    {
      "type": "Feature",
      "properties": {
        "weight": 1.0,
        "id": 12641201170,
        "hasDetails": true,
        "name": "Speed Queen",
        "address": "Felipe IV.a hiribidea 5"
      },
      "geometry": {
        "type": "Point",
        "coordinates": [
          -1.9756793,
          43.3059753
        ]
      }
    },
    {
      "type": "Feature",
      "properties": {
        "weight": 1.0
      },
      "geometry": {
        "type": "Point",
        "coordinates": [
          -1.9759449,
          43.3060763
        ]
      }
    },
    {
      "type": "Feature",
      "properties": {
        "weight": 1.0
      },
      "geometry": {
        "type": "Point",
        "coordinates": [
          -1.9717353,
          43.3060927
        ]
      }
    },
    {
      "type": "Feature",
      "properties": {
        "weight": 1.0
      },
      "geometry": {
        "type": "Point",
        "coordinates": [
          -1.9735183,
          43.3060967
        ]
      }
    },
    {
      "type": "Feature",
      "properties": {
        "weight": 1.0,
        "id": 1734540146,
        "hasDetails": true,
        "name": "AZ79",
        "address": "Zarautz kalea 79, Donostia / San Sebasti\u00e1n",
        "opening_hours": "Mo-Th 08:00-16:00; Fr 08:00-15:00"
      },
      "geometry": {
        "type": "Point",
        "coordinates": [
          -2.0055436,
          43.3061983
        ]
      }
    },
    {
      "type": "Feature",
      "properties": {
        "weight": 1.0
      },
      "geometry": {
        "type": "Point",
        "coordinates": [
          -1.9761237,
          43.3062192
        ]
      }
    },
    {
      "type": "Feature",
      "properties": {
        "weight": 1.0
      },
      "geometry": {
        "type": "Point",
        "coordinates": [
          -1.9759575,
          43.3063279
        ]
      }
    },
    {
      "type": "Feature",
      "properties": {
        "weight": 1.0
      },
      "geometry": {
        "type": "Point",
        "coordinates": [
          -2.0065788,
          43.3063622
        ]
      }
    },
    {
      "type": "Feature",
      "properties": {
        "weight": 1.0
      },
      "geometry": {
        "type": "Point",
        "coordinates": [
          -1.9758431,
          43.3063905
        ]
      }
    },
    {
      "type": "Feature",
      "properties": {
        "weight": 1.0
      },
      "geometry": {
        "type": "Point",
        "coordinates": [
          -2.0063285,
          43.3064943
        ]
      }
    },
    {
      "type": "Feature",
      "properties": {
        "weight": 1.0,
        "id": 565517452,
        "hasDetails": true,
        "name": "Todo Todo",
        "address": "Euskal Kortsarioen kalea 4"
      },
      "geometry": {
        "type": "Point",
        "coordinates": [
          -1.9733235,
          43.3066275
        ]
      }
    },
    {
      "type": "Feature",
      "properties": {
        "weight": 1.0
      },
      "geometry": {
        "type": "Point",
        "coordinates": [
          -1.9740393,
          43.3066717
        ]
      }
    },
    {
      "type": "Feature",
      "properties": {
        "weight": 1.0
      },
      "geometry": {
        "type": "Point",
        "coordinates": [
          -1.8924061,
          43.306879
        ]
      }
    },
    {
      "type": "Feature",
      "properties": {
        "weight": 1.0,
        "id": 2665146444,
        "hasDetails": true,
        "name": "Aiete Alimentaci\u00f3n",
        "opening_hours": "Mo-Sa 09:30-14:30, Mo-Sa 17:30-20:30, Su,PH 09:30-14:30, Su,PH 17:30-20:30"
      },
      "geometry": {
        "type": "Point",
        "coordinates": [
          -1.9931264,
          43.3070608
        ]
      }
    },
    {
      "type": "Feature",
      "properties": {
        "weight": 1.0
      },
      "geometry": {
        "type": "Point",
        "coordinates": [
          -1.889511,
          43.307226
        ]
      }
    },
    {
      "type": "Feature",
      "properties": {
        "weight": 1.0,
        "id": 6805343887,
        "hasDetails": true,
        "name": "Sebasti\u00e1n",
        "address": "Tolosa hiribidea 89"
      },
      "geometry": {
        "type": "Point",
        "coordinates": [
          -2.0076239,
          43.3073083
        ]
      }
    },
    {
      "type": "Feature",
      "properties": {
        "weight": 1.0
      },
      "geometry": {
        "type": "Point",
        "coordinates": [
          -1.9809172,
          43.3074572
        ]
      }
    },
    {
      "type": "Feature",
      "properties": {
        "weight": 1.0,
        "id": 2487895928,
        "hasDetails": true,
        "name": "NA\u00d6 Cargobikes",
        "address": "Manuel V\u00e1zquez Montalb\u00e1n kalea 28_GARAJE 5, Donostia / San Sebasti\u00e1n",
        "website": "http://www.naocargobikes.com"
      },
      "geometry": {
        "type": "Point",
        "coordinates": [
          -2.0045787,
          43.3076392
        ]
      }
    },
    {
      "type": "Feature",
      "properties": {
        "weight": 1.0,
        "id": 12498368929,
        "hasDetails": true,
        "name": "Elena Trocaola",
        "website": "https://www.elenatrocaola.com/"
      },
      "geometry": {
        "type": "Point",
        "coordinates": [
          -1.9934859,
          43.3076404
        ]
      }
    },
    {
      "type": "Feature",
      "properties": {
        "weight": 1.0
      },
      "geometry": {
        "type": "Point",
        "coordinates": [
          -1.8929597,
          43.307791
        ]
      }
    },
    {
      "type": "Feature",
      "properties": {
        "weight": 1.0
      },
      "geometry": {
        "type": "Point",
        "coordinates": [
          -1.9809834,
          43.3077939
        ]
      }
    },
    {
      "type": "Feature",
      "properties": {
        "weight": 1.0
      },
      "geometry": {
        "type": "Point",
        "coordinates": [
          -1.8925523,
          43.3078461
        ]
      }
    },
    {
      "type": "Feature",
      "properties": {
        "weight": 1.0
      },
      "geometry": {
        "type": "Point",
        "coordinates": [
          -1.9442969,
          43.3078867
        ]
      }
    },
    {
      "type": "Feature",
      "properties": {
        "weight": 1.0,
        "id": 1386956877,
        "hasDetails": true,
        "name": "Milbby",
        "website": "https://www.milbby.com/"
      },
      "geometry": {
        "type": "Point",
        "coordinates": [
          -1.9439135,
          43.3079601
        ]
      }
    },
    {
      "type": "Feature",
      "properties": {
        "weight": 1.0
      },
      "geometry": {
        "type": "Point",
        "coordinates": [
          -1.9457577,
          43.3080607
        ]
      }
    },
    {
      "type": "Feature",
      "properties": {
        "weight": 1.0
      },
      "geometry": {
        "type": "Point",
        "coordinates": [
          -1.971045,
          43.3080783
        ]
      }
    },
    {
      "type": "Feature",
      "properties": {
        "weight": 1.0,
        "id": 1386956876,
        "hasDetails": true,
        "name": "Manolo Bakes",
        "amenity": "cafe",
        "cuisine": "coffee_shop"
      },
      "geometry": {
        "type": "Point",
        "coordinates": [
          -1.943857,
          43.3080916
        ]
      }
    },
    {
      "type": "Feature",
      "properties": {
        "weight": 1.0,
        "id": 12165186968,
        "hasDetails": true,
        "name": "Ane Larra\u00f1aga",
        "address": "Markola etorbidea 23, Errenteria"
      },
      "geometry": {
        "type": "Point",
        "coordinates": [
          -1.8933833,
          43.3081424
        ]
      }
    },
    {
      "type": "Feature",
      "properties": {
        "weight": 1.0
      },
      "geometry": {
        "type": "Point",
        "coordinates": [
          -1.8945706,
          43.3082267
        ]
      }
    },
    {
      "type": "Feature",
      "properties": {
        "weight": 1.0
      },
      "geometry": {
        "type": "Point",
        "coordinates": [
          -1.9437891,
          43.3082488
        ]
      }
    },
    {
      "type": "Feature",
      "properties": {
        "weight": 1.0
      },
      "geometry": {
        "type": "Point",
        "coordinates": [
          -1.9444224,
          43.3083543
        ]
      }
    },
    {
      "type": "Feature",
      "properties": {
        "weight": 1.0,
        "id": 6474869685,
        "hasDetails": true,
        "name": "Morlans",
        "address": "Morlans pasealekua"
      },
      "geometry": {
        "type": "Point",
        "coordinates": [
          -1.9833952,
          43.3083903
        ]
      }
    },
    {
      "type": "Feature",
      "properties": {
        "weight": 1.0
      },
      "geometry": {
        "type": "Point",
        "coordinates": [
          -1.9838775,
          43.3084051
        ]
      }
    },
    {
      "type": "Feature",
      "properties": {
        "weight": 1.0
      },
      "geometry": {
        "type": "Point",
        "coordinates": [
          -1.9443392,
          43.3084485
        ]
      }
    },
    {
      "type": "Feature",
      "properties": {
        "weight": 1.0
      },
      "geometry": {
        "type": "Point",
        "coordinates": [
          -1.94372,
          43.3084609
        ]
      }
    },
    {
      "type": "Feature",
      "properties": {
        "weight": 1.0,
        "id": 13347682798,
        "hasDetails": true,
        "name": "Txetxu Pneumatikoak",
        "address": "Zarautz kalea 49",
        "website": "https://neumaticostxetxu.com/"
      },
      "geometry": {
        "type": "Point",
        "coordinates": [
          -2.006722,
          43.3084735
        ]
      }
    },
    {
      "type": "Feature",
      "properties": {
        "weight": 1.0,
        "id": 1190538135,
        "hasDetails": true,
        "name": "Forum Sport",
        "website": "https://www.forumsport.com/",
        "opening_hours": "Mo-Sa 10:00-22:00"
      },
      "geometry": {
        "type": "Point",
        "coordinates": [
          -1.9470241,
          43.3084776
        ]
      }
    },
    {
      "type": "Feature",
      "properties": {
        "weight": 1.0
      },
      "geometry": {
        "type": "Point",
        "coordinates": [
          -1.9446422,
          43.3084912
        ]
      }
    },
    {
      "type": "Feature",
      "properties": {
        "weight": 1.0
      },
      "geometry": {
        "type": "Point",
        "coordinates": [
          -1.9448318,
          43.3085165
        ]
      }
    },
    {
      "type": "Feature",
      "properties": {
        "weight": 1.0
      },
      "geometry": {
        "type": "Point",
        "coordinates": [
          -1.9436775,
          43.3085575
        ]
      }
    },
    {
      "type": "Feature",
      "properties": {
        "weight": 1.0,
        "id": 1275249997,
        "hasDetails": true,
        "name": "Jean Louis David",
        "website": "https://www.jeanlouisdavid.com/salons/garbera-camino-garbera-local-san-sebastian",
        "opening_hours": "Mo-Su 10:00-22:00"
      },
      "geometry": {
        "type": "Point",
        "coordinates": [
          -1.9451074,
          43.3085597
        ]
      }
    },
    {
      "type": "Feature",
      "properties": {
        "weight": 1.0,
        "id": 1494666036,
        "hasDetails": true,
        "name": "Jose Mari",
        "opening_hours": "Mo-Fr 08:30-13:30,17:00-19:00; Sa 08:30-13:30"
      },
      "geometry": {
        "type": "Point",
        "coordinates": [
          -1.8881941,
          43.3085715
        ]
      }
    },
    {
      "type": "Feature",
      "properties": {
        "weight": 1.0
      },
      "geometry": {
        "type": "Point",
        "coordinates": [
          -1.8878881,
          43.3085784
        ]
      }
    },
    {
      "type": "Feature",
      "properties": {
        "weight": 1.0,
        "id": 1606554698,
        "hasDetails": true,
        "name": "Tahona okindegia",
        "address": "Fanderia pasealekua 21",
        "opening_hours": "PH,Mo-Su 07:30-21:00"
      },
      "geometry": {
        "type": "Point",
        "coordinates": [
          -1.8875277,
          43.3085914
        ]
      }
    },
    {
      "type": "Feature",
      "properties": {
        "weight": 1.0
      },
      "geometry": {
        "type": "Point",
        "coordinates": [
          -1.9449487,
          43.3086109
        ]
      }
    },
    {
      "type": "Feature",
      "properties": {
        "weight": 1.0,
        "id": 10008306628,
        "hasDetails": true,
        "name": "InfoAntiguo",
        "website": "https://www.zbitt.com/"
      },
      "geometry": {
        "type": "Point",
        "coordinates": [
          -2.0082205,
          43.308626
        ]
      }
    },
    {
      "type": "Feature",
      "properties": {
        "weight": 1.0
      },
      "geometry": {
        "type": "Point",
        "coordinates": [
          -1.9800365,
          43.3086373
        ]
      }
    },
    {
      "type": "Feature",
      "properties": {
        "weight": 1.0
      },
      "geometry": {
        "type": "Point",
        "coordinates": [
          -1.9453959,
          43.3086443
        ]
      }
    },
    {
      "type": "Feature",
      "properties": {
        "weight": 1.0,
        "id": 10887401588,
        "hasDetails": true,
        "name": "Motegi",
        "address": "Zarautz kalea 47, Donostia / San Sebasti\u00e1n",
        "website": "https://www.motegi.es/"
      },
      "geometry": {
        "type": "Point",
        "coordinates": [
          -2.0065162,
          43.3086452
        ]
      }
    },
    {
      "type": "Feature",
      "properties": {
        "weight": 1.0
      },
      "geometry": {
        "type": "Point",
        "coordinates": [
          -1.9455248,
          43.3086749
        ]
      }
    },
    {
      "type": "Feature",
      "properties": {
        "weight": 1.0
      },
      "geometry": {
        "type": "Point",
        "coordinates": [
          -1.9436109,
          43.3086872
        ]
      }
    },
    {
      "type": "Feature",
      "properties": {
        "weight": 1.0
      },
      "geometry": {
        "type": "Point",
        "coordinates": [
          -1.9456767,
          43.3086905
        ]
      }
    },
    {
      "type": "Feature",
      "properties": {
        "weight": 1.0
      },
      "geometry": {
        "type": "Point",
        "coordinates": [
          -1.8882222,
          43.3087033
        ]
      }
    },
    {
      "type": "Feature",
      "properties": {
        "weight": 1.0
      },
      "geometry": {
        "type": "Point",
        "coordinates": [
          -1.8880652,
          43.3087081
        ]
      }
    },
    {
      "type": "Feature",
      "properties": {
        "weight": 1.0
      },
      "geometry": {
        "type": "Point",
        "coordinates": [
          -1.9671021,
          43.3087116
        ]
      }
    },
    {
      "type": "Feature",
      "properties": {
        "weight": 1.0
      },
      "geometry": {
        "type": "Point",
        "coordinates": [
          -1.9445915,
          43.3087125
        ]
      }
    },
    {
      "type": "Feature",
      "properties": {
        "weight": 1.0,
        "id": 9124249995,
        "hasDetails": true,
        "name": "Ciclos Luma",
        "address": "Antso Jakitunaren hiribidea 29, Donostia / San Sebasti\u00e1n",
        "website": "https://ciclosluma.com/"
      },
      "geometry": {
        "type": "Point",
        "coordinates": [
          -1.9793779,
          43.3087195
        ]
      }
    },
    {
      "type": "Feature",
      "properties": {
        "weight": 1.0,
        "id": 13347682799,
        "hasDetails": true,
        "name": "Donostia Urban Garage",
        "address": "Zarautz kalea 45"
      },
      "geometry": {
        "type": "Point",
        "coordinates": [
          -2.0064205,
          43.308724
        ]
      }
    },
    {
      "type": "Feature",
      "properties": {
        "weight": 1.0
      },
      "geometry": {
        "type": "Point",
        "coordinates": [
          -1.946007,
          43.3087657
        ]
      }
    },
    {
      "type": "Feature",
      "properties": {
        "weight": 1.0,
        "id": 34867798,
        "hasDetails": true,
        "name": "Garbera Zentro Komertziala",
        "address": "Garbera zeharbidea 1, Donostia / San Sebasti\u00e1n",
        "website": "https://www.westfield.com/spain/garbera"
      },
      "geometry": {
        "type": "Point",
        "coordinates": [
          -1.9452575,
          43.3087953
        ]
      }
    },
    {
      "type": "Feature",
      "properties": {
        "weight": 1.0
      },
      "geometry": {
        "type": "Point",
        "coordinates": [
          -1.9441213,
          43.3088054
        ]
      }
    },
    {
      "type": "Feature",
      "properties": {
        "weight": 1.0
      },
      "geometry": {
        "type": "Point",
        "coordinates": [
          -1.9463823,
          43.3088208
        ]
      }
    },
    {
      "type": "Feature",
      "properties": {
        "weight": 1.0
      },
      "geometry": {
        "type": "Point",
        "coordinates": [
          -1.9441089,
          43.308909
        ]
      }
    },
    {
      "type": "Feature",
      "properties": {
        "weight": 1.0
      },
      "geometry": {
        "type": "Point",
        "coordinates": [
          -1.9800898,
          43.3089129
        ]
      }
    },
    {
      "type": "Feature",
      "properties": {
        "weight": 1.0
      },
      "geometry": {
        "type": "Point",
        "coordinates": [
          -1.9465018,
          43.3089292
        ]
      }
    },
    {
      "type": "Feature",
      "properties": {
        "weight": 1.0
      },
      "geometry": {
        "type": "Point",
        "coordinates": [
          -1.9457693,
          43.3089423
        ]
      }
    },
    {
      "type": "Feature",
      "properties": {
        "weight": 1.0
      },
      "geometry": {
        "type": "Point",
        "coordinates": [
          -1.9442549,
          43.3089804
        ]
      }
    },
    {
      "type": "Feature",
      "properties": {
        "weight": 1.0
      },
      "geometry": {
        "type": "Point",
        "coordinates": [
          -1.9444339,
          43.3090175
        ]
      }
    },
    {
      "type": "Feature",
      "properties": {
        "weight": 1.0
      },
      "geometry": {
        "type": "Point",
        "coordinates": [
          -1.9801131,
          43.3090334
        ]
      }
    },
    {
      "type": "Feature",
      "properties": {
        "weight": 1.0
      },
      "geometry": {
        "type": "Point",
        "coordinates": [
          -1.9445624,
          43.3090454
        ]
      }
    },
    {
      "type": "Feature",
      "properties": {
        "weight": 1.0
      },
      "geometry": {
        "type": "Point",
        "coordinates": [
          -1.8944902,
          43.3090601
        ]
      }
    },
    {
      "type": "Feature",
      "properties": {
        "weight": 1.0
      },
      "geometry": {
        "type": "Point",
        "coordinates": [
          -1.9462876,
          43.3090806
        ]
      }
    },
    {
      "type": "Feature",
      "properties": {
        "weight": 1.0
      },
      "geometry": {
        "type": "Point",
        "coordinates": [
          -1.9447741,
          43.3090949
        ]
      }
    },
    {
      "type": "Feature",
      "properties": {
        "weight": 1.0
      },
      "geometry": {
        "type": "Point",
        "coordinates": [
          -1.9811612,
          43.3091142
        ]
      }
    },
    {
      "type": "Feature",
      "properties": {
        "weight": 1.0
      },
      "geometry": {
        "type": "Point",
        "coordinates": [
          -1.9449067,
          43.3091182
        ]
      }
    },
    {
      "type": "Feature",
      "properties": {
        "weight": 1.0,
        "id": 1249995127,
        "hasDetails": true,
        "name": "Columbia",
        "website": "https://www.columbiasportswear.es/",
        "opening_hours": "Mo-Sa 10:00-22:00"
      },
      "geometry": {
        "type": "Point",
        "coordinates": [
          -1.9464255,
          43.3091448
        ]
      }
    },
    {
      "type": "Feature",
      "properties": {
        "weight": 1.0,
        "id": 1606554695,
        "hasDetails": true,
        "name": "Krokis",
        "website": "http://www.krokisinteriorismo.com"
      },
      "geometry": {
        "type": "Point",
        "coordinates": [
          -1.8882413,
          43.309173
        ]
      }
    },
    {
      "type": "Feature",
      "properties": {
        "weight": 1.0
      },
      "geometry": {
        "type": "Point",
        "coordinates": [
          -1.945177,
          43.3091862
        ]
      }
    },
    {
      "type": "Feature",
      "properties": {
        "weight": 1.0
      },
      "geometry": {
        "type": "Point",
        "coordinates": [
          -1.9471001,
          43.3091894
        ]
      }
    },
    {
      "type": "Feature",
      "properties": {
        "weight": 1.0,
        "id": 7089811282,
        "hasDetails": true,
        "name": "Bazar Oriental",
        "address": "Arramendi pasealekua 3",
        "opening_hours": "Mo-Fr 09:15-14:00, 16:00-21:00; Sa-Su 10:00-14:00, 16:00-21:00"
      },
      "geometry": {
        "type": "Point",
        "coordinates": [
          -1.9030154,
          43.3092041
        ]
      }
    },
    {
      "type": "Feature",
      "properties": {
        "weight": 1.0
      },
      "geometry": {
        "type": "Point",
        "coordinates": [
          -1.9464195,
          43.3092402
        ]
      }
    },
    {
      "type": "Feature",
      "properties": {
        "weight": 1.0
      },
      "geometry": {
        "type": "Point",
        "coordinates": [
          -1.9801538,
          43.309244
        ]
      }
    },
    {
      "type": "Feature",
      "properties": {
        "weight": 1.0
      },
      "geometry": {
        "type": "Point",
        "coordinates": [
          -1.9454433,
          43.3092489
        ]
      }
    },
    {
      "type": "Feature",
      "properties": {
        "weight": 1.0
      },
      "geometry": {
        "type": "Point",
        "coordinates": [
          -1.9812814,
          43.3092516
        ]
      }
    },
    {
      "type": "Feature",
      "properties": {
        "weight": 1.0
      },
      "geometry": {
        "type": "Point",
        "coordinates": [
          -1.9442975,
          43.3092635
        ]
      }
    },
    {
      "type": "Feature",
      "properties": {
        "weight": 1.0
      },
      "geometry": {
        "type": "Point",
        "coordinates": [
          -1.904883,
          43.3092708
        ]
      }
    },
    {
      "type": "Feature",
      "properties": {
        "weight": 1.0
      },
      "geometry": {
        "type": "Point",
        "coordinates": [
          -1.9073586,
          43.3092962
        ]
      }
    },
    {
      "type": "Feature",
      "properties": {
        "weight": 1.0
      },
      "geometry": {
        "type": "Point",
        "coordinates": [
          -1.9456567,
          43.3092979
        ]
      }
    },
    {
      "type": "Feature",
      "properties": {
        "weight": 1.0,
        "id": 8870448765,
        "hasDetails": true,
        "name": "Lauki",
        "address": "Dario Regoyos kalea 18, Errenteria",
        "opening_hours": "08:00-22:00"
      },
      "geometry": {
        "type": "Point",
        "coordinates": [
          -1.8879764,
          43.309328
        ]
      }
    },
    {
      "type": "Feature",
      "properties": {
        "weight": 1.0,
        "id": 10027744415,
        "hasDetails": true,
        "name": "Car",
        "address": "Madalena Jauregiberri pasealekua 4"
      },
      "geometry": {
        "type": "Point",
        "coordinates": [
          -1.9678565,
          43.3093345
        ]
      }
    },
    {
      "type": "Feature",
      "properties": {
        "weight": 1.0
      },
      "geometry": {
        "type": "Point",
        "coordinates": [
          -1.9444391,
          43.3093396
        ]
      }
    },
    {
      "type": "Feature",
      "properties": {
        "weight": 1.0
      },
      "geometry": {
        "type": "Point",
        "coordinates": [
          -1.9458519,
          43.309343
        ]
      }
    },
    {
      "type": "Feature",
      "properties": {
        "weight": 1.0
      },
      "geometry": {
        "type": "Point",
        "coordinates": [
          -1.9460909,
          43.3093829
        ]
      }
    },
    {
      "type": "Feature",
      "properties": {
        "weight": 1.0,
        "id": 1283543982,
        "hasDetails": true,
        "name": "Sikos",
        "website": "https://www.sicos.es/"
      },
      "geometry": {
        "type": "Point",
        "coordinates": [
          -1.9446505,
          43.3093889
        ]
      }
    },
    {
      "type": "Feature",
      "properties": {
        "weight": 1.0
      },
      "geometry": {
        "type": "Point",
        "coordinates": [
          -1.9439674,
          43.3093899
        ]
      }
    },
    {
      "type": "Feature",
      "properties": {
        "weight": 1.0
      },
      "geometry": {
        "type": "Point",
        "coordinates": [
          -1.9462261,
          43.3094129
        ]
      }
    },
    {
      "type": "Feature",
      "properties": {
        "weight": 1.0,
        "id": 6475036085,
        "hasDetails": true,
        "name": "Trik motos",
        "address": "Madalena Jauregiberri pasealekua 4"
      },
      "geometry": {
        "type": "Point",
        "coordinates": [
          -1.9678797,
          43.3094347
        ]
      }
    },
    {
      "type": "Feature",
      "properties": {
        "weight": 1.0
      },
      "geometry": {
        "type": "Point",
        "coordinates": [
          -1.9466093,
          43.3094903
        ]
      }
    },
    {
      "type": "Feature",
      "properties": {
        "weight": 1.0
      },
      "geometry": {
        "type": "Point",
        "coordinates": [
          -1.9447465,
          43.3095128
        ]
      }
    },
    {
      "type": "Feature",
      "properties": {
        "weight": 1.0,
        "id": 1283543981,
        "hasDetails": true,
        "name": "Ulanka",
        "website": "https://www.ulanka.com/"
      },
      "geometry": {
        "type": "Point",
        "coordinates": [
          -1.9453132,
          43.3095299
        ]
      }
    },
    {
      "type": "Feature",
      "properties": {
        "weight": 1.0,
        "id": 565517560,
        "hasDetails": true,
        "name": "Talleres Carquizano",
        "address": "Madalena Jauregiberri pasealekua 4"
      },
      "geometry": {
        "type": "Point",
        "coordinates": [
          -1.9678932,
          43.3095384
        ]
      }
    },
    {
      "type": "Feature",
      "properties": {
        "weight": 1.0,
        "id": 13891051598,
        "hasDetails": true,
        "name": "Delta",
        "website": "https://deltapapeleria.es/"
      },
      "geometry": {
        "type": "Point",
        "coordinates": [
          -2.0111918,
          43.3095399
        ]
      }
    },
    {
      "type": "Feature",
      "properties": {
        "weight": 1.0
      },
      "geometry": {
        "type": "Point",
        "coordinates": [
          -1.9659625,
          43.3095519
        ]
      }
    },
    {
      "type": "Feature",
      "properties": {
        "weight": 1.0
      },
      "geometry": {
        "type": "Point",
        "coordinates": [
          -1.9450622,
          43.3095716
        ]
      }
    },
    {
      "type": "Feature",
      "properties": {
        "weight": 1.0
      },
      "geometry": {
        "type": "Point",
        "coordinates": [
          -1.945728,
          43.3095936
        ]
      }
    },
    {
      "type": "Feature",
      "properties": {
        "weight": 1.0
      },
      "geometry": {
        "type": "Point",
        "coordinates": [
          -1.9813446,
          43.3096074
        ]
      }
    },
    {
      "type": "Feature",
      "properties": {
        "weight": 1.0
      },
      "geometry": {
        "type": "Point",
        "coordinates": [
          -1.9466674,
          43.3096281
        ]
      }
    },
    {
      "type": "Feature",
      "properties": {
        "weight": 1.0
      },
      "geometry": {
        "type": "Point",
        "coordinates": [
          -1.9453658,
          43.3096441
        ]
      }
    },
    {
      "type": "Feature",
      "properties": {
        "weight": 1.0
      },
      "geometry": {
        "type": "Point",
        "coordinates": [
          -1.9463915,
          43.3096621
        ]
      }
    },
    {
      "type": "Feature",
      "properties": {
        "weight": 1.0
      },
      "geometry": {
        "type": "Point",
        "coordinates": [
          -1.904427,
          43.3096709
        ]
      }
    },
    {
      "type": "Feature",
      "properties": {
        "weight": 1.0
      },
      "geometry": {
        "type": "Point",
        "coordinates": [
          -1.9809725,
          43.3096726
        ]
      }
    },
    {
      "type": "Feature",
      "properties": {
        "weight": 1.0
      },
      "geometry": {
        "type": "Point",
        "coordinates": [
          -1.9802369,
          43.3096745
        ]
      }
    },
    {
      "type": "Feature",
      "properties": {
        "weight": 1.0
      },
      "geometry": {
        "type": "Point",
        "coordinates": [
          -1.9659453,
          43.3096905
        ]
      }
    },
    {
      "type": "Feature",
      "properties": {
        "weight": 1.0,
        "id": 11042668825,
        "hasDetails": true,
        "address": "Madalena Jauregiberri pasealekua 4"
      },
      "geometry": {
        "type": "Point",
        "coordinates": [
          -1.9679231,
          43.3096921
        ]
      }
    },
    {
      "type": "Feature",
      "properties": {
        "weight": 1.0
      },
      "geometry": {
        "type": "Point",
        "coordinates": [
          -1.9805439,
          43.3097177
        ]
      }
    },
    {
      "type": "Feature",
      "properties": {
        "weight": 1.0
      },
      "geometry": {
        "type": "Point",
        "coordinates": [
          -1.9457545,
          43.3097178
        ]
      }
    },
    {
      "type": "Feature",
      "properties": {
        "weight": 1.0,
        "id": 8006334389,
        "hasDetails": true,
        "name": "Lukas",
        "address": "Julio Caro Baroja plaza 1 - 2",
        "opening_hours": "Mo-Su 09:00-21:00"
      },
      "geometry": {
        "type": "Point",
        "coordinates": [
          -2.0084807,
          43.3097343
        ]
      }
    },
    {
      "type": "Feature",
      "properties": {
        "weight": 1.0
      },
      "geometry": {
        "type": "Point",
        "coordinates": [
          -1.966985,
          43.3097791
        ]
      }
    },
    {
      "type": "Feature",
      "properties": {
        "weight": 1.0
      },
      "geometry": {
        "type": "Point",
        "coordinates": [
          -1.9796251,
          43.3097925
        ]
      }
    },
    {
      "type": "Feature",
      "properties": {
        "weight": 1.0
      },
      "geometry": {
        "type": "Point",
        "coordinates": [
          -2.0072116,
          43.3097969
        ]
      }
    },
    {
      "type": "Feature",
      "properties": {
        "weight": 1.0,
        "id": 11188455864,
        "hasDetails": true,
        "name": "Todotodo",
        "address": "Barcelona hiribidea 14"
      },
      "geometry": {
        "type": "Point",
        "coordinates": [
          -1.971532,
          43.3098087
        ]
      }
    },
    {
      "type": "Feature",
      "properties": {
        "weight": 1.0
      },
      "geometry": {
        "type": "Point",
        "coordinates": [
          -1.946246,
          43.3098375
        ]
      }
    },
    {
      "type": "Feature",
      "properties": {
        "weight": 1.0
      },
      "geometry": {
        "type": "Point",
        "coordinates": [
          -1.9143159,
          43.3098692
        ]
      }
    },
    {
      "type": "Feature",
      "properties": {
        "weight": 1.0
      },
      "geometry": {
        "type": "Point",
        "coordinates": [
          -2.0078283,
          43.3098736
        ]
      }
    },
    {
      "type": "Feature",
      "properties": {
        "weight": 1.0
      },
      "geometry": {
        "type": "Point",
        "coordinates": [
          -2.0087332,
          43.3098779
        ]
      }
    },
    {
      "type": "Feature",
      "properties": {
        "weight": 1.0
      },
      "geometry": {
        "type": "Point",
        "coordinates": [
          -1.9666782,
          43.3098969
        ]
      }
    },
    {
      "type": "Feature",
      "properties": {
        "weight": 1.0
      },
      "geometry": {
        "type": "Point",
        "coordinates": [
          -1.9808315,
          43.3099249
        ]
      }
    },
    {
      "type": "Feature",
      "properties": {
        "weight": 1.0
      },
      "geometry": {
        "type": "Point",
        "coordinates": [
          -2.0066484,
          43.3099269
        ]
      }
    },
    {
      "type": "Feature",
      "properties": {
        "weight": 1.0
      },
      "geometry": {
        "type": "Point",
        "coordinates": [
          -1.9093474,
          43.3099288
        ]
      }
    },
    {
      "type": "Feature",
      "properties": {
        "weight": 1.0,
        "id": 4382966693,
        "hasDetails": true,
        "name": "Ogi Berri",
        "cuisine": "cofee",
        "address": "Latsarien plaza 1",
        "opening_hours": "Mo-Sa 07:00-21:00; Su 07:00-20:00",
        "outdoor_seating": "yes"
      },
      "geometry": {
        "type": "Point",
        "coordinates": [
          -1.9657542,
          43.309991
        ]
      }
    },
    {
      "type": "Feature",
      "properties": {
        "weight": 1.0
      },
      "geometry": {
        "type": "Point",
        "coordinates": [
          -1.8915442,
          43.3099953
        ]
      }
    },
    {
      "type": "Feature",
      "properties": {
        "weight": 1.0
      },
      "geometry": {
        "type": "Point",
        "coordinates": [
          -1.9132139,
          43.3100281
        ]
      }
    },
    {
      "type": "Feature",
      "properties": {
        "weight": 1.0
      },
      "geometry": {
        "type": "Point",
        "coordinates": [
          -1.9796759,
          43.3100287
        ]
      }
    },
    {
      "type": "Feature",
      "properties": {
        "weight": 1.0,
        "id": 12844579320,
        "hasDetails": true,
        "name": "Anma",
        "address": "Eliza kalea 2"
      },
      "geometry": {
        "type": "Point",
        "coordinates": [
          -1.9659773,
          43.3100446
        ]
      }
    },
    {
      "type": "Feature",
      "properties": {
        "weight": 1.0,
        "id": 6954116186,
        "hasDetails": true,
        "name": "Estitxu",
        "address": "Eliza kalea"
      },
      "geometry": {
        "type": "Point",
        "coordinates": [
          -1.9663057,
          43.3100524
        ]
      }
    },
    {
      "type": "Feature",
      "properties": {
        "weight": 1.0
      },
      "geometry": {
        "type": "Point",
        "coordinates": [
          -2.0067943,
          43.3100768
        ]
      }
    },
    {
      "type": "Feature",
      "properties": {
        "weight": 1.0,
        "id": 2144344459,
        "hasDetails": true,
        "name": "Karol",
        "address": "Isidro Antsorena kalea 5, Errenteria"
      },
      "geometry": {
        "type": "Point",
        "coordinates": [
          -1.9145067,
          43.3100789
        ]
      }
    },
    {
      "type": "Feature",
      "properties": {
        "weight": 1.0
      },
      "geometry": {
        "type": "Point",
        "coordinates": [
          -1.9131173,
          43.3101569
        ]
      }
    },
    {
      "type": "Feature",
      "properties": {
        "weight": 1.0,
        "id": 43545099,
        "hasDetails": true,
        "name": "Coaliment",
        "address": "Eliza kalea 3"
      },
      "geometry": {
        "type": "Point",
        "coordinates": [
          -1.9664209,
          43.3101961
        ]
      }
    },
    {
      "type": "Feature",
      "properties": {
        "weight": 1.0
      },
      "geometry": {
        "type": "Point",
        "coordinates": [
          -1.9907603,
          43.3102025
        ]
      }
    },
    {
      "type": "Feature",
      "properties": {
        "weight": 1.0,
        "id": 13136539731,
        "hasDetails": true,
        "name": "Loreia",
        "address": "Urbasa Mendiaren kalea 4"
      },
      "geometry": {
        "type": "Point",
        "coordinates": [
          -1.9668068,
          43.3102701
        ]
      }
    },
    {
      "type": "Feature",
      "properties": {
        "weight": 1.0,
        "id": 10135261683,
        "hasDetails": true,
        "name": "Bazar Riberas de Loiola",
        "address": "Barcelona hiribidea 25"
      },
      "geometry": {
        "type": "Point",
        "coordinates": [
          -1.9721086,
          43.3102925
        ]
      }
    },
    {
      "type": "Feature",
      "properties": {
        "weight": 1.0,
        "id": 1252775345,
        "hasDetails": true,
        "address": "Heriz pasealekua, Donostia / San Sebasti\u00e1n"
      },
      "geometry": {
        "type": "Point",
        "coordinates": [
          -2.0017916,
          43.3103006
        ]
      }
    },
    {
      "type": "Feature",
      "properties": {
        "weight": 1.0
      },
      "geometry": {
        "type": "Point",
        "coordinates": [
          -1.9141527,
          43.3103053
        ]
      }
    },
    {
      "type": "Feature",
      "properties": {
        "weight": 1.0
      },
      "geometry": {
        "type": "Point",
        "coordinates": [
          -2.0074226,
          43.3103176
        ]
      }
    },
    {
      "type": "Feature",
      "properties": {
        "weight": 1.0
      },
      "geometry": {
        "type": "Point",
        "coordinates": [
          -1.9759418,
          43.3103203
        ]
      }
    },
    {
      "type": "Feature",
      "properties": {
        "weight": 1.0,
        "id": 3693650226,
        "hasDetails": true,
        "name": "Ciclos Arretxe",
        "website": "http://www.ciclosarretxe.com"
      },
      "geometry": {
        "type": "Point",
        "coordinates": [
          -1.8846436,
          43.3103458
        ]
      }
    },
    {
      "type": "Feature",
      "properties": {
        "weight": 1.0
      },
      "geometry": {
        "type": "Point",
        "coordinates": [
          -1.9810735,
          43.310349
        ]
      }
    },
    {
      "type": "Feature",
      "properties": {
        "weight": 1.0
      },
      "geometry": {
        "type": "Point",
        "coordinates": [
          -1.9113793,
          43.310395
        ]
      }
    },
    {
      "type": "Feature",
      "properties": {
        "weight": 1.0,
        "id": 11805476015,
        "hasDetails": true,
        "name": "Vargas",
        "address": "Antso Jakitunaren hiribidea 10, Donostia / San Sebasti\u00e1n"
      },
      "geometry": {
        "type": "Point",
        "coordinates": [
          -1.9803592,
          43.3103985
        ]
      }
    },
    {
      "type": "Feature",
      "properties": {
        "weight": 1.0
      },
      "geometry": {
        "type": "Point",
        "coordinates": [
          -1.8914025,
          43.3104074
        ]
      }
    },
    {
      "type": "Feature",
      "properties": {
        "weight": 1.0,
        "id": 7151253485,
        "hasDetails": true,
        "name": "Zubitxo",
        "address": "Barcelona hiribidea 20"
      },
      "geometry": {
        "type": "Point",
        "coordinates": [
          -1.9715908,
          43.3104155
        ]
      }
    },
    {
      "type": "Feature",
      "properties": {
        "weight": 1.0
      },
      "geometry": {
        "type": "Point",
        "coordinates": [
          -1.9797524,
          43.310425
        ]
      }
    },
    {
      "type": "Feature",
      "properties": {
        "weight": 1.0
      },
      "geometry": {
        "type": "Point",
        "coordinates": [
          -1.912903,
          43.310438
        ]
      }
    },
    {
      "type": "Feature",
      "properties": {
        "weight": 1.0
      },
      "geometry": {
        "type": "Point",
        "coordinates": [
          -1.9140615,
          43.3104419
        ]
      }
    },
    {
      "type": "Feature",
      "properties": {
        "weight": 1.0
      },
      "geometry": {
        "type": "Point",
        "coordinates": [
          -1.8910969,
          43.3104523
        ]
      }
    },
    {
      "type": "Feature",
      "properties": {
        "weight": 1.0
      },
      "geometry": {
        "type": "Point",
        "coordinates": [
          -1.9657706,
          43.3105278
        ]
      }
    },
    {
      "type": "Feature",
      "properties": {
        "weight": 1.0
      },
      "geometry": {
        "type": "Point",
        "coordinates": [
          -1.9111057,
          43.3105317
        ]
      }
    },
    {
      "type": "Feature",
      "properties": {
        "weight": 1.0
      },
      "geometry": {
        "type": "Point",
        "coordinates": [
          -1.8905577,
          43.3105335
        ]
      }
    },
    {
      "type": "Feature",
      "properties": {
        "weight": 1.0,
        "id": 6954127685,
        "hasDetails": true,
        "name": "Arraindegia",
        "address": "Ernio Mendiaren kalea"
      },
      "geometry": {
        "type": "Point",
        "coordinates": [
          -1.9656354,
          43.3105344
        ]
      }
    },
    {
      "type": "Feature",
      "properties": {
        "weight": 1.0
      },
      "geometry": {
        "type": "Point",
        "coordinates": [
          -1.9797741,
          43.3105374
        ]
      }
    },
    {
      "type": "Feature",
      "properties": {
        "weight": 1.0,
        "id": 10135261682,
        "hasDetails": true,
        "name": "Ogi Berri",
        "address": "Barcelona hiribidea 29",
        "opening_hours": "Mo-Su,PH 07:00-21:00"
      },
      "geometry": {
        "type": "Point",
        "coordinates": [
          -1.9721051,
          43.3105429
        ]
      }
    },
    {
      "type": "Feature",
      "properties": {
        "weight": 1.0
      },
      "geometry": {
        "type": "Point",
        "coordinates": [
          -1.9113524,
          43.3105551
        ]
      }
    },
    {
      "type": "Feature",
      "properties": {
        "weight": 1.0,
        "id": 12563467070,
        "hasDetails": true,
        "name": "Nai",
        "address": "Manuel Lekuona kalea 2, Donostia / San Sebasti\u00e1n",
        "website": "https://nai-sukaldegunea.com/"
      },
      "geometry": {
        "type": "Point",
        "coordinates": [
          -2.0093342,
          43.3106033
        ]
      }
    },
    {
      "type": "Feature",
      "properties": {
        "weight": 1.0
      },
      "geometry": {
        "type": "Point",
        "coordinates": [
          -1.9145228,
          43.3106097
        ]
      }
    },
    {
      "type": "Feature",
      "properties": {
        "weight": 1.0,
        "id": 10991585037,
        "hasDetails": true,
        "name": "Orbegozo Dekorazioa",
        "address": "Miguel Zabaleta kalea 4, Errenteria",
        "website": "https://www.orbegozodek.com/"
      },
      "geometry": {
        "type": "Point",
        "coordinates": [
          -1.902076,
          43.3106632
        ]
      }
    },
    {
      "type": "Feature",
      "properties": {
        "weight": 1.0,
        "id": 6954090186,
        "hasDetails": true,
        "name": "On-egin",
        "address": "Zubiondo kalea"
      },
      "geometry": {
        "type": "Point",
        "coordinates": [
          -1.9668124,
          43.3107039
        ]
      }
    },
    {
      "type": "Feature",
      "properties": {
        "weight": 1.0,
        "id": 3814666237,
        "hasDetails": true,
        "name": "Iparsat Telecomunicaciones, S.L.",
        "address": "Aita Donostia kalea, Errenteria",
        "website": "https://www.iparsat.com/"
      },
      "geometry": {
        "type": "Point",
        "coordinates": [
          -1.9120174,
          43.3107476
        ]
      }
    },
    {
      "type": "Feature",
      "properties": {
        "weight": 1.0
      },
      "geometry": {
        "type": "Point",
        "coordinates": [
          -1.90814,
          43.3107726
        ]
      }
    },
    {
      "type": "Feature",
      "properties": {
        "weight": 1.0,
        "id": 11369070131,
        "hasDetails": true,
        "name": "Barber\u00eda Celebrity",
        "address": "Aralar Mendiaren kalea 36",
        "names": [
          "Barber\u00eda Celebrity",
          "Tabakoak 059"
        ]
      },
      "geometry": {
        "type": "Point",
        "coordinates": [
          -1.9659115,
          43.3107747
        ]
      }
    },
    {
      "type": "Feature",
      "properties": {
        "weight": 1.0,
        "id": 11158001856,
        "hasDetails": true,
        "name": "Super Adarra",
        "address": "Resurrecci\u00f3n Mar\u00eda de Azkue kalea 2, Donostia / San Sebasti\u00e1n",
        "opening_hours": "Mo-Fr 08:30-20:30; Sa 08:30-14:00; Su,PH 10:00-14:00"
      },
      "geometry": {
        "type": "Point",
        "coordinates": [
          -2.0078891,
          43.3107885
        ]
      }
    },
    {
      "type": "Feature",
      "properties": {
        "weight": 1.0,
        "id": 11369070133,
        "hasDetails": true,
        "name": "Suministros Berri",
        "address": "Zubiondo kalea 10",
        "names": [
          "Suministros Berri",
          "Auto crono"
        ]
      },
      "geometry": {
        "type": "Point",
        "coordinates": [
          -1.9666231,
          43.3107902
        ]
      }
    },
    {
      "type": "Feature",
      "properties": {
        "weight": 1.0
      },
      "geometry": {
        "type": "Point",
        "coordinates": [
          -1.9811083,
          43.3108117
        ]
      }
    },
    {
      "type": "Feature",
      "properties": {
        "weight": 1.0,
        "id": 10991585036,
        "hasDetails": true,
        "name": "Suministros Sanitarios Oarso",
        "address": "Tulle kalea 7, Errenteria"
      },
      "geometry": {
        "type": "Point",
        "coordinates": [
          -1.9018347,
          43.3108167
        ]
      }
    },
    {
      "type": "Feature",
      "properties": {
        "weight": 1.0
      },
      "geometry": {
        "type": "Point",
        "coordinates": [
          -1.9122483,
          43.3108361
        ]
      }
    },
    {
      "type": "Feature",
      "properties": {
        "weight": 1.0
      },
      "geometry": {
        "type": "Point",
        "coordinates": [
          -1.9142124,
          43.3108415
        ]
      }
    },
    {
      "type": "Feature",
      "properties": {
        "weight": 1.0,
        "id": 11158001855,
        "hasDetails": true,
        "name": "Dia",
        "address": "Jose Maria Sert plaza 1, Donostia / San Sebasti\u00e1n",
        "opening_hours": "Mo-Su 09:00-21:00"
      },
      "geometry": {
        "type": "Point",
        "coordinates": [
          -2.0075616,
          43.310873
        ]
      }
    },
    {
      "type": "Feature",
      "properties": {
        "weight": 1.0
      },
      "geometry": {
        "type": "Point",
        "coordinates": [
          -1.910508,
          43.3109555
        ]
      }
    },
    {
      "type": "Feature",
      "properties": {
        "weight": 1.0
      },
      "geometry": {
        "type": "Point",
        "coordinates": [
          -1.9124897,
          43.3109571
        ]
      }
    },
    {
      "type": "Feature",
      "properties": {
        "weight": 1.0,
        "id": 549757470,
        "hasDetails": true,
        "name": "Inma Sasiain",
        "address": "Aralar Mendiaren kalea 34"
      },
      "geometry": {
        "type": "Point",
        "coordinates": [
          -1.965842,
          43.3109601
        ]
      }
    },
    {
      "type": "Feature",
      "properties": {
        "weight": 1.0
      },
      "geometry": {
        "type": "Point",
        "coordinates": [
          -1.9129457,
          43.310961
        ]
      }
    },
    {
      "type": "Feature",
      "properties": {
        "weight": 1.0
      },
      "geometry": {
        "type": "Point",
        "coordinates": [
          -1.9109076,
          43.3109849
        ]
      }
    },
    {
      "type": "Feature",
      "properties": {
        "weight": 1.0
      },
      "geometry": {
        "type": "Point",
        "coordinates": [
          -1.9110368,
          43.3109939
        ]
      }
    },
    {
      "type": "Feature",
      "properties": {
        "weight": 1.0
      },
      "geometry": {
        "type": "Point",
        "coordinates": [
          -1.8924926,
          43.3109951
        ]
      }
    },
    {
      "type": "Feature",
      "properties": {
        "weight": 1.0
      },
      "geometry": {
        "type": "Point",
        "coordinates": [
          -1.9434419,
          43.3110262
        ]
      }
    },
    {
      "type": "Feature",
      "properties": {
        "weight": 1.0,
        "id": 2144344477,
        "hasDetails": true,
        "name": "Arantxa",
        "address": "San Marko kalea 5, Errenteria"
      },
      "geometry": {
        "type": "Point",
        "coordinates": [
          -1.9140561,
          43.3110274
        ]
      }
    },
    {
      "type": "Feature",
      "properties": {
        "weight": 1.0
      },
      "geometry": {
        "type": "Point",
        "coordinates": [
          -1.9126812,
          43.3110426
        ]
      }
    },
    {
      "type": "Feature",
      "properties": {
        "weight": 1.0,
        "id": 7128534189,
        "hasDetails": true,
        "name": "La Tahona",
        "address": "Barcelona hiribidea 35"
      },
      "geometry": {
        "type": "Point",
        "coordinates": [
          -1.9721801,
          43.3110463
        ]
      }
    },
    {
      "type": "Feature",
      "properties": {
        "weight": 1.0
      },
      "geometry": {
        "type": "Point",
        "coordinates": [
          -2.005421,
          43.311051
        ]
      }
    },
    {
      "type": "Feature",
      "properties": {
        "weight": 1.0
      },
      "geometry": {
        "type": "Point",
        "coordinates": [
          -1.9128281,
          43.3111041
        ]
      }
    },
    {
      "type": "Feature",
      "properties": {
        "weight": 1.0
      },
      "geometry": {
        "type": "Point",
        "coordinates": [
          -1.9139864,
          43.3111211
        ]
      }
    },
    {
      "type": "Feature",
      "properties": {
        "weight": 1.0
      },
      "geometry": {
        "type": "Point",
        "coordinates": [
          -1.9014803,
          43.3111272
        ]
      }
    },
    {
      "type": "Feature",
      "properties": {
        "weight": 1.0,
        "id": 2144344475,
        "hasDetails": true,
        "name": "Arantxa",
        "address": "San Marko kalea 7, Errenteria"
      },
      "geometry": {
        "type": "Point",
        "coordinates": [
          -1.9142975,
          43.3111367
        ]
      }
    },
    {
      "type": "Feature",
      "properties": {
        "weight": 1.0
      },
      "geometry": {
        "type": "Point",
        "coordinates": [
          -1.9659191,
          43.3111459
        ]
      }
    },
    {
      "type": "Feature",
      "properties": {
        "weight": 1.0
      },
      "geometry": {
        "type": "Point",
        "coordinates": [
          -1.9125864,
          43.3111834
        ]
      }
    },
    {
      "type": "Feature",
      "properties": {
        "weight": 1.0
      },
      "geometry": {
        "type": "Point",
        "coordinates": [
          -1.9121601,
          43.3111835
        ]
      }
    },
    {
      "type": "Feature",
      "properties": {
        "weight": 1.0,
        "id": 6029352875,
        "hasDetails": true,
        "name": "Topdescanso",
        "address": "Antso Jakitunaren hiribidea 2, Donostia / San Sebasti\u00e1n",
        "website": "http://www.topdescanso.com/"
      },
      "geometry": {
        "type": "Point",
        "coordinates": [
          -1.9805488,
          43.3111909
        ]
      }
    },
    {
      "type": "Feature",
      "properties": {
        "weight": 1.0
      },
      "geometry": {
        "type": "Point",
        "coordinates": [
          -1.9715888,
          43.3112121
        ]
      }
    },
    {
      "type": "Feature",
      "properties": {
        "weight": 1.0,
        "id": 7167461085,
        "hasDetails": true,
        "name": "Lasa okindegia",
        "address": "Zubiondo kalea"
      },
      "geometry": {
        "type": "Point",
        "coordinates": [
          -1.9658202,
          43.3112465
        ]
      }
    },
    {
      "type": "Feature",
      "properties": {
        "weight": 1.0
      },
      "geometry": {
        "type": "Point",
        "coordinates": [
          -1.9131706,
          43.3112604
        ]
      }
    },
    {
      "type": "Feature",
      "properties": {
        "weight": 1.0,
        "id": 1252791309,
        "hasDetails": true,
        "name": "La Gata con Botas",
        "address": "Karmelo Etxegarai kalea"
      },
      "geometry": {
        "type": "Point",
        "coordinates": [
          -2.0060856,
          43.3113148
        ]
      }
    },
    {
      "type": "Feature",
      "properties": {
        "weight": 1.0,
        "id": 566368143,
        "hasDetails": true,
        "name": "Eroski",
        "opening_hours": "Mo-Sa 09:00-21:00"
      },
      "geometry": {
        "type": "Point",
        "coordinates": [
          -1.8961443,
          43.3113556
        ]
      }
    },
    {
      "type": "Feature",
      "properties": {
        "weight": 1.0
      },
      "geometry": {
        "type": "Point",
        "coordinates": [
          -1.965555,
          43.3113585
        ]
      }
    },
    {
      "type": "Feature",
      "properties": {
        "weight": 1.0
      },
      "geometry": {
        "type": "Point",
        "coordinates": [
          -1.9113262,
          43.3113616
        ]
      }
    },
    {
      "type": "Feature",
      "properties": {
        "weight": 1.0,
        "id": 12519312438,
        "hasDetails": true,
        "name": "Aire de Belleza",
        "address": "Juan Zaragueta kalea 1, Donostia / San Sebasti\u00e1n",
        "website": "https://airedebelleza.es/"
      },
      "geometry": {
        "type": "Point",
        "coordinates": [
          -1.9731229,
          43.3113748
        ]
      }
    },
    {
      "type": "Feature",
      "properties": {
        "weight": 1.0
      },
      "geometry": {
        "type": "Point",
        "coordinates": [
          -1.9122298,
          43.3113884
        ]
      }
    },
    {
      "type": "Feature",
      "properties": {
        "weight": 1.0
      },
      "geometry": {
        "type": "Point",
        "coordinates": [
          -1.9728018,
          43.3113905
        ]
      }
    },
    {
      "type": "Feature",
      "properties": {
        "weight": 1.0,
        "id": 7088861243,
        "hasDetails": true,
        "name": "Ainhoa Garcia",
        "address": "Tom\u00e1s L\u00f3pez kalea 1, Errenteria",
        "website": "http://ainhoa-garcia.com/"
      },
      "geometry": {
        "type": "Point",
        "coordinates": [
          -1.8954454,
          43.3114087
        ]
      }
    },
    {
      "type": "Feature",
      "properties": {
        "weight": 1.0,
        "id": 12850695604,
        "hasDetails": true,
        "name": "Erlauntza Tatu",
        "address": "Miguel Alduntzin kalea 3, Errenteria"
      },
      "geometry": {
        "type": "Point",
        "coordinates": [
          -1.8978224,
          43.3114172
        ]
      }
    },
    {
      "type": "Feature",
      "properties": {
        "weight": 1.0
      },
      "geometry": {
        "type": "Point",
        "coordinates": [
          -1.9130832,
          43.3114444
        ]
      }
    },
    {
      "type": "Feature",
      "properties": {
        "weight": 1.0,
        "id": 1613500562,
        "hasDetails": true,
        "name": "LekuOna",
        "outdoor_seating": "yes"
      },
      "geometry": {
        "type": "Point",
        "coordinates": [
          -1.9009581,
          43.3114483
        ]
      }
    },
    {
      "type": "Feature",
      "properties": {
        "weight": 1.0
      },
      "geometry": {
        "type": "Point",
        "coordinates": [
          -2.0063981,
          43.3114502
        ]
      }
    },
    {
      "type": "Feature",
      "properties": {
        "weight": 1.0,
        "id": 14065991088,
        "hasDetails": true,
        "name": "Bentaberri kirol moda",
        "address": "5"
      },
      "geometry": {
        "type": "Point",
        "coordinates": [
          -2.0057985,
          43.3114539
        ]
      }
    },
    {
      "type": "Feature",
      "properties": {
        "weight": 1.0
      },
      "geometry": {
        "type": "Point",
        "coordinates": [
          -1.9015749,
          43.3114713
        ]
      }
    },
    {
      "type": "Feature",
      "properties": {
        "weight": 1.0,
        "id": 11158001873,
        "hasDetails": true,
        "name": "Maialen",
        "address": "Karmelo Etxegarai kalea 10, Donostia / San Sebasti\u00e1n",
        "names": [
          "Maialen",
          "Supermatia"
        ]
      },
      "geometry": {
        "type": "Point",
        "coordinates": [
          -2.0062138,
          43.3115124
        ]
      }
    },
    {
      "type": "Feature",
      "properties": {
        "weight": 1.0
      },
      "geometry": {
        "type": "Point",
        "coordinates": [
          -1.9731603,
          43.3115175
        ]
      }
    },
    {
      "type": "Feature",
      "properties": {
        "weight": 1.0
      },
      "geometry": {
        "type": "Point",
        "coordinates": [
          -1.8955512,
          43.3115243
        ]
      }
    },
    {
      "type": "Feature",
      "properties": {
        "weight": 1.0,
        "id": 6539706685,
        "hasDetails": true,
        "name": "Dia & Go",
        "address": "Barcelona hiribidea 37"
      },
      "geometry": {
        "type": "Point",
        "coordinates": [
          -1.9716402,
          43.3115673
        ]
      }
    },
    {
      "type": "Feature",
      "properties": {
        "weight": 1.0
      },
      "geometry": {
        "type": "Point",
        "coordinates": [
          -1.9126789,
          43.3115834
        ]
      }
    },
    {
      "type": "Feature",
      "properties": {
        "weight": 1.0,
        "id": 1834198564,
        "hasDetails": true,
        "name": "BM",
        "opening_hours": "Mo-Sa 09:00-21:00"
      },
      "geometry": {
        "type": "Point",
        "coordinates": [
          -2.0004521,
          43.3116335
        ]
      }
    },
    {
      "type": "Feature",
      "properties": {
        "weight": 1.0
      },
      "geometry": {
        "type": "Point",
        "coordinates": [
          -1.9128768,
          43.3116707
        ]
      }
    },
    {
      "type": "Feature",
      "properties": {
        "weight": 1.0,
        "id": 12520264298,
        "hasDetails": true,
        "name": "Alaitz Surio",
        "address": "Nemesio Etxaniz kalea 1, Donostia / San Sebasti\u00e1n"
      },
      "geometry": {
        "type": "Point",
        "coordinates": [
          -1.9730257,
          43.3116924
        ]
      }
    },
    {
      "type": "Feature",
      "properties": {
        "weight": 1.0,
        "id": 1606935453,
        "hasDetails": true,
        "name": "Up Digital",
        "address": "Santa Klara kalea 23"
      },
      "geometry": {
        "type": "Point",
        "coordinates": [
          -1.8958149,
          43.3117089
        ]
      }
    },
    {
      "type": "Feature",
      "properties": {
        "weight": 1.0,
        "id": 10887401587,
        "hasDetails": true,
        "name": "Elmenut",
        "website": "https://elmenut.com/"
      },
      "geometry": {
        "type": "Point",
        "coordinates": [
          -2.0047278,
          43.3117099
        ]
      }
    },
    {
      "type": "Feature",
      "properties": {
        "weight": 1.0
      },
      "geometry": {
        "type": "Point",
        "coordinates": [
          -1.9008884,
          43.3117139
        ]
      }
    },
    {
      "type": "Feature",
      "properties": {
        "weight": 1.0,
        "id": 13448217428,
        "hasDetails": true,
        "name": "Itziar Alvarez",
        "opening_hours": "Mo,We-Fr 09:30-13:30,15:30-19:00; Sa 09:00-13:00"
      },
      "geometry": {
        "type": "Point",
        "coordinates": [
          -1.9007208,
          43.3117275
        ]
      }
    },
    {
      "type": "Feature",
      "properties": {
        "weight": 1.0,
        "id": 11158001874,
        "hasDetails": true,
        "name": "Ogi Berri",
        "address": "Karmelo Etxegarai kalea 4, Donostia / San Sebasti\u00e1n"
      },
      "geometry": {
        "type": "Point",
        "coordinates": [
          -2.0057698,
          43.3117299
        ]
      }
    },
    {
      "type": "Feature",
      "properties": {
        "weight": 1.0,
        "id": 1611093604,
        "hasDetails": true,
        "name": "Mar\u00eda peluquer\u00eda",
        "address": "Santa Klara kalea 21"
      },
      "geometry": {
        "type": "Point",
        "coordinates": [
          -1.895945,
          43.3117401
        ]
      }
    },
    {
      "type": "Feature",
      "properties": {
        "weight": 1.0
      },
      "geometry": {
        "type": "Point",
        "coordinates": [
          -1.9055441,
          43.3117603
        ]
      }
    },
    {
      "type": "Feature",
      "properties": {
        "weight": 1.0,
        "id": 11137054428,
        "hasDetails": true,
        "name": "Anza",
        "opening_hours": "Mo-Fr 09:30-13:00,17:00-19:30; Sa 10:00-13:00",
        "names": [
          "Anza",
          "Cheema"
        ]
      },
      "geometry": {
        "type": "Point",
        "coordinates": [
          -2.0002208,
          43.3117754
        ]
      }
    },
    {
      "type": "Feature",
      "properties": {
        "weight": 1.0
      },
      "geometry": {
        "type": "Point",
        "coordinates": [
          -1.9058061,
          43.3118046
        ]
      }
    },
    {
      "type": "Feature",
      "properties": {
        "weight": 1.0,
        "id": 10994525466,
        "hasDetails": true,
        "name": "Erka",
        "website": "https://erka.es"
      },
      "geometry": {
        "type": "Point",
        "coordinates": [
          -1.9022848,
          43.3118134
        ]
      }
    },
    {
      "type": "Feature",
      "properties": {
        "weight": 1.0
      },
      "geometry": {
        "type": "Point",
        "coordinates": [
          -1.9008878,
          43.3118137
        ]
      }
    },
    {
      "type": "Feature",
      "properties": {
        "weight": 1.0,
        "id": 10836531122,
        "hasDetails": true,
        "name": "Zafiro Tours",
        "address": "Pablo Iglesias kalea 10, Errenteria",
        "names": [
          "Zafiro Tours",
          "Bia\u00f1i"
        ]
      },
      "geometry": {
        "type": "Point",
        "coordinates": [
          -1.8995021,
          43.311823
        ]
      }
    },
    {
      "type": "Feature",
      "properties": {
        "weight": 1.0
      },
      "geometry": {
        "type": "Point",
        "coordinates": [
          -1.8968703,
          43.3118349
        ]
      }
    },
    {
      "type": "Feature",
      "properties": {
        "weight": 1.0,
        "id": 10864900151,
        "hasDetails": true,
        "name": "Kokdeco",
        "address": "Tolosa hiribidea 17"
      },
      "geometry": {
        "type": "Point",
        "coordinates": [
          -2.0072704,
          43.3118848
        ]
      }
    },
    {
      "type": "Feature",
      "properties": {
        "weight": 1.0,
        "id": 10836531120,
        "hasDetails": true,
        "name": "Ikuxma Estetika",
        "address": "Pablo Iglesias kalea 10, Errenteria",
        "website": "https://www.ikuxmaestetika.com/"
      },
      "geometry": {
        "type": "Point",
        "coordinates": [
          -1.8995874,
          43.3119408
        ]
      }
    },
    {
      "type": "Feature",
      "properties": {
        "weight": 1.0,
        "id": 1606554674,
        "hasDetails": true,
        "name": "Mirentxu",
        "opening_hours": "Mo-Fr 08:15-13:30,16:30-19:30; Sa 08:30-13:30"
      },
      "geometry": {
        "type": "Point",
        "coordinates": [
          -1.897311,
          43.3119567
        ]
      }
    },
    {
      "type": "Feature",
      "properties": {
        "weight": 1.0
      },
      "geometry": {
        "type": "Point",
        "coordinates": [
          -1.9713145,
          43.3119727
        ]
      }
    },
    {
      "type": "Feature",
      "properties": {
        "weight": 1.0,
        "id": 6371194087,
        "hasDetails": true,
        "name": "Alimentaci\u00f3n Argote",
        "address": "Barcelona hiribidea 34"
      },
      "geometry": {
        "type": "Point",
        "coordinates": [
          -1.9716382,
          43.3119796
        ]
      }
    },
    {
      "type": "Feature",
      "properties": {
        "weight": 1.0
      },
      "geometry": {
        "type": "Point",
        "coordinates": [
          -1.910909,
          43.3119924
        ]
      }
    },
    {
      "type": "Feature",
      "properties": {
        "weight": 1.0,
        "id": 13261288821,
        "hasDetails": true,
        "name": "Onenak",
        "address": "Jaizkibel kalea 13, Errenteria"
      },
      "geometry": {
        "type": "Point",
        "coordinates": [
          -1.9125403,
          43.311998
        ]
      }
    },
    {
      "type": "Feature",
      "properties": {
        "weight": 1.0,
        "id": 13428971543,
        "hasDetails": true,
        "name": "Batuz Gizarte Fundazioa Errenteriako denda",
        "address": "Nafarroako etorbidea 25, Errenteria"
      },
      "geometry": {
        "type": "Point",
        "coordinates": [
          -1.8956913,
          43.3120173
        ]
      }
    },
    {
      "type": "Feature",
      "properties": {
        "weight": 1.0
      },
      "geometry": {
        "type": "Point",
        "coordinates": [
          -1.9036174,
          43.3120427
        ]
      }
    },
    {
      "type": "Feature",
      "properties": {
        "weight": 1.0
      },
      "geometry": {
        "type": "Point",
        "coordinates": [
          -1.8999512,
          43.3120629
        ]
      }
    },
    {
      "type": "Feature",
      "properties": {
        "weight": 1.0
      },
      "geometry": {
        "type": "Point",
        "coordinates": [
          -1.9077887,
          43.3120855
        ]
      }
    },
    {
      "type": "Feature",
      "properties": {
        "weight": 1.0
      },
      "geometry": {
        "type": "Point",
        "coordinates": [
          -1.8996854,
          43.3120893
        ]
      }
    },
    {
      "type": "Feature",
      "properties": {
        "weight": 1.0
      },
      "geometry": {
        "type": "Point",
        "coordinates": [
          -1.9081829,
          43.3121006
        ]
      }
    },
    {
      "type": "Feature",
      "properties": {
        "weight": 1.0,
        "id": 11001459726,
        "hasDetails": true,
        "name": "Aparte",
        "address": "Madalen kalea 9, Errenteria",
        "website": "https://aparte.eus/",
        "names": [
          "Aparte",
          "Mila"
        ]
      },
      "geometry": {
        "type": "Point",
        "coordinates": [
          -1.8998135,
          43.312106
        ]
      }
    },
    {
      "type": "Feature",
      "properties": {
        "weight": 1.0
      },
      "geometry": {
        "type": "Point",
        "coordinates": [
          -1.9085266,
          43.3121085
        ]
      }
    },
    {
      "type": "Feature",
      "properties": {
        "weight": 1.0
      },
      "geometry": {
        "type": "Point",
        "coordinates": [
          -2.0051592,
          43.3121236
        ]
      }
    },
    {
      "type": "Feature",
      "properties": {
        "weight": 1.0,
        "id": 7606802779,
        "hasDetails": true,
        "name": "Multi\u00f3pticas",
        "address": "Koldo Mitxelena plaza 7, Errenteria",
        "names": [
          "Multi\u00f3pticas",
          "GAES"
        ]
      },
      "geometry": {
        "type": "Point",
        "coordinates": [
          -1.9009104,
          43.3121452
        ]
      }
    },
    {
      "type": "Feature",
      "properties": {
        "weight": 1.0
      },
      "geometry": {
        "type": "Point",
        "coordinates": [
          -1.8978219,
          43.3121648
        ]
      }
    },
    {
      "type": "Feature",
      "properties": {
        "weight": 1.0,
        "id": 28859773,
        "hasDetails": true,
        "name": "Eroski",
        "address": "Jaizkibel kalea 13, Errenteria",
        "names": [
          "Eroski",
          "Taller Iceta"
        ]
      },
      "geometry": {
        "type": "Point",
        "coordinates": [
          -1.9126387,
          43.31217
        ]
      }
    },
    {
      "type": "Feature",
      "properties": {
        "weight": 1.0,
        "id": 7954239606,
        "hasDetails": true,
        "name": "2 zk. Administrazio",
        "opening_hours": "Mo-Fr 09:00-14:00,17:00-20:00; Sa 09:00-13:30",
        "names": [
          "2 zk. Administrazio",
          "Goxokids"
        ]
      },
      "geometry": {
        "type": "Point",
        "coordinates": [
          -1.8997114,
          43.312216
        ]
      }
    },
    {
      "type": "Feature",
      "properties": {
        "weight": 1.0
      },
      "geometry": {
        "type": "Point",
        "coordinates": [
          -1.9022248,
          43.3122312
        ]
      }
    },
    {
      "type": "Feature",
      "properties": {
        "weight": 1.0
      },
      "geometry": {
        "type": "Point",
        "coordinates": [
          -1.8992635,
          43.3122967
        ]
      }
    },
    {
      "type": "Feature",
      "properties": {
        "weight": 1.0,
        "id": 6459139069,
        "hasDetails": true,
        "name": "Dori D\u00edez",
        "website": "http://www.doridiez.com/"
      },
      "geometry": {
        "type": "Point",
        "coordinates": [
          -1.954897,
          43.3123096
        ]
      }
    },
    {
      "type": "Feature",
      "properties": {
        "weight": 1.0
      },
      "geometry": {
        "type": "Point",
        "coordinates": [
          -1.8979045,
          43.3123096
        ]
      }
    },
    {
      "type": "Feature",
      "properties": {
        "weight": 1.0,
        "id": 12623405475,
        "hasDetails": true,
        "name": "Ordu\u00f1a",
        "address": "Foruen plaza 17, Errenteria",
        "names": [
          "Ordu\u00f1a",
          "Roque"
        ]
      },
      "geometry": {
        "type": "Point",
        "coordinates": [
          -1.8997814,
          43.3123377
        ]
      }
    },
    {
      "type": "Feature",
      "properties": {
        "weight": 1.0
      },
      "geometry": {
        "type": "Point",
        "coordinates": [
          -1.9665024,
          43.3123528
        ]
      }
    },
    {
      "type": "Feature",
      "properties": {
        "weight": 1.0,
        "id": 10836531126,
        "hasDetails": true,
        "name": "Garbi\u00f1e Moda",
        "address": "Madalen kalea 6, Errenteria",
        "website": "https://www.dendago.com/garbinemoda"
      },
      "geometry": {
        "type": "Point",
        "coordinates": [
          -1.8993699,
          43.3123565
        ]
      }
    },
    {
      "type": "Feature",
      "properties": {
        "weight": 1.0,
        "id": 13261288822,
        "hasDetails": true,
        "name": "Talleres Dur\u00e1n",
        "address": "Jaizkibel kalea 13, Errenteria",
        "website": "http://talleresduran.com/"
      },
      "geometry": {
        "type": "Point",
        "coordinates": [
          -1.9126038,
          43.3123649
        ]
      }
    },
    {
      "type": "Feature",
      "properties": {
        "weight": 1.0,
        "id": 12620105302,
        "hasDetails": true,
        "name": "Kabala Maskota denda",
        "address": "Erdiko kalea 16",
        "names": [
          "Kabala Maskota denda",
          "Confecciones Iglesias"
        ]
      },
      "geometry": {
        "type": "Point",
        "coordinates": [
          -1.8981447,
          43.3123773
        ]
      }
    },
    {
      "type": "Feature",
      "properties": {
        "weight": 1.0,
        "id": 12161689101,
        "hasDetails": true,
        "name": "Larraitz gaztateka",
        "address": "Koldo Mitxelena plaza 9",
        "outdoor_seating": "no",
        "names": [
          "Larraitz gaztateka",
          "Kanttalen"
        ]
      },
      "geometry": {
        "type": "Point",
        "coordinates": [
          -1.9006201,
          43.3123941
        ]
      }
    },
    {
      "type": "Feature",
      "properties": {
        "weight": 1.0,
        "id": 5265569121,
        "hasDetails": true,
        "name": "Hiper China",
        "address": "Galizia pasealekua 9"
      },
      "geometry": {
        "type": "Point",
        "coordinates": [
          -1.9550867,
          43.3124315
        ]
      }
    },
    {
      "type": "Feature",
      "properties": {
        "weight": 1.0,
        "id": 10031260531,
        "hasDetails": true,
        "name": "Zituene pasta obradore kooperatiboa",
        "address": "Erdiko kalea 10",
        "website": "http://zituene.eus",
        "opening_hours": "Mo-Fr 10:00-20:00; Sa 10:00-14:30",
        "outdoor_seating": "no"
      },
      "geometry": {
        "type": "Point",
        "coordinates": [
          -1.8982591,
          43.312438
        ]
      }
    },
    {
      "type": "Feature",
      "properties": {
        "weight": 1.0,
        "id": 12905653201,
        "hasDetails": true,
        "name": "Tejemaneje txoko",
        "address": "Santxoenea kalea 1"
      },
      "geometry": {
        "type": "Point",
        "coordinates": [
          -1.8990936,
          43.3124559
        ]
      }
    },
    {
      "type": "Feature",
      "properties": {
        "weight": 1.0
      },
      "geometry": {
        "type": "Point",
        "coordinates": [
          -1.9015286,
          43.3124634
        ]
      }
    },
    {
      "type": "Feature",
      "properties": {
        "weight": 1.0
      },
      "geometry": {
        "type": "Point",
        "coordinates": [
          -1.953874,
          43.3124942
        ]
      }
    },
    {
      "type": "Feature",
      "properties": {
        "weight": 1.0
      },
      "geometry": {
        "type": "Point",
        "coordinates": [
          -2.009129,
          43.3125076
        ]
      }
    },
    {
      "type": "Feature",
      "properties": {
        "weight": 1.0
      },
      "geometry": {
        "type": "Point",
        "coordinates": [
          -1.8985451,
          43.3125389
        ]
      }
    },
    {
      "type": "Feature",
      "properties": {
        "weight": 1.0,
        "id": 12905606201,
        "hasDetails": true,
        "name": "Galerias Redondo",
        "address": "Foruen plaza 13",
        "names": [
          "Galerias Redondo",
          "Adarra",
          "Ibai-Lehor"
        ]
      },
      "geometry": {
        "type": "Point",
        "coordinates": [
          -1.899508,
          43.3125665
        ]
      }
    },
    {
      "type": "Feature",
      "properties": {
        "weight": 1.0,
        "id": 12620450002,
        "hasDetails": true,
        "name": "La coquine",
        "address": "Foruen plaza 20"
      },
      "geometry": {
        "type": "Point",
        "coordinates": [
          -1.899955,
          43.3125684
        ]
      }
    },
    {
      "type": "Feature",
      "properties": {
        "weight": 1.0
      },
      "geometry": {
        "type": "Point",
        "coordinates": [
          -1.9019214,
          43.3125758
        ]
      }
    },
    {
      "type": "Feature",
      "properties": {
        "weight": 1.0,
        "id": 10836531125,
        "hasDetails": true,
        "name": "Boni",
        "address": "Andre Mari kalea 5, Errenteria"
      },
      "geometry": {
        "type": "Point",
        "coordinates": [
          -1.8990064,
          43.3125925
        ]
      }
    },
    {
      "type": "Feature",
      "properties": {
        "weight": 1.0
      },
      "geometry": {
        "type": "Point",
        "coordinates": [
          -1.93933,
          43.3125936
        ]
      }
    },
    {
      "type": "Feature",
      "properties": {
        "weight": 1.0
      },
      "geometry": {
        "type": "Point",
        "coordinates": [
          -1.9542173,
          43.3126009
        ]
      }
    },
    {
      "type": "Feature",
      "properties": {
        "weight": 1.0,
        "id": 12620112001,
        "hasDetails": true,
        "name": "Paris mertzeria",
        "address": "Herriko plaza 7"
      },
      "geometry": {
        "type": "Point",
        "coordinates": [
          -1.898432,
          43.312617
        ]
      }
    },
    {
      "type": "Feature",
      "properties": {
        "weight": 1.0,
        "id": 12905598401,
        "hasDetails": true,
        "name": "Am\u00e8lie",
        "address": "Foruen plaza 10",
        "website": "https://ameliemoda.es/"
      },
      "geometry": {
        "type": "Point",
        "coordinates": [
          -1.8995571,
          43.312652
        ]
      }
    },
    {
      "type": "Feature",
      "properties": {
        "weight": 1.0,
        "id": 646895774,
        "hasDetails": true,
        "name": "Patxi Urtxipia",
        "address": "Maria Lezo kalea 2, Errenteria"
      },
      "geometry": {
        "type": "Point",
        "coordinates": [
          -1.9003291,
          43.3126696
        ]
      }
    },
    {
      "type": "Feature",
      "properties": {
        "weight": 1.0,
        "id": 11158001848,
        "hasDetails": true,
        "name": "I\u00f1aki Iturbe",
        "address": "Mikelete pasealekua 18, Donostia / San Sebasti\u00e1n"
      },
      "geometry": {
        "type": "Point",
        "coordinates": [
          -2.0005174,
          43.3126885
        ]
      }
    },
    {
      "type": "Feature",
      "properties": {
        "weight": 1.0
      },
      "geometry": {
        "type": "Point",
        "coordinates": [
          -1.9040097,
          43.3127091
        ]
      }
    },
    {
      "type": "Feature",
      "properties": {
        "weight": 1.0,
        "id": 1605184181,
        "hasDetails": true,
        "name": "Txusti",
        "outdoor_seating": "no"
      },
      "geometry": {
        "type": "Point",
        "coordinates": [
          -1.8985224,
          43.3127117
        ]
      }
    },
    {
      "type": "Feature",
      "properties": {
        "weight": 1.0
      },
      "geometry": {
        "type": "Point",
        "coordinates": [
          -1.9545571,
          43.3127271
        ]
      }
    },
    {
      "type": "Feature",
      "properties": {
        "weight": 1.0
      },
      "geometry": {
        "type": "Point",
        "coordinates": [
          -1.9566431,
          43.3127496
        ]
      }
    },
    {
      "type": "Feature",
      "properties": {
        "weight": 1.0
      },
      "geometry": {
        "type": "Point",
        "coordinates": [
          -2.0053052,
          43.3127647
        ]
      }
    },
    {
      "type": "Feature",
      "properties": {
        "weight": 1.0
      },
      "geometry": {
        "type": "Point",
        "coordinates": [
          -1.9379896,
          43.3127957
        ]
      }
    },
    {
      "type": "Feature",
      "properties": {
        "weight": 1.0,
        "id": 12623405473,
        "hasDetails": true,
        "name": "Manolo Tattoos",
        "address": "Santxoenea kalea 12, Errenteria",
        "names": [
          "Manolo Tattoos",
          "Bazar Euskadi Maroco"
        ]
      },
      "geometry": {
        "type": "Point",
        "coordinates": [
          -1.8993336,
          43.3127972
        ]
      }
    },
    {
      "type": "Feature",
      "properties": {
        "weight": 1.0
      },
      "geometry": {
        "type": "Point",
        "coordinates": [
          -1.8983676,
          43.3127976
        ]
      }
    },
    {
      "type": "Feature",
      "properties": {
        "weight": 1.0,
        "id": 10978988386,
        "hasDetails": true,
        "name": "Nerea",
        "address": "Morrongilleta kalea 12, Errenteria",
        "website": "https://briconerea.com/"
      },
      "geometry": {
        "type": "Point",
        "coordinates": [
          -1.9019345,
          43.312806
        ]
      }
    },
    {
      "type": "Feature",
      "properties": {
        "weight": 1.0
      },
      "geometry": {
        "type": "Point",
        "coordinates": [
          -1.8999769,
          43.3128104
        ]
      }
    },
    {
      "type": "Feature",
      "properties": {
        "weight": 1.0,
        "id": 13280851043,
        "hasDetails": true,
        "name": "El Rinc\u00f3n de Pituca",
        "address": "Xenpelar kalea 4, Errenteria",
        "website": "https://www.elrincondepituca.com"
      },
      "geometry": {
        "type": "Point",
        "coordinates": [
          -1.9005863,
          43.3128336
        ]
      }
    },
    {
      "type": "Feature",
      "properties": {
        "weight": 1.0,
        "id": 12905653301,
        "hasDetails": true,
        "name": "BakerBoyz",
        "address": "Foruen plaza 7"
      },
      "geometry": {
        "type": "Point",
        "coordinates": [
          -1.899617,
          43.3128355
        ]
      }
    },
    {
      "type": "Feature",
      "properties": {
        "weight": 1.0
      },
      "geometry": {
        "type": "Point",
        "coordinates": [
          -1.8991214,
          43.3128584
        ]
      }
    },
    {
      "type": "Feature",
      "properties": {
        "weight": 1.0
      },
      "geometry": {
        "type": "Point",
        "coordinates": [
          -1.9121255,
          43.3128683
        ]
      }
    },
    {
      "type": "Feature",
      "properties": {
        "weight": 1.0,
        "id": 13280851040,
        "hasDetails": true,
        "name": "Cise",
        "address": "Xenpelar kalea 6, Errenteria",
        "names": [
          "Cise",
          "Fotoprix"
        ]
      },
      "geometry": {
        "type": "Point",
        "coordinates": [
          -1.9002115,
          43.3128888
        ]
      }
    },
    {
      "type": "Feature",
      "properties": {
        "weight": 1.0,
        "id": 9489347241,
        "hasDetails": true,
        "name": "BOB Look Salon",
        "address": "Xenpelar kalea 2, Errenteria",
        "opening_hours": "Mo-Fr 09:00-18:00; Sa 13:30-01:30"
      },
      "geometry": {
        "type": "Point",
        "coordinates": [
          -1.9009495,
          43.3129001
        ]
      }
    },
    {
      "type": "Feature",
      "properties": {
        "weight": 1.0
      },
      "geometry": {
        "type": "Point",
        "coordinates": [
          -1.9015523,
          43.3129109
        ]
      }
    },
    {
      "type": "Feature",
      "properties": {
        "weight": 1.0,
        "id": 14073342285,
        "hasDetails": true,
        "name": "GARAZI Liburudenda",
        "address": "Calle Matia 44, Donostia / San Sebasti\u00e1n",
        "website": "https://www.garaziliburudenda.es/",
        "opening_hours": "Mo-Fr 08:00-13:30,16:30-20:00; Sa-Su 08:00-13:30"
      },
      "geometry": {
        "type": "Point",
        "coordinates": [
          -2.0039347,
          43.3129219
        ]
      }
    },
    {
      "type": "Feature",
      "properties": {
        "weight": 1.0
      },
      "geometry": {
        "type": "Point",
        "coordinates": [
          -1.9012814,
          43.3129239
        ]
      }
    },
    {
      "type": "Feature",
      "properties": {
        "weight": 1.0,
        "id": 11001459728,
        "hasDetails": true,
        "name": "El armario de Dafne",
        "address": "Kapitanenea kalea 5, Errenteria"
      },
      "geometry": {
        "type": "Point",
        "coordinates": [
          -1.8988138,
          43.3129271
        ]
      }
    },
    {
      "type": "Feature",
      "properties": {
        "weight": 1.0,
        "id": 13280851042,
        "hasDetails": true,
        "name": "Bed's",
        "address": "Xenpelar kalea 6, Errenteria"
      },
      "geometry": {
        "type": "Point",
        "coordinates": [
          -1.9003548,
          43.3129307
        ]
      }
    },
    {
      "type": "Feature",
      "properties": {
        "weight": 1.0
      },
      "geometry": {
        "type": "Point",
        "coordinates": [
          -1.898193,
          43.3129317
        ]
      }
    },
    {
      "type": "Feature",
      "properties": {
        "weight": 1.0
      },
      "geometry": {
        "type": "Point",
        "coordinates": [
          -1.9021169,
          43.3129365
        ]
      }
    },
    {
      "type": "Feature",
      "properties": {
        "weight": 1.0
      },
      "geometry": {
        "type": "Point",
        "coordinates": [
          -1.9804314,
          43.3129564
        ]
      }
    },
    {
      "type": "Feature",
      "properties": {
        "weight": 1.0
      },
      "geometry": {
        "type": "Point",
        "coordinates": [
          -1.901915,
          43.3129603
        ]
      }
    },
    {
      "type": "Feature",
      "properties": {
        "weight": 1.0,
        "id": 13280851041,
        "hasDetails": true,
        "name": "Karelu",
        "address": "Santxoenea kalea 21, Errenteria"
      },
      "geometry": {
        "type": "Point",
        "coordinates": [
          -1.8994413,
          43.3130028
        ]
      }
    },
    {
      "type": "Feature",
      "properties": {
        "weight": 1.0
      },
      "geometry": {
        "type": "Point",
        "coordinates": [
          -1.8983355,
          43.3130346
        ]
      }
    },
    {
      "type": "Feature",
      "properties": {
        "weight": 1.0,
        "id": 1319759001,
        "hasDetails": true,
        "name": "Opil 2",
        "opening_hours": "Mo-Sa 07:30-20:15"
      },
      "geometry": {
        "type": "Point",
        "coordinates": [
          -2.0033339,
          43.3130355
        ]
      }
    },
    {
      "type": "Feature",
      "properties": {
        "weight": 1.0
      },
      "geometry": {
        "type": "Point",
        "coordinates": [
          -1.8989424,
          43.3130792
        ]
      }
    },
    {
      "type": "Feature",
      "properties": {
        "weight": 1.0
      },
      "geometry": {
        "type": "Point",
        "coordinates": [
          -1.9804257,
          43.3130879
        ]
      }
    },
    {
      "type": "Feature",
      "properties": {
        "weight": 1.0
      },
      "geometry": {
        "type": "Point",
        "coordinates": [
          -1.8992659,
          43.3131083
        ]
      }
    },
    {
      "type": "Feature",
      "properties": {
        "weight": 1.0,
        "id": 12860329804,
        "hasDetails": true,
        "name": "Zurdo Ile-apaindegia",
        "address": "Martin Etxeberria kalea 20"
      },
      "geometry": {
        "type": "Point",
        "coordinates": [
          -1.9038439,
          43.3131182
        ]
      }
    },
    {
      "type": "Feature",
      "properties": {
        "weight": 1.0,
        "id": 11158001867,
        "hasDetails": true,
        "name": "Bazar Oriental",
        "address": "Matia kalea 25, Donostia / San Sebasti\u00e1n"
      },
      "geometry": {
        "type": "Point",
        "coordinates": [
          -2.003246,
          43.3131203
        ]
      }
    },
    {
      "type": "Feature",
      "properties": {
        "weight": 1.0,
        "id": 7606895894,
        "hasDetails": true,
        "name": "Carlota",
        "address": "Biteri kalea 11"
      },
      "geometry": {
        "type": "Point",
        "coordinates": [
          -1.8998081,
          43.3131412
        ]
      }
    },
    {
      "type": "Feature",
      "properties": {
        "weight": 1.0,
        "id": 7606895889,
        "hasDetails": true,
        "name": "Hache Boutique",
        "address": "Biteri kalea 13, Errenteria",
        "website": "https://www.hacheboutique.com/",
        "names": [
          "Hache Boutique",
          "Aramendia"
        ]
      },
      "geometry": {
        "type": "Point",
        "coordinates": [
          -1.9001128,
          43.3131413
        ]
      }
    },
    {
      "type": "Feature",
      "properties": {
        "weight": 1.0
      },
      "geometry": {
        "type": "Point",
        "coordinates": [
          -1.9003091,
          43.3131414
        ]
      }
    },
    {
      "type": "Feature",
      "properties": {
        "weight": 1.0
      },
      "geometry": {
        "type": "Point",
        "coordinates": [
          -1.8988422,
          43.3131509
        ]
      }
    },
    {
      "type": "Feature",
      "properties": {
        "weight": 1.0
      },
      "geometry": {
        "type": "Point",
        "coordinates": [
          -2.0070228,
          43.3131518
        ]
      }
    },
    {
      "type": "Feature",
      "properties": {
        "weight": 1.0,
        "id": 9988716355,
        "hasDetails": true,
        "name": "Laser Bai Donosti",
        "address": "Ondarreta pasealekua 9",
        "opening_hours": "Mo-Th 09:30-19:30; Fr 10:00-17:00"
      },
      "geometry": {
        "type": "Point",
        "coordinates": [
          -2.0084297,
          43.3131655
        ]
      }
    },
    {
      "type": "Feature",
      "properties": {
        "weight": 1.0
      },
      "geometry": {
        "type": "Point",
        "coordinates": [
          -1.9012454,
          43.3131732
        ]
      }
    },
    {
      "type": "Feature",
      "properties": {
        "weight": 1.0
      },
      "geometry": {
        "type": "Point",
        "coordinates": [
          -1.9022918,
          43.3131793
        ]
      }
    },
    {
      "type": "Feature",
      "properties": {
        "weight": 1.0,
        "id": 11158001868,
        "hasDetails": true,
        "name": "Hiper Chino",
        "address": "Matia kalea 23, Donostia / San Sebasti\u00e1n"
      },
      "geometry": {
        "type": "Point",
        "coordinates": [
          -2.0031498,
          43.3131802
        ]
      }
    },
    {
      "type": "Feature",
      "properties": {
        "weight": 1.0
      },
      "geometry": {
        "type": "Point",
        "coordinates": [
          -1.9815974,
          43.3131895
        ]
      }
    },
    {
      "type": "Feature",
      "properties": {
        "weight": 1.0,
        "id": 6539670185,
        "hasDetails": true,
        "name": "Garbi\u00f1e",
        "address": "Autonomia kalea"
      },
      "geometry": {
        "type": "Point",
        "coordinates": [
          -1.982237,
          43.3131961
        ]
      }
    },
    {
      "type": "Feature",
      "properties": {
        "weight": 1.0,
        "id": 10175660767,
        "hasDetails": true,
        "name": "Kikara",
        "address": "Biteri kalea 6",
        "website": "https://kikara.es"
      },
      "geometry": {
        "type": "Point",
        "coordinates": [
          -1.8994873,
          43.3132123
        ]
      }
    },
    {
      "type": "Feature",
      "properties": {
        "weight": 1.0
      },
      "geometry": {
        "type": "Point",
        "coordinates": [
          -1.9007653,
          43.3132205
        ]
      }
    },
    {
      "type": "Feature",
      "properties": {
        "weight": 1.0,
        "id": 7603733999,
        "hasDetails": true,
        "name": "La Tahona",
        "outdoor_seating": "yes"
      },
      "geometry": {
        "type": "Point",
        "coordinates": [
          -1.8997095,
          43.3132254
        ]
      }
    },
    {
      "type": "Feature",
      "properties": {
        "weight": 1.0
      },
      "geometry": {
        "type": "Point",
        "coordinates": [
          -1.9004278,
          43.3132256
        ]
      }
    },
    {
      "type": "Feature",
      "properties": {
        "weight": 1.0,
        "id": 12393747190,
        "hasDetails": true,
        "name": "Electricidad J-BI",
        "website": "https://www.j-bi.es",
        "opening_hours": "Mo-Fr 08:00-13:00, 15:00-18:00"
      },
      "geometry": {
        "type": "Point",
        "coordinates": [
          -1.9350354,
          43.3132415
        ]
      }
    },
    {
      "type": "Feature",
      "properties": {
        "weight": 1.0,
        "id": 2498132518,
        "hasDetails": true,
        "name": "Antigua Bike",
        "address": "Heriz pasealekua 9, Donostia / San Sebasti\u00e1n",
        "website": "https://www.antiguabike.com/",
        "opening_hours": "Mo-Fr 09:30-13:00,16:00-19:30; Sa 10:00-13:00"
      },
      "geometry": {
        "type": "Point",
        "coordinates": [
          -2.0019812,
          43.3132416
        ]
      }
    },
    {
      "type": "Feature",
      "properties": {
        "weight": 1.0
      },
      "geometry": {
        "type": "Point",
        "coordinates": [
          -1.8986857,
          43.3132465
        ]
      }
    },
    {
      "type": "Feature",
      "properties": {
        "weight": 1.0,
        "id": 12860337603,
        "hasDetails": true,
        "name": "Irin okindegia",
        "address": "Martin Etxeberria kalea 16"
      },
      "geometry": {
        "type": "Point",
        "coordinates": [
          -1.9035962,
          43.3132603
        ]
      }
    },
    {
      "type": "Feature",
      "properties": {
        "weight": 1.0,
        "id": 10688877174,
        "hasDetails": true,
        "name": "Covir\u00e1n",
        "opening_hours": "09:00-14:30,17:00-21:45"
      },
      "geometry": {
        "type": "Point",
        "coordinates": [
          -2.0039697,
          43.3132716
        ]
      }
    },
    {
      "type": "Feature",
      "properties": {
        "weight": 1.0
      },
      "geometry": {
        "type": "Point",
        "coordinates": [
          -1.9012791,
          43.3132737
        ]
      }
    },
    {
      "type": "Feature",
      "properties": {
        "weight": 1.0
      },
      "geometry": {
        "type": "Point",
        "coordinates": [
          -1.8987819,
          43.3133076
        ]
      }
    },
    {
      "type": "Feature",
      "properties": {
        "weight": 1.0,
        "id": 10989648355,
        "hasDetails": true,
        "name": "Azulmarino",
        "address": "Biteri kalea 20"
      },
      "geometry": {
        "type": "Point",
        "coordinates": [
          -1.9010095,
          43.3133272
        ]
      }
    },
    {
      "type": "Feature",
      "properties": {
        "weight": 1.0,
        "id": 7480103628,
        "hasDetails": true,
        "name": "Luis Ota\u00f1o",
        "address": "Biteri kalea 23, Errenteria",
        "website": "https://www.ferreteriaotano.com/"
      },
      "geometry": {
        "type": "Point",
        "coordinates": [
          -1.9014653,
          43.313382
        ]
      }
    },
    {
      "type": "Feature",
      "properties": {
        "weight": 1.0
      },
      "geometry": {
        "type": "Point",
        "coordinates": [
          -1.8997218,
          43.3133877
        ]
      }
    },
    {
      "type": "Feature",
      "properties": {
        "weight": 1.0,
        "id": 13726274602,
        "hasDetails": true,
        "name": "Sustraiak",
        "address": "Biteri kalea 20",
        "opening_hours": "Mo-Fr 08:45-14:00, 16:30-19:30; Sa 09:00-14:00"
      },
      "geometry": {
        "type": "Point",
        "coordinates": [
          -1.900869,
          43.3133898
        ]
      }
    },
    {
      "type": "Feature",
      "properties": {
        "weight": 1.0
      },
      "geometry": {
        "type": "Point",
        "coordinates": [
          -1.9011419,
          43.3134021
        ]
      }
    },
    {
      "type": "Feature",
      "properties": {
        "weight": 1.0
      },
      "geometry": {
        "type": "Point",
        "coordinates": [
          -1.939265,
          43.313426
        ]
      }
    },
    {
      "type": "Feature",
      "properties": {
        "weight": 1.0
      },
      "geometry": {
        "type": "Point",
        "coordinates": [
          -1.8989396,
          43.3134307
        ]
      }
    },
    {
      "type": "Feature",
      "properties": {
        "weight": 1.0,
        "id": 8946371796,
        "hasDetails": true,
        "name": "Obea bazar de ortopedia",
        "opening_hours": "Mo-Fr 09:30-13:30, 17:00-19:00"
      },
      "geometry": {
        "type": "Point",
        "coordinates": [
          -1.9027271,
          43.3134324
        ]
      }
    },
    {
      "type": "Feature",
      "properties": {
        "weight": 1.0
      },
      "geometry": {
        "type": "Point",
        "coordinates": [
          -1.8995942,
          43.3134365
        ]
      }
    },
    {
      "type": "Feature",
      "properties": {
        "weight": 1.0
      },
      "geometry": {
        "type": "Point",
        "coordinates": [
          -1.901256,
          43.3134588
        ]
      }
    },
    {
      "type": "Feature",
      "properties": {
        "weight": 1.0
      },
      "geometry": {
        "type": "Point",
        "coordinates": [
          -1.9028248,
          43.3134891
        ]
      }
    },
    {
      "type": "Feature",
      "properties": {
        "weight": 1.0
      },
      "geometry": {
        "type": "Point",
        "coordinates": [
          -1.9813469,
          43.3134993
        ]
      }
    },
    {
      "type": "Feature",
      "properties": {
        "weight": 1.0
      },
      "geometry": {
        "type": "Point",
        "coordinates": [
          -1.9096459,
          43.3135105
        ]
      }
    },
    {
      "type": "Feature",
      "properties": {
        "weight": 1.0
      },
      "geometry": {
        "type": "Point",
        "coordinates": [
          -1.8996262,
          43.3135234
        ]
      }
    },
    {
      "type": "Feature",
      "properties": {
        "weight": 1.0
      },
      "geometry": {
        "type": "Point",
        "coordinates": [
          -1.899313,
          43.3135276
        ]
      }
    },
    {
      "type": "Feature",
      "properties": {
        "weight": 1.0,
        "id": 4664640841,
        "hasDetails": true,
        "name": "Forum Sport",
        "website": "https://www.forumsport.com",
        "opening_hours": "Mo-Sa 10:00-13:30,16:30-20:00"
      },
      "geometry": {
        "type": "Point",
        "coordinates": [
          -1.9008442,
          43.3135314
        ]
      }
    },
    {
      "type": "Feature",
      "properties": {
        "weight": 1.0,
        "id": 13343261030,
        "hasDetails": true,
        "name": "Alea Ekodenda",
        "address": "Matia kalea 30"
      },
      "geometry": {
        "type": "Point",
        "coordinates": [
          -2.0029955,
          43.3135383
        ]
      }
    },
    {
      "type": "Feature",
      "properties": {
        "weight": 1.0,
        "id": 10917713322,
        "hasDetails": true,
        "name": "Tejidos Jim\u00e9nez",
        "website": "https://tejidosjimenez.com/"
      },
      "geometry": {
        "type": "Point",
        "coordinates": [
          -1.9805456,
          43.3135646
        ]
      }
    },
    {
      "type": "Feature",
      "properties": {
        "weight": 1.0,
        "id": 1606564069,
        "hasDetails": true,
        "name": "BM",
        "address": "Bizente Elizegi kalea 5, Errenteria"
      },
      "geometry": {
        "type": "Point",
        "coordinates": [
          -1.8998398,
          43.313581
        ]
      }
    },
    {
      "type": "Feature",
      "properties": {
        "weight": 1.0,
        "id": 13343261029,
        "hasDetails": true,
        "name": "Biobizi",
        "address": "Serrano Anguita kalea 5",
        "website": "https://biobizi.eus/"
      },
      "geometry": {
        "type": "Point",
        "coordinates": [
          -2.0028891,
          43.3136164
        ]
      }
    },
    {
      "type": "Feature",
      "properties": {
        "weight": 1.0
      },
      "geometry": {
        "type": "Point",
        "coordinates": [
          -1.9814322,
          43.3136198
        ]
      }
    },
    {
      "type": "Feature",
      "properties": {
        "weight": 1.0
      },
      "geometry": {
        "type": "Point",
        "coordinates": [
          -1.8994758,
          43.3136325
        ]
      }
    },
    {
      "type": "Feature",
      "properties": {
        "weight": 1.0
      },
      "geometry": {
        "type": "Point",
        "coordinates": [
          -1.9009719,
          43.313641
        ]
      }
    },
    {
      "type": "Feature",
      "properties": {
        "weight": 1.0,
        "id": 5888766804,
        "hasDetails": true,
        "name": "Generaci\u00f3n X",
        "address": "Calle Pedro Ega\u00f1a kalea, Donostia / San Sebasti\u00e1n"
      },
      "geometry": {
        "type": "Point",
        "coordinates": [
          -1.9808617,
          43.3136429
        ]
      }
    },
    {
      "type": "Feature",
      "properties": {
        "weight": 1.0,
        "id": 10991585029,
        "hasDetails": true,
        "name": "Siete Mares",
        "address": "Jose Erbiti kalea 6, Errenteria"
      },
      "geometry": {
        "type": "Point",
        "coordinates": [
          -1.900276,
          43.3136511
        ]
      }
    },
    {
      "type": "Feature",
      "properties": {
        "weight": 1.0,
        "id": 3028559981,
        "hasDetails": true,
        "name": "Ciclos I\u00f1aki",
        "address": "Zubiaurre kalea 2, Errenteria",
        "website": "http://www.ciclos-inaki.com/",
        "opening_hours": "Mo-Sa 09:30-13:30, Mo-Fr 16:00-20:00"
      },
      "geometry": {
        "type": "Point",
        "coordinates": [
          -1.8980755,
          43.3136727
        ]
      }
    },
    {
      "type": "Feature",
      "properties": {
        "weight": 1.0
      },
      "geometry": {
        "type": "Point",
        "coordinates": [
          -1.8993233,
          43.3136897
        ]
      }
    },
    {
      "type": "Feature",
      "properties": {
        "weight": 1.0,
        "id": 10174703750,
        "hasDetails": true,
        "name": "Tahona",
        "address": "Biteri kalea 31, Errenteria",
        "names": [
          "Tahona",
          "Feder\u00f3pticos"
        ]
      },
      "geometry": {
        "type": "Point",
        "coordinates": [
          -1.9020012,
          43.3136935
        ]
      }
    },
    {
      "type": "Feature",
      "properties": {
        "weight": 1.0,
        "id": 13343261027,
        "hasDetails": true,
        "name": "Violetta",
        "address": "Matia kalea 26"
      },
      "geometry": {
        "type": "Point",
        "coordinates": [
          -2.0027273,
          43.3136938
        ]
      }
    },
    {
      "type": "Feature",
      "properties": {
        "weight": 1.0
      },
      "geometry": {
        "type": "Point",
        "coordinates": [
          -1.9800724,
          43.3137244
        ]
      }
    },
    {
      "type": "Feature",
      "properties": {
        "weight": 1.0,
        "id": 4165882249,
        "hasDetails": true,
        "name": "Txutxes Antonio",
        "opening_hours": "off"
      },
      "geometry": {
        "type": "Point",
        "coordinates": [
          -1.939329,
          43.313805
        ]
      }
    },
    {
      "type": "Feature",
      "properties": {
        "weight": 1.0,
        "id": 8533242910,
        "hasDetails": true,
        "name": "USB Inform\u00e1tica",
        "address": "Erregezain kalea 2 bajo, Donostia / San Sebasti\u00e1n",
        "website": "http://www.informaticausb.com",
        "opening_hours": "Mo 09:30-15:00; Tu 09:30-15:00,16:00-19:00; We 09:30-15:00; Th 09:30-15:00,16:00-19:00; Fr 09:30-15:00; Sa-Su closed"
      },
      "geometry": {
        "type": "Point",
        "coordinates": [
          -2.0018797,
          43.3138301
        ]
      }
    },
    {
      "type": "Feature",
      "properties": {
        "weight": 1.0,
        "id": 10991585030,
        "hasDetails": true,
        "name": "Maipe",
        "address": "Bizente Elizegi kalea 9, Errenteria",
        "opening_hours": "Mo-Fr 10:00-13:30,17:00-20:00"
      },
      "geometry": {
        "type": "Point",
        "coordinates": [
          -1.9000174,
          43.313831
        ]
      }
    },
    {
      "type": "Feature",
      "properties": {
        "weight": 1.0
      },
      "geometry": {
        "type": "Point",
        "coordinates": [
          -1.9396508,
          43.3138518
        ]
      }
    },
    {
      "type": "Feature",
      "properties": {
        "weight": 1.0,
        "id": 13343261032,
        "hasDetails": true,
        "name": "Ondarbide",
        "address": "Ondarbide kalea 1",
        "website": "https://bricondarbide.com",
        "names": [
          "Ondarbide",
          "Pablo S\u00e1nchez Berasarte",
          "J.J."
        ]
      },
      "geometry": {
        "type": "Point",
        "coordinates": [
          -2.0027003,
          43.3138596
        ]
      }
    },
    {
      "type": "Feature",
      "properties": {
        "weight": 1.0
      },
      "geometry": {
        "type": "Point",
        "coordinates": [
          -2.0032083,
          43.3138649
        ]
      }
    },
    {
      "type": "Feature",
      "properties": {
        "weight": 1.0
      },
      "geometry": {
        "type": "Point",
        "coordinates": [
          -1.9388354,
          43.3139143
        ]
      }
    },
    {
      "type": "Feature",
      "properties": {
        "weight": 1.0,
        "id": 540381958,
        "hasDetails": true,
        "name": "Goizalde",
        "address": "Altza pasealekua, Donostia / San Sebasti\u00e1n"
      },
      "geometry": {
        "type": "Point",
        "coordinates": [
          -1.934299,
          43.3139219
        ]
      }
    },
    {
      "type": "Feature",
      "properties": {
        "weight": 1.0,
        "id": 13813980201,
        "hasDetails": true,
        "name": "Urkiaga Tabaloak",
        "address": "Biteri kalea 32",
        "names": [
          "Urkiaga Tabaloak",
          "Begi optika"
        ]
      },
      "geometry": {
        "type": "Point",
        "coordinates": [
          -1.9020281,
          43.3139322
        ]
      }
    },
    {
      "type": "Feature",
      "properties": {
        "weight": 1.0,
        "id": 13343261035,
        "hasDetails": true,
        "name": "TamarindoSS",
        "address": "Ondarbide kalea 1"
      },
      "geometry": {
        "type": "Point",
        "coordinates": [
          -2.0027712,
          43.3139371
        ]
      }
    },
    {
      "type": "Feature",
      "properties": {
        "weight": 1.0,
        "id": 13301608370,
        "hasDetails": true,
        "name": "Goiz",
        "address": "Urbieta kalea 62, Donostia / San Sebasti\u00e1n",
        "website": "https://www.goiz.es/"
      },
      "geometry": {
        "type": "Point",
        "coordinates": [
          -1.9808089,
          43.3139416
        ]
      }
    },
    {
      "type": "Feature",
      "properties": {
        "weight": 1.0,
        "id": 6539670285,
        "hasDetails": true,
        "name": "Gurutz",
        "opening_hours": "Mo-Sa 07:30-13:30; Mo-Fr 04:30-20:00"
      },
      "geometry": {
        "type": "Point",
        "coordinates": [
          -1.9826202,
          43.3139522
        ]
      }
    },
    {
      "type": "Feature",
      "properties": {
        "weight": 1.0
      },
      "geometry": {
        "type": "Point",
        "coordinates": [
          -1.9816816,
          43.3139721
        ]
      }
    },
    {
      "type": "Feature",
      "properties": {
        "weight": 1.0,
        "id": 13813980202,
        "hasDetails": true,
        "name": "Coccole",
        "address": "Alfontso XI. kalea 3"
      },
      "geometry": {
        "type": "Point",
        "coordinates": [
          -1.9018472,
          43.3139902
        ]
      }
    },
    {
      "type": "Feature",
      "properties": {
        "weight": 1.0,
        "id": 13301608366,
        "hasDetails": true,
        "name": "Aural",
        "address": "Urbieta kalea 60, Donostia / San Sebasti\u00e1n"
      },
      "geometry": {
        "type": "Point",
        "coordinates": [
          -1.9808723,
          43.3140261
        ]
      }
    },
    {
      "type": "Feature",
      "properties": {
        "weight": 1.0,
        "id": 13343261023,
        "hasDetails": true,
        "name": "Art Deco'",
        "address": "Zumalakarregi hiribidea 13",
        "website": "https://peluqueriaartdeco.es/"
      },
      "geometry": {
        "type": "Point",
        "coordinates": [
          -2.0033609,
          43.3140301
        ]
      }
    },
    {
      "type": "Feature",
      "properties": {
        "weight": 1.0,
        "id": 12999443801,
        "hasDetails": true,
        "name": "Lemon & Lulu",
        "address": "Xabier Olaskoaga plaza"
      },
      "geometry": {
        "type": "Point",
        "coordinates": [
          -1.9011712,
          43.3140465
        ]
      }
    },
    {
      "type": "Feature",
      "properties": {
        "weight": 1.0
      },
      "geometry": {
        "type": "Point",
        "coordinates": [
          -1.9017496,
          43.3140495
        ]
      }
    },
    {
      "type": "Feature",
      "properties": {
        "weight": 1.0,
        "id": 5888761818,
        "hasDetails": true,
        "name": "Eroski City",
        "address": "Arroka kalea 2-3, Donostia / San Sebasti\u00e1n",
        "opening_hours": "Mo-Sa 09:00-21:00"
      },
      "geometry": {
        "type": "Point",
        "coordinates": [
          -1.9839848,
          43.3140498
        ]
      }
    },
    {
      "type": "Feature",
      "properties": {
        "weight": 1.0
      },
      "geometry": {
        "type": "Point",
        "coordinates": [
          -1.9022598,
          43.3140559
        ]
      }
    },
    {
      "type": "Feature",
      "properties": {
        "weight": 1.0,
        "id": 2341553380,
        "hasDetails": true,
        "name": "Mas Ke Cortes",
        "address": "Altza pasealekua"
      },
      "geometry": {
        "type": "Point",
        "coordinates": [
          -1.9341191,
          43.3140565
        ]
      }
    },
    {
      "type": "Feature",
      "properties": {
        "weight": 1.0
      },
      "geometry": {
        "type": "Point",
        "coordinates": [
          -1.9817429,
          43.3140586
        ]
      }
    },
    {
      "type": "Feature",
      "properties": {
        "weight": 1.0,
        "id": 13343261020,
        "hasDetails": true,
        "name": "Tome",
        "address": "Ondarbide kalea 3",
        "website": "https://tomemoda.com/"
      },
      "geometry": {
        "type": "Point",
        "coordinates": [
          -2.0029333,
          43.314105
        ]
      }
    },
    {
      "type": "Feature",
      "properties": {
        "weight": 1.0
      },
      "geometry": {
        "type": "Point",
        "coordinates": [
          -1.9397367,
          43.3141173
        ]
      }
    },
    {
      "type": "Feature",
      "properties": {
        "weight": 1.0
      },
      "geometry": {
        "type": "Point",
        "coordinates": [
          -1.9825887,
          43.3141237
        ]
      }
    },
    {
      "type": "Feature",
      "properties": {
        "weight": 1.0,
        "id": 11158001876,
        "hasDetails": true,
        "name": "La Tahona",
        "address": "Matia kalea 5, Donostia / San Sebasti\u00e1n"
      },
      "geometry": {
        "type": "Point",
        "coordinates": [
          -2.0015833,
          43.314143
        ]
      }
    },
    {
      "type": "Feature",
      "properties": {
        "weight": 1.0
      },
      "geometry": {
        "type": "Point",
        "coordinates": [
          -1.9005674,
          43.314179
        ]
      }
    },
    {
      "type": "Feature",
      "properties": {
        "weight": 1.0,
        "id": 5653533071,
        "hasDetails": true,
        "name": "\u00d3ptica Pablo",
        "address": "Matia kalea 5, Donostia / San Sebasti\u00e1n",
        "website": "https://www.opticapablo.com/"
      },
      "geometry": {
        "type": "Point",
        "coordinates": [
          -2.0014457,
          43.3142101
        ]
      }
    },
    {
      "type": "Feature",
      "properties": {
        "weight": 1.0,
        "id": 13301608367,
        "hasDetails": true,
        "name": "Sstudio Luz",
        "website": "http://www.sstudioluz.com/"
      },
      "geometry": {
        "type": "Point",
        "coordinates": [
          -1.9810272,
          43.3142449
        ]
      }
    },
    {
      "type": "Feature",
      "properties": {
        "weight": 1.0
      },
      "geometry": {
        "type": "Point",
        "coordinates": [
          -1.9030212,
          43.3143012
        ]
      }
    },
    {
      "type": "Feature",
      "properties": {
        "weight": 1.0
      },
      "geometry": {
        "type": "Point",
        "coordinates": [
          -1.9810875,
          43.31433
        ]
      }
    },
    {
      "type": "Feature",
      "properties": {
        "weight": 1.0,
        "id": 14236677301,
        "hasDetails": true,
        "name": "K'prichos",
        "address": "Moraza kalea 18",
        "opening_hours": "Mo-Sa 10:00-13:00, 16:00-20:00",
        "names": [
          "K'prichos",
          "Behar Zerbitzuak"
        ]
      },
      "geometry": {
        "type": "Point",
        "coordinates": [
          -1.9816251,
          43.3143514
        ]
      }
    },
    {
      "type": "Feature",
      "properties": {
        "weight": 1.0,
        "id": 13813980203,
        "hasDetails": true,
        "name": "Lentzeria Goxo Goxo",
        "address": "Alfontso XI. kalea 11",
        "opening_hours": "Mo-Fr 10:00-13:00, 17:30-19:30; Sa 10:00-13:00"
      },
      "geometry": {
        "type": "Point",
        "coordinates": [
          -1.9013093,
          43.3143614
        ]
      }
    },
    {
      "type": "Feature",
      "properties": {
        "weight": 1.0,
        "id": 7609472407,
        "hasDetails": true,
        "name": "Colchoner\u00eda Alonso",
        "address": "Nafarroa etorbidea 59",
        "website": "https://colchoneria-alonso.com/"
      },
      "geometry": {
        "type": "Point",
        "coordinates": [
          -1.8998512,
          43.314373
        ]
      }
    },
    {
      "type": "Feature",
      "properties": {
        "weight": 1.0,
        "id": 11158001869,
        "hasDetails": true,
        "name": "Eroski",
        "address": "Sukia kalea 1, Donostia / San Sebasti\u00e1n",
        "opening_hours": "Mo-Sa 08:30-20:30"
      },
      "geometry": {
        "type": "Point",
        "coordinates": [
          -2.0020428,
          43.3143732
        ]
      }
    },
    {
      "type": "Feature",
      "properties": {
        "weight": 1.0
      },
      "geometry": {
        "type": "Point",
        "coordinates": [
          -1.9802612,
          43.3143791
        ]
      }
    },
    {
      "type": "Feature",
      "properties": {
        "weight": 1.0,
        "id": 11845668269,
        "hasDetails": true,
        "name": "Koopera",
        "address": "Moraza kalea 14",
        "website": "https://www.koopera.org",
        "opening_hours": "Mo-Fr 09:00-20:00; Sa 10:00-14:00"
      },
      "geometry": {
        "type": "Point",
        "coordinates": [
          -1.9814904,
          43.3144065
        ]
      }
    },
    {
      "type": "Feature",
      "properties": {
        "weight": 1.0
      },
      "geometry": {
        "type": "Point",
        "coordinates": [
          -1.9028931,
          43.3144136
        ]
      }
    },
    {
      "type": "Feature",
      "properties": {
        "weight": 1.0
      },
      "geometry": {
        "type": "Point",
        "coordinates": [
          -1.9820177,
          43.3144468
        ]
      }
    },
    {
      "type": "Feature",
      "properties": {
        "weight": 1.0,
        "id": 13343273962,
        "hasDetails": true,
        "name": "Anhelo",
        "address": "Matia kalea 1"
      },
      "geometry": {
        "type": "Point",
        "coordinates": [
          -2.0009719,
          43.3144514
        ]
      }
    },
    {
      "type": "Feature",
      "properties": {
        "weight": 1.0
      },
      "geometry": {
        "type": "Point",
        "coordinates": [
          -1.9910773,
          43.314481
        ]
      }
    },
    {
      "type": "Feature",
      "properties": {
        "weight": 1.0
      },
      "geometry": {
        "type": "Point",
        "coordinates": [
          -1.903371,
          43.314492
        ]
      }
    },
    {
      "type": "Feature",
      "properties": {
        "weight": 1.0
      },
      "geometry": {
        "type": "Point",
        "coordinates": [
          -1.9812279,
          43.3145284
        ]
      }
    },
    {
      "type": "Feature",
      "properties": {
        "weight": 1.0
      },
      "geometry": {
        "type": "Point",
        "coordinates": [
          -2.0012324,
          43.3145412
        ]
      }
    },
    {
      "type": "Feature",
      "properties": {
        "weight": 1.0,
        "id": 7609472408,
        "hasDetails": true,
        "name": "Larrarte",
        "address": "Nafarroa etorbidea 61, Errenteria"
      },
      "geometry": {
        "type": "Point",
        "coordinates": [
          -1.9001547,
          43.3145456
        ]
      }
    },
    {
      "type": "Feature",
      "properties": {
        "weight": 1.0,
        "id": 13844947001,
        "hasDetails": true,
        "name": "KAXILDA",
        "address": "Arroka Kalea 2, Donostia-San Sebasti\u00e1n",
        "website": "https://www.kaxilda.com/",
        "opening_hours": "Mo-Fr 10:00-13:30,16:30-19:30; Sa 10:30-13:30,16:30-19:30; Su off"
      },
      "geometry": {
        "type": "Point",
        "coordinates": [
          -1.9828664,
          43.3145731
        ]
      }
    },
    {
      "type": "Feature",
      "properties": {
        "weight": 1.0,
        "id": 14236680201,
        "hasDetails": true,
        "name": "Ohiuka",
        "address": "Easo kalea 51",
        "opening_hours": "Mo-Sa 10:30-13:30, 16:30-20:00"
      },
      "geometry": {
        "type": "Point",
        "coordinates": [
          -1.982117,
          43.3145888
        ]
      }
    },
    {
      "type": "Feature",
      "properties": {
        "weight": 1.0
      },
      "geometry": {
        "type": "Point",
        "coordinates": [
          -1.9005255,
          43.314621
        ]
      }
    },
    {
      "type": "Feature",
      "properties": {
        "weight": 1.0
      },
      "geometry": {
        "type": "Point",
        "coordinates": [
          -1.9009123,
          43.3146264
        ]
      }
    },
    {
      "type": "Feature",
      "properties": {
        "weight": 1.0
      },
      "geometry": {
        "type": "Point",
        "coordinates": [
          -1.9809517,
          43.3146378
        ]
      }
    },
    {
      "type": "Feature",
      "properties": {
        "weight": 1.0,
        "id": 5712087621,
        "hasDetails": true,
        "name": "Kaxilda liburudenda",
        "address": "Arroka kalea 2, Donostia / San Sebasti\u00e1n",
        "website": "https://www.kaxilda.net/eu/"
      },
      "geometry": {
        "type": "Point",
        "coordinates": [
          -1.9827773,
          43.3146484
        ]
      }
    },
    {
      "type": "Feature",
      "properties": {
        "weight": 1.0,
        "id": 6004354308,
        "hasDetails": true,
        "name": "Ogi Berri",
        "address": "Matia kalea 6"
      },
      "geometry": {
        "type": "Point",
        "coordinates": [
          -2.0010212,
          43.3146516
        ]
      }
    },
    {
      "type": "Feature",
      "properties": {
        "weight": 1.0,
        "id": 11013791542,
        "hasDetails": true,
        "name": "Nautalia",
        "address": "Nafarroa etorbidea 63, Errenteria",
        "website": "https://www.nautaliaviajes.com/",
        "opening_hours": "Mo-Fr 10:00-13:30,17:00-20:00; Sa 10:00-13:30"
      },
      "geometry": {
        "type": "Point",
        "coordinates": [
          -1.9010387,
          43.3146679
        ]
      }
    },
    {
      "type": "Feature",
      "properties": {
        "weight": 1.0,
        "id": 12178589782,
        "hasDetails": true,
        "name": "Zenit",
        "address": "Easo plaza 3, Donostia / San Sebasti\u00e1n",
        "website": "http://www.herboristeriazenit.com/"
      },
      "geometry": {
        "type": "Point",
        "coordinates": [
          -1.9825423,
          43.3146718
        ]
      }
    },
    {
      "type": "Feature",
      "properties": {
        "weight": 1.0,
        "id": 11013791543,
        "hasDetails": true,
        "name": "Frutas Isu",
        "address": "Nafarroa etorbidea 65, Errenteria",
        "website": "https://frutas-isu.com/"
      },
      "geometry": {
        "type": "Point",
        "coordinates": [
          -1.9013549,
          43.3146795
        ]
      }
    },
    {
      "type": "Feature",
      "properties": {
        "weight": 1.0
      },
      "geometry": {
        "type": "Point",
        "coordinates": [
          -1.9020487,
          43.3146951
        ]
      }
    },
    {
      "type": "Feature",
      "properties": {
        "weight": 1.0,
        "id": 13343273960,
        "hasDetails": true,
        "name": "Mi Tienda",
        "address": "Matia kalea 6"
      },
      "geometry": {
        "type": "Point",
        "coordinates": [
          -2.0008933,
          43.3147034
        ]
      }
    },
    {
      "type": "Feature",
      "properties": {
        "weight": 1.0
      },
      "geometry": {
        "type": "Point",
        "coordinates": [
          -1.9022579,
          43.3147344
        ]
      }
    },
    {
      "type": "Feature",
      "properties": {
        "weight": 1.0
      },
      "geometry": {
        "type": "Point",
        "coordinates": [
          -1.9024141,
          43.314745
        ]
      }
    },
    {
      "type": "Feature",
      "properties": {
        "weight": 1.0,
        "id": 10174703741,
        "hasDetails": true,
        "name": "Vodafone",
        "address": "Nafarroa etorbidea 73, Errenteria"
      },
      "geometry": {
        "type": "Point",
        "coordinates": [
          -1.9026419,
          43.3147657
        ]
      }
    },
    {
      "type": "Feature",
      "properties": {
        "weight": 1.0,
        "id": 12178589780,
        "hasDetails": true,
        "name": "Aramendia",
        "address": "Easo kalea 22, Donostia / San Sebasti\u00e1n"
      },
      "geometry": {
        "type": "Point",
        "coordinates": [
          -1.9825555,
          43.3147702
        ]
      }
    },
    {
      "type": "Feature",
      "properties": {
        "weight": 1.0
      },
      "geometry": {
        "type": "Point",
        "coordinates": [
          -1.9814588,
          43.3148545
        ]
      }
    },
    {
      "type": "Feature",
      "properties": {
        "weight": 1.0,
        "id": 4375701095,
        "hasDetails": true,
        "name": "Urdampilleta",
        "address": "Larramendi kalea 27"
      },
      "geometry": {
        "type": "Point",
        "coordinates": [
          -1.9822103,
          43.314901
        ]
      }
    },
    {
      "type": "Feature",
      "properties": {
        "weight": 1.0,
        "id": 7283203285,
        "hasDetails": true,
        "name": "Granel Donostia",
        "website": "https://www.granel.cat/",
        "opening_hours": "Mo-Fr 10:00-14:30, 16:30-20:30; Sa 10:00-14:30, 17:00-20:30"
      },
      "geometry": {
        "type": "Point",
        "coordinates": [
          -1.982017,
          43.3149742
        ]
      }
    },
    {
      "type": "Feature",
      "properties": {
        "weight": 1.0
      },
      "geometry": {
        "type": "Point",
        "coordinates": [
          -1.9025893,
          43.3150134
        ]
      }
    },
    {
      "type": "Feature",
      "properties": {
        "weight": 1.0,
        "id": 10559825432,
        "hasDetails": true,
        "name": "Oria",
        "address": "Urbieta kalea 45",
        "website": "https://menajeoria.com",
        "opening_hours": "Mo-Fr 09:00-13:30, 16:00-19:30; Sa 10:00-13:30"
      },
      "geometry": {
        "type": "Point",
        "coordinates": [
          -1.9812206,
          43.3150177
        ]
      }
    },
    {
      "type": "Feature",
      "properties": {
        "weight": 1.0,
        "id": 2143304235,
        "hasDetails": true,
        "name": "Ogi Berri",
        "address": "Nafarroa etorbidea 26, Errenteria"
      },
      "geometry": {
        "type": "Point",
        "coordinates": [
          -1.9019213,
          43.315022
        ]
      }
    },
    {
      "type": "Feature",
      "properties": {
        "weight": 1.0,
        "id": 13343273964,
        "hasDetails": true,
        "name": "Rosarito",
        "address": "Satrustegi hiribidea 1"
      },
      "geometry": {
        "type": "Point",
        "coordinates": [
          -2.0007432,
          43.315038
        ]
      }
    },
    {
      "type": "Feature",
      "properties": {
        "weight": 1.0
      },
      "geometry": {
        "type": "Point",
        "coordinates": [
          -1.9399673,
          43.3150501
        ]
      }
    },
    {
      "type": "Feature",
      "properties": {
        "weight": 1.0,
        "id": 1246630864,
        "hasDetails": true,
        "name": "Amara Iluminacion",
        "address": "Larramendi kalea 21"
      },
      "geometry": {
        "type": "Point",
        "coordinates": [
          -1.981887,
          43.3150706
        ]
      }
    },
    {
      "type": "Feature",
      "properties": {
        "weight": 1.0
      },
      "geometry": {
        "type": "Point",
        "coordinates": [
          -1.9803058,
          43.315087
        ]
      }
    },
    {
      "type": "Feature",
      "properties": {
        "weight": 1.0
      },
      "geometry": {
        "type": "Point",
        "coordinates": [
          -1.9816397,
          43.31511
        ]
      }
    },
    {
      "type": "Feature",
      "properties": {
        "weight": 1.0
      },
      "geometry": {
        "type": "Point",
        "coordinates": [
          -1.903196,
          43.3151163
        ]
      }
    },
    {
      "type": "Feature",
      "properties": {
        "weight": 1.0,
        "id": 13744320501,
        "hasDetails": true,
        "name": "Donna",
        "address": "Nafarroa etorbidea 28",
        "names": [
          "Donna",
          "Amour Style"
        ]
      },
      "geometry": {
        "type": "Point",
        "coordinates": [
          -1.9034218,
          43.3151316
        ]
      }
    },
    {
      "type": "Feature",
      "properties": {
        "weight": 1.0,
        "id": 2144349063,
        "hasDetails": true,
        "name": "Mari Carmen",
        "address": "Nafarroa etorbidea 30",
        "website": "https://www.floristeriamaricarmen.es/",
        "opening_hours": "Mo-Fr 09:00-13:00, 16:30-19:30; Sa 09:00-13:00; Su 10:00-14:00"
      },
      "geometry": {
        "type": "Point",
        "coordinates": [
          -1.9036768,
          43.315141
        ]
      }
    },
    {
      "type": "Feature",
      "properties": {
        "weight": 1.0,
        "id": 13744320502,
        "hasDetails": true,
        "name": "Estetika Oye T\u00fa!!",
        "address": "Nafarroa etorbidea 32",
        "opening_hours": "Tu-Fr 10:00-18:00; Sa 10:00-13:00",
        "names": [
          "Estetika Oye T\u00fa!!",
          "KHuBikes"
        ]
      },
      "geometry": {
        "type": "Point",
        "coordinates": [
          -1.9038139,
          43.3151503
        ]
      }
    },
    {
      "type": "Feature",
      "properties": {
        "weight": 1.0
      },
      "geometry": {
        "type": "Point",
        "coordinates": [
          -1.9018905,
          43.3151911
        ]
      }
    },
    {
      "type": "Feature",
      "properties": {
        "weight": 1.0,
        "id": 10910825336,
        "hasDetails": true,
        "name": "Alain Afflelou",
        "address": "Urbieta kalea 41",
        "website": "https://www.afflelou.es/opticas/san-sebastian/afflelou-c-urbieta-41-20006",
        "opening_hours": "Mo-Fr 09:30-13:30, 16:00-20:00; Sa 10:00-13:30"
      },
      "geometry": {
        "type": "Point",
        "coordinates": [
          -1.9813181,
          43.3152251
        ]
      }
    },
    {
      "type": "Feature",
      "properties": {
        "weight": 1.0,
        "id": 9124267604,
        "hasDetails": true,
        "name": "La Bicicleta",
        "address": "Errege-erregina Katolikoak kalea 14, Donostia / San Sebasti\u00e1n",
        "website": "https://labicicletadonostia.com/"
      },
      "geometry": {
        "type": "Point",
        "coordinates": [
          -1.980615,
          43.315226
        ]
      }
    },
    {
      "type": "Feature",
      "properties": {
        "weight": 1.0
      },
      "geometry": {
        "type": "Point",
        "coordinates": [
          -2.000954,
          43.3152346
        ]
      }
    },
    {
      "type": "Feature",
      "properties": {
        "weight": 1.0
      },
      "geometry": {
        "type": "Point",
        "coordinates": [
          -1.9016511,
          43.315273
        ]
      }
    },
    {
      "type": "Feature",
      "properties": {
        "weight": 1.0
      },
      "geometry": {
        "type": "Point",
        "coordinates": [
          -1.9015035,
          43.3152752
        ]
      }
    },
    {
      "type": "Feature",
      "properties": {
        "weight": 1.0,
        "id": 11904462201,
        "hasDetails": true,
        "name": "Cisneros Jim\u00e9nez",
        "address": "Pasaia kalea 3, Errenteria"
      },
      "geometry": {
        "type": "Point",
        "coordinates": [
          -1.9018782,
          43.3153071
        ]
      }
    },
    {
      "type": "Feature",
      "properties": {
        "weight": 1.0
      },
      "geometry": {
        "type": "Point",
        "coordinates": [
          -1.9034769,
          43.3153151
        ]
      }
    },
    {
      "type": "Feature",
      "properties": {
        "weight": 1.0
      },
      "geometry": {
        "type": "Point",
        "coordinates": [
          -1.9036244,
          43.3153415
        ]
      }
    },
    {
      "type": "Feature",
      "properties": {
        "weight": 1.0,
        "id": 11845668272,
        "hasDetails": true,
        "name": "Dela",
        "address": "Errege-erregina Katolikoak kalea 7",
        "website": "https://www.delastore.com/",
        "opening_hours": "Mo-Sa 10:00-14:00, 16:00-20:00"
      },
      "geometry": {
        "type": "Point",
        "coordinates": [
          -1.9804579,
          43.3153533
        ]
      }
    },
    {
      "type": "Feature",
      "properties": {
        "weight": 1.0
      },
      "geometry": {
        "type": "Point",
        "coordinates": [
          -1.9023894,
          43.3153576
        ]
      }
    },
    {
      "type": "Feature",
      "properties": {
        "weight": 1.0,
        "id": 10919373320,
        "hasDetails": true,
        "name": "Flow",
        "website": "https://theflowstore.com/"
      },
      "geometry": {
        "type": "Point",
        "coordinates": [
          -1.9809367,
          43.3153705
        ]
      }
    },
    {
      "type": "Feature",
      "properties": {
        "weight": 1.0
      },
      "geometry": {
        "type": "Point",
        "coordinates": [
          -1.9007967,
          43.3153905
        ]
      }
    },
    {
      "type": "Feature",
      "properties": {
        "weight": 1.0,
        "id": 10910825335,
        "hasDetails": true,
        "name": "Robers",
        "address": "Larramendi kalea 10",
        "website": "https://www.roberskirolak.com",
        "opening_hours": "Mo-Sa 10:00-13:00, 16:00-20:00"
      },
      "geometry": {
        "type": "Point",
        "coordinates": [
          -1.9814486,
          43.3154022
        ]
      }
    },
    {
      "type": "Feature",
      "properties": {
        "weight": 1.0
      },
      "geometry": {
        "type": "Point",
        "coordinates": [
          -1.8990846,
          43.3154151
        ]
      }
    },
    {
      "type": "Feature",
      "properties": {
        "weight": 1.0
      },
      "geometry": {
        "type": "Point",
        "coordinates": [
          -1.903452,
          43.3154573
        ]
      }
    },
    {
      "type": "Feature",
      "properties": {
        "weight": 1.0,
        "id": 2143310322,
        "hasDetails": true,
        "name": "Ana Olga",
        "address": "Pasaia kalea 5, Errenteria",
        "opening_hours": "Mo-Fr 10:15-13:00, 16:30-19:30; Sa 10:15-13:00"
      },
      "geometry": {
        "type": "Point",
        "coordinates": [
          -1.9018495,
          43.3154871
        ]
      }
    },
    {
      "type": "Feature",
      "properties": {
        "weight": 1.0,
        "id": 10910825338,
        "hasDetails": true,
        "name": "Basterra",
        "address": "Urbieta kalea 37, Donostia / San Sebasti\u00e1n"
      },
      "geometry": {
        "type": "Point",
        "coordinates": [
          -1.9815571,
          43.315493
        ]
      }
    },
    {
      "type": "Feature",
      "properties": {
        "weight": 1.0
      },
      "geometry": {
        "type": "Point",
        "coordinates": [
          -1.9021664,
          43.3155202
        ]
      }
    },
    {
      "type": "Feature",
      "properties": {
        "weight": 1.0
      },
      "geometry": {
        "type": "Point",
        "coordinates": [
          -1.8994814,
          43.3155319
        ]
      }
    },
    {
      "type": "Feature",
      "properties": {
        "weight": 1.0,
        "id": 13744275201,
        "hasDetails": true,
        "name": "Millar Telesol",
        "address": "Donostia kalea",
        "opening_hours": "Mo-Fr 09:00-13:00, 16:00-20:00; Sa 09:00-13:00"
      },
      "geometry": {
        "type": "Point",
        "coordinates": [
          -1.9023364,
          43.315538
        ]
      }
    },
    {
      "type": "Feature",
      "properties": {
        "weight": 1.0,
        "id": 13304196896,
        "hasDetails": true,
        "name": "El Marco Blanco",
        "address": "Larramendi kalea 8, Donostia / San Sebasti\u00e1n",
        "website": "https://www.elmarcoblanco.com/"
      },
      "geometry": {
        "type": "Point",
        "coordinates": [
          -1.9810275,
          43.3155509
        ]
      }
    },
    {
      "type": "Feature",
      "properties": {
        "weight": 1.0,
        "id": 13526767842,
        "hasDetails": true,
        "name": "Brothers",
        "address": "Larramendi kalea 5"
      },
      "geometry": {
        "type": "Point",
        "coordinates": [
          -1.9804805,
          43.3155755
        ]
      }
    },
    {
      "type": "Feature",
      "properties": {
        "weight": 1.0
      },
      "geometry": {
        "type": "Point",
        "coordinates": [
          -1.9030421,
          43.315614
        ]
      }
    },
    {
      "type": "Feature",
      "properties": {
        "weight": 1.0
      },
      "geometry": {
        "type": "Point",
        "coordinates": [
          -1.9000859,
          43.3156218
        ]
      }
    },
    {
      "type": "Feature",
      "properties": {
        "weight": 1.0
      },
      "geometry": {
        "type": "Point",
        "coordinates": [
          -1.9034221,
          43.3156538
        ]
      }
    },
    {
      "type": "Feature",
      "properties": {
        "weight": 1.0,
        "id": 11904462209,
        "hasDetails": true,
        "name": "Basido",
        "address": "Pasaia kalea 7, Errenteria"
      },
      "geometry": {
        "type": "Point",
        "coordinates": [
          -1.9017976,
          43.3157762
        ]
      }
    },
    {
      "type": "Feature",
      "properties": {
        "weight": 1.0,
        "id": 11597904866,
        "hasDetails": true,
        "name": "Librer\u00eda Zubieta TROA Liburudenda",
        "address": "Errege-erregina Katolikoak kalea 3, Donostia / San Sebasti\u00e1n",
        "website": "https://www.troa.es/",
        "opening_hours": "Mo-Fr 10:00-14:00,16:30-20:00; Sa 10:00-14:00",
        "names": [
          "Librer\u00eda Zubieta TROA Liburudenda",
          "El Rey de las Fiestas"
        ]
      },
      "geometry": {
        "type": "Point",
        "coordinates": [
          -1.9807907,
          43.3158012
        ]
      }
    },
    {
      "type": "Feature",
      "properties": {
        "weight": 1.0
      },
      "geometry": {
        "type": "Point",
        "coordinates": [
          -1.9859798,
          43.3158205
        ]
      }
    },
    {
      "type": "Feature",
      "properties": {
        "weight": 1.0
      },
      "geometry": {
        "type": "Point",
        "coordinates": [
          -1.9045831,
          43.3158618
        ]
      }
    },
    {
      "type": "Feature",
      "properties": {
        "weight": 1.0,
        "id": 4130964044,
        "hasDetails": true,
        "name": "BM",
        "address": "Oiartzun kalea 3, Errenteria"
      },
      "geometry": {
        "type": "Point",
        "coordinates": [
          -1.9021454,
          43.3158746
        ]
      }
    },
    {
      "type": "Feature",
      "properties": {
        "weight": 1.0,
        "id": 14068969964,
        "hasDetails": true,
        "name": "Zumeta",
        "opening_hours": "Mo-Fr 10:00-13:00,16:00-19:30"
      },
      "geometry": {
        "type": "Point",
        "coordinates": [
          -1.9830425,
          43.3159149
        ]
      }
    },
    {
      "type": "Feature",
      "properties": {
        "weight": 1.0
      },
      "geometry": {
        "type": "Point",
        "coordinates": [
          -1.9024515,
          43.3159399
        ]
      }
    },
    {
      "type": "Feature",
      "properties": {
        "weight": 1.0
      },
      "geometry": {
        "type": "Point",
        "coordinates": [
          -1.9863227,
          43.3159424
        ]
      }
    },
    {
      "type": "Feature",
      "properties": {
        "weight": 1.0,
        "id": 13358553387,
        "hasDetails": true,
        "name": "Ariztegi Ezeiza",
        "address": "Zubieta kalea 13",
        "website": "https://ariztegi-ezeiza.com/"
      },
      "geometry": {
        "type": "Point",
        "coordinates": [
          -1.9869126,
          43.3159674
        ]
      }
    },
    {
      "type": "Feature",
      "properties": {
        "weight": 1.0,
        "id": 13304382945,
        "hasDetails": true,
        "name": "Rold\u00e1n",
        "opening_hours": "Mo 08:30-14:00,16:00-18:00; Tu-Fr 08:30-14:00"
      },
      "geometry": {
        "type": "Point",
        "coordinates": [
          -1.982419,
          43.3159834
        ]
      }
    },
    {
      "type": "Feature",
      "properties": {
        "weight": 1.0
      },
      "geometry": {
        "type": "Point",
        "coordinates": [
          -1.9001952,
          43.3160034
        ]
      }
    },
    {
      "type": "Feature",
      "properties": {
        "weight": 1.0,
        "id": 13304382943,
        "hasDetails": true,
        "name": "Movistar",
        "opening_hours": "Mo-Fr 09:30-14:00,16:00-19:30"
      },
      "geometry": {
        "type": "Point",
        "coordinates": [
          -1.9823045,
          43.3160407
        ]
      }
    },
    {
      "type": "Feature",
      "properties": {
        "weight": 1.0
      },
      "geometry": {
        "type": "Point",
        "coordinates": [
          -1.9831129,
          43.3160412
        ]
      }
    },
    {
      "type": "Feature",
      "properties": {
        "weight": 1.0,
        "id": 5930926428,
        "hasDetails": true,
        "name": "Superspar",
        "address": "Ametzaga\u00f1a kalea 7, Donostia / San Sebasti\u00e1n",
        "names": [
          "Superspar",
          "Apal Estudio"
        ]
      },
      "geometry": {
        "type": "Point",
        "coordinates": [
          -1.9714247,
          43.3160788
        ]
      }
    },
    {
      "type": "Feature",
      "properties": {
        "weight": 1.0
      },
      "geometry": {
        "type": "Point",
        "coordinates": [
          -1.9170428,
          43.3160869
        ]
      }
    },
    {
      "type": "Feature",
      "properties": {
        "weight": 1.0,
        "id": 13358553349,
        "hasDetails": true,
        "name": "Espolosin",
        "address": "San Martin kalea 56",
        "website": "https://www.espolosincarniceria.com/"
      },
      "geometry": {
        "type": "Point",
        "coordinates": [
          -1.9858579,
          43.3161095
        ]
      }
    },
    {
      "type": "Feature",
      "properties": {
        "weight": 1.0
      },
      "geometry": {
        "type": "Point",
        "coordinates": [
          -1.9033603,
          43.3161156
        ]
      }
    },
    {
      "type": "Feature",
      "properties": {
        "weight": 1.0,
        "id": 13304382954,
        "hasDetails": true,
        "name": "Maitane Zuriarrain",
        "website": "https://www.maitanezuriarrain.com/"
      },
      "geometry": {
        "type": "Point",
        "coordinates": [
          -1.9823421,
          43.3161282
        ]
      }
    },
    {
      "type": "Feature",
      "properties": {
        "weight": 1.0
      },
      "geometry": {
        "type": "Point",
        "coordinates": [
          -1.9004112,
          43.3161313
        ]
      }
    },
    {
      "type": "Feature",
      "properties": {
        "weight": 1.0,
        "id": 13593227767,
        "hasDetails": true,
        "name": "Equinoccio",
        "address": "Prim kalea 29",
        "website": "https://equinoccioviajes.com/"
      },
      "geometry": {
        "type": "Point",
        "coordinates": [
          -1.9798371,
          43.3161356
        ]
      }
    },
    {
      "type": "Feature",
      "properties": {
        "weight": 1.0,
        "id": 14069016299,
        "hasDetails": true,
        "name": "Mobile Zone",
        "opening_hours": "Mo-Sa 10:00-14:00,16:00-20:00; Su 16:00-20:00"
      },
      "geometry": {
        "type": "Point",
        "coordinates": [
          -1.9831993,
          43.3161501
        ]
      }
    },
    {
      "type": "Feature",
      "properties": {
        "weight": 1.0,
        "id": 13602480001,
        "hasDetails": true,
        "name": "Sophie",
        "address": "Galtzaraborda etorbidea 101"
      },
      "geometry": {
        "type": "Point",
        "coordinates": [
          -1.9072646,
          43.316161
        ]
      }
    },
    {
      "type": "Feature",
      "properties": {
        "weight": 1.0
      },
      "geometry": {
        "type": "Point",
        "coordinates": [
          -1.9744987,
          43.3162013
        ]
      }
    },
    {
      "type": "Feature",
      "properties": {
        "weight": 1.0
      },
      "geometry": {
        "type": "Point",
        "coordinates": [
          -1.9817929,
          43.3162104
        ]
      }
    },
    {
      "type": "Feature",
      "properties": {
        "weight": 1.0,
        "id": 13304382953,
        "hasDetails": true,
        "name": "General \u00d3ptica",
        "opening_hours": "Mo-Fr 09:30-13:30,16:00-20:00; Sa 09:30-13:30",
        "names": [
          "General \u00d3ptica",
          "Medical Optica"
        ]
      },
      "geometry": {
        "type": "Point",
        "coordinates": [
          -1.9824187,
          43.3162308
        ]
      }
    },
    {
      "type": "Feature",
      "properties": {
        "weight": 1.0,
        "id": 14069039378,
        "hasDetails": true,
        "name": "Sof\u00e1s Valencia",
        "opening_hours": "Mo-Fr 10:00-14:00,17:30-20:30; Sa 10:00-14:00"
      },
      "geometry": {
        "type": "Point",
        "coordinates": [
          -1.9854639,
          43.3162426
        ]
      }
    },
    {
      "type": "Feature",
      "properties": {
        "weight": 1.0
      },
      "geometry": {
        "type": "Point",
        "coordinates": [
          -1.9865123,
          43.3162469
        ]
      }
    },
    {
      "type": "Feature",
      "properties": {
        "weight": 1.0
      },
      "geometry": {
        "type": "Point",
        "coordinates": [
          -1.9042449,
          43.316276
        ]
      }
    },
    {
      "type": "Feature",
      "properties": {
        "weight": 1.0
      },
      "geometry": {
        "type": "Point",
        "coordinates": [
          -1.9723828,
          43.3162785
        ]
      }
    },
    {
      "type": "Feature",
      "properties": {
        "weight": 1.0,
        "id": 13614788627,
        "hasDetails": true,
        "name": "Sorgintxulo",
        "address": "Sorgintxulo kalea 17, Errenteria",
        "opening_hours": "Mo-Su 09:00-15:00,17:00-21:00"
      },
      "geometry": {
        "type": "Point",
        "coordinates": [
          -1.9086622,
          43.3162789
        ]
      }
    },
    {
      "type": "Feature",
      "properties": {
        "weight": 1.0
      },
      "geometry": {
        "type": "Point",
        "coordinates": [
          -1.9006915,
          43.3162851
        ]
      }
    },
    {
      "type": "Feature",
      "properties": {
        "weight": 1.0
      },
      "geometry": {
        "type": "Point",
        "coordinates": [
          -1.9829228,
          43.3162983
        ]
      }
    },
    {
      "type": "Feature",
      "properties": {
        "weight": 1.0,
        "id": 1762422679,
        "hasDetails": true,
        "name": "BM",
        "address": "Larratxo pasealekua 96",
        "opening_hours": "Mo-Sa 09:00-21:00"
      },
      "geometry": {
        "type": "Point",
        "coordinates": [
          -1.9325222,
          43.316313
        ]
      }
    },
    {
      "type": "Feature",
      "properties": {
        "weight": 1.0
      },
      "geometry": {
        "type": "Point",
        "coordinates": [
          -1.9802427,
          43.3163184
        ]
      }
    },
    {
      "type": "Feature",
      "properties": {
        "weight": 1.0,
        "id": 636072152,
        "hasDetails": true,
        "name": "Bang & Olufsen",
        "address": "Zubieta kalea 5, Donostia / San Sebasti\u00e1n"
      },
      "geometry": {
        "type": "Point",
        "coordinates": [
          -1.986376,
          43.3163584
        ]
      }
    },
    {
      "type": "Feature",
      "properties": {
        "weight": 1.0
      },
      "geometry": {
        "type": "Point",
        "coordinates": [
          -1.9821709,
          43.3163601
        ]
      }
    },
    {
      "type": "Feature",
      "properties": {
        "weight": 1.0,
        "id": 13358553438,
        "hasDetails": true,
        "name": "Viajes El Corte Ingl\u00e9s",
        "opening_hours": "Mo-Fr 09:30-20:00; Sa 09:30-13:30"
      },
      "geometry": {
        "type": "Point",
        "coordinates": [
          -1.9852188,
          43.3163644
        ]
      }
    },
    {
      "type": "Feature",
      "properties": {
        "weight": 1.0
      },
      "geometry": {
        "type": "Point",
        "coordinates": [
          -1.9800255,
          43.316373
        ]
      }
    },
    {
      "type": "Feature",
      "properties": {
        "weight": 1.0,
        "id": 7128512185,
        "hasDetails": true,
        "name": "Mai",
        "address": "Egia kalea 2",
        "names": [
          "Mai",
          "Viajes Eroski"
        ]
      },
      "geometry": {
        "type": "Point",
        "coordinates": [
          -1.9743868,
          43.3163916
        ]
      }
    },
    {
      "type": "Feature",
      "properties": {
        "weight": 1.0,
        "id": 11217670538,
        "hasDetails": true,
        "name": "La tienda de Willy",
        "address": "Sorgintxulo kalea 17, Errenteria",
        "opening_hours": "Mo-Fr 09:00-14:00, 17:00-20:00; Sa 09:00-14:00"
      },
      "geometry": {
        "type": "Point",
        "coordinates": [
          -1.9086538,
          43.3163951
        ]
      }
    },
    {
      "type": "Feature",
      "properties": {
        "weight": 1.0,
        "id": 13495363502,
        "hasDetails": true,
        "name": "Viva",
        "address": "Egia kalea 4"
      },
      "geometry": {
        "type": "Point",
        "coordinates": [
          -1.9741431,
          43.3163959
        ]
      }
    },
    {
      "type": "Feature",
      "properties": {
        "weight": 1.0,
        "id": 636072207,
        "hasDetails": true,
        "name": "Hawaii",
        "address": "San Bartolome kalea 12, Donostia / San Sebasti\u00e1n",
        "website": "https://www.hawaiidonostia.com/"
      },
      "geometry": {
        "type": "Point",
        "coordinates": [
          -1.9831796,
          43.3163989
        ]
      }
    },
    {
      "type": "Feature",
      "properties": {
        "weight": 1.0,
        "id": 11496886261,
        "hasDetails": true,
        "name": "Ama",
        "address": "Egia kalea 8"
      },
      "geometry": {
        "type": "Point",
        "coordinates": [
          -1.9738809,
          43.3164006
        ]
      }
    },
    {
      "type": "Feature",
      "properties": {
        "weight": 1.0,
        "id": 11496886260,
        "hasDetails": true,
        "name": "Plottearte",
        "address": "Egia kalea 12",
        "names": [
          "Plottearte",
          "Elmypie"
        ]
      },
      "geometry": {
        "type": "Point",
        "coordinates": [
          -1.9737058,
          43.3164037
        ]
      }
    },
    {
      "type": "Feature",
      "properties": {
        "weight": 1.0,
        "id": 11496886257,
        "hasDetails": true,
        "name": "Kraken",
        "address": "Egia kalea 16"
      },
      "geometry": {
        "type": "Point",
        "coordinates": [
          -1.9733308,
          43.3164162
        ]
      }
    },
    {
      "type": "Feature",
      "properties": {
        "weight": 1.0,
        "id": 11496886258,
        "hasDetails": true,
        "name": "Bazar Shang Hai",
        "address": "Egia kalea 14"
      },
      "geometry": {
        "type": "Point",
        "coordinates": [
          -1.9734673,
          43.3164168
        ]
      }
    },
    {
      "type": "Feature",
      "properties": {
        "weight": 1.0,
        "id": 13484778401,
        "hasDetails": true,
        "name": "Peluquer\u00eda mixta Ederra",
        "address": "Sorgintxulo kalea 13, Errenteria"
      },
      "geometry": {
        "type": "Point",
        "coordinates": [
          -1.9091778,
          43.3164262
        ]
      }
    },
    {
      "type": "Feature",
      "properties": {
        "weight": 1.0,
        "id": 13483981403,
        "hasDetails": true,
        "name": "Sorgintxulo",
        "address": "Sorgintxulo kalea 13, Errenteria",
        "opening_hours": "Mo-Fr 08:30-14:00, 17:00-20:00; Sa-Su 09:30-14:00, 17:00-20:00"
      },
      "geometry": {
        "type": "Point",
        "coordinates": [
          -1.9094234,
          43.3164289
        ]
      }
    },
    {
      "type": "Feature",
      "properties": {
        "weight": 1.0,
        "id": 9647887233,
        "hasDetails": true,
        "name": "Geza eta Gazia",
        "address": "Galtzaraborda etorbidea 103",
        "website": "http://gezaetagazia.com",
        "opening_hours": "Mo-Fr 09:00-14:30, 16:30-20:30; Sa-Su 09:00-14:30, 18:30-20:30"
      },
      "geometry": {
        "type": "Point",
        "coordinates": [
          -1.9070424,
          43.3164355
        ]
      }
    },
    {
      "type": "Feature",
      "properties": {
        "weight": 1.0,
        "id": 1494773091,
        "hasDetails": true,
        "name": "Renter\u00eda Motor",
        "address": "Astigarraga kalea 13"
      },
      "geometry": {
        "type": "Point",
        "coordinates": [
          -1.9040758,
          43.3164829
        ]
      }
    },
    {
      "type": "Feature",
      "properties": {
        "weight": 1.0,
        "id": 4406826641,
        "hasDetails": true,
        "name": "Ogi Berri",
        "address": "Karmengo Andre Mariaren kalea"
      },
      "geometry": {
        "type": "Point",
        "coordinates": [
          -1.9723127,
          43.3164832
        ]
      }
    },
    {
      "type": "Feature",
      "properties": {
        "weight": 1.0
      },
      "geometry": {
        "type": "Point",
        "coordinates": [
          -1.9719101,
          43.3164855
        ]
      }
    },
    {
      "type": "Feature",
      "properties": {
        "weight": 1.0,
        "id": 13358553353,
        "hasDetails": true,
        "name": "Summun Travel",
        "address": "Blas de Lezo kalea 2"
      },
      "geometry": {
        "type": "Point",
        "coordinates": [
          -1.9861086,
          43.3164965
        ]
      }
    },
    {
      "type": "Feature",
      "properties": {
        "weight": 1.0,
        "id": 13305480221,
        "hasDetails": true,
        "name": "Rosan",
        "website": "https://www.rosan.eus/",
        "opening_hours": "Mo-Fr 09:00-13:00,15:30-19:30"
      },
      "geometry": {
        "type": "Point",
        "coordinates": [
          -1.9800096,
          43.3165156
        ]
      }
    },
    {
      "type": "Feature",
      "properties": {
        "weight": 1.0,
        "id": 10910825343,
        "hasDetails": true,
        "name": "Foxter",
        "address": "Urbieta kalea 25",
        "website": "https://foxteronline.com/"
      },
      "geometry": {
        "type": "Point",
        "coordinates": [
          -1.9822792,
          43.3165177
        ]
      }
    },
    {
      "type": "Feature",
      "properties": {
        "weight": 1.0,
        "id": 13304454586,
        "hasDetails": true,
        "name": "Hiperregalo",
        "address": "Easo kalea 29",
        "opening_hours": "Mo-Sa 09:30-21:00; Su 10:00-14:30"
      },
      "geometry": {
        "type": "Point",
        "coordinates": [
          -1.9834578,
          43.3165284
        ]
      }
    },
    {
      "type": "Feature",
      "properties": {
        "weight": 1.0,
        "id": 9786041373,
        "hasDetails": true,
        "name": "Automoto Egia",
        "address": "Iruresoro plaza 9, Donostia / San Sebasti\u00e1n",
        "website": "https://www.automoto.es/"
      },
      "geometry": {
        "type": "Point",
        "coordinates": [
          -1.9709952,
          43.3165335
        ]
      }
    },
    {
      "type": "Feature",
      "properties": {
        "weight": 1.0,
        "id": 652811235,
        "hasDetails": true,
        "name": "Tintorer\u00eda Emili",
        "address": "Gure Zumardia 21, Pasaia"
      },
      "geometry": {
        "type": "Point",
        "coordinates": [
          -1.9168915,
          43.3165423
        ]
      }
    },
    {
      "type": "Feature",
      "properties": {
        "weight": 1.0,
        "id": 13483980601,
        "hasDetails": true,
        "name": "Estanco Kaputxinos",
        "address": "Sorgintxulo kalea 9, Errenteria",
        "opening_hours": "Mo-Fr 08:30-13:30, 16:30-19:30; Sa 09:00-13:30; Su,PH off"
      },
      "geometry": {
        "type": "Point",
        "coordinates": [
          -1.9098284,
          43.3165583
        ]
      }
    },
    {
      "type": "Feature",
      "properties": {
        "weight": 1.0
      },
      "geometry": {
        "type": "Point",
        "coordinates": [
          -1.9182784,
          43.3165618
        ]
      }
    },
    {
      "type": "Feature",
      "properties": {
        "weight": 1.0,
        "id": 566734089,
        "hasDetails": true,
        "name": "Beatriz Ortega",
        "opening_hours": "Tu-Th 10:00-18:00; Fr 09:30-17:30; Sa 09:30-14:30; Mo off"
      },
      "geometry": {
        "type": "Point",
        "coordinates": [
          -1.9839413,
          43.3165732
        ]
      }
    },
    {
      "type": "Feature",
      "properties": {
        "weight": 1.0,
        "id": 636072215,
        "hasDetails": true,
        "name": "Real Barber Studio",
        "address": "San Bartolome kalea 4, Donostia / San Sebasti\u00e1n",
        "opening_hours": "Mo-Sa 09:30-14:00,16:00-20:30",
        "names": [
          "Real Barber Studio",
          "Pangea"
        ]
      },
      "geometry": {
        "type": "Point",
        "coordinates": [
          -1.9827519,
          43.3165736
        ]
      }
    },
    {
      "type": "Feature",
      "properties": {
        "weight": 1.0
      },
      "geometry": {
        "type": "Point",
        "coordinates": [
          -1.9742075,
          43.3165928
        ]
      }
    },
    {
      "type": "Feature",
      "properties": {
        "weight": 1.0
      },
      "geometry": {
        "type": "Point",
        "coordinates": [
          -1.9738465,
          43.3165965
        ]
      }
    },
    {
      "type": "Feature",
      "properties": {
        "weight": 1.0,
        "id": 6332683603,
        "hasDetails": true,
        "name": "Endika Harategia",
        "address": "Egia kalea 5, Donostia / San Sebasti\u00e1n",
        "names": [
          "Endika Harategia",
          "Atotxa"
        ]
      },
      "geometry": {
        "type": "Point",
        "coordinates": [
          -1.9736952,
          43.3165988
        ]
      }
    },
    {
      "type": "Feature",
      "properties": {
        "weight": 1.0
      },
      "geometry": {
        "type": "Point",
        "coordinates": [
          -1.9720311,
          43.316604
        ]
      }
    },
    {
      "type": "Feature",
      "properties": {
        "weight": 1.0,
        "id": 12518238790,
        "hasDetails": true,
        "name": "Autoservicio Xin Hua",
        "address": "Mandasko Dukearen pasealekua 51",
        "opening_hours": "Mo-Su 10:30-14:45; Mo-Su 16:15-21:05"
      },
      "geometry": {
        "type": "Point",
        "coordinates": [
          -1.9744208,
          43.3166051
        ]
      }
    },
    {
      "type": "Feature",
      "properties": {
        "weight": 1.0,
        "id": 5728642122,
        "hasDetails": true,
        "name": "Reparaci\u00f3n de calzado Candido",
        "address": "Egia kalea 11",
        "opening_hours": "Mo-Fr 17:00-20:00",
        "names": [
          "Reparaci\u00f3n de calzado Candido",
          "La casa de la fruta"
        ]
      },
      "geometry": {
        "type": "Point",
        "coordinates": [
          -1.9729468,
          43.3166199
        ]
      }
    },
    {
      "type": "Feature",
      "properties": {
        "weight": 1.0,
        "id": 566734096,
        "hasDetails": true,
        "name": "Yaiza",
        "opening_hours": "Mo-Fr 10:00-13:30,16:30-20:00; Sa 10:00-14:00"
      },
      "geometry": {
        "type": "Point",
        "coordinates": [
          -1.9838157,
          43.3166205
        ]
      }
    },
    {
      "type": "Feature",
      "properties": {
        "weight": 1.0
      },
      "geometry": {
        "type": "Point",
        "coordinates": [
          -1.917091,
          43.3166454
        ]
      }
    },
    {
      "type": "Feature",
      "properties": {
        "weight": 1.0
      },
      "geometry": {
        "type": "Point",
        "coordinates": [
          -1.929532,
          43.3166481
        ]
      }
    },
    {
      "type": "Feature",
      "properties": {
        "weight": 1.0,
        "id": 7894966734,
        "hasDetails": true,
        "name": "GISA Elkartea",
        "address": "Sorgintxulo 9 Behea, Errenteria",
        "website": "https://www.gisa-elkartea.org/"
      },
      "geometry": {
        "type": "Point",
        "coordinates": [
          -1.9099304,
          43.3166536
        ]
      }
    },
    {
      "type": "Feature",
      "properties": {
        "weight": 1.0
      },
      "geometry": {
        "type": "Point",
        "coordinates": [
          -1.9843311,
          43.3166628
        ]
      }
    },
    {
      "type": "Feature",
      "properties": {
        "weight": 1.0,
        "id": 13602479901,
        "hasDetails": true,
        "name": "Lacolada",
        "address": "Galtzaraborda etorbidea 105 trasera, Errenteria",
        "opening_hours": "Mo-Su 08:00-22:00"
      },
      "geometry": {
        "type": "Point",
        "coordinates": [
          -1.9072232,
          43.3166632
        ]
      }
    },
    {
      "type": "Feature",
      "properties": {
        "weight": 1.0,
        "id": 620131667,
        "hasDetails": true,
        "name": "Vinos Ezeiza",
        "address": "Prim kalea 16, Donostia / San Sebasti\u00e1n",
        "website": "https://www.vinosezeiza.com/"
      },
      "geometry": {
        "type": "Point",
        "coordinates": [
          -1.9799964,
          43.3166659
        ]
      }
    },
    {
      "type": "Feature",
      "properties": {
        "weight": 1.0
      },
      "geometry": {
        "type": "Point",
        "coordinates": [
          -1.9172173,
          43.3166777
        ]
      }
    },
    {
      "type": "Feature",
      "properties": {
        "weight": 1.0,
        "id": 10910825344,
        "hasDetails": true,
        "name": "Abracadabra",
        "address": "Urbieta kalea 23",
        "website": "https://abracadabrajuguetes.es/",
        "names": [
          "Abracadabra",
          "Farrutx"
        ]
      },
      "geometry": {
        "type": "Point",
        "coordinates": [
          -1.9824172,
          43.3166996
        ]
      }
    },
    {
      "type": "Feature",
      "properties": {
        "weight": 1.0
      },
      "geometry": {
        "type": "Point",
        "coordinates": [
          -1.982746,
          43.3167037
        ]
      }
    },
    {
      "type": "Feature",
      "properties": {
        "weight": 1.0,
        "id": 13555599651,
        "hasDetails": true,
        "name": "Muchas Telas",
        "address": "Hondarribia kalea 31",
        "website": "https://www.muchastelas.com/",
        "names": [
          "Muchas Telas",
          "Movida Colabo"
        ]
      },
      "geometry": {
        "type": "Point",
        "coordinates": [
          -1.9804945,
          43.3167044
        ]
      }
    },
    {
      "type": "Feature",
      "properties": {
        "weight": 1.0
      },
      "geometry": {
        "type": "Point",
        "coordinates": [
          -1.9745937,
          43.3167091
        ]
      }
    },
    {
      "type": "Feature",
      "properties": {
        "weight": 1.0,
        "id": 14068884666,
        "hasDetails": true,
        "name": "Isabel",
        "opening_hours": "Tu-Th 09:30-18:00; Fr 09:30-19:00; Sa 09:00-14:00; Mo off"
      },
      "geometry": {
        "type": "Point",
        "coordinates": [
          -1.9841859,
          43.3167217
        ]
      }
    },
    {
      "type": "Feature",
      "properties": {
        "weight": 1.0
      },
      "geometry": {
        "type": "Point",
        "coordinates": [
          -1.9713126,
          43.316727
        ]
      }
    },
    {
      "type": "Feature",
      "properties": {
        "weight": 1.0,
        "id": 620128346,
        "hasDetails": true,
        "name": "Trang Nails",
        "address": "Urdaneta kalea 8, Donostia / San Sebasti\u00e1n",
        "names": [
          "Trang Nails",
          "Magic"
        ]
      },
      "geometry": {
        "type": "Point",
        "coordinates": [
          -1.9803783,
          43.3167418
        ]
      }
    },
    {
      "type": "Feature",
      "properties": {
        "weight": 1.0
      },
      "geometry": {
        "type": "Point",
        "coordinates": [
          -1.9836143,
          43.3167495
        ]
      }
    },
    {
      "type": "Feature",
      "properties": {
        "weight": 1.0
      },
      "geometry": {
        "type": "Point",
        "coordinates": [
          -1.9311211,
          43.3167505
        ]
      }
    },
    {
      "type": "Feature",
      "properties": {
        "weight": 1.0
      },
      "geometry": {
        "type": "Point",
        "coordinates": [
          -1.9174121,
          43.3167643
        ]
      }
    },
    {
      "type": "Feature",
      "properties": {
        "weight": 1.0,
        "id": 14068927511,
        "hasDetails": true,
        "name": "MA",
        "opening_hours": "Mo 16:00-20:00; Tu-Fr 10:00-13:30,16:30-19:00; Sa 10:00-14:00",
        "names": [
          "MA",
          "Negredo"
        ]
      },
      "geometry": {
        "type": "Point",
        "coordinates": [
          -1.9840122,
          43.3167913
        ]
      }
    },
    {
      "type": "Feature",
      "properties": {
        "weight": 1.0
      },
      "geometry": {
        "type": "Point",
        "coordinates": [
          -1.983486,
          43.3168014
        ]
      }
    },
    {
      "type": "Feature",
      "properties": {
        "weight": 1.0,
        "id": 2145507989,
        "hasDetails": true,
        "name": "Marce",
        "address": "Sorgintxulo kalea 5, Errenteria",
        "opening_hours": "Mo-Fr 09:00-14:00, 17:30-20:00; Sa 09:00-14:00"
      },
      "geometry": {
        "type": "Point",
        "coordinates": [
          -1.910865,
          43.3168026
        ]
      }
    },
    {
      "type": "Feature",
      "properties": {
        "weight": 1.0
      },
      "geometry": {
        "type": "Point",
        "coordinates": [
          -1.9175569,
          43.3168111
        ]
      }
    },
    {
      "type": "Feature",
      "properties": {
        "weight": 1.0
      },
      "geometry": {
        "type": "Point",
        "coordinates": [
          -1.9828293,
          43.3168175
        ]
      }
    },
    {
      "type": "Feature",
      "properties": {
        "weight": 1.0
      },
      "geometry": {
        "type": "Point",
        "coordinates": [
          -1.9186528,
          43.3168361
        ]
      }
    },
    {
      "type": "Feature",
      "properties": {
        "weight": 1.0,
        "id": 13555599653,
        "hasDetails": true,
        "name": "Jorge San Mart\u00edn",
        "address": "Hondarribia kalea 31",
        "website": "https://www.jorgesanmartin.com/"
      },
      "geometry": {
        "type": "Point",
        "coordinates": [
          -1.9806046,
          43.3168383
        ]
      }
    },
    {
      "type": "Feature",
      "properties": {
        "weight": 1.0,
        "id": 538979238,
        "hasDetails": true,
        "name": "Calzados ZM",
        "opening_hours": "Mo-Fr 09:30-13:30,17:00-20:00; Sa 09:30-13:30"
      },
      "geometry": {
        "type": "Point",
        "coordinates": [
          -1.9314803,
          43.3168417
        ]
      }
    },
    {
      "type": "Feature",
      "properties": {
        "weight": 1.0,
        "id": 13227511102,
        "hasDetails": true,
        "name": "Musical 72",
        "address": "Artzain Onaren plaza 10",
        "website": "https://www.intermusic-pro.com/sobre-nosotros-donostia"
      },
      "geometry": {
        "type": "Point",
        "coordinates": [
          -1.9822292,
          43.3168427
        ]
      }
    },
    {
      "type": "Feature",
      "properties": {
        "weight": 1.0
      },
      "geometry": {
        "type": "Point",
        "coordinates": [
          -1.9746865,
          43.3168511
        ]
      }
    },
    {
      "type": "Feature",
      "properties": {
        "weight": 1.0
      },
      "geometry": {
        "type": "Point",
        "coordinates": [
          -1.9309568,
          43.3168542
        ]
      }
    },
    {
      "type": "Feature",
      "properties": {
        "weight": 1.0,
        "id": 828697189,
        "hasDetails": true,
        "name": "Ogi Berri",
        "address": "Iruresoro pasaia 2, Donostia / San Sebasti\u00e1n"
      },
      "geometry": {
        "type": "Point",
        "coordinates": [
          -1.9701696,
          43.3168705
        ]
      }
    },
    {
      "type": "Feature",
      "properties": {
        "weight": 1.0
      },
      "geometry": {
        "type": "Point",
        "coordinates": [
          -1.9187936,
          43.316873
        ]
      }
    },
    {
      "type": "Feature",
      "properties": {
        "weight": 1.0,
        "id": 5705730720,
        "hasDetails": true,
        "name": "La Rueca",
        "address": "Hondarribia kalea 36",
        "website": "https://www.mercerialarueca.com/",
        "opening_hours": "Mo-Sa 09:00-12:45,15:30-19:30"
      },
      "geometry": {
        "type": "Point",
        "coordinates": [
          -1.9808738,
          43.3168778
        ]
      }
    },
    {
      "type": "Feature",
      "properties": {
        "weight": 1.0,
        "id": 13304454578,
        "hasDetails": true,
        "name": "Pronovias",
        "address": "San Martin kalea 27, Donostia / San Sebasti\u00e1n",
        "opening_hours": "Mo-Fr 10:00-14:00,16:00-20:00; Sa 10:00-14:00; Tu off"
      },
      "geometry": {
        "type": "Point",
        "coordinates": [
          -1.9832831,
          43.3168869
        ]
      }
    },
    {
      "type": "Feature",
      "properties": {
        "weight": 1.0
      },
      "geometry": {
        "type": "Point",
        "coordinates": [
          -1.9837118,
          43.3169154
        ]
      }
    },
    {
      "type": "Feature",
      "properties": {
        "weight": 1.0
      },
      "geometry": {
        "type": "Point",
        "coordinates": [
          -1.982581,
          43.3169311
        ]
      }
    },
    {
      "type": "Feature",
      "properties": {
        "weight": 1.0,
        "id": 13304454579,
        "hasDetails": true,
        "name": "Azulmarino",
        "opening_hours": "Mo-Fr 09:30-20:00",
        "names": [
          "Azulmarino",
          "Rosa Clar\u00e1"
        ]
      },
      "geometry": {
        "type": "Point",
        "coordinates": [
          -1.983132,
          43.3169396
        ]
      }
    },
    {
      "type": "Feature",
      "properties": {
        "weight": 1.0,
        "id": 620115402,
        "hasDetails": true,
        "name": "San Martin 44",
        "address": "San Martin kalea 44, Donostia / San Sebasti\u00e1n",
        "opening_hours": "Mo-Fr 08:00-21:00; Sa 08:00-14:00"
      },
      "geometry": {
        "type": "Point",
        "coordinates": [
          -1.9835785,
          43.3169567
        ]
      }
    },
    {
      "type": "Feature",
      "properties": {
        "weight": 1.0,
        "id": 13555599654,
        "hasDetails": true,
        "name": "Halo",
        "address": "Hondarribia kalea 27",
        "website": "https://halodonostia.com/"
      },
      "geometry": {
        "type": "Point",
        "coordinates": [
          -1.9806948,
          43.3169596
        ]
      }
    },
    {
      "type": "Feature",
      "properties": {
        "weight": 1.0,
        "id": 12636073401,
        "hasDetails": true,
        "name": "Raw Vintage",
        "address": "Artzain Onaren plaza 6",
        "opening_hours": "Mo-Su 11:00-15:00, 16:00-20:00"
      },
      "geometry": {
        "type": "Point",
        "coordinates": [
          -1.9823208,
          43.3169795
        ]
      }
    },
    {
      "type": "Feature",
      "properties": {
        "weight": 1.0
      },
      "geometry": {
        "type": "Point",
        "coordinates": [
          -1.9285879,
          43.3170041
        ]
      }
    },
    {
      "type": "Feature",
      "properties": {
        "weight": 1.0
      },
      "geometry": {
        "type": "Point",
        "coordinates": [
          -1.9838066,
          43.317021
        ]
      }
    },
    {
      "type": "Feature",
      "properties": {
        "weight": 1.0
      },
      "geometry": {
        "type": "Point",
        "coordinates": [
          -1.9188048,
          43.3170225
        ]
      }
    },
    {
      "type": "Feature",
      "properties": {
        "weight": 1.0,
        "id": 13304616730,
        "hasDetails": true,
        "name": "D'ale",
        "address": "San Martin kalea 40"
      },
      "geometry": {
        "type": "Point",
        "coordinates": [
          -1.9833883,
          43.3170263
        ]
      }
    },
    {
      "type": "Feature",
      "properties": {
        "weight": 1.0,
        "id": 14144204101,
        "hasDetails": true,
        "name": "pepco",
        "address": "Easo kalea 12"
      },
      "geometry": {
        "type": "Point",
        "coordinates": [
          -1.9840791,
          43.3170317
        ]
      }
    },
    {
      "type": "Feature",
      "properties": {
        "weight": 1.0
      },
      "geometry": {
        "type": "Point",
        "coordinates": [
          -1.9185881,
          43.3170339
        ]
      }
    },
    {
      "type": "Feature",
      "properties": {
        "weight": 1.0
      },
      "geometry": {
        "type": "Point",
        "coordinates": [
          -1.9747238,
          43.3170394
        ]
      }
    },
    {
      "type": "Feature",
      "properties": {
        "weight": 1.0
      },
      "geometry": {
        "type": "Point",
        "coordinates": [
          -1.9693382,
          43.3170728
        ]
      }
    },
    {
      "type": "Feature",
      "properties": {
        "weight": 1.0
      },
      "geometry": {
        "type": "Point",
        "coordinates": [
          -1.982674,
          43.3170943
        ]
      }
    },
    {
      "type": "Feature",
      "properties": {
        "weight": 1.0,
        "id": 13304616728,
        "hasDetails": true,
        "name": "Miss Manuki",
        "address": "San Martin kalea 36",
        "opening_hours": "Mo-Sa 10:30-14:00,16:00-20:00",
        "names": [
          "Miss Manuki",
          "Legends"
        ]
      },
      "geometry": {
        "type": "Point",
        "coordinates": [
          -1.9831957,
          43.3171033
        ]
      }
    },
    {
      "type": "Feature",
      "properties": {
        "weight": 1.0,
        "id": 13300706165,
        "hasDetails": true,
        "name": "Tahona",
        "address": "Easo kalea 21"
      },
      "geometry": {
        "type": "Point",
        "coordinates": [
          -1.9838769,
          43.3171204
        ]
      }
    },
    {
      "type": "Feature",
      "properties": {
        "weight": 1.0
      },
      "geometry": {
        "type": "Point",
        "coordinates": [
          -1.9184794,
          43.3171324
        ]
      }
    },
    {
      "type": "Feature",
      "properties": {
        "weight": 1.0
      },
      "geometry": {
        "type": "Point",
        "coordinates": [
          -1.9279785,
          43.3171341
        ]
      }
    },
    {
      "type": "Feature",
      "properties": {
        "weight": 1.0,
        "id": 13555599656,
        "hasDetails": true,
        "name": "Cocinadecor",
        "website": "https://www.cocinadecor.net/"
      },
      "geometry": {
        "type": "Point",
        "coordinates": [
          -1.9806986,
          43.3171435
        ]
      }
    },
    {
      "type": "Feature",
      "properties": {
        "weight": 1.0
      },
      "geometry": {
        "type": "Point",
        "coordinates": [
          -1.969194,
          43.3171475
        ]
      }
    },
    {
      "type": "Feature",
      "properties": {
        "weight": 1.0
      },
      "geometry": {
        "type": "Point",
        "coordinates": [
          -1.9747292,
          43.3171508
        ]
      }
    },
    {
      "type": "Feature",
      "properties": {
        "weight": 1.0
      },
      "geometry": {
        "type": "Point",
        "coordinates": [
          -1.9303817,
          43.3171602
        ]
      }
    },
    {
      "type": "Feature",
      "properties": {
        "weight": 1.0,
        "id": 13304616727,
        "hasDetails": true,
        "name": "Sacher",
        "address": "Urbieta kalea 22",
        "opening_hours": "Mo-Sa 10:00-20:00"
      },
      "geometry": {
        "type": "Point",
        "coordinates": [
          -1.9830889,
          43.3171608
        ]
      }
    },
    {
      "type": "Feature",
      "properties": {
        "weight": 1.0
      },
      "geometry": {
        "type": "Point",
        "coordinates": [
          -1.9717483,
          43.3171641
        ]
      }
    },
    {
      "type": "Feature",
      "properties": {
        "weight": 1.0
      },
      "geometry": {
        "type": "Point",
        "coordinates": [
          -1.9805509,
          43.3171969
        ]
      }
    },
    {
      "type": "Feature",
      "properties": {
        "weight": 1.0
      },
      "geometry": {
        "type": "Point",
        "coordinates": [
          -1.9839559,
          43.3171987
        ]
      }
    },
    {
      "type": "Feature",
      "properties": {
        "weight": 1.0
      },
      "geometry": {
        "type": "Point",
        "coordinates": [
          -1.9689734,
          43.317234
        ]
      }
    },
    {
      "type": "Feature",
      "properties": {
        "weight": 1.0,
        "id": 4167247564,
        "hasDetails": true,
        "name": "Gutizi",
        "address": "Eskalantegi kalea 38, Pasaia"
      },
      "geometry": {
        "type": "Point",
        "coordinates": [
          -1.9187103,
          43.3172495
        ]
      }
    },
    {
      "type": "Feature",
      "properties": {
        "weight": 1.0
      },
      "geometry": {
        "type": "Point",
        "coordinates": [
          -1.9845847,
          43.3172574
        ]
      }
    },
    {
      "type": "Feature",
      "properties": {
        "weight": 1.0,
        "id": 12435172259,
        "hasDetails": true,
        "name": "Yves Rocher",
        "address": "Urbieta kalea 22",
        "opening_hours": "Mo-Fr 09:30-20:00; Sa 10:00-20:00"
      },
      "geometry": {
        "type": "Point",
        "coordinates": [
          -1.9831348,
          43.3172753
        ]
      }
    },
    {
      "type": "Feature",
      "properties": {
        "weight": 1.0
      },
      "geometry": {
        "type": "Point",
        "coordinates": [
          -1.9150265,
          43.3172927
        ]
      }
    },
    {
      "type": "Feature",
      "properties": {
        "weight": 1.0,
        "id": 13300706162,
        "hasDetails": true,
        "name": "Aramendia",
        "address": "Easo kalea 15, Donostia / San Sebasti\u00e1n"
      },
      "geometry": {
        "type": "Point",
        "coordinates": [
          -1.9840108,
          43.3173094
        ]
      }
    },
    {
      "type": "Feature",
      "properties": {
        "weight": 1.0
      },
      "geometry": {
        "type": "Point",
        "coordinates": [
          -1.9828396,
          43.3173141
        ]
      }
    },
    {
      "type": "Feature",
      "properties": {
        "weight": 1.0
      },
      "geometry": {
        "type": "Point",
        "coordinates": [
          -1.9806974,
          43.3173326
        ]
      }
    },
    {
      "type": "Feature",
      "properties": {
        "weight": 1.0
      },
      "geometry": {
        "type": "Point",
        "coordinates": [
          -1.9826578,
          43.3173465
        ]
      }
    },
    {
      "type": "Feature",
      "properties": {
        "weight": 1.0
      },
      "geometry": {
        "type": "Point",
        "coordinates": [
          -1.9849987,
          43.3173466
        ]
      }
    },
    {
      "type": "Feature",
      "properties": {
        "weight": 1.0,
        "id": 8818391887,
        "hasDetails": true,
        "name": "Uecko",
        "address": "Arrasate kalea 47",
        "website": "https://ueckodonostia.com/"
      },
      "geometry": {
        "type": "Point",
        "coordinates": [
          -1.9838884,
          43.3173558
        ]
      }
    },
    {
      "type": "Feature",
      "properties": {
        "weight": 1.0,
        "id": 5393688493,
        "hasDetails": true,
        "name": "Un Jardin y M\u00e1s",
        "address": "Hondarribia kalea 23, Donostia / San Sebasti\u00e1n",
        "names": [
          "Un Jardin y M\u00e1s",
          "Zubiri"
        ]
      },
      "geometry": {
        "type": "Point",
        "coordinates": [
          -1.9809815,
          43.317372
        ]
      }
    },
    {
      "type": "Feature",
      "properties": {
        "weight": 1.0
      },
      "geometry": {
        "type": "Point",
        "coordinates": [
          -1.9814438,
          43.3173747
        ]
      }
    },
    {
      "type": "Feature",
      "properties": {
        "weight": 1.0
      },
      "geometry": {
        "type": "Point",
        "coordinates": [
          -1.9706453,
          43.3173903
        ]
      }
    },
    {
      "type": "Feature",
      "properties": {
        "weight": 1.0,
        "id": 566272079,
        "hasDetails": true,
        "name": "Ogi Berri",
        "opening_hours": "Mo-Su 07:30-20:30"
      },
      "geometry": {
        "type": "Point",
        "coordinates": [
          -1.9832306,
          43.3173955
        ]
      }
    },
    {
      "type": "Feature",
      "properties": {
        "weight": 1.0,
        "id": 13300706147,
        "hasDetails": true,
        "name": "Mar\u00eda Kala's",
        "address": "Easo kalea 8, Donostia / San Sebasti\u00e1n",
        "website": "https://www.mariakalas.com"
      },
      "geometry": {
        "type": "Point",
        "coordinates": [
          -1.9843598,
          43.3174328
        ]
      }
    },
    {
      "type": "Feature",
      "properties": {
        "weight": 1.0,
        "id": 8976560959,
        "hasDetails": true,
        "name": "Mauge Campo",
        "address": "Bilbao plaza 2",
        "website": "https://maugecampo.com/",
        "names": [
          "Mauge Campo",
          "Librer\u00eda DONOSTI"
        ]
      },
      "geometry": {
        "type": "Point",
        "coordinates": [
          -1.9803855,
          43.3174488
        ]
      }
    },
    {
      "type": "Feature",
      "properties": {
        "weight": 1.0,
        "id": 13356786536,
        "hasDetails": true,
        "name": "Megacalzado",
        "website": "https://www.megacalzado.com/"
      },
      "geometry": {
        "type": "Point",
        "coordinates": [
          -1.9829433,
          43.31745
        ]
      }
    },
    {
      "type": "Feature",
      "properties": {
        "weight": 1.0
      },
      "geometry": {
        "type": "Point",
        "coordinates": [
          -1.9840115,
          43.3174551
        ]
      }
    },
    {
      "type": "Feature",
      "properties": {
        "weight": 1.0
      },
      "geometry": {
        "type": "Point",
        "coordinates": [
          -1.9822205,
          43.3174586
        ]
      }
    },
    {
      "type": "Feature",
      "properties": {
        "weight": 1.0,
        "id": 9969989318,
        "hasDetails": true,
        "name": "Hunky Dory Laboratory",
        "address": "Zaragoza plaza 1",
        "website": "https://hunkydorylab.com/"
      },
      "geometry": {
        "type": "Point",
        "coordinates": [
          -1.9850856,
          43.3174612
        ]
      }
    },
    {
      "type": "Feature",
      "properties": {
        "weight": 1.0,
        "id": 11598864095,
        "hasDetails": true,
        "name": "Lody's",
        "address": "Gelasio Aranburu kalea 3"
      },
      "geometry": {
        "type": "Point",
        "coordinates": [
          -1.9165668,
          43.3174981
        ]
      }
    },
    {
      "type": "Feature",
      "properties": {
        "weight": 1.0,
        "id": 13555599661,
        "hasDetails": true,
        "name": "Berriz",
        "address": "Hondarribia kalea 21",
        "website": "https://berrizmoda.com/"
      },
      "geometry": {
        "type": "Point",
        "coordinates": [
          -1.9810681,
          43.3174992
        ]
      }
    },
    {
      "type": "Feature",
      "properties": {
        "weight": 1.0
      },
      "geometry": {
        "type": "Point",
        "coordinates": [
          -1.9707373,
          43.3175002
        ]
      }
    },
    {
      "type": "Feature",
      "properties": {
        "weight": 1.0,
        "id": 1327938290,
        "hasDetails": true,
        "name": "Abegi",
        "address": "Irurak 4, Donostia / San Sebasti\u00e1n"
      },
      "geometry": {
        "type": "Point",
        "coordinates": [
          -1.9523752,
          43.3175102
        ]
      }
    },
    {
      "type": "Feature",
      "properties": {
        "weight": 1.0,
        "id": 13300706148,
        "hasDetails": true,
        "name": "Errotaundi",
        "address": "Easo kalea 8, Donostia / San Sebasti\u00e1n"
      },
      "geometry": {
        "type": "Point",
        "coordinates": [
          -1.9844244,
          43.3175115
        ]
      }
    },
    {
      "type": "Feature",
      "properties": {
        "weight": 1.0
      },
      "geometry": {
        "type": "Point",
        "coordinates": [
          -1.9302721,
          43.3175168
        ]
      }
    },
    {
      "type": "Feature",
      "properties": {
        "weight": 1.0,
        "id": 1327938212,
        "hasDetails": true,
        "name": "Mari Carmen",
        "opening_hours": "Tu-Sa 09:00-14:00"
      },
      "geometry": {
        "type": "Point",
        "coordinates": [
          -1.9526246,
          43.3175297
        ]
      }
    },
    {
      "type": "Feature",
      "properties": {
        "weight": 1.0,
        "id": 13300706171,
        "hasDetails": true,
        "name": "Kave Home",
        "address": "Urbieta kalea 18",
        "opening_hours": "Mo-Fr 10:00-20:30; Sa 10:00-20:30"
      },
      "geometry": {
        "type": "Point",
        "coordinates": [
          -1.9833551,
          43.3175382
        ]
      }
    },
    {
      "type": "Feature",
      "properties": {
        "weight": 1.0
      },
      "geometry": {
        "type": "Point",
        "coordinates": [
          -1.969477,
          43.3175413
        ]
      }
    },
    {
      "type": "Feature",
      "properties": {
        "weight": 1.0,
        "id": 13304694545,
        "hasDetails": true,
        "name": "BM",
        "address": "Arrasate kalea 44",
        "names": [
          "BM",
          "Tatano"
        ]
      },
      "geometry": {
        "type": "Point",
        "coordinates": [
          -1.9837488,
          43.3175579
        ]
      }
    },
    {
      "type": "Feature",
      "properties": {
        "weight": 1.0,
        "id": 8635846925,
        "hasDetails": true,
        "name": "La Tahona",
        "address": "Karmengo Andre Mariaren kalea"
      },
      "geometry": {
        "type": "Point",
        "coordinates": [
          -1.9698703,
          43.3175695
        ]
      }
    },
    {
      "type": "Feature",
      "properties": {
        "weight": 1.0,
        "id": 13356786537,
        "hasDetails": true,
        "name": "Shimai",
        "address": "Urbieta kalea 11"
      },
      "geometry": {
        "type": "Point",
        "coordinates": [
          -1.9830229,
          43.3175723
        ]
      }
    },
    {
      "type": "Feature",
      "properties": {
        "weight": 1.0
      },
      "geometry": {
        "type": "Point",
        "coordinates": [
          -1.9686036,
          43.3175785
        ]
      }
    },
    {
      "type": "Feature",
      "properties": {
        "weight": 1.0
      },
      "geometry": {
        "type": "Point",
        "coordinates": [
          -1.9813956,
          43.3176088
        ]
      }
    },
    {
      "type": "Feature",
      "properties": {
        "weight": 1.0,
        "id": 8635884617,
        "hasDetails": true,
        "name": "Mu\u00f1oa",
        "address": "Karmengo Andre Mariaren kalea",
        "opening_hours": "Mo-Th 09:00-13:00,15:30-19:00; Fr 09:00-19:00; Sa 08:00-13:00"
      },
      "geometry": {
        "type": "Point",
        "coordinates": [
          -1.9697467,
          43.3176094
        ]
      }
    },
    {
      "type": "Feature",
      "properties": {
        "weight": 1.0
      },
      "geometry": {
        "type": "Point",
        "coordinates": [
          -1.9183831,
          43.3176133
        ]
      }
    },
    {
      "type": "Feature",
      "properties": {
        "weight": 1.0
      },
      "geometry": {
        "type": "Point",
        "coordinates": [
          -1.9170016,
          43.3176139
        ]
      }
    },
    {
      "type": "Feature",
      "properties": {
        "weight": 1.0
      },
      "geometry": {
        "type": "Point",
        "coordinates": [
          -1.9820692,
          43.3176141
        ]
      }
    },
    {
      "type": "Feature",
      "properties": {
        "weight": 1.0,
        "id": 13304694558,
        "hasDetails": true,
        "name": "Neu",
        "address": "Easo kalea 11",
        "website": "https://www.neudonostia.eu/",
        "names": [
          "Neu",
          "Ulian"
        ]
      },
      "geometry": {
        "type": "Point",
        "coordinates": [
          -1.9842267,
          43.3176144
        ]
      }
    },
    {
      "type": "Feature",
      "properties": {
        "weight": 1.0,
        "id": 620111808,
        "hasDetails": true,
        "name": "Txirristra",
        "address": "Arrasate kalea 38, Donostia / San Sebasti\u00e1n"
      },
      "geometry": {
        "type": "Point",
        "coordinates": [
          -1.9835896,
          43.3176146
        ]
      }
    },
    {
      "type": "Feature",
      "properties": {
        "weight": 1.0,
        "id": 13367503893,
        "hasDetails": true,
        "name": "Concha",
        "address": "Bilbao plaza 1"
      },
      "geometry": {
        "type": "Point",
        "coordinates": [
          -1.9799452,
          43.3176235
        ]
      }
    },
    {
      "type": "Feature",
      "properties": {
        "weight": 1.0
      },
      "geometry": {
        "type": "Point",
        "coordinates": [
          -1.9811549,
          43.317624
        ]
      }
    },
    {
      "type": "Feature",
      "properties": {
        "weight": 1.0,
        "id": 8635884717,
        "hasDetails": true,
        "name": "Zelaia",
        "address": "Karmengo Andre Mariaren kalea 33",
        "names": [
          "Zelaia",
          "Bronte"
        ]
      },
      "geometry": {
        "type": "Point",
        "coordinates": [
          -1.9696305,
          43.317661
        ]
      }
    },
    {
      "type": "Feature",
      "properties": {
        "weight": 1.0,
        "id": 11496957148,
        "hasDetails": true,
        "name": "Bio",
        "address": "Mandasko Dukearen pasealekua 44"
      },
      "geometry": {
        "type": "Point",
        "coordinates": [
          -1.9758684,
          43.31767
        ]
      }
    },
    {
      "type": "Feature",
      "properties": {
        "weight": 1.0,
        "id": 13300706172,
        "hasDetails": true,
        "name": "Optica 2000",
        "address": "Urbieta kalea 16, Donostia / San Sebasti\u00e1n",
        "opening_hours": "Mo-Fr 09:30-20:30; Sa 09:30-15:00"
      },
      "geometry": {
        "type": "Point",
        "coordinates": [
          -1.9834405,
          43.3176737
        ]
      }
    },
    {
      "type": "Feature",
      "properties": {
        "weight": 1.0,
        "id": 13356786540,
        "hasDetails": true,
        "name": "Sephora",
        "address": "Loiola kalea 12"
      },
      "geometry": {
        "type": "Point",
        "coordinates": [
          -1.9823764,
          43.3176822
        ]
      }
    },
    {
      "type": "Feature",
      "properties": {
        "weight": 1.0,
        "id": 11845667369,
        "hasDetails": true,
        "name": "BLAW",
        "address": "Getaria kalea 20",
        "website": "https://blawstore.com/",
        "opening_hours": "Mo-Sa 10:30-20:30"
      },
      "geometry": {
        "type": "Point",
        "coordinates": [
          -1.9804116,
          43.317683
        ]
      }
    },
    {
      "type": "Feature",
      "properties": {
        "weight": 1.0
      },
      "geometry": {
        "type": "Point",
        "coordinates": [
          -1.9187532,
          43.317722
        ]
      }
    },
    {
      "type": "Feature",
      "properties": {
        "weight": 1.0
      },
      "geometry": {
        "type": "Point",
        "coordinates": [
          -1.9828431,
          43.3177323
        ]
      }
    },
    {
      "type": "Feature",
      "properties": {
        "weight": 1.0
      },
      "geometry": {
        "type": "Point",
        "coordinates": [
          -1.9821544,
          43.3177345
        ]
      }
    },
    {
      "type": "Feature",
      "properties": {
        "weight": 1.0,
        "id": 13367503881,
        "hasDetails": true,
        "address": "Prim kalea 8",
        "website": "https://www.yolandatorresatelier.com/"
      },
      "geometry": {
        "type": "Point",
        "coordinates": [
          -1.9798884,
          43.3177349
        ]
      }
    },
    {
      "type": "Feature",
      "properties": {
        "weight": 1.0,
        "id": 13367503892,
        "hasDetails": true,
        "name": "Kado",
        "address": "Getaria kalea 23",
        "website": "https://kadoatmosphere.com/"
      },
      "geometry": {
        "type": "Point",
        "coordinates": [
          -1.9801935,
          43.3177484
        ]
      }
    },
    {
      "type": "Feature",
      "properties": {
        "weight": 1.0
      },
      "geometry": {
        "type": "Point",
        "coordinates": [
          -1.9294648,
          43.3177542
        ]
      }
    },
    {
      "type": "Feature",
      "properties": {
        "weight": 1.0,
        "id": 8635885217,
        "hasDetails": true,
        "name": "Txaro",
        "address": "Karmengo Andre Mariaren kalea"
      },
      "geometry": {
        "type": "Point",
        "coordinates": [
          -1.968894,
          43.3177783
        ]
      }
    },
    {
      "type": "Feature",
      "properties": {
        "weight": 1.0
      },
      "geometry": {
        "type": "Point",
        "coordinates": [
          -1.9188684,
          43.3177935
        ]
      }
    },
    {
      "type": "Feature",
      "properties": {
        "weight": 1.0
      },
      "geometry": {
        "type": "Point",
        "coordinates": [
          -1.9150793,
          43.3177985
        ]
      }
    },
    {
      "type": "Feature",
      "properties": {
        "weight": 1.0,
        "id": 13304694549,
        "hasDetails": true,
        "name": "Perfumer\u00eda Urbieta",
        "address": "Urbieta kalea 14",
        "website": "https://www.perfumeriaurbieta.com/",
        "opening_hours": "Mo-Sa 10:00-13:30, 16:00-20:00",
        "names": [
          "Perfumer\u00eda Urbieta",
          "Simorra"
        ]
      },
      "geometry": {
        "type": "Point",
        "coordinates": [
          -1.9835118,
          43.3177997
        ]
      }
    },
    {
      "type": "Feature",
      "properties": {
        "weight": 1.0,
        "id": 12435820991,
        "hasDetails": true,
        "name": "Punt Roma",
        "address": "Arrasate kalea 31",
        "names": [
          "Punt Roma",
          "Don Pascual"
        ]
      },
      "geometry": {
        "type": "Point",
        "coordinates": [
          -1.9826297,
          43.3178137
        ]
      }
    },
    {
      "type": "Feature",
      "properties": {
        "weight": 1.0,
        "id": 13367503890,
        "hasDetails": true,
        "name": "Lekuona",
        "address": "Getaria kalea 21",
        "names": [
          "Lekuona",
          "Oreka Market"
        ]
      },
      "geometry": {
        "type": "Point",
        "coordinates": [
          -1.9802545,
          43.317834
        ]
      }
    },
    {
      "type": "Feature",
      "properties": {
        "weight": 1.0,
        "id": 13356786415,
        "hasDetails": true,
        "name": "Ars\u00e8ne et les pipelettes",
        "address": "San Martin kalea 18",
        "website": "https://www.arseneetlespipelettes.com/"
      },
      "geometry": {
        "type": "Point",
        "coordinates": [
          -1.9812932,
          43.3178381
        ]
      }
    },
    {
      "type": "Feature",
      "properties": {
        "weight": 1.0,
        "id": 12435222515,
        "hasDetails": true,
        "name": "Desigual",
        "address": "Loiola kalea 19"
      },
      "geometry": {
        "type": "Point",
        "coordinates": [
          -1.9822292,
          43.3178402
        ]
      }
    },
    {
      "type": "Feature",
      "properties": {
        "weight": 1.0,
        "id": 12435820990,
        "hasDetails": true,
        "name": "Orange",
        "address": "Loiola kalea 10"
      },
      "geometry": {
        "type": "Point",
        "coordinates": [
          -1.9824982,
          43.3178517
        ]
      }
    },
    {
      "type": "Feature",
      "properties": {
        "weight": 1.0
      },
      "geometry": {
        "type": "Point",
        "coordinates": [
          -1.9303474,
          43.3178596
        ]
      }
    },
    {
      "type": "Feature",
      "properties": {
        "weight": 1.0,
        "id": 620105635,
        "hasDetails": true,
        "address": "San Martzial kalea 41, Donostia / San Sebasti\u00e1n"
      },
      "geometry": {
        "type": "Point",
        "coordinates": [
          -1.984296,
          43.3178739
        ]
      }
    },
    {
      "type": "Feature",
      "properties": {
        "weight": 1.0,
        "id": 13356786416,
        "hasDetails": true,
        "name": "Byblostours",
        "address": "San Martin kalea 16",
        "website": "https://www.byblostours.com/"
      },
      "geometry": {
        "type": "Point",
        "coordinates": [
          -1.9811717,
          43.3178744
        ]
      }
    },
    {
      "type": "Feature",
      "properties": {
        "weight": 1.0,
        "id": 13367503886,
        "hasDetails": true,
        "name": "MK",
        "address": "Prim kalea 4",
        "website": "https://www.mkdonosti.com/"
      },
      "geometry": {
        "type": "Point",
        "coordinates": [
          -1.979866,
          43.3179193
        ]
      }
    },
    {
      "type": "Feature",
      "properties": {
        "weight": 1.0,
        "id": 8635885017,
        "hasDetails": true,
        "name": "Ogi Berri",
        "address": "Karmengo Andre Mariaren kalea",
        "names": [
          "Ogi Berri",
          "Calzados Citores"
        ]
      },
      "geometry": {
        "type": "Point",
        "coordinates": [
          -1.9691071,
          43.3179275
        ]
      }
    },
    {
      "type": "Feature",
      "properties": {
        "weight": 1.0,
        "id": 13356786417,
        "hasDetails": true,
        "name": "Box",
        "address": "San Martin kalea 12"
      },
      "geometry": {
        "type": "Point",
        "coordinates": [
          -1.9809733,
          43.3179395
        ]
      }
    },
    {
      "type": "Feature",
      "properties": {
        "weight": 1.0,
        "id": 13304694550,
        "hasDetails": true,
        "name": "Silbon",
        "address": "Urbieta kalea 10",
        "website": "https://www.silbonshop.com/",
        "opening_hours": "Mo-Th 10:30-14:00,17:00-20:00; Fr,Sa 10:00-20:00",
        "names": [
          "Silbon",
          "Mr. Blue"
        ]
      },
      "geometry": {
        "type": "Point",
        "coordinates": [
          -1.9836155,
          43.3179538
        ]
      }
    },
    {
      "type": "Feature",
      "properties": {
        "weight": 1.0,
        "id": 1344510800,
        "hasDetails": true,
        "name": "Fnac",
        "opening_hours": "Mo-Sa 09:30-21:30"
      },
      "geometry": {
        "type": "Point",
        "coordinates": [
          -1.9829361,
          43.3179703
        ]
      }
    },
    {
      "type": "Feature",
      "properties": {
        "weight": 1.0,
        "id": 8635945117,
        "hasDetails": true,
        "name": "Super Adarra",
        "address": "Karmengo Andre Mariaren kalea"
      },
      "geometry": {
        "type": "Point",
        "coordinates": [
          -1.9689491,
          43.317978
        ]
      }
    },
    {
      "type": "Feature",
      "properties": {
        "weight": 1.0,
        "id": 13304694553,
        "hasDetails": true,
        "name": "Maiz",
        "address": "San Martzial kalea 37",
        "website": "https://www.peluqueriamaiz.com/",
        "names": [
          "Maiz",
          "Ogi Berri"
        ]
      },
      "geometry": {
        "type": "Point",
        "coordinates": [
          -1.9839631,
          43.317992
        ]
      }
    },
    {
      "type": "Feature",
      "properties": {
        "weight": 1.0
      },
      "geometry": {
        "type": "Point",
        "coordinates": [
          -1.9177997,
          43.3179964
        ]
      }
    },
    {
      "type": "Feature",
      "properties": {
        "weight": 1.0,
        "id": 13356786418,
        "hasDetails": true,
        "name": "Sancarlos",
        "address": "San Martin kalea 10",
        "website": "https://sancarlos.es/"
      },
      "geometry": {
        "type": "Point",
        "coordinates": [
          -1.9808199,
          43.3179976
        ]
      }
    },
    {
      "type": "Feature",
      "properties": {
        "weight": 1.0,
        "id": 13285168102,
        "hasDetails": true,
        "name": "Norttek",
        "address": "Mandasko Dukearen pasealekua 33, Donostia / San Sebasti\u00e1n",
        "website": "https://norttek.com",
        "names": [
          "Norttek",
          "Itea"
        ]
      },
      "geometry": {
        "type": "Point",
        "coordinates": [
          -1.9745794,
          43.3180258
        ]
      }
    },
    {
      "type": "Feature",
      "properties": {
        "weight": 1.0
      },
      "geometry": {
        "type": "Point",
        "coordinates": [
          -1.9169639,
          43.3180355
        ]
      }
    },
    {
      "type": "Feature",
      "properties": {
        "weight": 1.0
      },
      "geometry": {
        "type": "Point",
        "coordinates": [
          -1.982058,
          43.3180372
        ]
      }
    },
    {
      "type": "Feature",
      "properties": {
        "weight": 1.0
      },
      "geometry": {
        "type": "Point",
        "coordinates": [
          -1.9337686,
          43.3180491
        ]
      }
    },
    {
      "type": "Feature",
      "properties": {
        "weight": 1.0,
        "id": 5173717997,
        "hasDetails": true,
        "name": "Mango",
        "address": "Hondarribia kalea 13, Donostia / San Sebasti\u00e1n"
      },
      "geometry": {
        "type": "Point",
        "coordinates": [
          -1.9814507,
          43.3180527
        ]
      }
    },
    {
      "type": "Feature",
      "properties": {
        "weight": 1.0,
        "id": 12435879024,
        "hasDetails": true,
        "name": "ALE-HOP",
        "address": "San Martzial kalea 35"
      },
      "geometry": {
        "type": "Point",
        "coordinates": [
          -1.9837165,
          43.3180542
        ]
      }
    },
    {
      "type": "Feature",
      "properties": {
        "weight": 1.0
      },
      "geometry": {
        "type": "Point",
        "coordinates": [
          -1.9806625,
          43.3180711
        ]
      }
    },
    {
      "type": "Feature",
      "properties": {
        "weight": 1.0,
        "id": 14068959931,
        "hasDetails": true,
        "name": "Maitl",
        "opening_hours": "Mo-Fr 10:00-14:00,16:00-20:00; Sa 11:00-14:00,16:00-19:00; Su off",
        "names": [
          "Maitl",
          "Ridel"
        ]
      },
      "geometry": {
        "type": "Point",
        "coordinates": [
          -1.9845589,
          43.3180811
        ]
      }
    },
    {
      "type": "Feature",
      "properties": {
        "weight": 1.0,
        "id": 6208480785,
        "hasDetails": true,
        "name": "Tezenis",
        "address": "Loiola kalea 15, Donostia / San Sebasti\u00e1n"
      },
      "geometry": {
        "type": "Point",
        "coordinates": [
          -1.9823913,
          43.3180817
        ]
      }
    },
    {
      "type": "Feature",
      "properties": {
        "weight": 1.0,
        "id": 23905941,
        "hasDetails": true,
        "name": "San Martin merkatalgunea",
        "address": "Urbieta kalea, Donostia / San Sebasti\u00e1n"
      },
      "geometry": {
        "type": "Point",
        "coordinates": [
          -1.9830159,
          43.3180854
        ]
      }
    },
    {
      "type": "Feature",
      "properties": {
        "weight": 1.0
      },
      "geometry": {
        "type": "Point",
        "coordinates": [
          -1.9818992,
          43.3180938
        ]
      }
    },
    {
      "type": "Feature",
      "properties": {
        "weight": 1.0,
        "id": 8785450216,
        "hasDetails": true,
        "name": "General \u00d3ptica",
        "address": "Hondarribia kalea 18"
      },
      "geometry": {
        "type": "Point",
        "coordinates": [
          -1.9817741,
          43.3181237
        ]
      }
    },
    {
      "type": "Feature",
      "properties": {
        "weight": 1.0,
        "id": 11370494528,
        "hasDetails": true,
        "name": "Bengoetxea",
        "address": "Zarategi pasealekua 50, Donostia / San Sebasti\u00e1n",
        "opening_hours": "Mo-Fr 09:00-14:00,16:00-19:30; Sa 09:00-13:30"
      },
      "geometry": {
        "type": "Point",
        "coordinates": [
          -1.9550715,
          43.3181244
        ]
      }
    },
    {
      "type": "Feature",
      "properties": {
        "weight": 1.0
      },
      "geometry": {
        "type": "Point",
        "coordinates": [
          -1.98288,
          43.3181547
        ]
      }
    },
    {
      "type": "Feature",
      "properties": {
        "weight": 1.0,
        "id": 6208480787,
        "hasDetails": true,
        "name": "Etam",
        "address": "Loiola kalea 15, Donostia / San Sebasti\u00e1n"
      },
      "geometry": {
        "type": "Point",
        "coordinates": [
          -1.982459,
          43.3181781
        ]
      }
    },
    {
      "type": "Feature",
      "properties": {
        "weight": 1.0
      },
      "geometry": {
        "type": "Point",
        "coordinates": [
          -1.9745394,
          43.3181933
        ]
      }
    },
    {
      "type": "Feature",
      "properties": {
        "weight": 1.0
      },
      "geometry": {
        "type": "Point",
        "coordinates": [
          -1.9820287,
          43.3181992
        ]
      }
    },
    {
      "type": "Feature",
      "properties": {
        "weight": 1.0,
        "id": 12435820997,
        "hasDetails": true,
        "name": "Don Pascual",
        "address": "Hondarribia kalea 11",
        "website": "https://www.donpascual.es",
        "names": [
          "Don Pascual",
          "Barbour"
        ]
      },
      "geometry": {
        "type": "Point",
        "coordinates": [
          -1.9815314,
          43.3182078
        ]
      }
    },
    {
      "type": "Feature",
      "properties": {
        "weight": 1.0
      },
      "geometry": {
        "type": "Point",
        "coordinates": [
          -1.9004294,
          43.3182091
        ]
      }
    },
    {
      "type": "Feature",
      "properties": {
        "weight": 1.0,
        "id": 663120650,
        "hasDetails": true,
        "name": "Eroski",
        "address": "Karmengo Andre Mariaren kalea",
        "opening_hours": "Mo-Sa 09:00-21:00"
      },
      "geometry": {
        "type": "Point",
        "coordinates": [
          -1.9677533,
          43.3182256
        ]
      }
    },
    {
      "type": "Feature",
      "properties": {
        "weight": 1.0,
        "id": 620111850,
        "hasDetails": true,
        "name": "Muy Mucho",
        "address": "Getaria kalea 12, Donostia / San Sebasti\u00e1n",
        "website": "https://muymucho.es",
        "opening_hours": "Mo-Th 10:00-20:30; Fr-Sa 10:00-21:00; Su off"
      },
      "geometry": {
        "type": "Point",
        "coordinates": [
          -1.9807944,
          43.3182319
        ]
      }
    },
    {
      "type": "Feature",
      "properties": {
        "weight": 1.0,
        "id": 1344510798,
        "hasDetails": true,
        "name": "Zara",
        "address": "Urbieta kalea 9, Donostia / San Sebasti\u00e1n"
      },
      "geometry": {
        "type": "Point",
        "coordinates": [
          -1.9831204,
          43.3182341
        ]
      }
    },
    {
      "type": "Feature",
      "properties": {
        "weight": 1.0
      },
      "geometry": {
        "type": "Point",
        "coordinates": [
          -1.9814028,
          43.3182755
        ]
      }
    },
    {
      "type": "Feature",
      "properties": {
        "weight": 1.0
      },
      "geometry": {
        "type": "Point",
        "coordinates": [
          -1.9825427,
          43.3182973
        ]
      }
    },
    {
      "type": "Feature",
      "properties": {
        "weight": 1.0
      },
      "geometry": {
        "type": "Point",
        "coordinates": [
          -1.9835364,
          43.3183099
        ]
      }
    },
    {
      "type": "Feature",
      "properties": {
        "weight": 1.0
      },
      "geometry": {
        "type": "Point",
        "coordinates": [
          -1.9799979,
          43.318318
        ]
      }
    },
    {
      "type": "Feature",
      "properties": {
        "weight": 1.0
      },
      "geometry": {
        "type": "Point",
        "coordinates": [
          -1.9760177,
          43.3183314
        ]
      }
    },
    {
      "type": "Feature",
      "properties": {
        "weight": 1.0
      },
      "geometry": {
        "type": "Point",
        "coordinates": [
          -1.9808552,
          43.318337
        ]
      }
    },
    {
      "type": "Feature",
      "properties": {
        "weight": 1.0,
        "id": 12435820995,
        "hasDetails": true,
        "name": "Druni",
        "address": "Hondarribia kalea 9"
      },
      "geometry": {
        "type": "Point",
        "coordinates": [
          -1.9816479,
          43.3183456
        ]
      }
    },
    {
      "type": "Feature",
      "properties": {
        "weight": 1.0
      },
      "geometry": {
        "type": "Point",
        "coordinates": [
          -1.9833891,
          43.3183546
        ]
      }
    },
    {
      "type": "Feature",
      "properties": {
        "weight": 1.0
      },
      "geometry": {
        "type": "Point",
        "coordinates": [
          -1.9175201,
          43.3183849
        ]
      }
    },
    {
      "type": "Feature",
      "properties": {
        "weight": 1.0
      },
      "geometry": {
        "type": "Point",
        "coordinates": [
          -1.9826042,
          43.3183849
        ]
      }
    },
    {
      "type": "Feature",
      "properties": {
        "weight": 1.0,
        "id": 11573856246,
        "hasDetails": true,
        "name": "Quiksilver",
        "address": "Urbieta kalea 4, Donostia / San Sebasti\u00e1n"
      },
      "geometry": {
        "type": "Point",
        "coordinates": [
          -1.983913,
          43.3184021
        ]
      }
    },
    {
      "type": "Feature",
      "properties": {
        "weight": 1.0,
        "id": 12435820998,
        "hasDetails": true,
        "name": "Individual",
        "address": "Hondarribia kalea 14, Donostia / San Sebasti\u00e1n"
      },
      "geometry": {
        "type": "Point",
        "coordinates": [
          -1.9819643,
          43.3184186
        ]
      }
    },
    {
      "type": "Feature",
      "properties": {
        "weight": 1.0
      },
      "geometry": {
        "type": "Point",
        "coordinates": [
          -1.9845967,
          43.3184367
        ]
      }
    },
    {
      "type": "Feature",
      "properties": {
        "weight": 1.0,
        "id": 12241704900,
        "hasDetails": true,
        "name": "Natura",
        "opening_hours": "Mo-Fr 10:00-21:00; Sa 11:00-21:00"
      },
      "geometry": {
        "type": "Point",
        "coordinates": [
          -1.9809411,
          43.3184379
        ]
      }
    },
    {
      "type": "Feature",
      "properties": {
        "weight": 1.0,
        "id": 13348203851,
        "hasDetails": true,
        "name": "Redskins",
        "address": "Arrasate kalea 16",
        "names": [
          "Redskins",
          "Hugo Boss"
        ]
      },
      "geometry": {
        "type": "Point",
        "coordinates": [
          -1.9813818,
          43.3184407
        ]
      }
    },
    {
      "type": "Feature",
      "properties": {
        "weight": 1.0
      },
      "geometry": {
        "type": "Point",
        "coordinates": [
          -1.9290549,
          43.318454
        ]
      }
    },
    {
      "type": "Feature",
      "properties": {
        "weight": 1.0,
        "id": 12502792311,
        "hasDetails": true,
        "name": "Bastida Sukaldeak",
        "website": "https://bastidasukaldeak.com/"
      },
      "geometry": {
        "type": "Point",
        "coordinates": [
          -1.9796195,
          43.3184605
        ]
      }
    },
    {
      "type": "Feature",
      "properties": {
        "weight": 1.0
      },
      "geometry": {
        "type": "Point",
        "coordinates": [
          -1.9826271,
          43.318474
        ]
      }
    },
    {
      "type": "Feature",
      "properties": {
        "weight": 1.0
      },
      "geometry": {
        "type": "Point",
        "coordinates": [
          -1.928815,
          43.318479
        ]
      }
    },
    {
      "type": "Feature",
      "properties": {
        "weight": 1.0
      },
      "geometry": {
        "type": "Point",
        "coordinates": [
          -1.9181586,
          43.3184805
        ]
      }
    },
    {
      "type": "Feature",
      "properties": {
        "weight": 1.0,
        "id": 12435820999,
        "hasDetails": true,
        "name": "Paco Martinez",
        "address": "Hondarribia kalea 7"
      },
      "geometry": {
        "type": "Point",
        "coordinates": [
          -1.9817574,
          43.3184912
        ]
      }
    },
    {
      "type": "Feature",
      "properties": {
        "weight": 1.0
      },
      "geometry": {
        "type": "Point",
        "coordinates": [
          -1.9820233,
          43.3185059
        ]
      }
    },
    {
      "type": "Feature",
      "properties": {
        "weight": 1.0
      },
      "geometry": {
        "type": "Point",
        "coordinates": [
          -1.9836858,
          43.3185081
        ]
      }
    },
    {
      "type": "Feature",
      "properties": {
        "weight": 1.0
      },
      "geometry": {
        "type": "Point",
        "coordinates": [
          -1.9807063,
          43.3185138
        ]
      }
    },
    {
      "type": "Feature",
      "properties": {
        "weight": 1.0,
        "id": 13355117131,
        "hasDetails": true,
        "name": "Valentina",
        "address": "Bergara kalea 18",
        "website": "https://www.valentinashop.es/",
        "names": [
          "Valentina",
          "Eseri"
        ]
      },
      "geometry": {
        "type": "Point",
        "coordinates": [
          -1.9800026,
          43.3185162
        ]
      }
    },
    {
      "type": "Feature",
      "properties": {
        "weight": 1.0,
        "id": 13348203852,
        "hasDetails": true,
        "name": "Indi & Cold",
        "address": "Arrasate kalea 14",
        "names": [
          "Indi & Cold",
          "Garibay",
          "Itxiar"
        ]
      },
      "geometry": {
        "type": "Point",
        "coordinates": [
          -1.9811849,
          43.3185183
        ]
      }
    },
    {
      "type": "Feature",
      "properties": {
        "weight": 1.0
      },
      "geometry": {
        "type": "Point",
        "coordinates": [
          -1.9168205,
          43.3185318
        ]
      }
    },
    {
      "type": "Feature",
      "properties": {
        "weight": 1.0
      },
      "geometry": {
        "type": "Point",
        "coordinates": [
          -1.9744578,
          43.3185349
        ]
      }
    },
    {
      "type": "Feature",
      "properties": {
        "weight": 1.0,
        "id": 14068952968,
        "hasDetails": true,
        "name": "Cristina",
        "opening_hours": "Mo-Fr 10:30-14:00,17:00-20:30; Sa 17:30-20:30",
        "names": [
          "Cristina",
          "Halc\u00f3n Viajes"
        ]
      },
      "geometry": {
        "type": "Point",
        "coordinates": [
          -1.9842941,
          43.3185466
        ]
      }
    },
    {
      "type": "Feature",
      "properties": {
        "weight": 1.0
      },
      "geometry": {
        "type": "Point",
        "coordinates": [
          -1.9575198,
          43.3185621
        ]
      }
    },
    {
      "type": "Feature",
      "properties": {
        "weight": 1.0,
        "id": 13348203855,
        "hasDetails": true,
        "name": "Blue Banana Brand",
        "address": "Getaria kalea 8",
        "website": "https://www.bluebananabrand.com/"
      },
      "geometry": {
        "type": "Point",
        "coordinates": [
          -1.9810424,
          43.3185783
        ]
      }
    },
    {
      "type": "Feature",
      "properties": {
        "weight": 1.0
      },
      "geometry": {
        "type": "Point",
        "coordinates": [
          -1.9827528,
          43.3186036
        ]
      }
    },
    {
      "type": "Feature",
      "properties": {
        "weight": 1.0,
        "id": 12502792312,
        "hasDetails": true,
        "name": "Maison & Deco",
        "website": "https://maisonydeco.es/"
      },
      "geometry": {
        "type": "Point",
        "coordinates": [
          -1.9797744,
          43.3186225
        ]
      }
    },
    {
      "type": "Feature",
      "properties": {
        "weight": 1.0,
        "id": 11573856245,
        "hasDetails": true,
        "name": "Gonz\u00e1lez Larrauri",
        "address": "Urbieta kalea 2",
        "website": "https://www.gonzalezlarrauri.net/",
        "opening_hours": "Mo-Fr 10:00-19:30; Sa 10:30-14:00"
      },
      "geometry": {
        "type": "Point",
        "coordinates": [
          -1.984071,
          43.3186285
        ]
      }
    },
    {
      "type": "Feature",
      "properties": {
        "weight": 1.0
      },
      "geometry": {
        "type": "Point",
        "coordinates": [
          -1.9186395,
          43.3186497
        ]
      }
    },
    {
      "type": "Feature",
      "properties": {
        "weight": 1.0,
        "id": 13348203856,
        "hasDetails": true,
        "name": "El rat\u00f3n de Getaria",
        "address": "Getaria kalea 8",
        "names": [
          "El rat\u00f3n de Getaria",
          "Rivera",
          "ese O ese"
        ]
      },
      "geometry": {
        "type": "Point",
        "coordinates": [
          -1.9811063,
          43.3186836
        ]
      }
    },
    {
      "type": "Feature",
      "properties": {
        "weight": 1.0,
        "id": 12435222509,
        "hasDetails": true,
        "name": "Hoff",
        "opening_hours": "Mo-Sa 10:00-20:30",
        "names": [
          "Hoff",
          "Brownie"
        ]
      },
      "geometry": {
        "type": "Point",
        "coordinates": [
          -1.9830736,
          43.318684
        ]
      }
    },
    {
      "type": "Feature",
      "properties": {
        "weight": 1.0
      },
      "geometry": {
        "type": "Point",
        "coordinates": [
          -1.928553,
          43.3186881
        ]
      }
    },
    {
      "type": "Feature",
      "properties": {
        "weight": 1.0
      },
      "geometry": {
        "type": "Point",
        "coordinates": [
          -1.9808291,
          43.3186923
        ]
      }
    },
    {
      "type": "Feature",
      "properties": {
        "weight": 1.0
      },
      "geometry": {
        "type": "Point",
        "coordinates": [
          -1.9828226,
          43.318702
        ]
      }
    },
    {
      "type": "Feature",
      "properties": {
        "weight": 1.0
      },
      "geometry": {
        "type": "Point",
        "coordinates": [
          -1.9838133,
          43.3187176
        ]
      }
    },
    {
      "type": "Feature",
      "properties": {
        "weight": 1.0,
        "id": 13355117128,
        "hasDetails": true,
        "name": "Irantzu",
        "address": "Bergara kalea 16",
        "website": "https://www.joyeriairantzu.com/"
      },
      "geometry": {
        "type": "Point",
        "coordinates": [
          -1.9801622,
          43.3187252
        ]
      }
    },
    {
      "type": "Feature",
      "properties": {
        "weight": 1.0,
        "id": 620119575,
        "hasDetails": true,
        "name": "Bershka",
        "address": "Hondarribia kalea 3,5, Donostia / San Sebasti\u00e1n"
      },
      "geometry": {
        "type": "Point",
        "coordinates": [
          -1.9818859,
          43.318727
        ]
      }
    },
    {
      "type": "Feature",
      "properties": {
        "weight": 1.0
      },
      "geometry": {
        "type": "Point",
        "coordinates": [
          -1.9175301,
          43.3187529
        ]
      }
    },
    {
      "type": "Feature",
      "properties": {
        "weight": 1.0
      },
      "geometry": {
        "type": "Point",
        "coordinates": [
          -1.9828797,
          43.3187832
        ]
      }
    },
    {
      "type": "Feature",
      "properties": {
        "weight": 1.0,
        "id": 13328435428,
        "hasDetails": true,
        "name": "Sketch Concept",
        "address": "Askatasunaren hiribidea 35"
      },
      "geometry": {
        "type": "Point",
        "coordinates": [
          -1.9836377,
          43.3188005
        ]
      }
    },
    {
      "type": "Feature",
      "properties": {
        "weight": 1.0,
        "id": 12502792313,
        "hasDetails": true,
        "name": "Mimma Gallery",
        "address": "Arrasate kalea 7, Donostia / San Sebasti\u00e1n",
        "website": "https://www.mimmagallery.com/"
      },
      "geometry": {
        "type": "Point",
        "coordinates": [
          -1.9798881,
          43.318802
        ]
      }
    },
    {
      "type": "Feature",
      "properties": {
        "weight": 1.0
      },
      "geometry": {
        "type": "Point",
        "coordinates": [
          -1.9822516,
          43.3188207
        ]
      }
    },
    {
      "type": "Feature",
      "properties": {
        "weight": 1.0
      },
      "geometry": {
        "type": "Point",
        "coordinates": [
          -1.9186196,
          43.3188305
        ]
      }
    },
    {
      "type": "Feature",
      "properties": {
        "weight": 1.0,
        "id": 1103328113,
        "hasDetails": true,
        "name": "Nespresso",
        "address": "San Martzial kalea 23, Donostia / San Sebasti\u00e1n",
        "names": [
          "Nespresso",
          "Decathlon City"
        ]
      },
      "geometry": {
        "type": "Point",
        "coordinates": [
          -1.9816621,
          43.3188402
        ]
      }
    },
    {
      "type": "Feature",
      "properties": {
        "weight": 1.0,
        "id": 620111858,
        "hasDetails": true,
        "name": "Galas",
        "address": "Getaria kalea 4, Donostia / San Sebasti\u00e1n",
        "website": "https://www.galasunnuevodonostia.es/",
        "names": [
          "Galas",
          "Pasteler\u00eda Aramendia"
        ]
      },
      "geometry": {
        "type": "Point",
        "coordinates": [
          -1.9812254,
          43.318849
        ]
      }
    },
    {
      "type": "Feature",
      "properties": {
        "weight": 1.0,
        "id": 12434086026,
        "hasDetails": true,
        "name": "Pull & Bear",
        "address": "Getaria kalea 7"
      },
      "geometry": {
        "type": "Point",
        "coordinates": [
          -1.9809567,
          43.3188659
        ]
      }
    },
    {
      "type": "Feature",
      "properties": {
        "weight": 1.0
      },
      "geometry": {
        "type": "Point",
        "coordinates": [
          -1.9829585,
          43.3188729
        ]
      }
    },
    {
      "type": "Feature",
      "properties": {
        "weight": 1.0,
        "id": 13155706175,
        "hasDetails": true,
        "name": "Swatch",
        "address": "Loiola kalea 2",
        "opening_hours": "Mo-Sa 10:00-20:30",
        "names": [
          "Swatch",
          "Rituals"
        ]
      },
      "geometry": {
        "type": "Point",
        "coordinates": [
          -1.9832083,
          43.3188743
        ]
      }
    },
    {
      "type": "Feature",
      "properties": {
        "weight": 1.0,
        "id": 12438416406,
        "hasDetails": true,
        "name": "Parfois",
        "address": "San Martzial kalea 19"
      },
      "geometry": {
        "type": "Point",
        "coordinates": [
          -1.9814425,
          43.3189218
        ]
      }
    },
    {
      "type": "Feature",
      "properties": {
        "weight": 1.0
      },
      "geometry": {
        "type": "Point",
        "coordinates": [
          -1.9817042,
          43.318985
        ]
      }
    },
    {
      "type": "Feature",
      "properties": {
        "weight": 1.0,
        "id": 4232543391,
        "hasDetails": true,
        "name": "Spar",
        "address": "Mandasko Dukearen pasealekua 19, Donostia / San Sebasti\u00e1n"
      },
      "geometry": {
        "type": "Point",
        "coordinates": [
          -1.974335,
          43.3189913
        ]
      }
    },
    {
      "type": "Feature",
      "properties": {
        "weight": 1.0
      },
      "geometry": {
        "type": "Point",
        "coordinates": [
          -1.9823736,
          43.3189987
        ]
      }
    },
    {
      "type": "Feature",
      "properties": {
        "weight": 1.0,
        "id": 1929281227,
        "hasDetails": true,
        "name": "Oysho",
        "address": "Loiola kalea 1, Donostia / San Sebasti\u00e1n"
      },
      "geometry": {
        "type": "Point",
        "coordinates": [
          -1.9830277,
          43.3190076
        ]
      }
    },
    {
      "type": "Feature",
      "properties": {
        "weight": 1.0,
        "id": 12502792314,
        "hasDetails": true,
        "name": "Sofarium",
        "address": "Arrasate kalea 1, Donostia / San Sebasti\u00e1n"
      },
      "geometry": {
        "type": "Point",
        "coordinates": [
          -1.9793635,
          43.3190127
        ]
      }
    },
    {
      "type": "Feature",
      "properties": {
        "weight": 1.0,
        "id": 10771435240,
        "hasDetails": true,
        "name": "Molde lanerako arropa",
        "address": "Nafarroa etorbidea 10",
        "website": "https://molde.eus",
        "opening_hours": "Mo-Fr 10:00-13:30, 15:00-20:00; Sa 10:00-13:30"
      },
      "geometry": {
        "type": "Point",
        "coordinates": [
          -1.9181251,
          43.3190154
        ]
      }
    },
    {
      "type": "Feature",
      "properties": {
        "weight": 1.0
      },
      "geometry": {
        "type": "Point",
        "coordinates": [
          -1.981058,
          43.3190302
        ]
      }
    },
    {
      "type": "Feature",
      "properties": {
        "weight": 1.0,
        "id": 13344160265,
        "hasDetails": true,
        "name": "Arrasate Lau",
        "address": "Arrasate kalea 4"
      },
      "geometry": {
        "type": "Point",
        "coordinates": [
          -1.9797261,
          43.3190655
        ]
      }
    },
    {
      "type": "Feature",
      "properties": {
        "weight": 1.0
      },
      "geometry": {
        "type": "Point",
        "coordinates": [
          -1.9828185,
          43.3191084
        ]
      }
    },
    {
      "type": "Feature",
      "properties": {
        "weight": 1.0,
        "id": 2429347062,
        "hasDetails": true,
        "name": "Stradivarius",
        "address": "Getaria kalea 2"
      },
      "geometry": {
        "type": "Point",
        "coordinates": [
          -1.9814119,
          43.3191161
        ]
      }
    },
    {
      "type": "Feature",
      "properties": {
        "weight": 1.0,
        "id": 5173717992,
        "hasDetails": true,
        "name": "Women'secret",
        "address": "San Martzial kalea 13"
      },
      "geometry": {
        "type": "Point",
        "coordinates": [
          -1.9808675,
          43.3191398
        ]
      }
    },
    {
      "type": "Feature",
      "properties": {
        "weight": 1.0,
        "id": 894525900,
        "hasDetails": true,
        "name": "Eroski",
        "opening_hours": "Mo-Sa 09:30-21:30"
      },
      "geometry": {
        "type": "Point",
        "coordinates": [
          -1.9751844,
          43.3191429
        ]
      }
    },
    {
      "type": "Feature",
      "properties": {
        "weight": 1.0,
        "id": 13311159053,
        "hasDetails": true,
        "name": "Primaprix",
        "address": "Bergara kalea 12"
      },
      "geometry": {
        "type": "Point",
        "coordinates": [
          -1.9804619,
          43.3191612
        ]
      }
    },
    {
      "type": "Feature",
      "properties": {
        "weight": 1.0,
        "id": 117632738,
        "hasDetails": true,
        "name": "Supermercado Todo-todo",
        "address": "Zubiaurre pasealekua"
      },
      "geometry": {
        "type": "Point",
        "coordinates": [
          -1.9506609,
          43.3191775
        ]
      }
    },
    {
      "type": "Feature",
      "properties": {
        "weight": 1.0,
        "id": 13311159055,
        "hasDetails": true,
        "name": "Lola Casademunt",
        "address": "San Martzial kalea 13",
        "website": "https://www.lolacasademunt.com/"
      },
      "geometry": {
        "type": "Point",
        "coordinates": [
          -1.98075,
          43.3191803
        ]
      }
    },
    {
      "type": "Feature",
      "properties": {
        "weight": 1.0
      },
      "geometry": {
        "type": "Point",
        "coordinates": [
          -1.9742699,
          43.3191878
        ]
      }
    },
    {
      "type": "Feature",
      "properties": {
        "weight": 1.0,
        "id": 12438416412,
        "hasDetails": true,
        "name": "Suarez",
        "website": "https://www.joyeriasuarez.com/"
      },
      "geometry": {
        "type": "Point",
        "coordinates": [
          -1.9825308,
          43.3192013
        ]
      }
    },
    {
      "type": "Feature",
      "properties": {
        "weight": 1.0,
        "id": 13304837191,
        "hasDetails": true,
        "name": "Minzu",
        "address": "San Martzial kalea 22",
        "website": "https://www.minzuoptica.com/"
      },
      "geometry": {
        "type": "Point",
        "coordinates": [
          -1.9810628,
          43.3192298
        ]
      }
    },
    {
      "type": "Feature",
      "properties": {
        "weight": 1.0,
        "id": 13304837190,
        "hasDetails": true,
        "name": "Noon",
        "address": "Getaria kalea 5"
      },
      "geometry": {
        "type": "Point",
        "coordinates": [
          -1.9812349,
          43.319232
        ]
      }
    },
    {
      "type": "Feature",
      "properties": {
        "weight": 1.0,
        "id": 13325076358,
        "hasDetails": true,
        "name": "Agurcho & Co",
        "address": "Miramar kalea 4",
        "website": "http://agurchoiruretagoyena.es"
      },
      "geometry": {
        "type": "Point",
        "coordinates": [
          -1.9842007,
          43.3192377
        ]
      }
    },
    {
      "type": "Feature",
      "properties": {
        "weight": 1.0,
        "id": 7128484685,
        "hasDetails": true,
        "name": "Ogi Berri",
        "address": "Mandasko Dukearen pasealekua"
      },
      "geometry": {
        "type": "Point",
        "coordinates": [
          -1.9747628,
          43.3192431
        ]
      }
    },
    {
      "type": "Feature",
      "properties": {
        "weight": 1.0,
        "id": 13344160274,
        "hasDetails": true,
        "name": "Hamaika",
        "address": "Bergara kalea 11"
      },
      "geometry": {
        "type": "Point",
        "coordinates": [
          -1.9802631,
          43.3192433
        ]
      }
    },
    {
      "type": "Feature",
      "properties": {
        "weight": 1.0,
        "id": 13311159054,
        "hasDetails": true,
        "name": "K-tuin",
        "address": "San Martzial kalea 11"
      },
      "geometry": {
        "type": "Point",
        "coordinates": [
          -1.9805605,
          43.3192449
        ]
      }
    },
    {
      "type": "Feature",
      "properties": {
        "weight": 1.0,
        "id": 12438416404,
        "hasDetails": true,
        "name": "Julia",
        "address": "Getaria kalea 2"
      },
      "geometry": {
        "type": "Point",
        "coordinates": [
          -1.9815254,
          43.3192933
        ]
      }
    },
    {
      "type": "Feature",
      "properties": {
        "weight": 1.0,
        "id": 13304837192,
        "hasDetails": true,
        "name": "Subdued",
        "address": "San Martzial kalea 18"
      },
      "geometry": {
        "type": "Point",
        "coordinates": [
          -1.9808822,
          43.3192964
        ]
      }
    },
    {
      "type": "Feature",
      "properties": {
        "weight": 1.0
      },
      "geometry": {
        "type": "Point",
        "coordinates": [
          -1.9832628,
          43.3193262
        ]
      }
    },
    {
      "type": "Feature",
      "properties": {
        "weight": 1.0
      },
      "geometry": {
        "type": "Point",
        "coordinates": [
          -1.9189418,
          43.3193373
        ]
      }
    },
    {
      "type": "Feature",
      "properties": {
        "weight": 1.0,
        "id": 13344160273,
        "hasDetails": true,
        "name": "Brownie",
        "address": "Bergara kalea 4",
        "website": "https://www.browniespain.com/"
      },
      "geometry": {
        "type": "Point",
        "coordinates": [
          -1.9803249,
          43.3193466
        ]
      }
    },
    {
      "type": "Feature",
      "properties": {
        "weight": 1.0,
        "id": 12438416415,
        "hasDetails": true,
        "name": "Tous",
        "address": "Askatasunaren hiribidea 34",
        "names": [
          "Tous",
          "Swarovski"
        ]
      },
      "geometry": {
        "type": "Point",
        "coordinates": [
          -1.9831256,
          43.3193744
        ]
      }
    },
    {
      "type": "Feature",
      "properties": {
        "weight": 1.0,
        "id": 12438416403,
        "hasDetails": true,
        "name": "Massimo Dutti",
        "address": "Askatasunaren hiribidea 21"
      },
      "geometry": {
        "type": "Point",
        "coordinates": [
          -1.9820594,
          43.319391
        ]
      }
    },
    {
      "type": "Feature",
      "properties": {
        "weight": 1.0,
        "id": 12466744743,
        "hasDetails": true,
        "name": "Purificaci\u00f3n Garc\u00eda",
        "website": "https://purificaciongarcia.com/"
      },
      "geometry": {
        "type": "Point",
        "coordinates": [
          -1.9806196,
          43.3194052
        ]
      }
    },
    {
      "type": "Feature",
      "properties": {
        "weight": 1.0,
        "id": 13322887802,
        "hasDetails": true,
        "name": "Manila Shop",
        "address": "Hernani kalea 10",
        "website": "https://www.manilasansebastian.com/"
      },
      "geometry": {
        "type": "Point",
        "coordinates": [
          -1.9836178,
          43.3194631
        ]
      }
    },
    {
      "type": "Feature",
      "properties": {
        "weight": 1.0,
        "id": 13344160269,
        "hasDetails": true,
        "name": "Beauty Time",
        "address": "Etxaide kalea 8",
        "website": "https://beautytimebyam.com/"
      },
      "geometry": {
        "type": "Point",
        "coordinates": [
          -1.9796769,
          43.3194642
        ]
      }
    },
    {
      "type": "Feature",
      "properties": {
        "weight": 1.0,
        "id": 12466744744,
        "hasDetails": true,
        "name": "Maje",
        "address": "Bergara kalea 5",
        "website": "https://es.maje.com/"
      },
      "geometry": {
        "type": "Point",
        "coordinates": [
          -1.9804067,
          43.3194805
        ]
      }
    },
    {
      "type": "Feature",
      "properties": {
        "weight": 1.0,
        "id": 12434086028,
        "hasDetails": true,
        "name": "Zara Home",
        "address": "De La Libertad 19-21",
        "website": "https://www.zarahome.com/es/",
        "opening_hours": "Mo-Fr 10:00-20:30"
      },
      "geometry": {
        "type": "Point",
        "coordinates": [
          -1.9816598,
          43.3194809
        ]
      }
    },
    {
      "type": "Feature",
      "properties": {
        "weight": 1.0,
        "id": 13322888801,
        "hasDetails": true,
        "name": "Bao Ta",
        "address": "Hernani kalea 31",
        "names": [
          "Bao Ta",
          "Orden en casa",
          "Telas & Papeles"
        ]
      },
      "geometry": {
        "type": "Point",
        "coordinates": [
          -1.9833908,
          43.3194933
        ]
      }
    },
    {
      "type": "Feature",
      "properties": {
        "weight": 1.0,
        "id": 5729193121,
        "hasDetails": true,
        "name": "Vuelva Marcela",
        "address": "San Martzial kalea 5",
        "website": "https://vuelvemarcela.com/"
      },
      "geometry": {
        "type": "Point",
        "coordinates": [
          -1.9798901,
          43.3195031
        ]
      }
    },
    {
      "type": "Feature",
      "properties": {
        "weight": 1.0,
        "id": 12438416417,
        "hasDetails": true,
        "name": "Auzmendi",
        "address": "Askatasunaren hiribidea 30",
        "website": "https://www.auzmendi.com/"
      },
      "geometry": {
        "type": "Point",
        "coordinates": [
          -1.9827352,
          43.3195218
        ]
      }
    },
    {
      "type": "Feature",
      "properties": {
        "weight": 1.0,
        "id": 12739908855,
        "hasDetails": true,
        "name": "Esther",
        "address": "Etxaide kalea 8, Donostia / San Sebasti\u00e1n",
        "website": "https://estherileapaindegia.eus/"
      },
      "geometry": {
        "type": "Point",
        "coordinates": [
          -1.9797316,
          43.3195473
        ]
      }
    },
    {
      "type": "Feature",
      "properties": {
        "weight": 1.0,
        "id": 13322888301,
        "hasDetails": true,
        "name": "C\u00f3ndor",
        "address": "Hernani kalea 8",
        "website": "https://www.condor.es"
      },
      "geometry": {
        "type": "Point",
        "coordinates": [
          -1.9836873,
          43.3195627
        ]
      }
    },
    {
      "type": "Feature",
      "properties": {
        "weight": 1.0,
        "id": 548325915,
        "hasDetails": true,
        "name": "Eroski",
        "opening_hours": "Mo-Sa 09:00-21:00"
      },
      "geometry": {
        "type": "Point",
        "coordinates": [
          -1.9195401,
          43.319579
        ]
      }
    },
    {
      "type": "Feature",
      "properties": {
        "weight": 1.0,
        "id": 5659035736,
        "hasDetails": true,
        "name": "Elkar",
        "address": "Bergara kalea 6",
        "names": [
          "Elkar",
          "Domitila"
        ]
      },
      "geometry": {
        "type": "Point",
        "coordinates": [
          -1.980748,
          43.3195864
        ]
      }
    },
    {
      "type": "Feature",
      "properties": {
        "weight": 1.0,
        "id": 13310570485,
        "hasDetails": true,
        "name": "Pisamonas",
        "address": "Bergara kalea 5",
        "website": "https://www.pisamonas.es/"
      },
      "geometry": {
        "type": "Point",
        "coordinates": [
          -1.9805065,
          43.3195901
        ]
      }
    },
    {
      "type": "Feature",
      "properties": {
        "weight": 1.0
      },
      "geometry": {
        "type": "Point",
        "coordinates": [
          -1.9373006,
          43.3195949
        ]
      }
    },
    {
      "type": "Feature",
      "properties": {
        "weight": 1.0
      },
      "geometry": {
        "type": "Point",
        "coordinates": [
          -1.9825431,
          43.3196223
        ]
      }
    },
    {
      "type": "Feature",
      "properties": {
        "weight": 1.0,
        "id": 12483953951,
        "hasDetails": true,
        "name": "Solca",
        "address": "Askatasunaren hiribidea 28, Donostia / San Sebasti\u00e1n",
        "website": "https://solcasansebastian.com/"
      },
      "geometry": {
        "type": "Point",
        "coordinates": [
          -1.9823676,
          43.3196671
        ]
      }
    },
    {
      "type": "Feature",
      "properties": {
        "weight": 1.0
      },
      "geometry": {
        "type": "Point",
        "coordinates": [
          -1.983769,
          43.3196798
        ]
      }
    },
    {
      "type": "Feature",
      "properties": {
        "weight": 1.0,
        "id": 12483953943,
        "hasDetails": true,
        "address": "Garibai kalea 36"
      },
      "geometry": {
        "type": "Point",
        "coordinates": [
          -1.9828527,
          43.3196905
        ]
      }
    },
    {
      "type": "Feature",
      "properties": {
        "weight": 1.0,
        "id": 13322888403,
        "hasDetails": true,
        "name": "Oscarph... Sal\u00f3n",
        "address": "Hernani kalea 27",
        "opening_hours": "Mo-Sa 10:30-20:00",
        "names": [
          "Oscarph... Sal\u00f3n",
          "Transit"
        ]
      },
      "geometry": {
        "type": "Point",
        "coordinates": [
          -1.9835292,
          43.3196927
        ]
      }
    },
    {
      "type": "Feature",
      "properties": {
        "weight": 1.0,
        "id": 12739908850,
        "hasDetails": true,
        "name": "Chocolates de Mendaro",
        "address": "Etxaide kalea 6",
        "website": "https://chocolatesdemendaro.com/",
        "names": [
          "Chocolates de Mendaro",
          "Labui"
        ]
      },
      "geometry": {
        "type": "Point",
        "coordinates": [
          -1.9798448,
          43.3197097
        ]
      }
    },
    {
      "type": "Feature",
      "properties": {
        "weight": 1.0
      },
      "geometry": {
        "type": "Point",
        "coordinates": [
          -1.9822383,
          43.3197133
        ]
      }
    },
    {
      "type": "Feature",
      "properties": {
        "weight": 1.0
      },
      "geometry": {
        "type": "Point",
        "coordinates": [
          -1.9818657,
          43.3197727
        ]
      }
    },
    {
      "type": "Feature",
      "properties": {
        "weight": 1.0,
        "id": 13322888502,
        "hasDetails": true,
        "name": "Francismaiso",
        "address": "Hernani kalea 25",
        "website": "https://www.francismaiso.com/",
        "names": [
          "Francismaiso",
          "Zinkunegi"
        ]
      },
      "geometry": {
        "type": "Point",
        "coordinates": [
          -1.9835991,
          43.3197936
        ]
      }
    },
    {
      "type": "Feature",
      "properties": {
        "weight": 1.0
      },
      "geometry": {
        "type": "Point",
        "coordinates": [
          -1.9838571,
          43.3198054
        ]
      }
    },
    {
      "type": "Feature",
      "properties": {
        "weight": 1.0
      },
      "geometry": {
        "type": "Point",
        "coordinates": [
          -1.9551373,
          43.31981
        ]
      }
    },
    {
      "type": "Feature",
      "properties": {
        "weight": 1.0,
        "id": 6444539241,
        "hasDetails": true,
        "name": "Springfield",
        "address": "Bergara kalea 2, Donostia / San Sebasti\u00e1n"
      },
      "geometry": {
        "type": "Point",
        "coordinates": [
          -1.9809155,
          43.3198112
        ]
      }
    },
    {
      "type": "Feature",
      "properties": {
        "weight": 1.0,
        "id": 7130759885,
        "hasDetails": true,
        "name": "Oh my bike!",
        "address": "Kalkutako Teresa plaza 6",
        "website": "https://www.ombdonostia.com/"
      },
      "geometry": {
        "type": "Point",
        "coordinates": [
          -1.9751906,
          43.3198214
        ]
      }
    },
    {
      "type": "Feature",
      "properties": {
        "weight": 1.0,
        "id": 13325076357,
        "hasDetails": true,
        "name": "Pelucas Luis Diaz",
        "address": "Andia kalea 11",
        "website": "https://www.pelucasluisdiaz.com/",
        "names": [
          "Pelucas Luis Diaz",
          "Eder"
        ]
      },
      "geometry": {
        "type": "Point",
        "coordinates": [
          -1.9841044,
          43.3198347
        ]
      }
    },
    {
      "type": "Feature",
      "properties": {
        "weight": 1.0,
        "id": 12483953944,
        "hasDetails": true,
        "name": "Tempur",
        "address": "Garibai kalea 32"
      },
      "geometry": {
        "type": "Point",
        "coordinates": [
          -1.9829645,
          43.3198511
        ]
      }
    },
    {
      "type": "Feature",
      "properties": {
        "weight": 1.0
      },
      "geometry": {
        "type": "Point",
        "coordinates": [
          -1.9007844,
          43.319859
        ]
      }
    },
    {
      "type": "Feature",
      "properties": {
        "weight": 1.0
      },
      "geometry": {
        "type": "Point",
        "coordinates": [
          -1.9754732,
          43.3198732
        ]
      }
    },
    {
      "type": "Feature",
      "properties": {
        "weight": 1.0,
        "id": 6444539240,
        "hasDetails": true,
        "name": "Ikks",
        "address": "Askatasunaren hiribidea 11, Donostia / San Sebasti\u00e1n"
      },
      "geometry": {
        "type": "Point",
        "coordinates": [
          -1.980716,
          43.3198959
        ]
      }
    },
    {
      "type": "Feature",
      "properties": {
        "weight": 1.0,
        "id": 12739908854,
        "hasDetails": true,
        "name": "Bruno",
        "website": "https://www.brunohairsalon.com/"
      },
      "geometry": {
        "type": "Point",
        "coordinates": [
          -1.9797367,
          43.3199013
        ]
      }
    },
    {
      "type": "Feature",
      "properties": {
        "weight": 1.0,
        "id": 13337993300,
        "hasDetails": true,
        "name": "Euskaltel",
        "address": "Hernani kalea 23",
        "names": [
          "Euskaltel",
          "Furest"
        ]
      },
      "geometry": {
        "type": "Point",
        "coordinates": [
          -1.9836746,
          43.3199024
        ]
      }
    },
    {
      "type": "Feature",
      "properties": {
        "weight": 1.0
      },
      "geometry": {
        "type": "Point",
        "coordinates": [
          -1.9817128,
          43.3199031
        ]
      }
    },
    {
      "type": "Feature",
      "properties": {
        "weight": 1.0,
        "id": 13310570476,
        "hasDetails": true,
        "name": "QS Stylists",
        "website": "https://qs-stylists.es/",
        "names": [
          "QS Stylists",
          "Nerec\u00e1n"
        ]
      },
      "geometry": {
        "type": "Point",
        "coordinates": [
          -1.9800107,
          43.3199418
        ]
      }
    },
    {
      "type": "Feature",
      "properties": {
        "weight": 1.0
      },
      "geometry": {
        "type": "Point",
        "coordinates": [
          -1.9553106,
          43.3199498
        ]
      }
    },
    {
      "type": "Feature",
      "properties": {
        "weight": 1.0
      },
      "geometry": {
        "type": "Point",
        "coordinates": [
          -1.9011382,
          43.3199545
        ]
      }
    },
    {
      "type": "Feature",
      "properties": {
        "weight": 1.0
      },
      "geometry": {
        "type": "Point",
        "coordinates": [
          -1.9815536,
          43.3199632
        ]
      }
    },
    {
      "type": "Feature",
      "properties": {
        "weight": 1.0,
        "id": 9124273958,
        "hasDetails": true,
        "name": "ALDI",
        "opening_hours": "Mo-Sa 09:30-21:30"
      },
      "geometry": {
        "type": "Point",
        "coordinates": [
          -1.9599369,
          43.3199907
        ]
      }
    },
    {
      "type": "Feature",
      "properties": {
        "weight": 1.0,
        "id": 13310570478,
        "hasDetails": true,
        "name": "Primor",
        "address": "Askatasunaren hiribidea 9"
      },
      "geometry": {
        "type": "Point",
        "coordinates": [
          -1.9804543,
          43.3199935
        ]
      }
    },
    {
      "type": "Feature",
      "properties": {
        "weight": 1.0
      },
      "geometry": {
        "type": "Point",
        "coordinates": [
          -1.9813553,
          43.3200378
        ]
      }
    },
    {
      "type": "Feature",
      "properties": {
        "weight": 1.0,
        "id": 13338025102,
        "hasDetails": true,
        "name": "Antonio El\u00f3segui",
        "address": "Andia kalea 7",
        "names": [
          "Antonio El\u00f3segui",
          "Fama"
        ]
      },
      "geometry": {
        "type": "Point",
        "coordinates": [
          -1.9835527,
          43.3200411
        ]
      }
    },
    {
      "type": "Feature",
      "properties": {
        "weight": 1.0,
        "id": 12504303097,
        "hasDetails": true,
        "name": "Druni",
        "address": "Askatasunaren hiribidea 7, Donostia / San Sebasti\u00e1n"
      },
      "geometry": {
        "type": "Point",
        "coordinates": [
          -1.9801053,
          43.3200742
        ]
      }
    },
    {
      "type": "Feature",
      "properties": {
        "weight": 1.0
      },
      "geometry": {
        "type": "Point",
        "coordinates": [
          -1.982049,
          43.3200791
        ]
      }
    },
    {
      "type": "Feature",
      "properties": {
        "weight": 1.0,
        "id": 12739908853,
        "hasDetails": true,
        "name": "Ulhas",
        "address": "Etxaide kalea 1, Donostia / San Sebasti\u00e1n"
      },
      "geometry": {
        "type": "Point",
        "coordinates": [
          -1.9798676,
          43.3200896
        ]
      }
    },
    {
      "type": "Feature",
      "properties": {
        "weight": 1.0,
        "id": 11613040694,
        "hasDetails": true,
        "name": "Txarandaka",
        "address": "Zubiaurre pasealekua 41, Donostia / San Sebasti\u00e1n",
        "website": "https://txarandaka.com/"
      },
      "geometry": {
        "type": "Point",
        "coordinates": [
          -1.9574272,
          43.3200979
        ]
      }
    },
    {
      "type": "Feature",
      "properties": {
        "weight": 1.0
      },
      "geometry": {
        "type": "Point",
        "coordinates": [
          -1.9577935,
          43.3201031
        ]
      }
    },
    {
      "type": "Feature",
      "properties": {
        "weight": 1.0,
        "id": 13322887901,
        "hasDetails": true,
        "name": "Arbelaitz",
        "address": "Hernani kalea 21",
        "names": [
          "Arbelaitz",
          "Olarra"
        ]
      },
      "geometry": {
        "type": "Point",
        "coordinates": [
          -1.9838279,
          43.3201296
        ]
      }
    },
    {
      "type": "Feature",
      "properties": {
        "weight": 1.0,
        "id": 13328544893,
        "hasDetails": true,
        "name": "Three Elements",
        "address": "Andia kalea 4"
      },
      "geometry": {
        "type": "Point",
        "coordinates": [
          -1.9836687,
          43.3201807
        ]
      }
    },
    {
      "type": "Feature",
      "properties": {
        "weight": 1.0,
        "id": 11845668270,
        "hasDetails": true,
        "name": "Cortefiel",
        "address": "Askatasunaren hiribidea 14"
      },
      "geometry": {
        "type": "Point",
        "coordinates": [
          -1.9809225,
          43.3202017
        ]
      }
    },
    {
      "type": "Feature",
      "properties": {
        "weight": 1.0
      },
      "geometry": {
        "type": "Point",
        "coordinates": [
          -1.983556,
          43.3202224
        ]
      }
    },
    {
      "type": "Feature",
      "properties": {
        "weight": 1.0
      },
      "geometry": {
        "type": "Point",
        "coordinates": [
          -1.9821502,
          43.3202233
        ]
      }
    },
    {
      "type": "Feature",
      "properties": {
        "weight": 1.0,
        "id": 12504303982,
        "hasDetails": true,
        "name": "Scalpers Kids",
        "address": "Askatasunaren hiribidea 14",
        "opening_hours": "Mo-Sa 10:00-21:00; Su 12:00-20:00"
      },
      "geometry": {
        "type": "Point",
        "coordinates": [
          -1.9807316,
          43.3202732
        ]
      }
    },
    {
      "type": "Feature",
      "properties": {
        "weight": 1.0,
        "id": 13322887702,
        "hasDetails": true,
        "name": "Optica Pro Centro",
        "address": "Hernani kalea 21"
      },
      "geometry": {
        "type": "Point",
        "coordinates": [
          -1.9839396,
          43.320274
        ]
      }
    },
    {
      "type": "Feature",
      "properties": {
        "weight": 1.0,
        "id": 13328544896,
        "hasDetails": true,
        "name": "Bamb\u00fa",
        "address": "Andia kalea 2",
        "names": [
          "Bamb\u00fa",
          "Ogi Berri"
        ]
      },
      "geometry": {
        "type": "Point",
        "coordinates": [
          -1.9833943,
          43.3202822
        ]
      }
    },
    {
      "type": "Feature",
      "properties": {
        "weight": 1.0,
        "id": 12741388601,
        "hasDetails": true,
        "name": "Apalarun",
        "address": "Txurruka kalea 5",
        "website": "https://apalarun.com",
        "opening_hours": "Mo-Sa 10:30-14:00, 16:00-20:00"
      },
      "geometry": {
        "type": "Point",
        "coordinates": [
          -1.9819834,
          43.320287
        ]
      }
    },
    {
      "type": "Feature",
      "properties": {
        "weight": 1.0
      },
      "geometry": {
        "type": "Point",
        "coordinates": [
          -1.9822188,
          43.3203211
        ]
      }
    },
    {
      "type": "Feature",
      "properties": {
        "weight": 1.0,
        "id": 9650935476,
        "hasDetails": true,
        "name": "Casa del Libro",
        "address": "Askatasunaren hiribidea 12",
        "website": "https://www.casadellibro.com/",
        "opening_hours": "Mo-Sa 10:00-21:00"
      },
      "geometry": {
        "type": "Point",
        "coordinates": [
          -1.9805917,
          43.3203256
        ]
      }
    },
    {
      "type": "Feature",
      "properties": {
        "weight": 1.0
      },
      "geometry": {
        "type": "Point",
        "coordinates": [
          -1.9803433,
          43.320351
        ]
      }
    },
    {
      "type": "Feature",
      "properties": {
        "weight": 1.0,
        "id": 13311030815,
        "hasDetails": true,
        "name": "Vista \u00d3ptica",
        "website": "https://vistaoptica.es/es/detalle/71-donosti"
      },
      "geometry": {
        "type": "Point",
        "coordinates": [
          -1.9812808,
          43.3203578
        ]
      }
    },
    {
      "type": "Feature",
      "properties": {
        "weight": 1.0
      },
      "geometry": {
        "type": "Point",
        "coordinates": [
          -1.9534042,
          43.3203939
        ]
      }
    },
    {
      "type": "Feature",
      "properties": {
        "weight": 1.0,
        "id": 13322887701,
        "hasDetails": true,
        "name": "Bois et Fer",
        "address": "Hernani kalea 17",
        "names": [
          "Bois et Fer",
          "Size One"
        ]
      },
      "geometry": {
        "type": "Point",
        "coordinates": [
          -1.984049,
          43.320432
        ]
      }
    },
    {
      "type": "Feature",
      "properties": {
        "weight": 1.0,
        "id": 620092551,
        "hasDetails": true,
        "name": "Churruca",
        "address": "Txurruka kalea 1, Donostia / San Sebasti\u00e1n"
      },
      "geometry": {
        "type": "Point",
        "coordinates": [
          -1.9820925,
          43.3204416
        ]
      }
    },
    {
      "type": "Feature",
      "properties": {
        "weight": 1.0
      },
      "geometry": {
        "type": "Point",
        "coordinates": [
          -1.9823243,
          43.3204716
        ]
      }
    },
    {
      "type": "Feature",
      "properties": {
        "weight": 1.0,
        "id": 9285727703,
        "hasDetails": true,
        "name": "Artatxiki Biogunea",
        "address": "Intxaurrondo kalea 54, Donostia / San Sebasti\u00e1n",
        "website": "https://saretuz.eus/es/alternativas-de-consumo/artatxiki-biogune-elkartea/",
        "opening_hours": "Mo-Sa 10:30-20:00"
      },
      "geometry": {
        "type": "Point",
        "coordinates": [
          -1.9539593,
          43.3204916
        ]
      }
    },
    {
      "type": "Feature",
      "properties": {
        "weight": 1.0
      },
      "geometry": {
        "type": "Point",
        "coordinates": [
          -1.9801805,
          43.3205412
        ]
      }
    },
    {
      "type": "Feature",
      "properties": {
        "weight": 1.0,
        "id": 12739177459,
        "hasDetails": true,
        "name": "Santos",
        "address": "Askatasunaren hiribidea 6, Donostia / San Sebasti\u00e1n",
        "website": "https://santosdonosti.com/"
      },
      "geometry": {
        "type": "Point",
        "coordinates": [
          -1.9799838,
          43.3205537
        ]
      }
    },
    {
      "type": "Feature",
      "properties": {
        "weight": 1.0,
        "id": 11845668271,
        "hasDetails": true,
        "name": "Loreak Mendian",
        "address": "Garibai kalea 22",
        "website": "https://loreakmendian.com/",
        "opening_hours": "Mo-Sa 10:30-20:00",
        "names": [
          "Loreak Mendian",
          "Veritas"
        ]
      },
      "geometry": {
        "type": "Point",
        "coordinates": [
          -1.9834799,
          43.3205787
        ]
      }
    },
    {
      "type": "Feature",
      "properties": {
        "weight": 1.0,
        "id": 1323515608,
        "hasDetails": true,
        "address": "Intxaurrondo kalea"
      },
      "geometry": {
        "type": "Point",
        "coordinates": [
          -1.9531024,
          43.3205792
        ]
      }
    },
    {
      "type": "Feature",
      "properties": {
        "weight": 1.0,
        "id": 12739177460,
        "hasDetails": true,
        "name": "Erviti",
        "address": "Askatasunaren hiribidea 4, Donostia / San Sebasti\u00e1n"
      },
      "geometry": {
        "type": "Point",
        "coordinates": [
          -1.9798728,
          43.3205956
        ]
      }
    },
    {
      "type": "Feature",
      "properties": {
        "weight": 1.0
      },
      "geometry": {
        "type": "Point",
        "coordinates": [
          -2.0102575,
          43.320614
        ]
      }
    },
    {
      "type": "Feature",
      "properties": {
        "weight": 1.0
      },
      "geometry": {
        "type": "Point",
        "coordinates": [
          -1.9812295,
          43.3206205
        ]
      }
    },
    {
      "type": "Feature",
      "properties": {
        "weight": 1.0
      },
      "geometry": {
        "type": "Point",
        "coordinates": [
          -1.9004675,
          43.3206524
        ]
      }
    },
    {
      "type": "Feature",
      "properties": {
        "weight": 1.0,
        "id": 13311030813,
        "hasDetails": true,
        "name": "Calvin Klein",
        "address": "Idiakez kalea 2"
      },
      "geometry": {
        "type": "Point",
        "coordinates": [
          -1.9815163,
          43.3206887
        ]
      }
    },
    {
      "type": "Feature",
      "properties": {
        "weight": 1.0,
        "id": 620092457,
        "hasDetails": true,
        "name": "Kok\u00e9kok\u00f3",
        "address": "Hernani kalea 13, Donostia / San Sebasti\u00e1n",
        "website": "https://kokekoko.net/"
      },
      "geometry": {
        "type": "Point",
        "coordinates": [
          -1.9842412,
          43.3207096
        ]
      }
    },
    {
      "type": "Feature",
      "properties": {
        "weight": 1.0
      },
      "geometry": {
        "type": "Point",
        "coordinates": [
          -1.980556,
          43.3207161
        ]
      }
    },
    {
      "type": "Feature",
      "properties": {
        "weight": 1.0,
        "id": 13382271527,
        "hasDetails": true,
        "name": "Miruri",
        "address": "Idiakez kalea 3",
        "website": "https://miruri.es/",
        "names": [
          "Miruri",
          "Feder\u00f3pticos Idiakez",
          "La Cubana"
        ]
      },
      "geometry": {
        "type": "Point",
        "coordinates": [
          -1.9813005,
          43.3207218
        ]
      }
    },
    {
      "type": "Feature",
      "properties": {
        "weight": 1.0,
        "id": 13328544888,
        "hasDetails": true,
        "name": "Anteo Subastas",
        "address": "Garibai kalea 18",
        "names": [
          "Anteo Subastas",
          "Leonce"
        ]
      },
      "geometry": {
        "type": "Point",
        "coordinates": [
          -1.9836083,
          43.3207625
        ]
      }
    },
    {
      "type": "Feature",
      "properties": {
        "weight": 1.0,
        "id": 12739177466,
        "hasDetails": true,
        "name": "Zapair System",
        "address": "Okendo kalea 7, Donostia / San Sebasti\u00e1n",
        "website": "http://www.zapairsystem.com/",
        "names": [
          "Zapair System",
          "Obea"
        ]
      },
      "geometry": {
        "type": "Point",
        "coordinates": [
          -1.9803673,
          43.3208048
        ]
      }
    },
    {
      "type": "Feature",
      "properties": {
        "weight": 1.0,
        "id": 13328544892,
        "hasDetails": true,
        "name": "M M",
        "address": "Pe\u00f1aflorida kalea 5"
      },
      "geometry": {
        "type": "Point",
        "coordinates": [
          -1.9842218,
          43.3208048
        ]
      }
    },
    {
      "type": "Feature",
      "properties": {
        "weight": 1.0
      },
      "geometry": {
        "type": "Point",
        "coordinates": [
          -1.8948934,
          43.3208607
        ]
      }
    },
    {
      "type": "Feature",
      "properties": {
        "weight": 1.0
      },
      "geometry": {
        "type": "Point",
        "coordinates": [
          -1.9003946,
          43.3208744
        ]
      }
    },
    {
      "type": "Feature",
      "properties": {
        "weight": 1.0,
        "id": 12740890772,
        "hasDetails": true,
        "name": "Fotoprix",
        "address": "Camino kalea 7"
      },
      "geometry": {
        "type": "Point",
        "coordinates": [
          -1.9812937,
          43.3208971
        ]
      }
    },
    {
      "type": "Feature",
      "properties": {
        "weight": 1.0,
        "id": 620092463,
        "hasDetails": true,
        "name": "Treboli",
        "address": "Garibai kalea 14, Donostia / San Sebasti\u00e1n",
        "website": "https://treboli.es/"
      },
      "geometry": {
        "type": "Point",
        "coordinates": [
          -1.9837198,
          43.3209221
        ]
      }
    },
    {
      "type": "Feature",
      "properties": {
        "weight": 1.0
      },
      "geometry": {
        "type": "Point",
        "coordinates": [
          -1.9226375,
          43.3209231
        ]
      }
    },
    {
      "type": "Feature",
      "properties": {
        "weight": 1.0,
        "id": 13327167722,
        "hasDetails": true,
        "name": "Viajar a la carta",
        "address": "Pe\u00f1aflorida kalea 14",
        "website": "https://www.viajaralacarta.info/"
      },
      "geometry": {
        "type": "Point",
        "coordinates": [
          -1.9843217,
          43.3209607
        ]
      }
    },
    {
      "type": "Feature",
      "properties": {
        "weight": 1.0,
        "id": 620092461,
        "hasDetails": true,
        "name": "Domizil",
        "address": "Hernani kalea 11, Donostia / San Sebasti\u00e1n",
        "website": "https://www.domizil.es/",
        "opening_hours": "Mo-Sa 10:30-13:30,16:30-20:00"
      },
      "geometry": {
        "type": "Point",
        "coordinates": [
          -1.9844487,
          43.3210093
        ]
      }
    },
    {
      "type": "Feature",
      "properties": {
        "weight": 1.0,
        "id": 7430627221,
        "hasDetails": true,
        "name": "Ensue\u00f1os",
        "address": "Gipuzkoa plaza 12, Donostia / San Sebasti\u00e1n",
        "website": "https://www.tiendasensuenos.com/"
      },
      "geometry": {
        "type": "Point",
        "coordinates": [
          -1.9814457,
          43.3210186
        ]
      }
    },
    {
      "type": "Feature",
      "properties": {
        "weight": 1.0,
        "id": 12486134308,
        "hasDetails": true,
        "name": "Superdry",
        "address": "Pe\u00f1aflorida kalea 12, Donostia / San Sebasti\u00e1n"
      },
      "geometry": {
        "type": "Point",
        "coordinates": [
          -1.9841187,
          43.3210281
        ]
      }
    },
    {
      "type": "Feature",
      "properties": {
        "weight": 1.0,
        "id": 12739177468,
        "hasDetails": true,
        "name": "Arnedo",
        "address": "Okendo kalea 1, Donostia / San Sebasti\u00e1n",
        "website": "https://www.calzadossansebastian.es/"
      },
      "geometry": {
        "type": "Point",
        "coordinates": [
          -1.9805362,
          43.321043
        ]
      }
    },
    {
      "type": "Feature",
      "properties": {
        "weight": 1.0
      },
      "geometry": {
        "type": "Point",
        "coordinates": [
          -1.9002826,
          43.3210455
        ]
      }
    },
    {
      "type": "Feature",
      "properties": {
        "weight": 1.0
      },
      "geometry": {
        "type": "Point",
        "coordinates": [
          -1.896416,
          43.3210731
        ]
      }
    },
    {
      "type": "Feature",
      "properties": {
        "weight": 1.0,
        "id": 12740890776,
        "hasDetails": true,
        "name": "Easo Bidaiak",
        "address": "Camino kalea 4, Donostia / San Sebasti\u00e1n",
        "website": "https://www.viajeseaso.es/"
      },
      "geometry": {
        "type": "Point",
        "coordinates": [
          -1.9812448,
          43.3210923
        ]
      }
    },
    {
      "type": "Feature",
      "properties": {
        "weight": 1.0,
        "id": 12486134309,
        "hasDetails": true,
        "name": "Benegas",
        "website": "https://www.perfumeriabenegas.com/"
      },
      "geometry": {
        "type": "Point",
        "coordinates": [
          -1.98387,
          43.3211302
        ]
      }
    },
    {
      "type": "Feature",
      "properties": {
        "weight": 1.0,
        "id": 7430627220,
        "hasDetails": true,
        "name": "COOP Cocinas",
        "address": "Camino kalea 4, Donostia / San Sebasti\u00e1n",
        "website": "https://www.coopcocinas.com/",
        "opening_hours": "Mo-Fr 09:30-13:30,15:30-19:30"
      },
      "geometry": {
        "type": "Point",
        "coordinates": [
          -1.9811332,
          43.3211333
        ]
      }
    },
    {
      "type": "Feature",
      "properties": {
        "weight": 1.0,
        "id": 13327167720,
        "hasDetails": true,
        "name": "Silvia and the Spyglass",
        "address": "Hernani kalea 9",
        "website": "https://silviaandthespyglass.com/"
      },
      "geometry": {
        "type": "Point",
        "coordinates": [
          -1.9845498,
          43.3211554
        ]
      }
    },
    {
      "type": "Feature",
      "properties": {
        "weight": 1.0
      },
      "geometry": {
        "type": "Point",
        "coordinates": [
          -1.8962257,
          43.3211733
        ]
      }
    },
    {
      "type": "Feature",
      "properties": {
        "weight": 1.0,
        "id": 12486134311,
        "hasDetails": true,
        "name": "Vas",
        "address": "Garibai kalea 11"
      },
      "geometry": {
        "type": "Point",
        "coordinates": [
          -1.9836581,
          43.3212106
        ]
      }
    },
    {
      "type": "Feature",
      "properties": {
        "weight": 1.0,
        "id": 13327167719,
        "hasDetails": true,
        "name": "Ederti",
        "address": "Hernani kalea 7",
        "website": "https://ederti.shop/"
      },
      "geometry": {
        "type": "Point",
        "coordinates": [
          -1.9846088,
          43.3212405
        ]
      }
    },
    {
      "type": "Feature",
      "properties": {
        "weight": 1.0,
        "id": 13327167726,
        "hasDetails": true,
        "name": "Irene Larrinaga",
        "address": "Garibai kalea 10"
      },
      "geometry": {
        "type": "Point",
        "coordinates": [
          -1.9839458,
          43.3212455
        ]
      }
    },
    {
      "type": "Feature",
      "properties": {
        "weight": 1.0,
        "id": 13327940637,
        "hasDetails": true,
        "name": "Do\u00f1a Carmen",
        "address": "Pe\u00f1aflorida kalea 8",
        "website": "https://donacarmen.com/"
      },
      "geometry": {
        "type": "Point",
        "coordinates": [
          -1.983474,
          43.3212717
        ]
      }
    },
    {
      "type": "Feature",
      "properties": {
        "weight": 1.0
      },
      "geometry": {
        "type": "Point",
        "coordinates": [
          -1.8987369,
          43.3212746
        ]
      }
    },
    {
      "type": "Feature",
      "properties": {
        "weight": 1.0
      },
      "geometry": {
        "type": "Point",
        "coordinates": [
          -1.9439522,
          43.3212864
        ]
      }
    },
    {
      "type": "Feature",
      "properties": {
        "weight": 1.0
      },
      "geometry": {
        "type": "Point",
        "coordinates": [
          -1.9394643,
          43.3213034
        ]
      }
    },
    {
      "type": "Feature",
      "properties": {
        "weight": 1.0
      },
      "geometry": {
        "type": "Point",
        "coordinates": [
          -1.8984499,
          43.3213057
        ]
      }
    },
    {
      "type": "Feature",
      "properties": {
        "weight": 1.0,
        "id": 13327940638,
        "hasDetails": true,
        "name": "Maitiana",
        "address": "Pe\u00f1aflorida kalea 6",
        "website": "https://bomboneriamaitiana.com/",
        "names": [
          "Maitiana",
          "Auka"
        ]
      },
      "geometry": {
        "type": "Point",
        "coordinates": [
          -1.9833594,
          43.3213148
        ]
      }
    },
    {
      "type": "Feature",
      "properties": {
        "weight": 1.0,
        "id": 13327167728,
        "hasDetails": true,
        "name": "Carhartt",
        "address": "Garibai kalea 11",
        "names": [
          "Carhartt",
          "Izurun"
        ]
      },
      "geometry": {
        "type": "Point",
        "coordinates": [
          -1.9837417,
          43.3213206
        ]
      }
    },
    {
      "type": "Feature",
      "properties": {
        "weight": 1.0
      },
      "geometry": {
        "type": "Point",
        "coordinates": [
          -1.8970582,
          43.3213322
        ]
      }
    },
    {
      "type": "Feature",
      "properties": {
        "weight": 1.0,
        "id": 13355953857,
        "hasDetails": true,
        "name": "Mail Boxes Etc.",
        "amenity": "post_office",
        "address": "Tomas Gros kalea 3"
      },
      "geometry": {
        "type": "Point",
        "coordinates": [
          -1.9762968,
          43.3213488
        ]
      }
    },
    {
      "type": "Feature",
      "properties": {
        "weight": 1.0,
        "id": 911618424,
        "hasDetails": true,
        "name": "Mundukuona",
        "outdoor_seating": "yes"
      },
      "geometry": {
        "type": "Point",
        "coordinates": [
          -1.9816743,
          43.3213581
        ]
      }
    },
    {
      "type": "Feature",
      "properties": {
        "weight": 1.0,
        "id": 8953381999,
        "hasDetails": true,
        "name": "Mar\u00eda Cristina",
        "address": "Frantzia pasealekua 1, Donostia / San Sebasti\u00e1n"
      },
      "geometry": {
        "type": "Point",
        "coordinates": [
          -1.9769028,
          43.3213809
        ]
      }
    },
    {
      "type": "Feature",
      "properties": {
        "weight": 1.0,
        "id": 13327167730,
        "hasDetails": true,
        "name": "Avenida",
        "website": "https://www.perfumeriasavenida.com/"
      },
      "geometry": {
        "type": "Point",
        "coordinates": [
          -1.9840501,
          43.3213945
        ]
      }
    },
    {
      "type": "Feature",
      "properties": {
        "weight": 1.0,
        "id": 13327167718,
        "hasDetails": true,
        "name": "Paki Tolosa",
        "address": "Hernani kalea 3",
        "names": [
          "Paki Tolosa",
          "4x4"
        ]
      },
      "geometry": {
        "type": "Point",
        "coordinates": [
          -1.9847221,
          43.3214042
        ]
      }
    },
    {
      "type": "Feature",
      "properties": {
        "weight": 1.0
      },
      "geometry": {
        "type": "Point",
        "coordinates": [
          -1.8970831,
          43.3214492
        ]
      }
    },
    {
      "type": "Feature",
      "properties": {
        "weight": 1.0
      },
      "geometry": {
        "type": "Point",
        "coordinates": [
          -1.9766722,
          43.3214739
        ]
      }
    },
    {
      "type": "Feature",
      "properties": {
        "weight": 1.0
      },
      "geometry": {
        "type": "Point",
        "coordinates": [
          -1.9764067,
          43.3215278
        ]
      }
    },
    {
      "type": "Feature",
      "properties": {
        "weight": 1.0
      },
      "geometry": {
        "type": "Point",
        "coordinates": [
          -1.9841496,
          43.321537
        ]
      }
    },
    {
      "type": "Feature",
      "properties": {
        "weight": 1.0
      },
      "geometry": {
        "type": "Point",
        "coordinates": [
          -1.8969096,
          43.3215401
        ]
      }
    },
    {
      "type": "Feature",
      "properties": {
        "weight": 1.0
      },
      "geometry": {
        "type": "Point",
        "coordinates": [
          -1.9397076,
          43.321548
        ]
      }
    },
    {
      "type": "Feature",
      "properties": {
        "weight": 1.0,
        "id": 13327167715,
        "hasDetails": true,
        "name": "Duna",
        "address": "Hernani kalea 1",
        "website": "https://dssmarketplaza.eus/es/comercios/duna/t-30/"
      },
      "geometry": {
        "type": "Point",
        "coordinates": [
          -1.9848355,
          43.3215802
        ]
      }
    },
    {
      "type": "Feature",
      "properties": {
        "weight": 1.0,
        "id": 13355953861,
        "hasDetails": true,
        "name": "Asian Center",
        "address": "Mirakruz kalea 6"
      },
      "geometry": {
        "type": "Point",
        "coordinates": [
          -1.9761556,
          43.3215939
        ]
      }
    },
    {
      "type": "Feature",
      "properties": {
        "weight": 1.0
      },
      "geometry": {
        "type": "Point",
        "coordinates": [
          -1.8983762,
          43.3216101
        ]
      }
    },
    {
      "type": "Feature",
      "properties": {
        "weight": 1.0,
        "id": 5668794822,
        "hasDetails": true,
        "name": "Mimo San Sebastian Gourmet Shop",
        "address": "Camino kalea 1",
        "website": "https://sansebastian.mimofood.com"
      },
      "geometry": {
        "type": "Point",
        "coordinates": [
          -1.9798852,
          43.3216311
        ]
      }
    },
    {
      "type": "Feature",
      "properties": {
        "weight": 1.0
      },
      "geometry": {
        "type": "Point",
        "coordinates": [
          -1.8926844,
          43.3216426
        ]
      }
    },
    {
      "type": "Feature",
      "properties": {
        "weight": 1.0,
        "id": 620092493,
        "hasDetails": true,
        "name": "Mascar\u00f3",
        "address": "Garibai kalea 2, Donostia / San Sebasti\u00e1n",
        "website": "https://www.mascaro.com/",
        "names": [
          "Mascar\u00f3",
          "Madery Family"
        ]
      },
      "geometry": {
        "type": "Point",
        "coordinates": [
          -1.9842245,
          43.3216441
        ]
      }
    },
    {
      "type": "Feature",
      "properties": {
        "weight": 1.0
      },
      "geometry": {
        "type": "Point",
        "coordinates": [
          -1.9758958,
          43.3216518
        ]
      }
    },
    {
      "type": "Feature",
      "properties": {
        "weight": 1.0,
        "id": 13327940650,
        "hasDetails": true,
        "name": "Minimil",
        "address": "Garibai kalea 3"
      },
      "geometry": {
        "type": "Point",
        "coordinates": [
          -1.9839895,
          43.3216765
        ]
      }
    },
    {
      "type": "Feature",
      "properties": {
        "weight": 1.0
      },
      "geometry": {
        "type": "Point",
        "coordinates": [
          -1.9756991,
          43.3216854
        ]
      }
    },
    {
      "type": "Feature",
      "properties": {
        "weight": 1.0,
        "id": 13337262347,
        "hasDetails": true,
        "name": "Galer\u00edas Guip\u00fazcoa",
        "address": "Gipuzkoa plaza 4",
        "website": "https://www.galeriasguipuzcoa.com/"
      },
      "geometry": {
        "type": "Point",
        "coordinates": [
          -1.9825933,
          43.3216916
        ]
      }
    },
    {
      "type": "Feature",
      "properties": {
        "weight": 1.0,
        "id": 620092554,
        "hasDetails": true,
        "name": "Clarks",
        "address": "Elkano kalea 7, Donostia / San Sebasti\u00e1n",
        "names": [
          "Clarks",
          "Min\u00fck"
        ]
      },
      "geometry": {
        "type": "Point",
        "coordinates": [
          -1.9829677,
          43.3216956
        ]
      }
    },
    {
      "type": "Feature",
      "properties": {
        "weight": 1.0
      },
      "geometry": {
        "type": "Point",
        "coordinates": [
          -1.9832337,
          43.3217242
        ]
      }
    },
    {
      "type": "Feature",
      "properties": {
        "weight": 1.0,
        "id": 13327167735,
        "hasDetails": true,
        "name": "Almacenes Garibay",
        "address": "Garibai kalea 2",
        "website": "https://almacenesgaribay.com/",
        "names": [
          "Almacenes Garibay",
          "Olazabal"
        ]
      },
      "geometry": {
        "type": "Point",
        "coordinates": [
          -1.9842909,
          43.3217391
        ]
      }
    },
    {
      "type": "Feature",
      "properties": {
        "weight": 1.0,
        "id": 13337262351,
        "hasDetails": true,
        "name": "Ortopedia Gracia",
        "address": "Gipuzkoa plaza 4",
        "website": "https://ortopediagracia.com/"
      },
      "geometry": {
        "type": "Point",
        "coordinates": [
          -1.9824065,
          43.3217542
        ]
      }
    },
    {
      "type": "Feature",
      "properties": {
        "weight": 1.0
      },
      "geometry": {
        "type": "Point",
        "coordinates": [
          -1.9000543,
          43.321759
        ]
      }
    },
    {
      "type": "Feature",
      "properties": {
        "weight": 1.0
      },
      "geometry": {
        "type": "Point",
        "coordinates": [
          -1.981616,
          43.3217638
        ]
      }
    },
    {
      "type": "Feature",
      "properties": {
        "weight": 1.0,
        "id": 13327940649,
        "hasDetails": true,
        "name": "Echeverria",
        "address": "Garibai kalea 1",
        "website": "https://www.echeverriajoyero.com/"
      },
      "geometry": {
        "type": "Point",
        "coordinates": [
          -1.9840644,
          43.3217842
        ]
      }
    },
    {
      "type": "Feature",
      "properties": {
        "weight": 1.0
      },
      "geometry": {
        "type": "Point",
        "coordinates": [
          -1.9762332,
          43.3217881
        ]
      }
    },
    {
      "type": "Feature",
      "properties": {
        "weight": 1.0
      },
      "geometry": {
        "type": "Point",
        "coordinates": [
          -1.9741683,
          43.3217973
        ]
      }
    },
    {
      "type": "Feature",
      "properties": {
        "weight": 1.0
      },
      "geometry": {
        "type": "Point",
        "coordinates": [
          -1.8994344,
          43.3218036
        ]
      }
    },
    {
      "type": "Feature",
      "properties": {
        "weight": 1.0,
        "id": 13418535327,
        "hasDetails": true,
        "name": "Dia",
        "address": "Txulotxo kalea 3",
        "opening_hours": "Mo-Sa 09:00-21:00"
      },
      "geometry": {
        "type": "Point",
        "coordinates": [
          -1.8954,
          43.3218096
        ]
      }
    },
    {
      "type": "Feature",
      "properties": {
        "weight": 1.0,
        "id": 13495917701,
        "hasDetails": true,
        "name": "Lidia Povieda",
        "address": "Elkano kalea 6"
      },
      "geometry": {
        "type": "Point",
        "coordinates": [
          -1.9833007,
          43.3218204
        ]
      }
    },
    {
      "type": "Feature",
      "properties": {
        "weight": 1.0,
        "id": 1166070719,
        "hasDetails": true,
        "name": "Atlantis",
        "address": "Bengoetxea kalea 1, Donostia / San Sebasti\u00e1n",
        "opening_hours": "Mo-Sa 10:30-13:00,16:30-19:30"
      },
      "geometry": {
        "type": "Point",
        "coordinates": [
          -1.9814735,
          43.3218239
        ]
      }
    },
    {
      "type": "Feature",
      "properties": {
        "weight": 1.0,
        "id": 12738465601,
        "hasDetails": true,
        "name": "Aramendia Gozotegia",
        "address": "Legazpi kalea 9",
        "website": "http://aramendiapasteleria.com",
        "opening_hours": "Mo-Fr 07:30-21:00; Sa-Su 08:30-21:00"
      },
      "geometry": {
        "type": "Point",
        "coordinates": [
          -1.9819849,
          43.3218326
        ]
      }
    },
    {
      "type": "Feature",
      "properties": {
        "weight": 1.0
      },
      "geometry": {
        "type": "Point",
        "coordinates": [
          -1.9760463,
          43.3218347
        ]
      }
    },
    {
      "type": "Feature",
      "properties": {
        "weight": 1.0
      },
      "geometry": {
        "type": "Point",
        "coordinates": [
          -1.9823213,
          43.3218365
        ]
      }
    },
    {
      "type": "Feature",
      "properties": {
        "weight": 1.0
      },
      "geometry": {
        "type": "Point",
        "coordinates": [
          -1.9742773,
          43.3218513
        ]
      }
    },
    {
      "type": "Feature",
      "properties": {
        "weight": 1.0,
        "id": 11792579661,
        "hasDetails": true,
        "name": "Garbi\u00f1e",
        "opening_hours": "Tu,We,Fr 09:00-14:00; Th 09:00-14:00,17:00-19:30; Sa 09:00-13:30"
      },
      "geometry": {
        "type": "Point",
        "coordinates": [
          -1.8980497,
          43.3218589
        ]
      }
    },
    {
      "type": "Feature",
      "properties": {
        "weight": 1.0
      },
      "geometry": {
        "type": "Point",
        "coordinates": [
          -1.9758119,
          43.3218791
        ]
      }
    },
    {
      "type": "Feature",
      "properties": {
        "weight": 1.0
      },
      "geometry": {
        "type": "Point",
        "coordinates": [
          -1.9764427,
          43.3218953
        ]
      }
    },
    {
      "type": "Feature",
      "properties": {
        "weight": 1.0,
        "id": 12383388213,
        "hasDetails": true,
        "name": "Ogi Berri",
        "opening_hours": "Mo-Su 07:30-20:30"
      },
      "geometry": {
        "type": "Point",
        "coordinates": [
          -1.9600323,
          43.3218963
        ]
      }
    },
    {
      "type": "Feature",
      "properties": {
        "weight": 1.0,
        "id": 619801652,
        "hasDetails": true,
        "name": "Holi",
        "address": "Boulevard zumardia 21, Donostia / San Sebasti\u00e1n"
      },
      "geometry": {
        "type": "Point",
        "coordinates": [
          -1.9840148,
          43.321897
        ]
      }
    },
    {
      "type": "Feature",
      "properties": {
        "weight": 1.0
      },
      "geometry": {
        "type": "Point",
        "coordinates": [
          -1.9821301,
          43.3219097
        ]
      }
    },
    {
      "type": "Feature",
      "properties": {
        "weight": 1.0
      },
      "geometry": {
        "type": "Point",
        "coordinates": [
          -1.960221,
          43.3219114
        ]
      }
    },
    {
      "type": "Feature",
      "properties": {
        "weight": 1.0
      },
      "geometry": {
        "type": "Point",
        "coordinates": [
          -1.9603788,
          43.3219123
        ]
      }
    },
    {
      "type": "Feature",
      "properties": {
        "weight": 1.0,
        "id": 13540664825,
        "hasDetails": true,
        "name": "B24",
        "opening_hours": "Mo-Sa 10:00-13:30,16:00-19:30"
      },
      "geometry": {
        "type": "Point",
        "coordinates": [
          -1.9817272,
          43.3219273
        ]
      }
    },
    {
      "type": "Feature",
      "properties": {
        "weight": 1.0
      },
      "geometry": {
        "type": "Point",
        "coordinates": [
          -1.9417146,
          43.3219316
        ]
      }
    },
    {
      "type": "Feature",
      "properties": {
        "weight": 1.0,
        "id": 12738695923,
        "hasDetails": true,
        "name": "Hawaii",
        "address": "Legazpi kalea 10",
        "website": "https://www.hawaiidonostia.com/"
      },
      "geometry": {
        "type": "Point",
        "coordinates": [
          -1.9823974,
          43.3219451
        ]
      }
    },
    {
      "type": "Feature",
      "properties": {
        "weight": 1.0,
        "id": 13327940647,
        "hasDetails": true,
        "name": "Movistar",
        "address": "Boulevard zumardia 19",
        "names": [
          "Movistar",
          "Carrefour Express"
        ]
      },
      "geometry": {
        "type": "Point",
        "coordinates": [
          -1.9838767,
          43.3219488
        ]
      }
    },
    {
      "type": "Feature",
      "properties": {
        "weight": 1.0,
        "id": 7139444685,
        "hasDetails": true,
        "name": "Alain Afflelou",
        "address": "Secundino Esnaola"
      },
      "geometry": {
        "type": "Point",
        "coordinates": [
          -1.9756636,
          43.3219499
        ]
      }
    },
    {
      "type": "Feature",
      "properties": {
        "weight": 1.0
      },
      "geometry": {
        "type": "Point",
        "coordinates": [
          -1.9598504,
          43.3219548
        ]
      }
    },
    {
      "type": "Feature",
      "properties": {
        "weight": 1.0,
        "id": 12645326708,
        "hasDetails": true,
        "name": "Exp. 0026",
        "address": "Ijentea kalea 4"
      },
      "geometry": {
        "type": "Point",
        "coordinates": [
          -1.9860945,
          43.3219696
        ]
      }
    },
    {
      "type": "Feature",
      "properties": {
        "weight": 1.0
      },
      "geometry": {
        "type": "Point",
        "coordinates": [
          -1.9743,
          43.3219737
        ]
      }
    },
    {
      "type": "Feature",
      "properties": {
        "weight": 1.0
      },
      "geometry": {
        "type": "Point",
        "coordinates": [
          -1.987169,
          43.3219914
        ]
      }
    },
    {
      "type": "Feature",
      "properties": {
        "weight": 1.0,
        "id": 12120053832,
        "hasDetails": true,
        "name": "Life Concept",
        "website": "https://lifeconcept.com/"
      },
      "geometry": {
        "type": "Point",
        "coordinates": [
          -1.9821919,
          43.3219989
        ]
      }
    },
    {
      "type": "Feature",
      "properties": {
        "weight": 1.0,
        "id": 750726868,
        "hasDetails": true,
        "name": "Pas Si Simple",
        "address": "Colon pasealekua 3, Donostia / San Sebasti\u00e1n",
        "website": "https://www.passisimple.es/",
        "names": [
          "Pas Si Simple",
          "Kur2 Barbershop"
        ]
      },
      "geometry": {
        "type": "Point",
        "coordinates": [
          -1.9774865,
          43.3220099
        ]
      }
    },
    {
      "type": "Feature",
      "properties": {
        "weight": 1.0,
        "id": 12163872301,
        "hasDetails": true,
        "name": "Elkano 1 gaztagunea",
        "address": "Elkano kalea 1",
        "outdoor_seating": "no",
        "names": [
          "Elkano 1 gaztagunea",
          "B Travel"
        ]
      },
      "geometry": {
        "type": "Point",
        "coordinates": [
          -1.9831899,
          43.3220174
        ]
      }
    },
    {
      "type": "Feature",
      "properties": {
        "weight": 1.0
      },
      "geometry": {
        "type": "Point",
        "coordinates": [
          -1.9764808,
          43.3220205
        ]
      }
    },
    {
      "type": "Feature",
      "properties": {
        "weight": 1.0
      },
      "geometry": {
        "type": "Point",
        "coordinates": [
          -1.9740769,
          43.3220212
        ]
      }
    },
    {
      "type": "Feature",
      "properties": {
        "weight": 1.0
      },
      "geometry": {
        "type": "Point",
        "coordinates": [
          -1.9755774,
          43.3220418
        ]
      }
    },
    {
      "type": "Feature",
      "properties": {
        "weight": 1.0,
        "id": 13327940644,
        "hasDetails": true,
        "name": "Dr. Bloom",
        "address": "Elkano kalea 2",
        "website": "https://www.drbloom.es/"
      },
      "geometry": {
        "type": "Point",
        "coordinates": [
          -1.9834924,
          43.322085
        ]
      }
    },
    {
      "type": "Feature",
      "properties": {
        "weight": 1.0
      },
      "geometry": {
        "type": "Point",
        "coordinates": [
          -1.9736293,
          43.3221111
        ]
      }
    },
    {
      "type": "Feature",
      "properties": {
        "weight": 1.0,
        "id": 12738695922,
        "hasDetails": true,
        "name": "El Turista",
        "address": "Legazpi kalea 6, Donostia / San Sebasti\u00e1n",
        "website": "https://todomaletas.es/",
        "names": [
          "El Turista",
          "Tamayo",
          "Legazpi"
        ]
      },
      "geometry": {
        "type": "Point",
        "coordinates": [
          -1.9825186,
          43.3221181
        ]
      }
    },
    {
      "type": "Feature",
      "properties": {
        "weight": 1.0
      },
      "geometry": {
        "type": "Point",
        "coordinates": [
          -1.9815468,
          43.3221266
        ]
      }
    },
    {
      "type": "Feature",
      "properties": {
        "weight": 1.0,
        "id": 13337262343,
        "hasDetails": true,
        "name": "Havaianas",
        "address": "Elkano kalea 1",
        "names": [
          "Havaianas",
          "Mane"
        ]
      },
      "geometry": {
        "type": "Point",
        "coordinates": [
          -1.9832756,
          43.3221605
        ]
      }
    },
    {
      "type": "Feature",
      "properties": {
        "weight": 1.0,
        "id": 6858994285,
        "hasDetails": true,
        "name": "Javier Aguirre Peluqueros",
        "address": "Erronda kalea 6",
        "opening_hours": "Mo 09:30-13:00; Tu 09:30-13:00, 16:00-19:00; We 09:30-13:00, 16:00-19:00; Th 09:30-13:00, 16:00-19:00; Fr 09:00-18:00; Sa 09:00-14:00"
      },
      "geometry": {
        "type": "Point",
        "coordinates": [
          -1.9765568,
          43.3221792
        ]
      }
    },
    {
      "type": "Feature",
      "properties": {
        "weight": 1.0,
        "id": 13540664832,
        "hasDetails": true,
        "name": "Inizio",
        "address": "Okendo kalea 10",
        "website": "https://iniziodonostia.com/"
      },
      "geometry": {
        "type": "Point",
        "coordinates": [
          -1.9816116,
          43.3222197
        ]
      }
    },
    {
      "type": "Feature",
      "properties": {
        "weight": 1.0,
        "id": 13337262340,
        "hasDetails": true,
        "name": "Bella Nails",
        "address": "Boulevard zumardia 11"
      },
      "geometry": {
        "type": "Point",
        "coordinates": [
          -1.9831325,
          43.3222254
        ]
      }
    },
    {
      "type": "Feature",
      "properties": {
        "weight": 1.0,
        "id": 3396840893,
        "hasDetails": true,
        "name": "Miner",
        "address": "Erronda kalea 7, Donostia / San Sebasti\u00e1n"
      },
      "geometry": {
        "type": "Point",
        "coordinates": [
          -1.9768108,
          43.3222286
        ]
      }
    },
    {
      "type": "Feature",
      "properties": {
        "weight": 1.0
      },
      "geometry": {
        "type": "Point",
        "coordinates": [
          -1.8979352,
          43.3222382
        ]
      }
    },
    {
      "type": "Feature",
      "properties": {
        "weight": 1.0,
        "id": 3169243961,
        "hasDetails": true,
        "name": "BM",
        "address": "Euskadi etorbidea, Donostia / San Sebasti\u00e1n"
      },
      "geometry": {
        "type": "Point",
        "coordinates": [
          -1.9397097,
          43.3222484
        ]
      }
    },
    {
      "type": "Feature",
      "properties": {
        "weight": 1.0,
        "id": 13337262332,
        "hasDetails": true,
        "name": "Theys",
        "address": "Legazpi kalea 4",
        "website": "https://www.theysbelleza.es/",
        "names": [
          "Theys",
          "Torrubia"
        ]
      },
      "geometry": {
        "type": "Point",
        "coordinates": [
          -1.9826148,
          43.3222555
        ]
      }
    },
    {
      "type": "Feature",
      "properties": {
        "weight": 1.0
      },
      "geometry": {
        "type": "Point",
        "coordinates": [
          -1.9395343,
          43.3222561
        ]
      }
    },
    {
      "type": "Feature",
      "properties": {
        "weight": 1.0
      },
      "geometry": {
        "type": "Point",
        "coordinates": [
          -1.8976929,
          43.3222568
        ]
      }
    },
    {
      "type": "Feature",
      "properties": {
        "weight": 1.0
      },
      "geometry": {
        "type": "Point",
        "coordinates": [
          -1.9753746,
          43.3222616
        ]
      }
    },
    {
      "type": "Feature",
      "properties": {
        "weight": 1.0
      },
      "geometry": {
        "type": "Point",
        "coordinates": [
          -1.9667812,
          43.3222696
        ]
      }
    },
    {
      "type": "Feature",
      "properties": {
        "weight": 1.0,
        "id": 12738695916,
        "hasDetails": true,
        "name": "Eroski City",
        "address": "Legazpi kalea 3, Donostia / San Sebasti\u00e1n",
        "names": [
          "Eroski City",
          "V\u00e8nere Studio"
        ]
      },
      "geometry": {
        "type": "Point",
        "coordinates": [
          -1.9823883,
          43.3222822
        ]
      }
    },
    {
      "type": "Feature",
      "properties": {
        "weight": 1.0
      },
      "geometry": {
        "type": "Point",
        "coordinates": [
          -1.9672218,
          43.3222854
        ]
      }
    },
    {
      "type": "Feature",
      "properties": {
        "weight": 1.0
      },
      "geometry": {
        "type": "Point",
        "coordinates": [
          -1.9392767,
          43.322294
        ]
      }
    },
    {
      "type": "Feature",
      "properties": {
        "weight": 1.0
      },
      "geometry": {
        "type": "Point",
        "coordinates": [
          -1.9850688,
          43.3223141
        ]
      }
    },
    {
      "type": "Feature",
      "properties": {
        "weight": 1.0,
        "id": 750729292,
        "hasDetails": true,
        "name": "Fabo",
        "address": "Kale Berria 6, Donostia / San Sebasti\u00e1n",
        "names": [
          "Fabo",
          "Alma"
        ]
      },
      "geometry": {
        "type": "Point",
        "coordinates": [
          -1.9764925,
          43.3223152
        ]
      }
    },
    {
      "type": "Feature",
      "properties": {
        "weight": 1.0,
        "id": 6473172885,
        "hasDetails": true,
        "name": "PC Box",
        "address": "Iparragirre kalea 13"
      },
      "geometry": {
        "type": "Point",
        "coordinates": [
          -1.9756882,
          43.3223186
        ]
      }
    },
    {
      "type": "Feature",
      "properties": {
        "weight": 1.0,
        "id": 13337262334,
        "hasDetails": true,
        "name": "Al L\u00edmite",
        "address": "Legazpi kalea 2",
        "names": [
          "Al L\u00edmite",
          "Sagastume"
        ]
      },
      "geometry": {
        "type": "Point",
        "coordinates": [
          -1.9826725,
          43.3223378
        ]
      }
    },
    {
      "type": "Feature",
      "properties": {
        "weight": 1.0
      },
      "geometry": {
        "type": "Point",
        "coordinates": [
          -1.9740885,
          43.322344
        ]
      }
    },
    {
      "type": "Feature",
      "properties": {
        "weight": 1.0
      },
      "geometry": {
        "type": "Point",
        "coordinates": [
          -1.9824444,
          43.3223632
        ]
      }
    },
    {
      "type": "Feature",
      "properties": {
        "weight": 1.0,
        "id": 750729333,
        "hasDetails": true,
        "name": "Velomoto",
        "address": "Kale Berria 1, Donostia / San Sebasti\u00e1n",
        "website": "https://www.velomoto.es/"
      },
      "geometry": {
        "type": "Point",
        "coordinates": [
          -1.9767773,
          43.3223981
        ]
      }
    },
    {
      "type": "Feature",
      "properties": {
        "weight": 1.0
      },
      "geometry": {
        "type": "Point",
        "coordinates": [
          -1.9855316,
          43.3224096
        ]
      }
    },
    {
      "type": "Feature",
      "properties": {
        "weight": 1.0,
        "id": 7153855385,
        "hasDetails": true,
        "name": "\u00c1lvarez",
        "address": "Mirakruz kalea"
      },
      "geometry": {
        "type": "Point",
        "coordinates": [
          -1.9730172,
          43.3224113
        ]
      }
    },
    {
      "type": "Feature",
      "properties": {
        "weight": 1.0,
        "id": 6473163286,
        "hasDetails": true,
        "name": "Ana Legarra",
        "address": "Kale Berria"
      },
      "geometry": {
        "type": "Point",
        "coordinates": [
          -1.9760647,
          43.3224127
        ]
      }
    },
    {
      "type": "Feature",
      "properties": {
        "weight": 1.0
      },
      "geometry": {
        "type": "Point",
        "coordinates": [
          -1.8976174,
          43.3224502
        ]
      }
    },
    {
      "type": "Feature",
      "properties": {
        "weight": 1.0
      },
      "geometry": {
        "type": "Point",
        "coordinates": [
          -1.9666878,
          43.322453
        ]
      }
    },
    {
      "type": "Feature",
      "properties": {
        "weight": 1.0,
        "id": 12738695917,
        "hasDetails": true,
        "name": "Sweet Pirate",
        "address": "Boulevard zumardia 5, Donostia / San Sebasti\u00e1n"
      },
      "geometry": {
        "type": "Point",
        "coordinates": [
          -1.9824977,
          43.3224581
        ]
      }
    },
    {
      "type": "Feature",
      "properties": {
        "weight": 1.0
      },
      "geometry": {
        "type": "Point",
        "coordinates": [
          -1.9846054,
          43.3224617
        ]
      }
    },
    {
      "type": "Feature",
      "properties": {
        "weight": 1.0,
        "id": 750727298,
        "hasDetails": true,
        "name": "Afede",
        "address": "Kale Berria 3, Donostia / San Sebasti\u00e1n"
      },
      "geometry": {
        "type": "Point",
        "coordinates": [
          -1.9765806,
          43.3224663
        ]
      }
    },
    {
      "type": "Feature",
      "properties": {
        "weight": 1.0,
        "id": 11015681955,
        "hasDetails": true,
        "name": "Atlas Stoked",
        "address": "Okendo kalea 4, Donostia / San Sebasti\u00e1n",
        "website": "https://atlasstoked.com/"
      },
      "geometry": {
        "type": "Point",
        "coordinates": [
          -1.9817939,
          43.3224813
        ]
      }
    },
    {
      "type": "Feature",
      "properties": {
        "weight": 1.0
      },
      "geometry": {
        "type": "Point",
        "coordinates": [
          -1.89702,
          43.3224865
        ]
      }
    },
    {
      "type": "Feature",
      "properties": {
        "weight": 1.0
      },
      "geometry": {
        "type": "Point",
        "coordinates": [
          -1.9737867,
          43.3225012
        ]
      }
    },
    {
      "type": "Feature",
      "properties": {
        "weight": 1.0,
        "id": 13388203458,
        "hasDetails": true,
        "name": "Prisma",
        "address": "Errenteria kalea 3",
        "website": "https://prismarotulos.com/"
      },
      "geometry": {
        "type": "Point",
        "coordinates": [
          -1.9684467,
          43.3225316
        ]
      }
    },
    {
      "type": "Feature",
      "properties": {
        "weight": 1.0
      },
      "geometry": {
        "type": "Point",
        "coordinates": [
          -1.9733699,
          43.3225482
        ]
      }
    },
    {
      "type": "Feature",
      "properties": {
        "weight": 1.0,
        "id": 13460542904,
        "hasDetails": true,
        "name": "Noventa Grados",
        "address": "Kale Nagusia 3",
        "website": "https://noventa-grados.com/",
        "names": [
          "Noventa Grados",
          "Ada Kirolak"
        ]
      },
      "geometry": {
        "type": "Point",
        "coordinates": [
          -1.9857937,
          43.3225649
        ]
      }
    },
    {
      "type": "Feature",
      "properties": {
        "weight": 1.0,
        "id": 10616253926,
        "hasDetails": true,
        "name": "BM",
        "address": "Pasaia kalea 3, Donostia / San Sebasti\u00e1n"
      },
      "geometry": {
        "type": "Point",
        "coordinates": [
          -1.9677024,
          43.3225746
        ]
      }
    },
    {
      "type": "Feature",
      "properties": {
        "weight": 1.0
      },
      "geometry": {
        "type": "Point",
        "coordinates": [
          -1.9743777,
          43.3225763
        ]
      }
    },
    {
      "type": "Feature",
      "properties": {
        "weight": 1.0,
        "id": 3358548528,
        "hasDetails": true,
        "name": "Dia",
        "address": "Kale Berria"
      },
      "geometry": {
        "type": "Point",
        "coordinates": [
          -1.9760355,
          43.3225826
        ]
      }
    },
    {
      "type": "Feature",
      "properties": {
        "weight": 1.0,
        "id": 13523742646,
        "hasDetails": true,
        "name": "Maestros Turroneros",
        "address": "Enbeltran kalea 14"
      },
      "geometry": {
        "type": "Point",
        "coordinates": [
          -1.9851902,
          43.3225865
        ]
      }
    },
    {
      "type": "Feature",
      "properties": {
        "weight": 1.0
      },
      "geometry": {
        "type": "Point",
        "coordinates": [
          -1.9369552,
          43.3225885
        ]
      }
    },
    {
      "type": "Feature",
      "properties": {
        "weight": 1.0,
        "id": 10583750878,
        "hasDetails": true,
        "name": "Eroski City",
        "address": "Lezobidea 10, Pasaia"
      },
      "geometry": {
        "type": "Point",
        "coordinates": [
          -1.9130346,
          43.3225925
        ]
      }
    },
    {
      "type": "Feature",
      "properties": {
        "weight": 1.0,
        "id": 2207144910,
        "hasDetails": true,
        "address": "Lezobidea, Pasaia"
      },
      "geometry": {
        "type": "Point",
        "coordinates": [
          -1.9128058,
          43.3226046
        ]
      }
    },
    {
      "type": "Feature",
      "properties": {
        "weight": 1.0,
        "id": 6473163188,
        "hasDetails": true,
        "name": "Mikel arraindegia",
        "address": "Kale Berria"
      },
      "geometry": {
        "type": "Point",
        "coordinates": [
          -1.9759004,
          43.322607
        ]
      }
    },
    {
      "type": "Feature",
      "properties": {
        "weight": 1.0,
        "id": 7130783387,
        "hasDetails": true,
        "name": "Todotodo Spar",
        "address": "Boulevard zumardia"
      },
      "geometry": {
        "type": "Point",
        "coordinates": [
          -1.9821186,
          43.3226076
        ]
      }
    },
    {
      "type": "Feature",
      "properties": {
        "weight": 1.0
      },
      "geometry": {
        "type": "Point",
        "coordinates": [
          -1.9837298,
          43.3226084
        ]
      }
    },
    {
      "type": "Feature",
      "properties": {
        "weight": 1.0
      },
      "geometry": {
        "type": "Point",
        "coordinates": [
          -1.9732579,
          43.3226257
        ]
      }
    },
    {
      "type": "Feature",
      "properties": {
        "weight": 1.0
      },
      "geometry": {
        "type": "Point",
        "coordinates": [
          -1.9121666,
          43.3226452
        ]
      }
    },
    {
      "type": "Feature",
      "properties": {
        "weight": 1.0,
        "id": 902782817,
        "hasDetails": true,
        "name": "Eroski City",
        "address": "Pasai San Pedro hiribidea 49-A, Donostia / San Sebasti\u00e1n"
      },
      "geometry": {
        "type": "Point",
        "coordinates": [
          -1.9373742,
          43.3226465
        ]
      }
    },
    {
      "type": "Feature",
      "properties": {
        "weight": 1.0
      },
      "geometry": {
        "type": "Point",
        "coordinates": [
          -1.9773793,
          43.322657
        ]
      }
    },
    {
      "type": "Feature",
      "properties": {
        "weight": 1.0,
        "id": 11845666369,
        "hasDetails": true,
        "name": "C\u00f4te Basque Vintage",
        "address": "Kale Nagusia 6",
        "website": "https://cotebasquevintage.com/",
        "opening_hours": "Mo-Sa 11:00-21:00"
      },
      "geometry": {
        "type": "Point",
        "coordinates": [
          -1.9857398,
          43.3226627
        ]
      }
    },
    {
      "type": "Feature",
      "properties": {
        "weight": 1.0
      },
      "geometry": {
        "type": "Point",
        "coordinates": [
          -1.985102,
          43.3226712
        ]
      }
    },
    {
      "type": "Feature",
      "properties": {
        "weight": 1.0,
        "id": 13523742645,
        "hasDetails": true,
        "name": "Wituka",
        "address": "San Jeronimo kalea 7"
      },
      "geometry": {
        "type": "Point",
        "coordinates": [
          -1.9852287,
          43.3226797
        ]
      }
    },
    {
      "type": "Feature",
      "properties": {
        "weight": 1.0,
        "id": 13460542903,
        "hasDetails": true,
        "name": "Cabo Rojo",
        "address": "Kale Nagusia 3",
        "website": "https://www.caborojo.es/"
      },
      "geometry": {
        "type": "Point",
        "coordinates": [
          -1.9858869,
          43.3226886
        ]
      }
    },
    {
      "type": "Feature",
      "properties": {
        "weight": 1.0,
        "id": 13387116883,
        "hasDetails": true,
        "name": "Todotodo",
        "address": "Marino Tabuyo kalea 4"
      },
      "geometry": {
        "type": "Point",
        "coordinates": [
          -1.9690001,
          43.3226916
        ]
      }
    },
    {
      "type": "Feature",
      "properties": {
        "weight": 1.0,
        "id": 7139015786,
        "hasDetails": true,
        "name": "Saioa",
        "address": "Kale Berria"
      },
      "geometry": {
        "type": "Point",
        "coordinates": [
          -1.9747733,
          43.3227002
        ]
      }
    },
    {
      "type": "Feature",
      "properties": {
        "weight": 1.0,
        "id": 11088932805,
        "hasDetails": true,
        "name": "Luquo",
        "opening_hours": "Mo-Sa 09:30-14:00, 17:00-20:00; Su 09:30-14:00"
      },
      "geometry": {
        "type": "Point",
        "coordinates": [
          -1.9731239,
          43.3227027
        ]
      }
    },
    {
      "type": "Feature",
      "properties": {
        "weight": 1.0,
        "id": 6057685827,
        "hasDetails": true,
        "name": "Copizoom",
        "address": "Ategorrietako Particular kalea 2, Donostia / San Sebasti\u00e1n"
      },
      "geometry": {
        "type": "Point",
        "coordinates": [
          -1.9700826,
          43.3227374
        ]
      }
    },
    {
      "type": "Feature",
      "properties": {
        "weight": 1.0
      },
      "geometry": {
        "type": "Point",
        "coordinates": [
          -1.9751389,
          43.3227411
        ]
      }
    },
    {
      "type": "Feature",
      "properties": {
        "weight": 1.0
      },
      "geometry": {
        "type": "Point",
        "coordinates": [
          -1.9370149,
          43.3227421
        ]
      }
    },
    {
      "type": "Feature",
      "properties": {
        "weight": 1.0,
        "id": 7139015888,
        "hasDetails": true,
        "name": "Cristina",
        "address": "Kale Berria"
      },
      "geometry": {
        "type": "Point",
        "coordinates": [
          -1.9749422,
          43.3227609
        ]
      }
    },
    {
      "type": "Feature",
      "properties": {
        "weight": 1.0,
        "id": 11948635495,
        "hasDetails": true,
        "name": "Botanikum",
        "address": "San Frantzisko kalea 1",
        "opening_hours": "Mo-Sa 11:00-14:00, 17:00-20:00",
        "names": [
          "Botanikum",
          "f8pc (Eric)"
        ]
      },
      "geometry": {
        "type": "Point",
        "coordinates": [
          -1.9755901,
          43.3227626
        ]
      }
    },
    {
      "type": "Feature",
      "properties": {
        "weight": 1.0,
        "id": 12324008701,
        "hasDetails": true,
        "name": "Mahala Geuria",
        "address": "Boulevard 4, Donostia / San Sebasti\u00e1n",
        "website": "https://www.mahalageuria.eus",
        "opening_hours": "Mo-Th 09:00-20:00; Fr 09:00-21:00; Sa 09:00-22:00; Su 10:00-20:00"
      },
      "geometry": {
        "type": "Point",
        "coordinates": [
          -1.9831247,
          43.3227628
        ]
      }
    },
    {
      "type": "Feature",
      "properties": {
        "weight": 1.0
      },
      "geometry": {
        "type": "Point",
        "coordinates": [
          -1.9843339,
          43.3227884
        ]
      }
    },
    {
      "type": "Feature",
      "properties": {
        "weight": 1.0
      },
      "geometry": {
        "type": "Point",
        "coordinates": [
          -1.9391202,
          43.3227929
        ]
      }
    },
    {
      "type": "Feature",
      "properties": {
        "weight": 1.0,
        "id": 7139015785,
        "hasDetails": true,
        "name": "GAP peluqueros",
        "address": "San Frantzisko kalea"
      },
      "geometry": {
        "type": "Point",
        "coordinates": [
          -1.9752455,
          43.3227953
        ]
      }
    },
    {
      "type": "Feature",
      "properties": {
        "weight": 1.0,
        "id": 13523742639,
        "hasDetails": true,
        "name": "Kutixik",
        "address": "Kale Nagusia 8",
        "names": [
          "Kutixik",
          "\u00cfkko"
        ]
      },
      "geometry": {
        "type": "Point",
        "coordinates": [
          -1.9858491,
          43.3228165
        ]
      }
    },
    {
      "type": "Feature",
      "properties": {
        "weight": 1.0,
        "id": 13523742644,
        "hasDetails": true,
        "name": "Itziar",
        "address": "San Jeronimo kalea 11",
        "names": [
          "Itziar",
          "Dalas Studio"
        ]
      },
      "geometry": {
        "type": "Point",
        "coordinates": [
          -1.9852876,
          43.3228219
        ]
      }
    },
    {
      "type": "Feature",
      "properties": {
        "weight": 1.0
      },
      "geometry": {
        "type": "Point",
        "coordinates": [
          -1.9733336,
          43.322839
        ]
      }
    },
    {
      "type": "Feature",
      "properties": {
        "weight": 1.0,
        "id": 750727892,
        "hasDetails": true,
        "name": "Lion's Peluqueros",
        "address": "Jose Maria Soroa kalea 1, Donostia / San Sebasti\u00e1n"
      },
      "geometry": {
        "type": "Point",
        "coordinates": [
          -1.9713594,
          43.3228427
        ]
      }
    },
    {
      "type": "Feature",
      "properties": {
        "weight": 1.0,
        "id": 7139015885,
        "hasDetails": true,
        "name": "Multi\u00f3pticas",
        "address": "Trueba kalea"
      },
      "geometry": {
        "type": "Point",
        "coordinates": [
          -1.9747397,
          43.322843
        ]
      }
    },
    {
      "type": "Feature",
      "properties": {
        "weight": 1.0,
        "id": 5652138922,
        "hasDetails": true,
        "name": "Casa Ponsol",
        "opening_hours": "Mo-Su 10:30-13:30; Mo-Sa 16:00-20:00"
      },
      "geometry": {
        "type": "Point",
        "coordinates": [
          -1.9839797,
          43.3228761
        ]
      }
    },
    {
      "type": "Feature",
      "properties": {
        "weight": 1.0
      },
      "geometry": {
        "type": "Point",
        "coordinates": [
          -1.9711934,
          43.3228776
        ]
      }
    },
    {
      "type": "Feature",
      "properties": {
        "weight": 1.0,
        "id": 2207144872,
        "hasDetails": true,
        "name": "Covir\u00e1n",
        "address": "Lezobidea 9, Pasaia"
      },
      "geometry": {
        "type": "Point",
        "coordinates": [
          -1.9129156,
          43.3228968
        ]
      }
    },
    {
      "type": "Feature",
      "properties": {
        "weight": 1.0,
        "id": 2207144900,
        "hasDetails": true,
        "name": "Xabiker",
        "address": "Lezobidea 3, Pasaia"
      },
      "geometry": {
        "type": "Point",
        "coordinates": [
          -1.913669,
          43.3228981
        ]
      }
    },
    {
      "type": "Feature",
      "properties": {
        "weight": 1.0,
        "id": 2207144863,
        "hasDetails": true,
        "name": "Aranburu",
        "address": "Lezobidea 9, Pasaia"
      },
      "geometry": {
        "type": "Point",
        "coordinates": [
          -1.9132389,
          43.3228982
        ]
      }
    },
    {
      "type": "Feature",
      "properties": {
        "weight": 1.0
      },
      "geometry": {
        "type": "Point",
        "coordinates": [
          -1.9710308,
          43.3229139
        ]
      }
    },
    {
      "type": "Feature",
      "properties": {
        "weight": 1.0
      },
      "geometry": {
        "type": "Point",
        "coordinates": [
          -1.972843,
          43.322915
        ]
      }
    },
    {
      "type": "Feature",
      "properties": {
        "weight": 1.0,
        "id": 7139483186,
        "hasDetails": true,
        "name": "Covir\u00e1n",
        "address": "Iparragirre kalea 16"
      },
      "geometry": {
        "type": "Point",
        "coordinates": [
          -1.9756202,
          43.3229252
        ]
      }
    },
    {
      "type": "Feature",
      "properties": {
        "weight": 1.0,
        "id": 13523742642,
        "hasDetails": true,
        "name": "Zarza",
        "address": "San Jeronimo kalea 13",
        "website": "https://www.zarzaboutique.com/",
        "names": [
          "Zarza",
          "La Txiripa"
        ]
      },
      "geometry": {
        "type": "Point",
        "coordinates": [
          -1.9853306,
          43.3229258
        ]
      }
    },
    {
      "type": "Feature",
      "properties": {
        "weight": 1.0
      },
      "geometry": {
        "type": "Point",
        "coordinates": [
          -1.973212,
          43.32293
        ]
      }
    },
    {
      "type": "Feature",
      "properties": {
        "weight": 1.0
      },
      "geometry": {
        "type": "Point",
        "coordinates": [
          -1.9130473,
          43.3229345
        ]
      }
    },
    {
      "type": "Feature",
      "properties": {
        "weight": 1.0
      },
      "geometry": {
        "type": "Point",
        "coordinates": [
          -1.9713858,
          43.3229387
        ]
      }
    },
    {
      "type": "Feature",
      "properties": {
        "weight": 1.0,
        "id": 9850178109,
        "hasDetails": true,
        "name": "Cirelluelo",
        "address": "Trueba kalea 12"
      },
      "geometry": {
        "type": "Point",
        "coordinates": [
          -1.9748874,
          43.3229421
        ]
      }
    },
    {
      "type": "Feature",
      "properties": {
        "weight": 1.0,
        "id": 13523742640,
        "hasDetails": true,
        "name": "Sayonara",
        "address": "Fermin Calbeton kalea 35",
        "website": "https://sayonara.eus/",
        "names": [
          "Sayonara",
          "SS Walkers"
        ]
      },
      "geometry": {
        "type": "Point",
        "coordinates": [
          -1.985582,
          43.3229715
        ]
      }
    },
    {
      "type": "Feature",
      "properties": {
        "weight": 1.0,
        "id": 2160061592,
        "hasDetails": true,
        "name": "Coco",
        "address": "Fermin Calbeton kalea 42"
      },
      "geometry": {
        "type": "Point",
        "coordinates": [
          -1.9858677,
          43.3229723
        ]
      }
    },
    {
      "type": "Feature",
      "properties": {
        "weight": 1.0
      },
      "geometry": {
        "type": "Point",
        "coordinates": [
          -1.9852312,
          43.3229811
        ]
      }
    },
    {
      "type": "Feature",
      "properties": {
        "weight": 1.0,
        "id": 13369571451,
        "hasDetails": true,
        "name": "La Perla de Gros",
        "address": "Pe\u00f1a y Go\u00f1i kalea 15"
      },
      "geometry": {
        "type": "Point",
        "coordinates": [
          -1.9773198,
          43.3229875
        ]
      }
    },
    {
      "type": "Feature",
      "properties": {
        "weight": 1.0
      },
      "geometry": {
        "type": "Point",
        "coordinates": [
          -1.9738259,
          43.3229883
        ]
      }
    },
    {
      "type": "Feature",
      "properties": {
        "weight": 1.0,
        "id": 493244710,
        "hasDetails": true,
        "name": "Eroski",
        "opening_hours": "Mo-Sa 09:00-21:00"
      },
      "geometry": {
        "type": "Point",
        "coordinates": [
          -1.9720182,
          43.3229966
        ]
      }
    },
    {
      "type": "Feature",
      "properties": {
        "weight": 1.0
      },
      "geometry": {
        "type": "Point",
        "coordinates": [
          -1.9684167,
          43.3229977
        ]
      }
    },
    {
      "type": "Feature",
      "properties": {
        "weight": 1.0
      },
      "geometry": {
        "type": "Point",
        "coordinates": [
          -1.9726773,
          43.3230126
        ]
      }
    },
    {
      "type": "Feature",
      "properties": {
        "weight": 1.0,
        "id": 8941886748,
        "hasDetails": true,
        "name": "Forum Sport",
        "website": "https://www.forumsport.com",
        "opening_hours": "Mo-Sa 10:00-21:00"
      },
      "geometry": {
        "type": "Point",
        "coordinates": [
          -1.982324,
          43.3230139
        ]
      }
    },
    {
      "type": "Feature",
      "properties": {
        "weight": 1.0
      },
      "geometry": {
        "type": "Point",
        "coordinates": [
          -1.9854207,
          43.3230187
        ]
      }
    },
    {
      "type": "Feature",
      "properties": {
        "weight": 1.0
      },
      "geometry": {
        "type": "Point",
        "coordinates": [
          -1.973045,
          43.3230341
        ]
      }
    },
    {
      "type": "Feature",
      "properties": {
        "weight": 1.0,
        "id": 3359571531,
        "hasDetails": true,
        "name": "Super Adarra",
        "opening_hours": "Mo-Fr 08:30-20:30; Sa 08:30-14:00; Su 10:00-14:00"
      },
      "geometry": {
        "type": "Point",
        "coordinates": [
          -1.974907,
          43.3230415
        ]
      }
    },
    {
      "type": "Feature",
      "properties": {
        "weight": 1.0
      },
      "geometry": {
        "type": "Point",
        "coordinates": [
          -1.9772213,
          43.3230481
        ]
      }
    },
    {
      "type": "Feature",
      "properties": {
        "weight": 1.0,
        "id": 750726883,
        "hasDetails": true,
        "name": "Opilla",
        "address": "Galtzada Nagusia 26, Donostia / San Sebasti\u00e1n"
      },
      "geometry": {
        "type": "Point",
        "coordinates": [
          -1.9725539,
          43.3230679
        ]
      }
    },
    {
      "type": "Feature",
      "properties": {
        "weight": 1.0
      },
      "geometry": {
        "type": "Point",
        "coordinates": [
          -1.9745416,
          43.3230823
        ]
      }
    },
    {
      "type": "Feature",
      "properties": {
        "weight": 1.0
      },
      "geometry": {
        "type": "Point",
        "coordinates": [
          -1.9831038,
          43.3230833
        ]
      }
    },
    {
      "type": "Feature",
      "properties": {
        "weight": 1.0,
        "id": 8976432909,
        "hasDetails": true,
        "name": "Rafa Gorrotxategi",
        "address": "Narrika kalea 6, Donostia / San Sebasti\u00e1n",
        "website": "https://rafagorrotxategi.eus",
        "names": [
          "Rafa Gorrotxategi",
          "Caprichos personalizados y regalos"
        ]
      },
      "geometry": {
        "type": "Point",
        "coordinates": [
          -1.9841499,
          43.323087
        ]
      }
    },
    {
      "type": "Feature",
      "properties": {
        "weight": 1.0
      },
      "geometry": {
        "type": "Point",
        "coordinates": [
          -1.9708116,
          43.323089
        ]
      }
    },
    {
      "type": "Feature",
      "properties": {
        "weight": 1.0,
        "id": 619851384,
        "hasDetails": true,
        "address": "Erregina Erregeordearen kalea 1, Donostia / San Sebasti\u00e1n"
      },
      "geometry": {
        "type": "Point",
        "coordinates": [
          -1.9818529,
          43.3230918
        ]
      }
    },
    {
      "type": "Feature",
      "properties": {
        "weight": 1.0,
        "id": 13519805368,
        "hasDetails": true,
        "name": "D'Closet",
        "address": "Kale Nagusia 12",
        "names": [
          "D'Closet",
          "Naiz"
        ]
      },
      "geometry": {
        "type": "Point",
        "coordinates": [
          -1.9860581,
          43.3231063
        ]
      }
    },
    {
      "type": "Feature",
      "properties": {
        "weight": 1.0
      },
      "geometry": {
        "type": "Point",
        "coordinates": [
          -1.9721887,
          43.3231082
        ]
      }
    },
    {
      "type": "Feature",
      "properties": {
        "weight": 1.0
      },
      "geometry": {
        "type": "Point",
        "coordinates": [
          -1.9825351,
          43.3231098
        ]
      }
    },
    {
      "type": "Feature",
      "properties": {
        "weight": 1.0,
        "id": 13519805366,
        "hasDetails": true,
        "name": "Hogar Blanco",
        "address": "San Jeronimo kalea 17"
      },
      "geometry": {
        "type": "Point",
        "coordinates": [
          -1.9854174,
          43.3231343
        ]
      }
    },
    {
      "type": "Feature",
      "properties": {
        "weight": 1.0
      },
      "geometry": {
        "type": "Point",
        "coordinates": [
          -1.9837969,
          43.3231469
        ]
      }
    },
    {
      "type": "Feature",
      "properties": {
        "weight": 1.0,
        "id": 13339536601,
        "hasDetails": true,
        "name": "Flying Tiger Copenhagen",
        "address": "Erregina Erregeordearen kalea 3",
        "names": [
          "Flying Tiger Copenhagen",
          "Electroson",
          "Bassk Cheesecakers"
        ]
      },
      "geometry": {
        "type": "Point",
        "coordinates": [
          -1.9816128,
          43.3231512
        ]
      }
    },
    {
      "type": "Feature",
      "properties": {
        "weight": 1.0,
        "id": 3167512061,
        "hasDetails": true,
        "name": "Ogi Berri",
        "address": "Euskadi etorbidea, Trintxerpe",
        "opening_hours": "Mo-Su,PH 07:30-21:00"
      },
      "geometry": {
        "type": "Point",
        "coordinates": [
          -1.9318031,
          43.323154
        ]
      }
    },
    {
      "type": "Feature",
      "properties": {
        "weight": 1.0,
        "id": 3169200061,
        "hasDetails": true,
        "name": "Fruter\u00eda Zubitxo",
        "address": "Euskadi etorbidea, Trintxerpe"
      },
      "geometry": {
        "type": "Point",
        "coordinates": [
          -1.9313457,
          43.3231671
        ]
      }
    },
    {
      "type": "Feature",
      "properties": {
        "weight": 1.0
      },
      "geometry": {
        "type": "Point",
        "coordinates": [
          -1.9315607,
          43.3231706
        ]
      }
    },
    {
      "type": "Feature",
      "properties": {
        "weight": 1.0,
        "id": 2158186469,
        "hasDetails": true,
        "name": "Otaegui",
        "address": "Narrika kalea 15",
        "opening_hours": "Tu-Sa 09:30-14:00; Su 09:29-14:30",
        "outdoor_seating": "no"
      },
      "geometry": {
        "type": "Point",
        "coordinates": [
          -1.984171,
          43.3231786
        ]
      }
    },
    {
      "type": "Feature",
      "properties": {
        "weight": 1.0
      },
      "geometry": {
        "type": "Point",
        "coordinates": [
          -1.9834871,
          43.3231908
        ]
      }
    },
    {
      "type": "Feature",
      "properties": {
        "weight": 1.0
      },
      "geometry": {
        "type": "Point",
        "coordinates": [
          -1.972793,
          43.3231962
        ]
      }
    },
    {
      "type": "Feature",
      "properties": {
        "weight": 1.0,
        "id": 9850174478,
        "hasDetails": true,
        "name": "Electrogros",
        "address": "Colon pasealekua 15",
        "website": "https://egros.es/",
        "opening_hours": "Mo-Fr 09:30-13:30, 16:30-20:00; Sa 10:30-14:00"
      },
      "geometry": {
        "type": "Point",
        "coordinates": [
          -1.9770414,
          43.3231963
        ]
      }
    },
    {
      "type": "Feature",
      "properties": {
        "weight": 1.0,
        "id": 2160061595,
        "hasDetails": true,
        "name": "Elkar",
        "website": "https://www.elkar.eus"
      },
      "geometry": {
        "type": "Point",
        "coordinates": [
          -1.9846745,
          43.323197
        ]
      }
    },
    {
      "type": "Feature",
      "properties": {
        "weight": 1.0,
        "id": 13387116885,
        "hasDetails": true,
        "name": "Moto Shop",
        "address": "Jose Maria Soroa kalea 22"
      },
      "geometry": {
        "type": "Point",
        "coordinates": [
          -1.9686803,
          43.3231983
        ]
      }
    },
    {
      "type": "Feature",
      "properties": {
        "weight": 1.0
      },
      "geometry": {
        "type": "Point",
        "coordinates": [
          -1.9869796,
          43.3232076
        ]
      }
    },
    {
      "type": "Feature",
      "properties": {
        "weight": 1.0
      },
      "geometry": {
        "type": "Point",
        "coordinates": [
          -1.9813728,
          43.3232111
        ]
      }
    },
    {
      "type": "Feature",
      "properties": {
        "weight": 1.0
      },
      "geometry": {
        "type": "Point",
        "coordinates": [
          -1.9723536,
          43.3232282
        ]
      }
    },
    {
      "type": "Feature",
      "properties": {
        "weight": 1.0
      },
      "geometry": {
        "type": "Point",
        "coordinates": [
          -1.9716287,
          43.3232294
        ]
      }
    },
    {
      "type": "Feature",
      "properties": {
        "weight": 1.0
      },
      "geometry": {
        "type": "Point",
        "coordinates": [
          -1.9854599,
          43.3232355
        ]
      }
    },
    {
      "type": "Feature",
      "properties": {
        "weight": 1.0
      },
      "geometry": {
        "type": "Point",
        "coordinates": [
          -1.9703087,
          43.3232469
        ]
      }
    },
    {
      "type": "Feature",
      "properties": {
        "weight": 1.0
      },
      "geometry": {
        "type": "Point",
        "coordinates": [
          -1.9427268,
          43.3232694
        ]
      }
    },
    {
      "type": "Feature",
      "properties": {
        "weight": 1.0,
        "id": 13339536605,
        "hasDetails": true,
        "name": "Enea",
        "address": "Erregina Erregeordearen kalea 7"
      },
      "geometry": {
        "type": "Point",
        "coordinates": [
          -1.9810766,
          43.323286
        ]
      }
    },
    {
      "type": "Feature",
      "properties": {
        "weight": 1.0,
        "id": 750729360,
        "hasDetails": true,
        "name": "La Barberie",
        "address": "Galtzada Nagusia 22, Donostia / San Sebasti\u00e1n"
      },
      "geometry": {
        "type": "Point",
        "coordinates": [
          -1.9729317,
          43.3232866
        ]
      }
    },
    {
      "type": "Feature",
      "properties": {
        "weight": 1.0,
        "id": 1604582441,
        "hasDetails": true,
        "name": "Urquia",
        "address": "San Juan kalea 3, Donostia / San Sebasti\u00e1n"
      },
      "geometry": {
        "type": "Point",
        "coordinates": [
          -1.9831167,
          43.3232887
        ]
      }
    },
    {
      "type": "Feature",
      "properties": {
        "weight": 1.0,
        "id": 13519805370,
        "hasDetails": true,
        "name": "Enbata",
        "address": "Kale Nagusia 14"
      },
      "geometry": {
        "type": "Point",
        "coordinates": [
          -1.9861858,
          43.3232893
        ]
      }
    },
    {
      "type": "Feature",
      "properties": {
        "weight": 1.0,
        "id": 13369571472,
        "hasDetails": true,
        "name": "Mosaico",
        "address": "Colon pasealekua 17"
      },
      "geometry": {
        "type": "Point",
        "coordinates": [
          -1.9769457,
          43.3232974
        ]
      }
    },
    {
      "type": "Feature",
      "properties": {
        "weight": 1.0,
        "id": 7136954086,
        "hasDetails": true,
        "name": "Solbes",
        "address": "Aldamar kalea"
      },
      "geometry": {
        "type": "Point",
        "coordinates": [
          -1.982111,
          43.3233091
        ]
      }
    },
    {
      "type": "Feature",
      "properties": {
        "weight": 1.0,
        "id": 7139507085,
        "hasDetails": true,
        "name": "Barazki denda",
        "address": "Trueba kalea"
      },
      "geometry": {
        "type": "Point",
        "coordinates": [
          -1.9756832,
          43.3233148
        ]
      }
    },
    {
      "type": "Feature",
      "properties": {
        "weight": 1.0
      },
      "geometry": {
        "type": "Point",
        "coordinates": [
          -1.9722251,
          43.3233205
        ]
      }
    },
    {
      "type": "Feature",
      "properties": {
        "weight": 1.0
      },
      "geometry": {
        "type": "Point",
        "coordinates": [
          -1.9701898,
          43.323323
        ]
      }
    },
    {
      "type": "Feature",
      "properties": {
        "weight": 1.0
      },
      "geometry": {
        "type": "Point",
        "coordinates": [
          -1.9779389,
          43.3233467
        ]
      }
    },
    {
      "type": "Feature",
      "properties": {
        "weight": 1.0,
        "id": 1154290710,
        "hasDetails": true,
        "name": "Buceo Donosti",
        "opening_hours": "10:30-20:30"
      },
      "geometry": {
        "type": "Point",
        "coordinates": [
          -1.9151714,
          43.3233539
        ]
      }
    },
    {
      "type": "Feature",
      "properties": {
        "weight": 1.0,
        "id": 12994388567,
        "hasDetails": true,
        "name": "Bassk",
        "address": "San Jeronimo kalea 19"
      },
      "geometry": {
        "type": "Point",
        "coordinates": [
          -1.9855164,
          43.3233682
        ]
      }
    },
    {
      "type": "Feature",
      "properties": {
        "weight": 1.0
      },
      "geometry": {
        "type": "Point",
        "coordinates": [
          -1.9711528,
          43.3233729
        ]
      }
    },
    {
      "type": "Feature",
      "properties": {
        "weight": 1.0,
        "id": 13519269114,
        "hasDetails": true,
        "name": "Aristegui Art",
        "address": "Mari kalea 13",
        "website": "https://www.aristeguiart.com",
        "opening_hours": "Mo 16:00-19:00; Tu-Fr 10:00-13:00, 16:00-19:00; Sa 11:30-13:30"
      },
      "geometry": {
        "type": "Point",
        "coordinates": [
          -1.9873081,
          43.3233734
        ]
      }
    },
    {
      "type": "Feature",
      "properties": {
        "weight": 1.0
      },
      "geometry": {
        "type": "Point",
        "coordinates": [
          -1.9721307,
          43.3233848
        ]
      }
    },
    {
      "type": "Feature",
      "properties": {
        "weight": 1.0,
        "id": 4490328352,
        "hasDetails": true,
        "name": "Fruter\u00eda",
        "opening_hours": "Mo-Fr 08:00-19:00; Sa 09:00-13:30"
      },
      "geometry": {
        "type": "Point",
        "coordinates": [
          -1.9700822,
          43.3233967
        ]
      }
    },
    {
      "type": "Feature",
      "properties": {
        "weight": 1.0,
        "id": 8328201128,
        "hasDetails": true,
        "name": "Pescaderia Gines",
        "address": "Esnabide kalea 18"
      },
      "geometry": {
        "type": "Point",
        "coordinates": [
          -1.9269403,
          43.323409
        ]
      }
    },
    {
      "type": "Feature",
      "properties": {
        "weight": 1.0
      },
      "geometry": {
        "type": "Point",
        "coordinates": [
          -1.9840832,
          43.323417
        ]
      }
    },
    {
      "type": "Feature",
      "properties": {
        "weight": 1.0
      },
      "geometry": {
        "type": "Point",
        "coordinates": [
          -1.9726034,
          43.3234206
        ]
      }
    },
    {
      "type": "Feature",
      "properties": {
        "weight": 1.0,
        "id": 4486789473,
        "hasDetails": true,
        "name": "Papperino",
        "amenity": "ice_cream",
        "address": "San Frantzisko kalea 12, Donostia / San Sebasti\u00e1n",
        "opening_hours": "Tu-Th,Su 12:00-23:00, Fr,Sa 12:00-24:00; Mo off",
        "outdoor_seating": "no"
      },
      "geometry": {
        "type": "Point",
        "coordinates": [
          -1.9743779,
          43.3234305
        ]
      }
    },
    {
      "type": "Feature",
      "properties": {
        "weight": 1.0
      },
      "geometry": {
        "type": "Point",
        "coordinates": [
          -1.9714173,
          43.323443
        ]
      }
    },
    {
      "type": "Feature",
      "properties": {
        "weight": 1.0
      },
      "geometry": {
        "type": "Point",
        "coordinates": [
          -1.985851,
          43.323444
        ]
      }
    },
    {
      "type": "Feature",
      "properties": {
        "weight": 1.0
      },
      "geometry": {
        "type": "Point",
        "coordinates": [
          -1.9776261,
          43.3234577
        ]
      }
    },
    {
      "type": "Feature",
      "properties": {
        "weight": 1.0
      },
      "geometry": {
        "type": "Point",
        "coordinates": [
          -1.9827411,
          43.3234652
        ]
      }
    },
    {
      "type": "Feature",
      "properties": {
        "weight": 1.0
      },
      "geometry": {
        "type": "Point",
        "coordinates": [
          -1.9139428,
          43.3234686
        ]
      }
    },
    {
      "type": "Feature",
      "properties": {
        "weight": 1.0
      },
      "geometry": {
        "type": "Point",
        "coordinates": [
          -1.9855594,
          43.3234697
        ]
      }
    },
    {
      "type": "Feature",
      "properties": {
        "weight": 1.0,
        "id": 3359962817,
        "hasDetails": true,
        "name": "Nava",
        "address": "Colon pasealekua 21"
      },
      "geometry": {
        "type": "Point",
        "coordinates": [
          -1.9767356,
          43.3234853
        ]
      }
    },
    {
      "type": "Feature",
      "properties": {
        "weight": 1.0
      },
      "geometry": {
        "type": "Point",
        "coordinates": [
          -1.9719748,
          43.3234907
        ]
      }
    },
    {
      "type": "Feature",
      "properties": {
        "weight": 1.0
      },
      "geometry": {
        "type": "Point",
        "coordinates": [
          -1.9859455,
          43.323503
        ]
      }
    },
    {
      "type": "Feature",
      "properties": {
        "weight": 1.0
      },
      "geometry": {
        "type": "Point",
        "coordinates": [
          -1.9821148,
          43.3235044
        ]
      }
    },
    {
      "type": "Feature",
      "properties": {
        "weight": 1.0
      },
      "geometry": {
        "type": "Point",
        "coordinates": [
          -1.9826095,
          43.3235086
        ]
      }
    },
    {
      "type": "Feature",
      "properties": {
        "weight": 1.0
      },
      "geometry": {
        "type": "Point",
        "coordinates": [
          -1.9880931,
          43.3235093
        ]
      }
    },
    {
      "type": "Feature",
      "properties": {
        "weight": 1.0
      },
      "geometry": {
        "type": "Point",
        "coordinates": [
          -1.9727193,
          43.3235144
        ]
      }
    },
    {
      "type": "Feature",
      "properties": {
        "weight": 1.0
      },
      "geometry": {
        "type": "Point",
        "coordinates": [
          -1.9710168,
          43.3235219
        ]
      }
    },
    {
      "type": "Feature",
      "properties": {
        "weight": 1.0,
        "id": 13369571457,
        "hasDetails": true,
        "name": "Marloi",
        "address": "Usandizaga kalea 10"
      },
      "geometry": {
        "type": "Point",
        "coordinates": [
          -1.9774533,
          43.323537
        ]
      }
    },
    {
      "type": "Feature",
      "properties": {
        "weight": 1.0
      },
      "geometry": {
        "type": "Point",
        "coordinates": [
          -1.9698627,
          43.3235475
        ]
      }
    },
    {
      "type": "Feature",
      "properties": {
        "weight": 1.0,
        "id": 3358548546,
        "hasDetails": true,
        "name": "La Tahona",
        "address": "Colon pasealekua 23",
        "opening_hours": "Mo-Fr 07:00-21:00; Sa,Su 07:30-21:00"
      },
      "geometry": {
        "type": "Point",
        "coordinates": [
          -1.976624,
          43.32357
        ]
      }
    },
    {
      "type": "Feature",
      "properties": {
        "weight": 1.0
      },
      "geometry": {
        "type": "Point",
        "coordinates": [
          -1.9741409,
          43.3235857
        ]
      }
    },
    {
      "type": "Feature",
      "properties": {
        "weight": 1.0
      },
      "geometry": {
        "type": "Point",
        "coordinates": [
          -1.9723568,
          43.3235964
        ]
      }
    },
    {
      "type": "Feature",
      "properties": {
        "weight": 1.0
      },
      "geometry": {
        "type": "Point",
        "coordinates": [
          -1.9856024,
          43.3236022
        ]
      }
    },
    {
      "type": "Feature",
      "properties": {
        "weight": 1.0
      },
      "geometry": {
        "type": "Point",
        "coordinates": [
          -1.9718308,
          43.3236023
        ]
      }
    },
    {
      "type": "Feature",
      "properties": {
        "weight": 1.0
      },
      "geometry": {
        "type": "Point",
        "coordinates": [
          -1.9728319,
          43.3236083
        ]
      }
    },
    {
      "type": "Feature",
      "properties": {
        "weight": 1.0,
        "id": 13339536517,
        "hasDetails": true,
        "name": "Surfing San Sebasti\u00e1n",
        "address": "Etxague Jenerala kalea 1",
        "website": "https://surfing.shopping/",
        "names": [
          "Surfing San Sebasti\u00e1n",
          "Fruter\u00eda Maribel",
          "Eider Martin"
        ]
      },
      "geometry": {
        "type": "Point",
        "coordinates": [
          -1.98224,
          43.3236104
        ]
      }
    },
    {
      "type": "Feature",
      "properties": {
        "weight": 1.0,
        "id": 13369571462,
        "hasDetails": true,
        "name": "Elespe",
        "address": "Usandizaga kalea 14"
      },
      "geometry": {
        "type": "Point",
        "coordinates": [
          -1.977233,
          43.3236121
        ]
      }
    },
    {
      "type": "Feature",
      "properties": {
        "weight": 1.0
      },
      "geometry": {
        "type": "Point",
        "coordinates": [
          -1.9701996,
          43.3236198
        ]
      }
    },
    {
      "type": "Feature",
      "properties": {
        "weight": 1.0,
        "id": 3358548520,
        "hasDetails": true,
        "name": "Aliprox",
        "opening_hours": "Mo-Fr 09:00-14:00,17:30-20:00; Sa 09:00-14:00"
      },
      "geometry": {
        "type": "Point",
        "coordinates": [
          -1.9780013,
          43.323624
        ]
      }
    },
    {
      "type": "Feature",
      "properties": {
        "weight": 1.0,
        "id": 9910001417,
        "hasDetails": true,
        "name": "Souvenirs Santesteban",
        "address": "Kaiko pasealekua 3",
        "opening_hours": "Mo-Su 11:00-19:00"
      },
      "geometry": {
        "type": "Point",
        "coordinates": [
          -1.9882415,
          43.3236319
        ]
      }
    },
    {
      "type": "Feature",
      "properties": {
        "weight": 1.0,
        "id": 4894809322,
        "hasDetails": true,
        "name": "Lidl",
        "address": "Bretxa plaza 2",
        "opening_hours": "Mo-Sa 09:00-21:00"
      },
      "geometry": {
        "type": "Point",
        "coordinates": [
          -1.982878,
          43.3236408
        ]
      }
    },
    {
      "type": "Feature",
      "properties": {
        "weight": 1.0,
        "id": 13339536518,
        "hasDetails": true,
        "name": "Ka Fuh",
        "address": "Etxague Jenerala kalea 1",
        "website": "https://www.kafuhfragancias.com/",
        "names": [
          "Ka Fuh",
          "Superbaratz Frutadenda"
        ]
      },
      "geometry": {
        "type": "Point",
        "coordinates": [
          -1.9821309,
          43.323655
        ]
      }
    },
    {
      "type": "Feature",
      "properties": {
        "weight": 1.0,
        "id": 2158186447,
        "hasDetails": true,
        "name": "Beltza Records",
        "website": "https://www.beltzarecords.com"
      },
      "geometry": {
        "type": "Point",
        "coordinates": [
          -1.9832624,
          43.3236589
        ]
      }
    },
    {
      "type": "Feature",
      "properties": {
        "weight": 1.0
      },
      "geometry": {
        "type": "Point",
        "coordinates": [
          -1.9776207,
          43.3236621
        ]
      }
    },
    {
      "type": "Feature",
      "properties": {
        "weight": 1.0,
        "id": 12177983888,
        "hasDetails": true,
        "name": "Darwin rentals Surf",
        "address": "Kaiko pasealekua 1"
      },
      "geometry": {
        "type": "Point",
        "coordinates": [
          -1.9878143,
          43.3236674
        ]
      }
    },
    {
      "type": "Feature",
      "properties": {
        "weight": 1.0
      },
      "geometry": {
        "type": "Point",
        "coordinates": [
          -1.9712195,
          43.3236686
        ]
      }
    },
    {
      "type": "Feature",
      "properties": {
        "weight": 1.0,
        "id": 5971649917,
        "hasDetails": true,
        "name": "Lurauto",
        "address": "Ramon Maria Lili pasealekua 1, Donostia / San Sebasti\u00e1n",
        "website": "http://concesionariobmw.es"
      },
      "geometry": {
        "type": "Point",
        "coordinates": [
          -1.9790466,
          43.3236712
        ]
      }
    },
    {
      "type": "Feature",
      "properties": {
        "weight": 1.0
      },
      "geometry": {
        "type": "Point",
        "coordinates": [
          -1.9727438,
          43.3236938
        ]
      }
    },
    {
      "type": "Feature",
      "properties": {
        "weight": 1.0,
        "id": 13339536515,
        "hasDetails": true,
        "name": "Aitor Lasa",
        "address": "Aldamar kalea 12",
        "website": "https://aitorlasa.com/"
      },
      "geometry": {
        "type": "Point",
        "coordinates": [
          -1.9823978,
          43.3236963
        ]
      }
    },
    {
      "type": "Feature",
      "properties": {
        "weight": 1.0
      },
      "geometry": {
        "type": "Point",
        "coordinates": [
          -1.9739413,
          43.3237092
        ]
      }
    },
    {
      "type": "Feature",
      "properties": {
        "weight": 1.0
      },
      "geometry": {
        "type": "Point",
        "coordinates": [
          -1.9764839,
          43.323742
        ]
      }
    },
    {
      "type": "Feature",
      "properties": {
        "weight": 1.0
      },
      "geometry": {
        "type": "Point",
        "coordinates": [
          -1.9768474,
          43.3237526
        ]
      }
    },
    {
      "type": "Feature",
      "properties": {
        "weight": 1.0,
        "id": 2207144941,
        "hasDetails": true,
        "name": "Lekuona",
        "address": "Lezobidea, Pasaia",
        "outdoor_seating": "yes"
      },
      "geometry": {
        "type": "Point",
        "coordinates": [
          -1.9154875,
          43.3237613
        ]
      }
    },
    {
      "type": "Feature",
      "properties": {
        "weight": 1.0,
        "id": 13850276148,
        "hasDetails": true,
        "name": "JATOSTO Vaper Shop",
        "address": "Salamanca Pasealekua 3, Donostia / San Sebasti\u00e1n",
        "opening_hours": "Mo-Fr 10:00-14:00,16:00-20:00; Sa 10:00-13:30,17:00-20:30; Su 17:00-20:30"
      },
      "geometry": {
        "type": "Point",
        "coordinates": [
          -1.9812947,
          43.3237805
        ]
      }
    },
    {
      "type": "Feature",
      "properties": {
        "weight": 1.0,
        "id": 14017615301,
        "hasDetails": true,
        "name": "Smile Donostia",
        "address": "Abuztuaren 31 kalea"
      },
      "geometry": {
        "type": "Point",
        "coordinates": [
          -1.9863259,
          43.3237826
        ]
      }
    },
    {
      "type": "Feature",
      "properties": {
        "weight": 1.0,
        "id": 13339536514,
        "hasDetails": true,
        "name": "CuArtCub",
        "address": "Aldamar kalea 14",
        "website": "https://www.cuartcub.com/",
        "names": [
          "CuArtCub",
          "Izarbide"
        ]
      },
      "geometry": {
        "type": "Point",
        "coordinates": [
          -1.9824622,
          43.3237886
        ]
      }
    },
    {
      "type": "Feature",
      "properties": {
        "weight": 1.0
      },
      "geometry": {
        "type": "Point",
        "coordinates": [
          -1.9725854,
          43.3237888
        ]
      }
    },
    {
      "type": "Feature",
      "properties": {
        "weight": 1.0
      },
      "geometry": {
        "type": "Point",
        "coordinates": [
          -1.9738218,
          43.3237915
        ]
      }
    },
    {
      "type": "Feature",
      "properties": {
        "weight": 1.0,
        "id": 10611606154,
        "hasDetails": true,
        "name": "Etxezarreta Harategia",
        "website": "https://mubueno.com"
      },
      "geometry": {
        "type": "Point",
        "coordinates": [
          -1.9828422,
          43.3237951
        ]
      }
    },
    {
      "type": "Feature",
      "properties": {
        "weight": 1.0,
        "id": 13339536519,
        "hasDetails": true,
        "name": "Sentido Com\u00fan",
        "address": "Etxague Jenerala kalea 7-9"
      },
      "geometry": {
        "type": "Point",
        "coordinates": [
          -1.9817552,
          43.3237999
        ]
      }
    },
    {
      "type": "Feature",
      "properties": {
        "weight": 1.0
      },
      "geometry": {
        "type": "Point",
        "coordinates": [
          -1.9843325,
          43.3238161
        ]
      }
    },
    {
      "type": "Feature",
      "properties": {
        "weight": 1.0
      },
      "geometry": {
        "type": "Point",
        "coordinates": [
          -1.972907,
          43.3238188
        ]
      }
    },
    {
      "type": "Feature",
      "properties": {
        "weight": 1.0,
        "id": 13369571469,
        "hasDetails": true,
        "name": "Paula'S",
        "address": "Migel Imaz kalea 10"
      },
      "geometry": {
        "type": "Point",
        "coordinates": [
          -1.9766197,
          43.3238256
        ]
      }
    },
    {
      "type": "Feature",
      "properties": {
        "weight": 1.0,
        "id": 8983902422,
        "hasDetails": true,
        "name": "Preste Juan",
        "address": "San Juan kalea 11, Donostia / San Sebasti\u00e1n",
        "website": "https://www.prestejuan.com/",
        "opening_hours": "Mo-Sa 10:00-13:30, 17:00-20:30"
      },
      "geometry": {
        "type": "Point",
        "coordinates": [
          -1.9833899,
          43.3238273
        ]
      }
    },
    {
      "type": "Feature",
      "properties": {
        "weight": 1.0
      },
      "geometry": {
        "type": "Point",
        "coordinates": [
          -1.9442025,
          43.3238372
        ]
      }
    },
    {
      "type": "Feature",
      "properties": {
        "weight": 1.0,
        "id": 3359962805,
        "hasDetails": true,
        "name": "Eroski",
        "address": "Usandizaga kalea 17",
        "opening_hours": "Mo-Fr 09:00-21:00; Sa 09:00-14:30"
      },
      "geometry": {
        "type": "Point",
        "coordinates": [
          -1.9771365,
          43.3238679
        ]
      }
    },
    {
      "type": "Feature",
      "properties": {
        "weight": 1.0
      },
      "geometry": {
        "type": "Point",
        "coordinates": [
          -1.9700809,
          43.3238714
        ]
      }
    },
    {
      "type": "Feature",
      "properties": {
        "weight": 1.0
      },
      "geometry": {
        "type": "Point",
        "coordinates": [
          -1.9736997,
          43.3238738
        ]
      }
    },
    {
      "type": "Feature",
      "properties": {
        "weight": 1.0
      },
      "geometry": {
        "type": "Point",
        "coordinates": [
          -1.9728097,
          43.3238805
        ]
      }
    },
    {
      "type": "Feature",
      "properties": {
        "weight": 1.0,
        "id": 13339536511,
        "hasDetails": true,
        "name": "Juanito",
        "address": "Aldamar kalea 18"
      },
      "geometry": {
        "type": "Point",
        "coordinates": [
          -1.9825341,
          43.3238872
        ]
      }
    },
    {
      "type": "Feature",
      "properties": {
        "weight": 1.0
      },
      "geometry": {
        "type": "Point",
        "coordinates": [
          -1.9842364,
          43.3239044
        ]
      }
    },
    {
      "type": "Feature",
      "properties": {
        "weight": 1.0,
        "id": 12636145001,
        "hasDetails": true,
        "name": "The Bohemian Shop",
        "address": "I\u00f1igo kalea 1",
        "opening_hours": "Sa 12:00-20:00"
      },
      "geometry": {
        "type": "Point",
        "coordinates": [
          -1.9845121,
          43.32391
        ]
      }
    },
    {
      "type": "Feature",
      "properties": {
        "weight": 1.0
      },
      "geometry": {
        "type": "Point",
        "coordinates": [
          -1.9770075,
          43.3239112
        ]
      }
    },
    {
      "type": "Feature",
      "properties": {
        "weight": 1.0
      },
      "geometry": {
        "type": "Point",
        "coordinates": [
          -1.9698022,
          43.3239123
        ]
      }
    },
    {
      "type": "Feature",
      "properties": {
        "weight": 1.0
      },
      "geometry": {
        "type": "Point",
        "coordinates": [
          -1.9830355,
          43.3239295
        ]
      }
    },
    {
      "type": "Feature",
      "properties": {
        "weight": 1.0
      },
      "geometry": {
        "type": "Point",
        "coordinates": [
          -1.9715419,
          43.3239341
        ]
      }
    },
    {
      "type": "Feature",
      "properties": {
        "weight": 1.0
      },
      "geometry": {
        "type": "Point",
        "coordinates": [
          -1.9733526,
          43.3239436
        ]
      }
    },
    {
      "type": "Feature",
      "properties": {
        "weight": 1.0,
        "id": 5971649918,
        "hasDetails": true,
        "name": "Flex Noctalia",
        "address": "Pe\u00f1a y Go\u00f1i kalea 2, Donostia / San Sebasti\u00e1n",
        "website": "https://www.flexnoctalia.es/"
      },
      "geometry": {
        "type": "Point",
        "coordinates": [
          -1.9782813,
          43.3239448
        ]
      }
    },
    {
      "type": "Feature",
      "properties": {
        "weight": 1.0
      },
      "geometry": {
        "type": "Point",
        "coordinates": [
          -1.9751394,
          43.3239559
        ]
      }
    },
    {
      "type": "Feature",
      "properties": {
        "weight": 1.0
      },
      "geometry": {
        "type": "Point",
        "coordinates": [
          -1.9702154,
          43.3239793
        ]
      }
    },
    {
      "type": "Feature",
      "properties": {
        "weight": 1.0
      },
      "geometry": {
        "type": "Point",
        "coordinates": [
          -1.9726656,
          43.3239943
        ]
      }
    },
    {
      "type": "Feature",
      "properties": {
        "weight": 1.0
      },
      "geometry": {
        "type": "Point",
        "coordinates": [
          -1.973466,
          43.3240391
        ]
      }
    },
    {
      "type": "Feature",
      "properties": {
        "weight": 1.0,
        "id": 7130783385,
        "hasDetails": true,
        "name": "Iturri",
        "address": "Zurriola hiribidea"
      },
      "geometry": {
        "type": "Point",
        "coordinates": [
          -1.9791492,
          43.3240392
        ]
      }
    },
    {
      "type": "Feature",
      "properties": {
        "weight": 1.0,
        "id": 13339536521,
        "hasDetails": true,
        "name": "La Tienda del Bordado",
        "address": "Euskal Herria kalea 4"
      },
      "geometry": {
        "type": "Point",
        "coordinates": [
          -1.9824176,
          43.3240397
        ]
      }
    },
    {
      "type": "Feature",
      "properties": {
        "weight": 1.0
      },
      "geometry": {
        "type": "Point",
        "coordinates": [
          -1.9698988,
          43.3240449
        ]
      }
    },
    {
      "type": "Feature",
      "properties": {
        "weight": 1.0
      },
      "geometry": {
        "type": "Point",
        "coordinates": [
          -1.9837378,
          43.3240504
        ]
      }
    },
    {
      "type": "Feature",
      "properties": {
        "weight": 1.0,
        "id": 12538750753,
        "hasDetails": true,
        "name": "Peluqueria de Caballeros Lantxas",
        "opening_hours": "Mo-Fr 09:00-13:30,16:00-20:00; Sa 09:00-13:30"
      },
      "geometry": {
        "type": "Point",
        "coordinates": [
          -1.9764896,
          43.3240609
        ]
      }
    },
    {
      "type": "Feature",
      "properties": {
        "weight": 1.0
      },
      "geometry": {
        "type": "Point",
        "coordinates": [
          -1.9835724,
          43.3240639
        ]
      }
    },
    {
      "type": "Feature",
      "properties": {
        "weight": 1.0
      },
      "geometry": {
        "type": "Point",
        "coordinates": [
          -1.974977,
          43.3240647
        ]
      }
    },
    {
      "type": "Feature",
      "properties": {
        "weight": 1.0,
        "id": 13672844685,
        "hasDetails": true,
        "name": "31 de Agosto",
        "address": "Abuztuaren 31 kalea 40, Donostia / San Sebasti\u00e1n",
        "website": "https://www.31deagosto.com",
        "opening_hours": "Mo-Su 08:00-21:00"
      },
      "geometry": {
        "type": "Point",
        "coordinates": [
          -1.9858585,
          43.324077
        ]
      }
    },
    {
      "type": "Feature",
      "properties": {
        "weight": 1.0
      },
      "geometry": {
        "type": "Point",
        "coordinates": [
          -1.9724935,
          43.3240862
        ]
      }
    },
    {
      "type": "Feature",
      "properties": {
        "weight": 1.0
      },
      "geometry": {
        "type": "Point",
        "coordinates": [
          -1.9703564,
          43.324094
        ]
      }
    },
    {
      "type": "Feature",
      "properties": {
        "weight": 1.0
      },
      "geometry": {
        "type": "Point",
        "coordinates": [
          -1.9728444,
          43.3241022
        ]
      }
    },
    {
      "type": "Feature",
      "properties": {
        "weight": 1.0
      },
      "geometry": {
        "type": "Point",
        "coordinates": [
          -1.9826688,
          43.3241094
        ]
      }
    },
    {
      "type": "Feature",
      "properties": {
        "weight": 1.0
      },
      "geometry": {
        "type": "Point",
        "coordinates": [
          -1.9733141,
          43.3241474
        ]
      }
    },
    {
      "type": "Feature",
      "properties": {
        "weight": 1.0
      },
      "geometry": {
        "type": "Point",
        "coordinates": [
          -1.9723949,
          43.3241512
        ]
      }
    },
    {
      "type": "Feature",
      "properties": {
        "weight": 1.0
      },
      "geometry": {
        "type": "Point",
        "coordinates": [
          -1.9694185,
          43.324152
        ]
      }
    },
    {
      "type": "Feature",
      "properties": {
        "weight": 1.0
      },
      "geometry": {
        "type": "Point",
        "coordinates": [
          -1.9735686,
          43.3241536
        ]
      }
    },
    {
      "type": "Feature",
      "properties": {
        "weight": 1.0
      },
      "geometry": {
        "type": "Point",
        "coordinates": [
          -1.9726786,
          43.324155
        ]
      }
    },
    {
      "type": "Feature",
      "properties": {
        "weight": 1.0
      },
      "geometry": {
        "type": "Point",
        "coordinates": [
          -1.9748263,
          43.3241658
        ]
      }
    },
    {
      "type": "Feature",
      "properties": {
        "weight": 1.0
      },
      "geometry": {
        "type": "Point",
        "coordinates": [
          -1.9827497,
          43.3242067
        ]
      }
    },
    {
      "type": "Feature",
      "properties": {
        "weight": 1.0,
        "id": 11845567469,
        "hasDetails": true,
        "name": "La Bendita",
        "address": "Narrika kalea 31",
        "opening_hours": "Tu-Sa 12:00-14:00, 15:00-19:30"
      },
      "geometry": {
        "type": "Point",
        "coordinates": [
          -1.984457,
          43.3242091
        ]
      }
    },
    {
      "type": "Feature",
      "properties": {
        "weight": 1.0
      },
      "geometry": {
        "type": "Point",
        "coordinates": [
          -1.9737025,
          43.3242327
        ]
      }
    },
    {
      "type": "Feature",
      "properties": {
        "weight": 1.0,
        "id": 5426295222,
        "hasDetails": true,
        "name": "Dia",
        "address": "Serafin Esnaola plaza",
        "opening_hours": "Mo-Sa 09:00-21:00"
      },
      "geometry": {
        "type": "Point",
        "coordinates": [
          -1.9312958,
          43.324244
        ]
      }
    },
    {
      "type": "Feature",
      "properties": {
        "weight": 1.0,
        "id": 2165102920,
        "hasDetails": true,
        "name": "Veritas",
        "opening_hours": "Mo-Sa 09:15-21:15",
        "names": [
          "Veritas",
          "El Merkadillo"
        ]
      },
      "geometry": {
        "type": "Point",
        "coordinates": [
          -1.9734282,
          43.3242447
        ]
      }
    },
    {
      "type": "Feature",
      "properties": {
        "weight": 1.0
      },
      "geometry": {
        "type": "Point",
        "coordinates": [
          -1.9731654,
          43.3242486
        ]
      }
    },
    {
      "type": "Feature",
      "properties": {
        "weight": 1.0,
        "id": 2629969849,
        "hasDetails": true,
        "name": "Imprenta Guipuzcoana",
        "address": "Migel Imaz kalea 5, Donostia / San Sebasti\u00e1n",
        "website": "http://www.impregui.com/empresa.html"
      },
      "geometry": {
        "type": "Point",
        "coordinates": [
          -1.9766036,
          43.3242597
        ]
      }
    },
    {
      "type": "Feature",
      "properties": {
        "weight": 1.0
      },
      "geometry": {
        "type": "Point",
        "coordinates": [
          -1.9722332,
          43.3242601
        ]
      }
    },
    {
      "type": "Feature",
      "properties": {
        "weight": 1.0,
        "id": 13672844697,
        "hasDetails": true,
        "name": "Eneritz",
        "address": "San Bizente kalea 9, Donostia / San Sebasti\u00e1n",
        "opening_hours": "Tu-Fr 09:30-13:00,15:00-18:00; Sa 09:30-13:00; Su,PH off"
      },
      "geometry": {
        "type": "Point",
        "coordinates": [
          -1.9841573,
          43.3242671
        ]
      }
    },
    {
      "type": "Feature",
      "properties": {
        "weight": 1.0,
        "id": 14236680301,
        "hasDetails": true,
        "name": "Mirada",
        "address": "Segundo Izpizua kalea 23",
        "opening_hours": "Mo-Sa 10:00-14:00, 16:30-20:00"
      },
      "geometry": {
        "type": "Point",
        "coordinates": [
          -1.9702667,
          43.3242814
        ]
      }
    },
    {
      "type": "Feature",
      "properties": {
        "weight": 1.0
      },
      "geometry": {
        "type": "Point",
        "coordinates": [
          -1.9724708,
          43.3242936
        ]
      }
    },
    {
      "type": "Feature",
      "properties": {
        "weight": 1.0
      },
      "geometry": {
        "type": "Point",
        "coordinates": [
          -1.9730737,
          43.3243213
        ]
      }
    },
    {
      "type": "Feature",
      "properties": {
        "weight": 1.0,
        "id": 13339430331,
        "hasDetails": true,
        "name": "5\u00e0sec",
        "address": "Aldamar kalea 24",
        "names": [
          "5\u00e0sec",
          "Arlequ\u00edn Ballet"
        ]
      },
      "geometry": {
        "type": "Point",
        "coordinates": [
          -1.9828293,
          43.3243234
        ]
      }
    },
    {
      "type": "Feature",
      "properties": {
        "weight": 1.0
      },
      "geometry": {
        "type": "Point",
        "coordinates": [
          -1.9838876,
          43.3243414
        ]
      }
    },
    {
      "type": "Feature",
      "properties": {
        "weight": 1.0,
        "id": 13280177195,
        "hasDetails": true,
        "name": "Kukuxumuxu",
        "address": "Narrika kalea 33, Donostia / San Sebasti\u00e1n",
        "website": "https://kukuxumusu.com/",
        "opening_hours": "Mo-Su 09:00-21:00",
        "names": [
          "Kukuxumuxu",
          "Fiori"
        ]
      },
      "geometry": {
        "type": "Point",
        "coordinates": [
          -1.9845463,
          43.3243439
        ]
      }
    },
    {
      "type": "Feature",
      "properties": {
        "weight": 1.0,
        "id": 14019770701,
        "hasDetails": true,
        "name": "La Zaragozana Pasteler\u00eda Helader\u00eda",
        "address": "Abuztuaren 31 kalea 28"
      },
      "geometry": {
        "type": "Point",
        "coordinates": [
          -1.9851387,
          43.324346
        ]
      }
    },
    {
      "type": "Feature",
      "properties": {
        "weight": 1.0,
        "id": 750726867,
        "hasDetails": true,
        "name": "La Pulguita",
        "address": "San Frantzisko kalea 30, Donostia / San Sebasti\u00e1n"
      },
      "geometry": {
        "type": "Point",
        "coordinates": [
          -1.97297,
          43.3243782
        ]
      }
    },
    {
      "type": "Feature",
      "properties": {
        "weight": 1.0
      },
      "geometry": {
        "type": "Point",
        "coordinates": [
          -1.9738947,
          43.3243798
        ]
      }
    },
    {
      "type": "Feature",
      "properties": {
        "weight": 1.0
      },
      "geometry": {
        "type": "Point",
        "coordinates": [
          -1.9716513,
          43.3243892
        ]
      }
    },
    {
      "type": "Feature",
      "properties": {
        "weight": 1.0
      },
      "geometry": {
        "type": "Point",
        "coordinates": [
          -1.9713235,
          43.3243961
        ]
      }
    },
    {
      "type": "Feature",
      "properties": {
        "weight": 1.0
      },
      "geometry": {
        "type": "Point",
        "coordinates": [
          -1.9719887,
          43.3244086
        ]
      }
    },
    {
      "type": "Feature",
      "properties": {
        "weight": 1.0,
        "id": 6665308787,
        "hasDetails": true,
        "name": "Donosti Rock",
        "address": "Abuztuaren 31 kalea 3, Donostia / San Sebasti\u00e1n",
        "website": "http://www.donostirock.com"
      },
      "geometry": {
        "type": "Point",
        "coordinates": [
          -1.9846555,
          43.3244229
        ]
      }
    },
    {
      "type": "Feature",
      "properties": {
        "weight": 1.0,
        "id": 2158186466,
        "hasDetails": true,
        "name": "Lamota Growshop",
        "address": "Aldamar kalea 28",
        "names": [
          "Lamota Growshop",
          "Munoa"
        ]
      },
      "geometry": {
        "type": "Point",
        "coordinates": [
          -1.9829075,
          43.3244347
        ]
      }
    },
    {
      "type": "Feature",
      "properties": {
        "weight": 1.0,
        "id": 2165102936,
        "hasDetails": true,
        "name": "BM",
        "address": "San Frantzisko kalea 19",
        "opening_hours": "Mo-Sa 09:30-21:30"
      },
      "geometry": {
        "type": "Point",
        "coordinates": [
          -1.9731364,
          43.3244437
        ]
      }
    },
    {
      "type": "Feature",
      "properties": {
        "weight": 1.0
      },
      "geometry": {
        "type": "Point",
        "coordinates": [
          -1.9715621,
          43.3244533
        ]
      }
    },
    {
      "type": "Feature",
      "properties": {
        "weight": 1.0
      },
      "geometry": {
        "type": "Point",
        "coordinates": [
          -1.9712284,
          43.3244597
        ]
      }
    },
    {
      "type": "Feature",
      "properties": {
        "weight": 1.0
      },
      "geometry": {
        "type": "Point",
        "coordinates": [
          -1.9740451,
          43.3244755
        ]
      }
    },
    {
      "type": "Feature",
      "properties": {
        "weight": 1.0
      },
      "geometry": {
        "type": "Point",
        "coordinates": [
          -1.9708765,
          43.3244834
        ]
      }
    },
    {
      "type": "Feature",
      "properties": {
        "weight": 1.0
      },
      "geometry": {
        "type": "Point",
        "coordinates": [
          -1.9722679,
          43.3244953
        ]
      }
    },
    {
      "type": "Feature",
      "properties": {
        "weight": 1.0
      },
      "geometry": {
        "type": "Point",
        "coordinates": [
          -1.9744443,
          43.3244973
        ]
      }
    },
    {
      "type": "Feature",
      "properties": {
        "weight": 1.0
      },
      "geometry": {
        "type": "Point",
        "coordinates": [
          -1.9718189,
          43.3245083
        ]
      }
    },
    {
      "type": "Feature",
      "properties": {
        "weight": 1.0,
        "id": 2165102923,
        "hasDetails": true,
        "name": "Zoo Can",
        "address": "Bermingham kalea 12, Donostia / San Sebasti\u00e1n"
      },
      "geometry": {
        "type": "Point",
        "coordinates": [
          -1.972597,
          43.3245226
        ]
      }
    },
    {
      "type": "Feature",
      "properties": {
        "weight": 1.0
      },
      "geometry": {
        "type": "Point",
        "coordinates": [
          -1.9729714,
          43.3245428
        ]
      }
    },
    {
      "type": "Feature",
      "properties": {
        "weight": 1.0,
        "id": 12157835966,
        "hasDetails": true,
        "name": "Pescaderia",
        "opening_hours": "Tu-Sa 08:30-13:40"
      },
      "geometry": {
        "type": "Point",
        "coordinates": [
          -1.970666,
          43.3245459
        ]
      }
    },
    {
      "type": "Feature",
      "properties": {
        "weight": 1.0
      },
      "geometry": {
        "type": "Point",
        "coordinates": [
          -1.9756815,
          43.3245471
        ]
      }
    },
    {
      "type": "Feature",
      "properties": {
        "weight": 1.0
      },
      "geometry": {
        "type": "Point",
        "coordinates": [
          -1.9713999,
          43.3245661
        ]
      }
    },
    {
      "type": "Feature",
      "properties": {
        "weight": 1.0
      },
      "geometry": {
        "type": "Point",
        "coordinates": [
          -1.9717209,
          43.3245665
        ]
      }
    },
    {
      "type": "Feature",
      "properties": {
        "weight": 1.0
      },
      "geometry": {
        "type": "Point",
        "coordinates": [
          -1.9766609,
          43.324572
        ]
      }
    },
    {
      "type": "Feature",
      "properties": {
        "weight": 1.0
      },
      "geometry": {
        "type": "Point",
        "coordinates": [
          -1.9723985,
          43.3245891
        ]
      }
    },
    {
      "type": "Feature",
      "properties": {
        "weight": 1.0,
        "id": 10936482631,
        "hasDetails": true,
        "name": "Amua",
        "opening_hours": "Mo-Sa 11:00-14:00, 17:00-20:00; Su 11:00-14:00"
      },
      "geometry": {
        "type": "Point",
        "coordinates": [
          -1.9172325,
          43.3246105
        ]
      }
    },
    {
      "type": "Feature",
      "properties": {
        "weight": 1.0,
        "id": 12254523362,
        "hasDetails": true,
        "name": "Kirol musik",
        "address": "Zabaleta kalea 26",
        "website": "https://kirolmusik.com/",
        "opening_hours": "Mo-Sa 11:00-14:00,Mo-Sa 17:00-20:30"
      },
      "geometry": {
        "type": "Point",
        "coordinates": [
          -1.9739065,
          43.3246281
        ]
      }
    },
    {
      "type": "Feature",
      "properties": {
        "weight": 1.0
      },
      "geometry": {
        "type": "Point",
        "coordinates": [
          -1.9712661,
          43.3246428
        ]
      }
    },
    {
      "type": "Feature",
      "properties": {
        "weight": 1.0
      },
      "geometry": {
        "type": "Point",
        "coordinates": [
          -1.9710876,
          43.324654
        ]
      }
    },
    {
      "type": "Feature",
      "properties": {
        "weight": 1.0
      },
      "geometry": {
        "type": "Point",
        "coordinates": [
          -1.9742352,
          43.3246654
        ]
      }
    },
    {
      "type": "Feature",
      "properties": {
        "weight": 1.0
      },
      "geometry": {
        "type": "Point",
        "coordinates": [
          -1.9715593,
          43.3246663
        ]
      }
    },
    {
      "type": "Feature",
      "properties": {
        "weight": 1.0
      },
      "geometry": {
        "type": "Point",
        "coordinates": [
          -1.9725144,
          43.3246782
        ]
      }
    },
    {
      "type": "Feature",
      "properties": {
        "weight": 1.0
      },
      "geometry": {
        "type": "Point",
        "coordinates": [
          -1.9728268,
          43.3246785
        ]
      }
    },
    {
      "type": "Feature",
      "properties": {
        "weight": 1.0,
        "id": 5814472453,
        "hasDetails": true,
        "name": "Motos Manu",
        "address": "Ram\u00f3n y Cajal kalea 2"
      },
      "geometry": {
        "type": "Point",
        "coordinates": [
          -1.9761172,
          43.3246866
        ]
      }
    },
    {
      "type": "Feature",
      "properties": {
        "weight": 1.0,
        "id": 10598481096,
        "hasDetails": true,
        "name": "Ogi Berri",
        "address": "Segundo Izpizua kalea 19, Donostia / San Sebasti\u00e1n",
        "names": [
          "Ogi Berri",
          "Aritz"
        ]
      },
      "geometry": {
        "type": "Point",
        "coordinates": [
          -1.9708193,
          43.3247054
        ]
      }
    },
    {
      "type": "Feature",
      "properties": {
        "weight": 1.0
      },
      "geometry": {
        "type": "Point",
        "coordinates": [
          -1.9175588,
          43.3247302
        ]
      }
    },
    {
      "type": "Feature",
      "properties": {
        "weight": 1.0
      },
      "geometry": {
        "type": "Point",
        "coordinates": [
          -1.9831103,
          43.324732
        ]
      }
    },
    {
      "type": "Feature",
      "properties": {
        "weight": 1.0
      },
      "geometry": {
        "type": "Point",
        "coordinates": [
          -1.9737355,
          43.3247377
        ]
      }
    },
    {
      "type": "Feature",
      "properties": {
        "weight": 1.0,
        "id": 13338369009,
        "hasDetails": true,
        "name": "Azpiri",
        "address": "Jauregi Jenerala kalea 14",
        "website": "https://www.lazpiri.com/"
      },
      "geometry": {
        "type": "Point",
        "coordinates": [
          -1.9823624,
          43.3247389
        ]
      }
    },
    {
      "type": "Feature",
      "properties": {
        "weight": 1.0
      },
      "geometry": {
        "type": "Point",
        "coordinates": [
          -1.9740449,
          43.3247442
        ]
      }
    },
    {
      "type": "Feature",
      "properties": {
        "weight": 1.0,
        "id": 2165102909,
        "hasDetails": true,
        "name": "Navarro",
        "opening_hours": "Mo-Sa 10:00-13:30,16:30-20:00, Sa 10:00-13:30",
        "names": [
          "Navarro",
          "Vinater\u00eda"
        ]
      },
      "geometry": {
        "type": "Point",
        "coordinates": [
          -1.9729239,
          43.3247486
        ]
      }
    },
    {
      "type": "Feature",
      "properties": {
        "weight": 1.0
      },
      "geometry": {
        "type": "Point",
        "coordinates": [
          -1.9724066,
          43.324753
        ]
      }
    },
    {
      "type": "Feature",
      "properties": {
        "weight": 1.0
      },
      "geometry": {
        "type": "Point",
        "coordinates": [
          -1.9743424,
          43.3247898
        ]
      }
    },
    {
      "type": "Feature",
      "properties": {
        "weight": 1.0,
        "id": 13338369014,
        "hasDetails": true,
        "name": "Sol\u00eds",
        "address": "Jauregi Jenerala kalea 7",
        "website": "http://www.solistalleres.com/",
        "names": [
          "Sol\u00eds",
          "Serendipity"
        ]
      },
      "geometry": {
        "type": "Point",
        "coordinates": [
          -1.9826183,
          43.3248008
        ]
      }
    },
    {
      "type": "Feature",
      "properties": {
        "weight": 1.0
      },
      "geometry": {
        "type": "Point",
        "coordinates": [
          -1.9726149,
          43.3248101
        ]
      }
    },
    {
      "type": "Feature",
      "properties": {
        "weight": 1.0
      },
      "geometry": {
        "type": "Point",
        "coordinates": [
          -1.9713255,
          43.3248243
        ]
      }
    },
    {
      "type": "Feature",
      "properties": {
        "weight": 1.0
      },
      "geometry": {
        "type": "Point",
        "coordinates": [
          -1.9730445,
          43.3248301
        ]
      }
    },
    {
      "type": "Feature",
      "properties": {
        "weight": 1.0,
        "id": 2167422598,
        "hasDetails": true,
        "name": "Vintage Closet",
        "address": "Zabaleta kalea 43",
        "opening_hours": "Mo-Sa 11:00-14:00, 17:00-20:00"
      },
      "geometry": {
        "type": "Point",
        "coordinates": [
          -1.9740049,
          43.3248379
        ]
      }
    },
    {
      "type": "Feature",
      "properties": {
        "weight": 1.0
      },
      "geometry": {
        "type": "Point",
        "coordinates": [
          -1.9725062,
          43.3248643
        ]
      }
    },
    {
      "type": "Feature",
      "properties": {
        "weight": 1.0
      },
      "geometry": {
        "type": "Point",
        "coordinates": [
          -1.974216,
          43.3248823
        ]
      }
    },
    {
      "type": "Feature",
      "properties": {
        "weight": 1.0,
        "id": 4047775590,
        "hasDetails": true,
        "name": "Garoa Kultur Lab",
        "address": "Zabaleta kalea 34, Donostia / San Sebasti\u00e1n",
        "website": "https://www.egaroa.com/",
        "opening_hours": "10:00-14:00,16:30-20:30"
      },
      "geometry": {
        "type": "Point",
        "coordinates": [
          -1.9735361,
          43.3248854
        ]
      }
    },
    {
      "type": "Feature",
      "properties": {
        "weight": 1.0
      },
      "geometry": {
        "type": "Point",
        "coordinates": [
          -1.9721977,
          43.3248991
        ]
      }
    },
    {
      "type": "Feature",
      "properties": {
        "weight": 1.0
      },
      "geometry": {
        "type": "Point",
        "coordinates": [
          -1.9757868,
          43.3249046
        ]
      }
    },
    {
      "type": "Feature",
      "properties": {
        "weight": 1.0
      },
      "geometry": {
        "type": "Point",
        "coordinates": [
          -1.9738565,
          43.3249074
        ]
      }
    },
    {
      "type": "Feature",
      "properties": {
        "weight": 1.0,
        "id": 12741355701,
        "hasDetails": true,
        "name": "Deportes Apalategui",
        "address": "Zurriola hiribidea 26",
        "opening_hours": "Mo-Sa 10:00-14:00, 16:00-20:00"
      },
      "geometry": {
        "type": "Point",
        "coordinates": [
          -1.9756577,
          43.3249467
        ]
      }
    },
    {
      "type": "Feature",
      "properties": {
        "weight": 1.0
      },
      "geometry": {
        "type": "Point",
        "coordinates": [
          -1.9711282,
          43.3249544
        ]
      }
    },
    {
      "type": "Feature",
      "properties": {
        "weight": 1.0
      },
      "geometry": {
        "type": "Point",
        "coordinates": [
          -1.9723105,
          43.3249878
        ]
      }
    },
    {
      "type": "Feature",
      "properties": {
        "weight": 1.0
      },
      "geometry": {
        "type": "Point",
        "coordinates": [
          -1.9720573,
          43.3249894
        ]
      }
    },
    {
      "type": "Feature",
      "properties": {
        "weight": 1.0
      },
      "geometry": {
        "type": "Point",
        "coordinates": [
          -1.97126,
          43.3250381
        ]
      }
    },
    {
      "type": "Feature",
      "properties": {
        "weight": 1.0
      },
      "geometry": {
        "type": "Point",
        "coordinates": [
          -1.9732937,
          43.3250431
        ]
      }
    },
    {
      "type": "Feature",
      "properties": {
        "weight": 1.0
      },
      "geometry": {
        "type": "Point",
        "coordinates": [
          -1.9709903,
          43.325053
        ]
      }
    },
    {
      "type": "Feature",
      "properties": {
        "weight": 1.0,
        "id": 2178176688,
        "hasDetails": true,
        "name": "Dia",
        "address": "San Frantzisko kalea 35",
        "opening_hours": "Mo-Sa 09:00-21:00"
      },
      "geometry": {
        "type": "Point",
        "coordinates": [
          -1.9721926,
          43.3250717
        ]
      }
    },
    {
      "type": "Feature",
      "properties": {
        "weight": 1.0,
        "id": 2167551540,
        "hasDetails": true,
        "name": "LC",
        "opening_hours": "Mo off"
      },
      "geometry": {
        "type": "Point",
        "coordinates": [
          -1.971907,
          43.3250832
        ]
      }
    },
    {
      "type": "Feature",
      "properties": {
        "weight": 1.0
      },
      "geometry": {
        "type": "Point",
        "coordinates": [
          -1.9735628,
          43.3251303
        ]
      }
    },
    {
      "type": "Feature",
      "properties": {
        "weight": 1.0,
        "id": 2167551546,
        "hasDetails": true,
        "name": "Bazar Bambu Verde",
        "opening_hours": "Mo-Sa 09:30-14:00,16:00-20:45; Su 10:30-14:00,17:00-20:00"
      },
      "geometry": {
        "type": "Point",
        "coordinates": [
          -1.9717585,
          43.325158
        ]
      }
    },
    {
      "type": "Feature",
      "properties": {
        "weight": 1.0
      },
      "geometry": {
        "type": "Point",
        "coordinates": [
          -1.9720588,
          43.3251648
        ]
      }
    },
    {
      "type": "Feature",
      "properties": {
        "weight": 1.0
      },
      "geometry": {
        "type": "Point",
        "coordinates": [
          -1.9185216,
          43.3251661
        ]
      }
    },
    {
      "type": "Feature",
      "properties": {
        "weight": 1.0
      },
      "geometry": {
        "type": "Point",
        "coordinates": [
          -1.9708327,
          43.3251666
        ]
      }
    },
    {
      "type": "Feature",
      "properties": {
        "weight": 1.0,
        "id": 11948630671,
        "hasDetails": true,
        "name": "Re-Read",
        "address": "Segundo Izpizua kalea 13",
        "website": "https://www.re-read.com/",
        "opening_hours": "Mo-Sa 10:00-14:00, 16:30-20:00; Su 10:00-14:00",
        "names": [
          "Re-Read",
          "Plastizabal"
        ]
      },
      "geometry": {
        "type": "Point",
        "coordinates": [
          -1.971454,
          43.3251699
        ]
      }
    },
    {
      "type": "Feature",
      "properties": {
        "weight": 1.0
      },
      "geometry": {
        "type": "Point",
        "coordinates": [
          -1.9719024,
          43.3252755
        ]
      }
    },
    {
      "type": "Feature",
      "properties": {
        "weight": 1.0
      },
      "geometry": {
        "type": "Point",
        "coordinates": [
          -1.9255976,
          43.3252962
        ]
      }
    },
    {
      "type": "Feature",
      "properties": {
        "weight": 1.0,
        "id": 2189993069,
        "hasDetails": true,
        "name": "La Tahona",
        "address": "San Frantzisko kalea 52, Donostia / San Sebasti\u00e1n"
      },
      "geometry": {
        "type": "Point",
        "coordinates": [
          -1.9715936,
          43.3253018
        ]
      }
    },
    {
      "type": "Feature",
      "properties": {
        "weight": 1.0
      },
      "geometry": {
        "type": "Point",
        "coordinates": [
          -1.9745279,
          43.3253741
        ]
      }
    },
    {
      "type": "Feature",
      "properties": {
        "weight": 1.0
      },
      "geometry": {
        "type": "Point",
        "coordinates": [
          -1.9727545,
          43.3253813
        ]
      }
    },
    {
      "type": "Feature",
      "properties": {
        "weight": 1.0
      },
      "geometry": {
        "type": "Point",
        "coordinates": [
          -1.9717573,
          43.3254253
        ]
      }
    },
    {
      "type": "Feature",
      "properties": {
        "weight": 1.0,
        "id": 2189914929,
        "hasDetails": true,
        "name": "Triumph",
        "address": "Bermingham kalea 1"
      },
      "geometry": {
        "type": "Point",
        "coordinates": [
          -1.9734886,
          43.3254278
        ]
      }
    },
    {
      "type": "Feature",
      "properties": {
        "weight": 1.0
      },
      "geometry": {
        "type": "Point",
        "coordinates": [
          -1.9189788,
          43.3254456
        ]
      }
    },
    {
      "type": "Feature",
      "properties": {
        "weight": 1.0
      },
      "geometry": {
        "type": "Point",
        "coordinates": [
          -1.9731082,
          43.3254603
        ]
      }
    },
    {
      "type": "Feature",
      "properties": {
        "weight": 1.0,
        "id": 13335574600,
        "hasDetails": true,
        "name": "Iru\u00f1a",
        "address": "Zurriola hiribidea 39"
      },
      "geometry": {
        "type": "Point",
        "coordinates": [
          -1.9742837,
          43.3254743
        ]
      }
    },
    {
      "type": "Feature",
      "properties": {
        "weight": 1.0
      },
      "geometry": {
        "type": "Point",
        "coordinates": [
          -1.9716629,
          43.3254891
        ]
      }
    },
    {
      "type": "Feature",
      "properties": {
        "weight": 1.0
      },
      "geometry": {
        "type": "Point",
        "coordinates": [
          -1.9718609,
          43.3254979
        ]
      }
    },
    {
      "type": "Feature",
      "properties": {
        "weight": 1.0
      },
      "geometry": {
        "type": "Point",
        "coordinates": [
          -1.9190832,
          43.325501
        ]
      }
    },
    {
      "type": "Feature",
      "properties": {
        "weight": 1.0
      },
      "geometry": {
        "type": "Point",
        "coordinates": [
          -1.9712775,
          43.325535
        ]
      }
    },
    {
      "type": "Feature",
      "properties": {
        "weight": 1.0
      },
      "geometry": {
        "type": "Point",
        "coordinates": [
          -1.9715281,
          43.3255833
        ]
      }
    },
    {
      "type": "Feature",
      "properties": {
        "weight": 1.0,
        "id": 2207144883,
        "hasDetails": true,
        "cuisine": "basque"
      },
      "geometry": {
        "type": "Point",
        "coordinates": [
          -1.9194005,
          43.325602
        ]
      }
    },
    {
      "type": "Feature",
      "properties": {
        "weight": 1.0
      },
      "geometry": {
        "type": "Point",
        "coordinates": [
          -1.9711709,
          43.325606
        ]
      }
    },
    {
      "type": "Feature",
      "properties": {
        "weight": 1.0
      },
      "geometry": {
        "type": "Point",
        "coordinates": [
          -1.9714344,
          43.3256503
        ]
      }
    },
    {
      "type": "Feature",
      "properties": {
        "weight": 1.0
      },
      "geometry": {
        "type": "Point",
        "coordinates": [
          -1.9710635,
          43.3256741
        ]
      }
    },
    {
      "type": "Feature",
      "properties": {
        "weight": 1.0,
        "id": 750726781,
        "hasDetails": true,
        "name": "Kiss Motos",
        "address": "Colon pasealekua 56, Donostia / San Sebasti\u00e1n",
        "website": "https://kissmotos.com/"
      },
      "geometry": {
        "type": "Point",
        "coordinates": [
          -1.9731289,
          43.325683
        ]
      }
    },
    {
      "type": "Feature",
      "properties": {
        "weight": 1.0
      },
      "geometry": {
        "type": "Point",
        "coordinates": [
          -1.9713331,
          43.3257251
        ]
      }
    },
    {
      "type": "Feature",
      "properties": {
        "weight": 1.0
      },
      "geometry": {
        "type": "Point",
        "coordinates": [
          -1.9262783,
          43.3257658
        ]
      }
    },
    {
      "type": "Feature",
      "properties": {
        "weight": 1.0
      },
      "geometry": {
        "type": "Point",
        "coordinates": [
          -1.972,
          43.3259348
        ]
      }
    },
    {
      "type": "Feature",
      "properties": {
        "weight": 1.0,
        "id": 14166471801,
        "hasDetails": true,
        "name": "La Factory Racing",
        "opening_hours": "Mo-Fr 09:00-13:00,15:30-19:00; Sa 10:30-13:00",
        "names": [
          "La Factory Racing",
          "Ciclos Arretxe"
        ]
      },
      "geometry": {
        "type": "Point",
        "coordinates": [
          -1.9718478,
          43.3260404
        ]
      }
    },
    {
      "type": "Feature",
      "properties": {
        "weight": 1.0,
        "id": 14166471701,
        "hasDetails": true,
        "name": "BasqueCountry.Bike",
        "opening_hours": "Mo-Fr 09:30-13:30,15:30-19:00"
      },
      "geometry": {
        "type": "Point",
        "coordinates": [
          -1.9717411,
          43.3261145
        ]
      }
    },
    {
      "type": "Feature",
      "properties": {
        "weight": 1.0
      },
      "geometry": {
        "type": "Point",
        "coordinates": [
          -1.9711586,
          43.3267512
        ]
      }
    },
    {
      "type": "Feature",
      "properties": {
        "weight": 1.0
      },
      "geometry": {
        "type": "Point",
        "coordinates": [
          -1.919856,
          43.3272662
        ]
      }
    },
    {
      "type": "Feature",
      "properties": {
        "weight": 1.0
      },
      "geometry": {
        "type": "Point",
        "coordinates": [
          -1.9705577,
          43.328165
        ]
      }
    }
  ]
}