{
  "type": "FeatureCollection",
  "features": [
    {
      "type": "Feature",
      "properties": {},
      "geometry": {
        "type": "MultiPolygon",
        "coordinates": [
          [
            [
              [
                -1.8967014775267026,
                43.29704291858237
              ],
              [
                -1.8966874122619628,
                43.297523030698386
              ],
              [
                -1.8960187911987305,
                43.297940524809334
              ],
              [
                -1.8946815490722657,
                43.297940524809334
              ],
              [
                -1.8943149759227087,
                43.29749490187309
              ],
              [
                -1.8943149759227087,
                43.29704291858237
              ],
              [
                -1.8839836120605469,
                43.29704291858237
              ],
              [
                -1.8839836120605469,
                43.30256914234491
              ],
              [
                -1.8846522331237794,
                43.30256914234491
              ],
              [
                -1.8855789836781975,
                43.3029187013617
              ],
              [
                -1.8859021287101723,
                43.303144693007056
              ],
              [
                -1.8863351534654849,
                43.30382266794313
              ],
              [
                -1.8862505798941636,
                43.30495262616992
              ],
              [
                -1.8858293201225602,
                43.30608258439672
              ],
              [
                -1.8853208541870117,
                43.30639158584659
              ],
              [
                -1.8839836120605469,
                43.30639158584659
              ],
              [
                -1.8839836120605469,
                43.30958786478667
              ],
              [
                -1.8853208541870117,
                43.309596042525655
              ],
              [
                -1.8858239723056445,
                43.310150434013174
              ],
              [
                -1.8858239723056445,
                43.31060241730389
              ],
              [
                -1.8853208541870117,
                43.31109669965338
              ],
              [
                -1.8839836120605469,
                43.31110466694549
              ],
              [
                -1.8839836120605469,
                43.33252360690368
              ],
              [
                -2.0177078247070312,
                43.33252360690368
              ],
              [
                -2.0177078247070312,
                43.30200883288937
              ],
              [
                -2.0163705825805662,
                43.30200883288937
              ],
              [
                -2.015640536776932,
                43.3017887431349
              ],
              [
                -2.015199430858211,
                43.30133675984418
              ],
              [
                -2.015289349929468,
                43.30065878490811
              ],
              [
                -2.015701961517334,
                43.300319321029576
              ],
              [
                -2.0177078247070312,
                43.30027835774948
              ],
              [
                -2.0177078247070312,
                43.29704291858237
              ],
              [
                -1.8967014775267026,
                43.29704291858237
              ]
            ],
            [
              [
                -2.0170392036437987,
                43.30412798963914
              ],
              [
                -2.0170392036437987,
                43.304915863333406
              ],
              [
                -2.0163705825805662,
                43.305131511930334
              ],
              [
                -2.0150333404541017,
                43.305131511930334
              ],
              [
                -2.014751567506127,
                43.30472663452456
              ],
              [
                -2.014751567506127,
                43.30427465123385
              ],
              [
                -2.0150333404541017,
                43.30391341377554
              ],
              [
                -2.0163705825805662,
                43.30391341377554
              ],
              [
                -2.0170392036437987,
                43.30412798963914
              ]
            ],
            [
              [
                -2.014364719390869,
                43.30078339723625
              ],
              [
                -2.0147804517129173,
                43.301110768198825
              ],
              [
                -2.014691453551146,
                43.30156275148954
              ],
              [
                -2.014364719390869,
                43.30203182235686
              ],
              [
                -2.0136960983276366,
                43.30224800137259
              ],
              [
                -2.013027477264404,
                43.30224800137259
              ],
              [
                -2.0125367487504127,
                43.30246671807098
              ],
              [
                -2.012358856201172,
                43.30303752038557
              ],
              [
                -2.0103529930114745,
                43.30312425370228
              ],
              [
                -2.00901575088501,
                43.303531634379866
              ],
              [
                -2.0083471298217774,
                43.303991356122
              ],
              [
                -2.0066097896269346,
                43.30472663452456
              ],
              [
                -2.0066122137126836,
                43.30495262616992
              ],
              [
                -2.00701534201432,
                43.30517861781528
              ],
              [
                -2.0078769527445184,
                43.30630857604208
              ],
              [
                -2.0087707332357816,
                43.30698655097815
              ],
              [
                -2.008749723839885,
                43.30766452591423
              ],
              [
                -2.009387990725836,
                43.3083425008503
              ],
              [
                -2.0093470516609075,
                43.309020475786376
              ],
              [
                -2.0096007560880325,
                43.309246467431734
              ],
              [
                -2.009684371948242,
                43.30930946282807
              ],
              [
                -2.0103529930114745,
                43.30888393565968
              ],
              [
                -2.0116902351379395,
                43.30888393565968
              ],
              [
                -2.0123600463818243,
                43.309246467431734
              ],
              [
                -2.0122545100290745,
                43.309924442367816
              ],
              [
                -2.0116902351379395,
                43.31031839304816
              ],
              [
                -2.010634704142023,
                43.31060241730389
              ],
              [
                -2.0103529930114745,
                43.31110672989015
              ],
              [
                -2.009684371948242,
                43.311465349575435
              ],
              [
                -2.008859036950717,
                43.31150638388532
              ],
              [
                -2.009684371948242,
                43.311643920758904
              ],
              [
                -2.0102432058201276,
                43.3121843588214
              ],
              [
                -2.010249011079921,
                43.31286233375747
              ],
              [
                -2.010044947562651,
                43.31308832540284
              ],
              [
                -2.00901575088501,
                43.313911793457514
              ],
              [
                -2.00634126663208,
                43.31389939929273
              ],
              [
                -2.005672645568848,
                43.31362278071477
              ],
              [
                -2.0050040245056153,
                43.313763412589665
              ],
              [
                -2.004200583470149,
                43.314670266920345
              ],
              [
                -2.0023295402526857,
                43.31524758181902
              ],
              [
                -2.001660919189453,
                43.31596992615584
              ],
              [
                -2.000323677062988,
                43.31596992615584
              ],
              [
                -1.9997670072152716,
                43.31557423350178
              ],
              [
                -1.9995846209122685,
                43.31534824185642
              ],
              [
                -1.9996164969948909,
                43.314670266920345
              ],
              [
                -1.9999248745487432,
                43.31399229198427
              ],
              [
                -2.000193153990128,
                43.31376630033891
              ],
              [
                -2.000200208131792,
                43.313540308693554
              ],
              [
                -1.999655055999756,
                43.31333158319682
              ],
              [
                -1.999418800557107,
                43.31308832540284
              ],
              [
                -1.9993107526139193,
                43.312410350466756
              ],
              [
                -1.999046263289759,
                43.31195836717604
              ],
              [
                -1.999046263289759,
                43.31150638388532
              ],
              [
                -1.999207516335392,
                43.311280392239965
              ],
              [
                -1.999655055999756,
                43.31095002217062
              ],
              [
                -2.0005232992821123,
                43.31082840894925
              ],
              [
                -2.0006780909404283,
                43.309924442367816
              ],
              [
                -2.0009922981262207,
                43.309618102678165
              ],
              [
                -2.0023295402526857,
                43.309618102678165
              ],
              [
                -2.0028559674408233,
                43.309924442367816
              ],
              [
                -2.0029270205705925,
                43.31060241730389
              ],
              [
                -2.0023295402526857,
                43.311109273671335
              ],
              [
                -2.001554270921193,
                43.311280392239965
              ],
              [
                -2.0015249568215614,
                43.3121843588214
              ],
              [
                -2.001660919189453,
                43.31233605031724
              ],
              [
                -2.0023295402526857,
                43.31237897478608
              ],
              [
                -2.0034656125052965,
                43.31195836717604
              ],
              [
                -2.003642249965142,
                43.311280392239965
              ],
              [
                -2.004647126584893,
                43.31037642565853
              ],
              [
                -2.005427327710912,
                43.309924442367816
              ],
              [
                -2.0055852223878774,
                43.3094724590771
              ],
              [
                -2.0050040245056153,
                43.308443311477355
              ],
              [
                -2.004335403442383,
                43.308443311477355
              ],
              [
                -2.0036667823791503,
                43.30824030321481
              ],
              [
                -2.003395519967435,
                43.307890517559585
              ],
              [
                -2.003498166765509,
                43.30721254262351
              ],
              [
                -2.0043255376679463,
                43.306760559332794
              ],
              [
                -2.0043871352831224,
                43.306534567687436
              ],
              [
                -2.003788367979497,
                43.305856592751354
              ],
              [
                -2.0025769401635682,
                43.30495262616992
              ],
              [
                -2.0024113653551203,
                43.30472663452456
              ],
              [
                -2.0024926097263034,
                43.30404865958849
              ],
              [
                -2.002998161315918,
                43.30366373713264
              ],
              [
                -2.0050040245056153,
                43.303633425649764
              ],
              [
                -2.00634126663208,
                43.30277981073807
              ],
              [
                -2.007678508758545,
                43.302362809971775
              ],
              [
                -2.0083471298217774,
                43.30187716945466
              ],
              [
                -2.00901575088501,
                43.30172850108034
              ],
              [
                -2.009256351138033,
                43.30156275148954
              ],
              [
                -2.009289959517962,
                43.301110768198825
              ],
              [
                -2.009684371948242,
                43.30071354726056
              ],
              [
                -2.011021614074707,
                43.30071354726056
              ],
              [
                -2.0116902351379395,
                43.30101153675448
              ],
              [
                -2.012358856201172,
                43.30066471794202
              ],
              [
                -2.014364719390869,
                43.30078339723625
              ]
            ],
            [
              [
                -2.011021614074707,
                43.31990946066216
              ],
              [
                -2.0114198134035677,
                43.320320058054314
              ],
              [
                -2.0113652496738177,
                43.32099803299039
              ],
              [
                -2.011021614074707,
                43.3213176300183
              ],
              [
                -2.009684371948242,
                43.3213176300183
              ],
              [
                -2.0091956315254174,
                43.32099803299039
              ],
              [
                -2.0091213009944626,
                43.320320058054314
              ],
              [
                -2.009355845361767,
                43.32009406640895
              ],
              [
                -2.009684371948242,
                43.31990946066216
              ],
              [
                -2.011021614074707,
                43.31990946066216
              ]
            ],
            [
              [
                -2.005672645568848,
                43.29989825764203
              ],
              [
                -2.0062560642970926,
                43.30065878490811
              ],
              [
                -2.0062560642970926,
                43.301110768198825
              ],
              [
                -2.0058833227941553,
                43.30156275148954
              ],
              [
                -2.0050040245056153,
                43.30175962358664
              ],
              [
                -2.004335403442383,
                43.30175962358664
              ],
              [
                -2.003643083296157,
                43.30156275148954
              ],
              [
                -2.0036290105568066,
                43.3017887431349
              ],
              [
                -2.0038457659047455,
                43.30201473478026
              ],
              [
                -2.0036667823791503,
                43.302762190626765
              ],
              [
                -2.001660919189453,
                43.302857184856826
              ],
              [
                -2.0015158106689737,
                43.30269270971634
              ],
              [
                -2.001203253223235,
                43.301110768198825
              ],
              [
                -2.0014238359955647,
                43.30065878490811
              ],
              [
                -2.001258036243352,
                43.30043279326275
              ],
              [
                -2.0012871711599116,
                43.299754818326676
              ],
              [
                -2.001660919189453,
                43.29940513658053
              ],
              [
                -2.002998161315918,
                43.29930656894994
              ],
              [
                -2.0036667823791503,
                43.29893083212834
              ],
              [
                -2.0050040245056153,
                43.29893083212834
              ],
              [
                -2.005672645568848,
                43.29989825764203
              ]
            ],
            [
              [
                -1.9943060874938965,
                43.30680839625435
              ],
              [
                -1.9946689167547338,
                43.30743853426887
              ],
              [
                -1.9946689167547338,
                43.307890517559585
              ],
              [
                -1.9943060874938965,
                43.308310789893994
              ],
              [
                -1.9929688453674317,
                43.308310789893994
              ],
              [
                -1.9923002243041992,
                43.307893129456595
              ],
              [
                -1.9920134983208493,
                43.30743853426887
              ],
              [
                -1.9919672193566107,
                43.306760559332794
              ],
              [
                -1.9923002243041992,
                43.30639627515093
              ],
              [
                -1.993637466430664,
                43.30639627515093
              ],
              [
                -1.9943060874938965,
                43.30680839625435
              ]
            ],
            [
              [
                -1.9929688453674317,
                43.29797156630097
              ],
              [
                -1.993369695816733,
                43.29839886845452
              ],
              [
                -1.9932908303227337,
                43.2990768433906
              ],
              [
                -1.9929688453674317,
                43.29937262049565
              ],
              [
                -1.9916316032409669,
                43.29937262049565
              ],
              [
                -1.9911587966947828,
                43.2990768433906
              ],
              [
                -1.9910482046505822,
                43.29839886845452
              ],
              [
                -1.9912745549559885,
                43.29817287680916
              ],
              [
                -1.9916316032409669,
                43.29797156630097
              ],
              [
                -1.9929688453674317,
                43.29797156630097
              ]
            ],
            [
              [
                -1.9916316032409669,
                43.30956978225283
              ],
              [
                -1.9919310727842456,
                43.309924442367816
              ],
              [
                -1.9918590464130888,
                43.31060241730389
              ],
              [
                -1.9916316032409669,
                43.31083952535514
              ],
              [
                -1.9902943611145019,
                43.31083952535514
              ],
              [
                -1.9896257400512696,
                43.31051433729211
              ],
              [
                -1.989585647998184,
                43.309924442367816
              ],
              [
                -1.9899145569791445,
                43.30969845072246
              ],
              [
                -1.9902943611145019,
                43.30956978225283
              ],
              [
                -1.9916316032409669,
                43.30956978225283
              ]
            ],
            [
              [
                -1.9916316032409669,
                43.31378654455146
              ],
              [
                -1.9922369044825547,
                43.31421828362963
              ],
              [
                -1.992100817764015,
                43.3148962585657
              ],
              [
                -1.9916316032409669,
                43.31517449581069
              ],
              [
                -1.9902943611145019,
                43.31517449581069
              ],
              [
                -1.9899920601686765,
                43.3148962585657
              ],
              [
                -1.9898998806795818,
                43.31421828362963
              ],
              [
                -1.9902943611145019,
                43.31378654455146
              ],
              [
                -1.9916316032409669,
                43.31378654455146
              ]
            ],
            [
              [
                -1.988957118988037,
                43.32287047267667
              ],
              [
                -1.9893558166835779,
                43.32325794944397
              ],
              [
                -1.9893985319755867,
                43.32393592438005
              ],
              [
                -1.9888797481652516,
                43.32438790767077
              ],
              [
                -1.9882884979248048,
                43.32453040276863
              ],
              [
                -1.9869512557983398,
                43.32455655657421
              ],
              [
                -1.985614013671875,
                43.3251750449481
              ],
              [
                -1.9842767715454102,
                43.325278784327736
              ],
              [
                -1.9836081504821776,
                43.32555457444953
              ],
              [
                -1.9816022872924806,
                43.32544488179523
              ],
              [
                -1.980933666229248,
                43.32464772734468
              ],
              [
                -1.9802650451660155,
                43.324420114446625
              ],
              [
                -1.9795964241027832,
                43.324843977521326
              ],
              [
                -1.9782591819763184,
                43.324843977521326
              ],
              [
                -1.9749160766601563,
                43.32624571543014
              ],
              [
                -1.9727595905517912,
                43.32664782412435
              ],
              [
                -1.9722415924072265,
                43.32717503790215
              ],
              [
                -1.9717535964530475,
                43.32732579906043
              ],
              [
                -1.9717247428467188,
                43.32845575728722
              ],
              [
                -1.9715729713439942,
                43.32867744330863
              ],
              [
                -1.969567108154297,
                43.32870097061675
              ],
              [
                -1.9693910728764774,
                43.32845575728722
              ],
              [
                -1.9694462135197386,
                43.32777778235115
              ],
              [
                -1.9701558731662163,
                43.32732579906043
              ],
              [
                -1.9700246872109255,
                43.32709980741507
              ],
              [
                -1.970068628269206,
                43.326195840833634
              ],
              [
                -1.969596608506327,
                43.32506588260684
              ],
              [
                -1.968659648142494,
                43.324839890961485
              ],
              [
                -1.9683711979837737,
                43.32461389931613
              ],
              [
                -1.9680183678932295,
                43.32393592438005
              ],
              [
                -1.967270441892433,
                43.32348394108933
              ],
              [
                -1.9662240028381348,
                43.32328622220204
              ],
              [
                -1.9657689831937268,
                43.32303195779861
              ],
              [
                -1.9655509460808844,
                43.322805966153254
              ],
              [
                -1.9655356700943332,
                43.32212799121718
              ],
              [
                -1.9662240028381348,
                43.32146738652278
              ],
              [
                -1.9675612449645996,
                43.32146738652278
              ],
              [
                -1.969567108154297,
                43.32189268255495
              ],
              [
                -1.9715729713439942,
                43.32195708602504
              ],
              [
                -1.9735788345336913,
                43.32100806927056
              ],
              [
                -1.9749160766601563,
                43.32097912956603
              ],
              [
                -1.9751617886908983,
                43.32077204134503
              ],
              [
                -1.9742474555969238,
                43.32039717177928
              ],
              [
                -1.9730775787863253,
                43.319416091472874
              ],
              [
                -1.9733178493632089,
                43.318060141600725
              ],
              [
                -1.9732315768007038,
                43.31760815831001
              ],
              [
                -1.972910213470459,
                43.317542798035355
              ],
              [
                -1.9722415924072265,
                43.31798751234072
              ],
              [
                -1.9709043502807617,
                43.318391141122994
              ],
              [
                -1.9702357292175292,
                43.31844341000698
              ],
              [
                -1.969567108154297,
                43.318762522482395
              ],
              [
                -1.9675612449645996,
                43.31888894596866
              ],
              [
                -1.966892623901367,
                43.31886617991116
              ],
              [
                -1.9667476908673955,
                43.3187381165368
              ],
              [
                -1.9665865856812819,
                43.31851212489144
              ],
              [
                -1.9665865856812819,
                43.318060141600725
              ],
              [
                -1.966858744297959,
                43.31760815831001
              ],
              [
                -1.9682298660278321,
                43.3165177330523
              ],
              [
                -1.9697398557895403,
                43.316026216792494
              ],
              [
                -1.9709043502807617,
                43.31538512817462
              ],
              [
                -1.9749160766601563,
                43.31550919194499
              ],
              [
                -1.9755846977233886,
                43.31577588646012
              ],
              [
                -1.975804443488673,
                43.31647820008321
              ],
              [
                -1.9769219398498534,
                43.31720718771191
              ],
              [
                -1.9771921705751576,
                43.318060141600725
              ],
              [
                -1.9771127733970915,
                43.3187381165368
              ],
              [
                -1.9765188998130565,
                43.319190099827516
              ],
              [
                -1.9766641908642537,
                43.31964208311823
              ],
              [
                -1.9766027831880075,
                43.320320058054314
              ],
              [
                -1.977590560913086,
                43.3206363210952
              ],
              [
                -1.9782591819763184,
                43.321311507284335
              ],
              [
                -1.9785397009825358,
                43.32122402463575
              ],
              [
                -1.9786655703731584,
                43.32099803299039
              ],
              [
                -1.9786526875407877,
                43.320320058054314
              ],
              [
                -1.9781850029546957,
                43.319190099827516
              ],
              [
                -1.9781672256531486,
                43.3187381165368
              ],
              [
                -1.9788912233527822,
                43.31715617501929
              ],
              [
                -1.978700098466776,
                43.31647820008321
              ],
              [
                -1.9786958816042512,
                43.315800225147136
              ],
              [
                -1.9791196407397083,
                43.31534824185642
              ],
              [
                -1.9790283105522228,
                43.31421828362963
              ],
              [
                -1.978893082022266,
                43.31399229198427
              ],
              [
                -1.9789773039572713,
                43.313314317048196
              ],
              [
                -1.979282732038148,
                43.312636342112114
              ],
              [
                -1.9795964241027832,
                43.31229780257591
              ],
              [
                -1.9822709083557128,
                43.31229712232818
              ],
              [
                -1.9829395294189454,
                43.312458319971384
              ],
              [
                -1.9836081504821776,
                43.3131939641026
              ],
              [
                -1.984609836897641,
                43.313314317048196
              ],
              [
                -1.9851541765358618,
                43.31376630033891
              ],
              [
                -1.9851541765358618,
                43.31421828362963
              ],
              [
                -1.9849453926086427,
                43.31460988201483
              ],
              [
                -1.9838779528950827,
                43.31512225021106
              ],
              [
                -1.9842767715454102,
                43.3156664475287
              ],
              [
                -1.985614013671875,
                43.3150685227951
              ],
              [
                -1.9869512557983398,
                43.3150685227951
              ],
              [
                -1.9876198768615723,
                43.31523275981934
              ],
              [
                -1.9880131841144522,
                43.31557423350178
              ],
              [
                -1.9880795111672485,
                43.31625220843785
              ],
              [
                -1.9879120281502505,
                43.31647820008321
              ],
              [
                -1.9869512557983398,
                43.31715468796005
              ],
              [
                -1.986364529482437,
                43.31738216666465
              ],
              [
                -1.9862045516176576,
                43.31783414995537
              ],
              [
                -1.9858307479151762,
                43.31828613324608
              ],
              [
                -1.9857583577937983,
                43.3187381165368
              ],
              [
                -1.985418250145096,
                43.319190099827516
              ],
              [
                -1.98528372730294,
                43.32009406640895
              ],
              [
                -1.985614013671875,
                43.32069378896444
              ],
              [
                -1.9860288815365548,
                43.32099803299039
              ],
              [
                -1.9876198768615723,
                43.321154833749326
              ],
              [
                -1.9881360617389792,
                43.321450016281105
              ],
              [
                -1.9883257812318682,
                43.32167600792646
              ],
              [
                -1.9881860367293458,
                43.322579974507896
              ],
              [
                -1.988957118988037,
                43.32287047267667
              ]
            ],
            [
              [
                -1.9849453926086427,
                43.307962190539236
              ],
              [
                -1.985046120290256,
                43.30856849249566
              ],
              [
                -1.9847252567326978,
                43.309020475786376
              ],
              [
                -1.9842767715454102,
                43.309225836644494
              ],
              [
                -1.9829395294189454,
                43.309225836644494
              ],
              [
                -1.9825620102423953,
                43.3094724590771
              ],
              [
                -1.9823251936239605,
                43.310150434013174
              ],
              [
                -1.9822980202010294,
                43.31105440059461
              ],
              [
                -1.9816022872924806,
                43.311675728478164
              ],
              [
                -1.9795964241027832,
                43.31176143476812
              ],
              [
                -1.9786099151098153,
                43.31082840894925
              ],
              [
                -1.978452315038264,
                43.310150434013174
              ],
              [
                -1.978477181022022,
                43.3094724590771
              ],
              [
                -1.9782142150642843,
                43.309020475786376
              ],
              [
                -1.978255956834032,
                43.3083425008503
              ],
              [
                -1.9789278030395507,
                43.30788205930731
              ],
              [
                -1.9795964241027832,
                43.30777561248447
              ],
              [
                -1.9797206224856618,
                43.30766452591423
              ],
              [
                -1.979738040261813,
                43.30721254262351
              ],
              [
                -1.9802650451660155,
                43.30670723946593
              ],
              [
                -1.9816838447557854,
                43.306760559332794
              ],
              [
                -1.982102646956559,
                43.30721254262351
              ],
              [
                -1.9822709083557128,
                43.30801198478102
              ],
              [
                -1.9824810228992638,
                43.30766452591423
              ],
              [
                -1.9829395294189454,
                43.30755538324353
              ],
              [
                -1.9842767715454102,
                43.30755611518346
              ],
              [
                -1.9849453926086427,
                43.307962190539236
              ]
            ],
            [
              [
                -1.9829395294189454,
                43.304464866065494
              ],
              [
                -1.9829395294189454,
                43.30524202443135
              ],
              [
                -1.9819106148338625,
                43.305856592751354
              ],
              [
                -1.980933666229248,
                43.30597412885073
              ],
              [
                -1.9802650451660155,
                43.30632216616744
              ],
              [
                -1.9789278030395507,
                43.30632216616744
              ],
              [
                -1.9782591819763184,
                43.30615475666311
              ],
              [
                -1.9762533187866211,
                43.307238546410645
              ],
              [
                -1.9749160766601563,
                43.307300773634246
              ],
              [
                -1.9742474555969238,
                43.307474652591985
              ],
              [
                -1.972910213470459,
                43.307474652591985
              ],
              [
                -1.9722415924072265,
                43.307053073568106
              ],
              [
                -1.9709043502807617,
                43.3067581701663
              ],
              [
                -1.969567108154297,
                43.306718681005286
              ],
              [
                -1.9690988017916538,
                43.30630857604208
              ],
              [
                -1.9690803495667055,
                43.305630601105996
              ],
              [
                -1.969567108154297,
                43.30520984584963
              ],
              [
                -1.9711279075114514,
                43.30517861781528
              ],
              [
                -1.9708924553439398,
                43.30472663452456
              ],
              [
                -1.970922815200974,
                43.30404865958849
              ],
              [
                -1.9715729713439942,
                43.303761454931156
              ],
              [
                -1.9735788345336913,
                43.30384442226119
              ],
              [
                -1.9736096255601734,
                43.303144693007056
              ],
              [
                -1.9742474555969238,
                43.30249215616695
              ],
              [
                -1.9755846977233886,
                43.30249215616695
              ],
              [
                -1.975727388761166,
                43.30269270971634
              ],
              [
                -1.9763351760816987,
                43.3029187013617
              ],
              [
                -1.9765951606027747,
                43.30269270971634
              ],
              [
                -1.9766618934189377,
                43.30201473478026
              ],
              [
                -1.9769219398498534,
                43.301860084794036
              ],
              [
                -1.9802650451660155,
                43.30195734058969
              ],
              [
                -1.980933666229248,
                43.30209004685001
              ],
              [
                -1.9811792730293827,
                43.30246671807098
              ],
              [
                -1.9822160783269789,
                43.303144693007056
              ],
              [
                -1.9823477245379455,
                43.30404865958849
              ],
              [
                -1.9829395294189454,
                43.304464866065494
              ]
            ],
            [
              [
                -1.9769219398498534,
                43.30977966289417
              ],
              [
                -1.9771120575460803,
                43.310150434013174
              ],
              [
                -1.9771120575460803,
                43.31060241730389
              ],
              [
                -1.9769219398498534,
                43.31086454867583
              ],
              [
                -1.9749160766601563,
                43.31082070109699
              ],
              [
                -1.9747089143613044,
                43.31060241730389
              ],
              [
                -1.9749160766601563,
                43.30982722517185
              ],
              [
                -1.9769219398498534,
                43.30977966289417
              ]
            ],
            [
              [
                -1.9755846977233886,
                43.30068716962515
              ],
              [
                -1.9760486189279458,
                43.301110768198825
              ],
              [
                -1.9760755467620519,
                43.30133675984418
              ],
              [
                -1.9760125767955257,
                43.30201473478026
              ],
              [
                -1.9755846977233886,
                43.30245633829017
              ],
              [
                -1.9742474555969238,
                43.30245633829017
              ],
              [
                -1.9736936013788364,
                43.30201473478026
              ],
              [
                -1.9736888728607334,
                43.30133675984418
              ],
              [
                -1.9739617955425568,
                43.30088477655347
              ],
              [
                -1.9742474555969238,
                43.30068716962515
              ],
              [
                -1.9755846977233886,
                43.30068716962515
              ]
            ],
            [
              [
                -1.9742474555969238,
                43.31101021821672
              ],
              [
                -1.974354626965898,
                43.31173237553068
              ],
              [
                -1.9740423243060892,
                43.3121843588214
              ],
              [
                -1.9735788345336913,
                43.312495200533455
              ],
              [
                -1.9722415924072265,
                43.31276247309056
              ],
              [
                -1.9709043502807617,
                43.31276247309056
              ],
              [
                -1.9702357292175292,
                43.31241142716568
              ],
              [
                -1.9701249055216992,
                43.3121843588214
              ],
              [
                -1.9701249055216992,
                43.31173237553068
              ],
              [
                -1.9704815549252217,
                43.31082840894925
              ],
              [
                -1.970412874754351,
                43.3094724590771
              ],
              [
                -1.9709043502807617,
                43.30907474263156
              ],
              [
                -1.9722415924072265,
                43.30907474263156
              ],
              [
                -1.9732275468181137,
                43.309924442367816
              ],
              [
                -1.973358157027893,
                43.31037642565853
              ],
              [
                -1.9742474555969238,
                43.31101021821672
              ]
            ],
            [
              [
                -1.9715729713439942,
                43.30737807276881
              ],
              [
                -1.9722147754069703,
                43.307890517559585
              ],
              [
                -1.9722147754069703,
                43.3083425008503
              ],
              [
                -1.9719549249163004,
                43.30856849249566
              ],
              [
                -1.9715729713439942,
                43.30875534785562
              ],
              [
                -1.9702357292175292,
                43.30875534785562
              ],
              [
                -1.9698682712968714,
                43.3083425008503
              ],
              [
                -1.9698682712968714,
                43.307890517559585
              ],
              [
                -1.9702357292175292,
                43.30740061527606
              ],
              [
                -1.9715729713439942,
                43.30737807276881
              ]
            ],
            [
              [
                -1.9688984870910644,
                43.308859175384256
              ],
              [
                -1.969088385559367,
                43.309246467431734
              ],
              [
                -1.96911461710423,
                43.309924442367816
              ],
              [
                -1.9688984870910644,
                43.31023767636004
              ],
              [
                -1.9681627339159757,
                43.31060241730389
              ],
              [
                -1.9677438726071455,
                43.311280392239965
              ],
              [
                -1.967353491507453,
                43.31150638388532
              ],
              [
                -1.9673464986269154,
                43.31173237553068
              ],
              [
                -1.9676733026459696,
                43.3121843588214
              ],
              [
                -1.9675612449645996,
                43.31280872957571
              ],
              [
                -1.9655553817749023,
                43.312925728913314
              ],
              [
                -1.965272781636699,
                43.312410350466756
              ],
              [
                -1.9644408235495898,
                43.31173237553068
              ],
              [
                -1.9645325313156443,
                43.309924442367816
              ],
              [
                -1.9648018751516887,
                43.309246467431734
              ],
              [
                -1.9657848103640114,
                43.30856849249566
              ],
              [
                -1.9662240028381348,
                43.30808116152497
              ],
              [
                -1.9676857014354576,
                43.30811650920494
              ],
              [
                -1.968227780659852,
                43.3083425008503
              ],
              [
                -1.9688984870910644,
                43.308859175384256
              ]
            ],
            [
              [
                -1.963549518585205,
                43.304454516556504
              ],
              [
                -1.9641808515417993,
                43.30495262616992
              ],
              [
                -1.9641808515417993,
                43.30540460946064
              ],
              [
                -1.963549518585205,
                43.305837877579926
              ],
              [
                -1.9622122764587402,
                43.305837877579926
              ],
              [
                -1.961543655395508,
                43.30563195060453
              ],
              [
                -1.9608750343322754,
                43.30563195060453
              ],
              [
                -1.9602064132690429,
                43.30546755546119
              ],
              [
                -1.9595377922058106,
                43.30502001195813
              ],
              [
                -1.958869171142578,
                43.305014440431044
              ],
              [
                -1.9582991967084684,
                43.30472663452456
              ],
              [
                -1.9576748054194555,
                43.30404865958849
              ],
              [
                -1.9577142440853559,
                43.303144693007056
              ],
              [
                -1.9561946868896485,
                43.30308508621403
              ],
              [
                -1.9556261390406,
                43.30269270971634
              ],
              [
                -1.955526065826416,
                43.30211509180289
              ],
              [
                -1.9541888236999512,
                43.30211509180289
              ],
              [
                -1.9535202026367187,
                43.3019690892397
              ],
              [
                -1.9529508812302898,
                43.302240726425616
              ],
              [
                -1.95262368373085,
                43.3029187013617
              ],
              [
                -1.9521829605102539,
                43.30324768644963
              ],
              [
                -1.9515143394470216,
                43.303324436231115
              ],
              [
                -1.950845718383789,
                43.303324436231115
              ],
              [
                -1.9504056231566849,
                43.30269270971634
              ],
              [
                -1.9504056231566849,
                43.302240726425616
              ],
              [
                -1.950845718383789,
                43.301251050094145
              ],
              [
                -1.9528515815734864,
                43.301268113937724
              ],
              [
                -1.9535202026367187,
                43.30098430593599
              ],
              [
                -1.955526065826416,
                43.30093162775607
              ],
              [
                -1.9557573476471521,
                43.30133675984418
              ],
              [
                -1.9561946868896485,
                43.301613919941374
              ],
              [
                -1.9576614614162005,
                43.3017887431349
              ],
              [
                -1.9578695229637522,
                43.30201473478026
              ],
              [
                -1.9579570380835374,
                43.3029187013617
              ],
              [
                -1.9603473313284265,
                43.3029187013617
              ],
              [
                -1.9608750343322754,
                43.30310706256255
              ],
              [
                -1.961107361837738,
                43.303370684652414
              ],
              [
                -1.9612246698467977,
                43.30382266794313
              ],
              [
                -1.9622122764587402,
                43.304454516556504
              ],
              [
                -1.963549518585205,
                43.304454516556504
              ]
            ],
            [
              [
                -1.961543655395508,
                43.321624373606646
              ],
              [
                -1.9615711813009122,
                43.32212799121718
              ],
              [
                -1.9614459018848585,
                43.32235398286254
              ],
              [
                -1.9608750343322754,
                43.32273478372397
              ],
              [
                -1.9595377922058106,
                43.32273478372397
              ],
              [
                -1.958869171142578,
                43.32249444949966
              ],
              [
                -1.9586783509700327,
                43.32212799121718
              ],
              [
                -1.9586783509700327,
                43.32167600792646
              ],
              [
                -1.958830063127521,
                43.321450016281105
              ],
              [
                -1.9595377922058106,
                43.32108990277936
              ],
              [
                -1.9608750343322754,
                43.32108990277936
              ],
              [
                -1.961543655395508,
                43.321624373606646
              ]
            ],
            [
              [
                -1.9608750343322754,
                43.31940602126348
              ],
              [
                -1.9610822008778013,
                43.31986807476359
              ],
              [
                -1.9610822008778013,
                43.320320058054314
              ],
              [
                -1.9608750343322754,
                43.32057388890472
              ],
              [
                -1.958869171142578,
                43.32054618441805
              ],
              [
                -1.9582005500793458,
                43.320896487924564
              ],
              [
                -1.9568633079528808,
                43.320896487924564
              ],
              [
                -1.9561946868896485,
                43.320576208437956
              ],
              [
                -1.9541888236999512,
                43.32137503847731
              ],
              [
                -1.9528515815734864,
                43.32137503847731
              ],
              [
                -1.9521829605102539,
                43.321175903244836
              ],
              [
                -1.952015538307017,
                43.32099803299039
              ],
              [
                -1.9519222743866371,
                43.32077204134503
              ],
              [
                -1.9520091113289408,
                43.32009406640895
              ],
              [
                -1.9528515815734864,
                43.319590458594575
              ],
              [
                -1.9541888236999512,
                43.319238144332296
              ],
              [
                -1.9561946868896485,
                43.31932175221059
              ],
              [
                -1.9565096828024637,
                43.319190099827516
              ],
              [
                -1.956433463013639,
                43.31896410818216
              ],
              [
                -1.9561946868896485,
                43.31848077734809
              ],
              [
                -1.955526065826416,
                43.31875407133534
              ],
              [
                -1.9541888236999512,
                43.31875288194935
              ],
              [
                -1.9535202026367187,
                43.31814459354544
              ],
              [
                -1.9515143394470216,
                43.31815102409395
              ],
              [
                -1.9512282698724708,
                43.31783414995537
              ],
              [
                -1.9512460822956912,
                43.31715617501929
              ],
              [
                -1.9515143394470216,
                43.316868414871124
              ],
              [
                -1.9535202026367187,
                43.31691132268216
              ],
              [
                -1.9541888236999512,
                43.317500054810814
              ],
              [
                -1.955526065826416,
                43.317500054810814
              ],
              [
                -1.9561946868896485,
                43.31776110993519
              ],
              [
                -1.9582005500793458,
                43.31781222652169
              ],
              [
                -1.95869129129317,
                43.31828613324608
              ],
              [
                -1.95869129129317,
                43.3187381165368
              ],
              [
                -1.958411305802783,
                43.319190099827516
              ],
              [
                -1.9586067896836434,
                43.319416091472874
              ],
              [
                -1.958869171142578,
                43.319547834068004
              ],
              [
                -1.9595377922058106,
                43.31940602126348
              ],
              [
                -1.9608750343322754,
                43.31940602126348
              ]
            ],
            [
              [
                -1.9575319290161133,
                43.31212835351076
              ],
              [
                -1.9577815999531416,
                43.312410350466756
              ],
              [
                -1.9577819142738966,
                43.312636342112114
              ],
              [
                -1.9577819142738966,
                43.31308832540284
              ],
              [
                -1.9575319290161133,
                43.313370828167365
              ],
              [
                -1.9535202026367187,
                43.31335750113682
              ],
              [
                -1.9528515815734864,
                43.31299065228348
              ],
              [
                -1.9527166356006331,
                43.312636342112114
              ],
              [
                -1.9527166356006331,
                43.3121843588214
              ],
              [
                -1.9528515815734864,
                43.31199401523662
              ],
              [
                -1.9535202026367187,
                43.31163310143191
              ],
              [
                -1.955526065826416,
                43.311575201291596
              ],
              [
                -1.9561946868896485,
                43.3119118787696
              ],
              [
                -1.9568633079528808,
                43.3119118787696
              ],
              [
                -1.9575319290161133,
                43.31212835351076
              ]
            ],
            [
              [
                -1.9515143394470216,
                43.303391769257594
              ],
              [
                -1.951972774660187,
                43.30382266794313
              ],
              [
                -1.9519615578834109,
                43.304500642879205
              ],
              [
                -1.9515143394470216,
                43.30489949894854
              ],
              [
                -1.9501770973205566,
                43.30489949894854
              ],
              [
                -1.9497076016087624,
                43.304500642879205
              ],
              [
                -1.9496959231746285,
                43.30382266794313
              ],
              [
                -1.9501770973205566,
                43.303391769257594
              ],
              [
                -1.9515143394470216,
                43.303391769257594
              ]
            ],
            [
              [
                -1.9515143394470216,
                43.31852840891949
              ],
              [
                -1.9518491456130553,
                43.31896410818216
              ],
              [
                -1.9518491456130553,
                43.319416091472874
              ],
              [
                -1.9515143394470216,
                43.31982478195066
              ],
              [
                -1.9501770973205566,
                43.31982478195066
              ],
              [
                -1.9494695851769412,
                43.319416091472874
              ],
              [
                -1.9494695851769412,
                43.31896410818216
              ],
              [
                -1.9496784645683418,
                43.3187381165368
              ],
              [
                -1.9501770973205566,
                43.31852840891949
              ],
              [
                -1.9515143394470216,
                43.31852840891949
              ]
            ],
            [
              [
                -1.9481712341308595,
                43.30197913855133
              ],
              [
                -1.9487225455087762,
                43.30246671807098
              ],
              [
                -1.9487225455087762,
                43.3029187013617
              ],
              [
                -1.9482956555210529,
                43.303370684652414
              ],
              [
                -1.9468339920043944,
                43.3034391131373
              ],
              [
                -1.9464840898349847,
                43.303144693007056
              ],
              [
                -1.9463662898303473,
                43.30246671807098
              ],
              [
                -1.9467779495031072,
                43.30201473478026
              ],
              [
                -1.9481712341308595,
                43.30197913855133
              ]
            ],
            [
              [
                -1.9481712341308595,
                43.30818084208358
              ],
              [
                -1.948271376700221,
                43.3094724590771
              ],
              [
                -1.947345815143728,
                43.31037642565853
              ],
              [
                -1.9468339920043944,
                43.31059723283736
              ],
              [
                -1.9454967498779296,
                43.31059723283736
              ],
              [
                -1.9448281288146974,
                43.310457982638894
              ],
              [
                -1.9445777603002072,
                43.31060241730389
              ],
              [
                -1.9446231053534846,
                43.311280392239965
              ],
              [
                -1.9441595077514648,
                43.31175740685359
              ],
              [
                -1.942822265625,
                43.31175740685359
              ],
              [
                -1.9422767842377267,
                43.311280392239965
              ],
              [
                -1.9423965345793273,
                43.31060241730389
              ],
              [
                -1.9432063696623816,
                43.310150434013174
              ],
              [
                -1.942470425302876,
                43.309020475786376
              ],
              [
                -1.9424695033623323,
                43.3083425008503
              ],
              [
                -1.942822265625,
                43.30755009269366
              ],
              [
                -1.9432753644412357,
                43.30721254262351
              ],
              [
                -1.9434908866882323,
                43.30711584267302
              ],
              [
                -1.9461653709411622,
                43.3072117246011
              ],
              [
                -1.9468339920043944,
                43.30756850250513
              ],
              [
                -1.9475379147499776,
                43.30766452591423
              ],
              [
                -1.9481712341308595,
                43.30818084208358
              ]
            ],
            [
              [
                -1.9448281288146974,
                43.32065699561294
              ],
              [
                -1.9451182245265657,
                43.32099803299039
              ],
              [
                -1.9450584691444393,
                43.32167600792646
              ],
              [
                -1.944850612712282,
                43.32190199957182
              ],
              [
                -1.9441595077514648,
                43.32210294815695
              ],
              [
                -1.9434908866882323,
                43.32210294815695
              ],
              [
                -1.942768972149018,
                43.32235398286254
              ],
              [
                -1.9451230126757542,
                43.32325794944397
              ],
              [
                -1.9453232846188775,
                43.32348394108933
              ],
              [
                -1.9453288487054097,
                43.32416191602541
              ],
              [
                -1.9448281288146974,
                43.324570514020046
              ],
              [
                -1.9434908866882323,
                43.324570514020046
              ],
              [
                -1.942822265625,
                43.32416603349916
              ],
              [
                -1.9421536445617675,
                43.324064445505435
              ],
              [
                -1.941662455088688,
                43.323709932734694
              ],
              [
                -1.9414850234985352,
                43.32274525342861
              ],
              [
                -1.9408164024353027,
                43.32263945914094
              ],
              [
                -1.9401477813720702,
                43.32328900589604
              ],
              [
                -1.939479160308838,
                43.323356129809454
              ],
              [
                -1.9361360549926758,
                43.32336936618159
              ],
              [
                -1.9357654134797662,
                43.322805966153254
              ],
              [
                -1.9357654134797662,
                43.32235398286254
              ],
              [
                -1.9361360549926758,
                43.32191613531535
              ],
              [
                -1.9381419181823731,
                43.32192370696694
              ],
              [
                -1.938348469949742,
                43.32167600792646
              ],
              [
                -1.9383146933634408,
                43.32099803299039
              ],
              [
                -1.9388105392456054,
                43.320554515332326
              ],
              [
                -1.9401477813720702,
                43.320554515332326
              ],
              [
                -1.9408164024353027,
                43.321160622389556
              ],
              [
                -1.9421536445617675,
                43.32113778427691
              ],
              [
                -1.9434908866882323,
                43.32065699561294
              ],
              [
                -1.9448281288146974,
                43.32065699561294
              ]
            ],
            [
              [
                -1.9441595077514648,
                43.30191689684371
              ],
              [
                -1.944685834230949,
                43.30246671807098
              ],
              [
                -1.944685834230949,
                43.3029187013617
              ],
              [
                -1.9441595077514648,
                43.303399307325456
              ],
              [
                -1.942822265625,
                43.303399307325456
              ],
              [
                -1.9423404852778006,
                43.3029187013617
              ],
              [
                -1.9424357659809295,
                43.302240726425616
              ],
              [
                -1.942822265625,
                43.30191689684371
              ],
              [
                -1.9441595077514648,
                43.30191689684371
              ]
            ],
            [
              [
                -1.942822265625,
                43.29874374126047
              ],
              [
                -1.9431039483089427,
                43.2990768433906
              ],
              [
                -1.9430474978054084,
                43.299754818326676
              ],
              [
                -1.942822265625,
                43.29999614618821
              ],
              [
                -1.9414850234985352,
                43.29999614618821
              ],
              [
                -1.9408164024353027,
                43.29972361672194
              ],
              [
                -1.9408164024353027,
                43.29900507267886
              ],
              [
                -1.9414850234985352,
                43.29874374126047
              ],
              [
                -1.942822265625,
                43.29874374126047
              ]
            ],
            [
              [
                -1.9408164024353027,
                43.313558771072145
              ],
              [
                -1.9411279642793127,
                43.31534824185642
              ],
              [
                -1.9408164024353027,
                43.31569889358307
              ],
              [
                -1.939479160308838,
                43.31569889358307
              ],
              [
                -1.9388105392456054,
                43.31536297081624
              ],
              [
                -1.9386928499806593,
                43.3148962585657
              ],
              [
                -1.9378561985137446,
                43.31444427527499
              ],
              [
                -1.9376784410865038,
                43.31421828362963
              ],
              [
                -1.9376396359860266,
                43.31376630033891
              ],
              [
                -1.9368218519694527,
                43.31308832540284
              ],
              [
                -1.9368788333182987,
                43.312410350466756
              ],
              [
                -1.9374732971191406,
                43.3119791649337
              ],
              [
                -1.9401477813720702,
                43.31192131117691
              ],
              [
                -1.9405047760528455,
                43.312410350466756
              ],
              [
                -1.940427243229941,
                43.31308832540284
              ],
              [
                -1.9408164024353027,
                43.313558771072145
              ]
            ],
            [
              [
                -1.9381419181823731,
                43.318937655018765
              ],
              [
                -1.9384735996546603,
                43.319416091472874
              ],
              [
                -1.9384735996546603,
                43.31986807476359
              ],
              [
                -1.9381419181823731,
                43.3202495766551
              ],
              [
                -1.9368046760559081,
                43.3202495766551
              ],
              [
                -1.936123110719095,
                43.31986807476359
              ],
              [
                -1.9361360549926758,
                43.319373839435734
              ],
              [
                -1.9367278764166589,
                43.31896410818216
              ],
              [
                -1.9381419181823731,
                43.318937655018765
              ]
            ],
            [
              [
                -1.9361360549926758,
                43.31283690804513
              ],
              [
                -1.9364989579608802,
                43.31286233375747
              ],
              [
                -1.9366707536983014,
                43.31308832540284
              ],
              [
                -1.934798812866211,
                43.31480500169623
              ],
              [
                -1.933461570739746,
                43.31480500169623
              ],
              [
                -1.933021413961412,
                43.31444427527499
              ],
              [
                -1.9329545459571689,
                43.31376630033891
              ],
              [
                -1.9341301918029785,
                43.31262970341332
              ],
              [
                -1.9354674339294433,
                43.31262970341332
              ],
              [
                -1.9361360549926758,
                43.31283690804513
              ]
            ],
            [
              [
                -1.934798812866211,
                43.31755794878499
              ],
              [
                -1.9349590317013579,
                43.31783414995537
              ],
              [
                -1.9349590317013579,
                43.31828613324608
              ],
              [
                -1.934798812866211,
                43.318542295962324
              ],
              [
                -1.9327929496765137,
                43.31859474130768
              ],
              [
                -1.9325787458010033,
                43.31828613324608
              ],
              [
                -1.93250386496168,
                43.31783414995537
              ],
              [
                -1.9321243286132812,
                43.31760926907105
              ],
              [
                -1.9316685685620711,
                43.31783414995537
              ],
              [
                -1.9311586623678618,
                43.31851212489144
              ],
              [
                -1.930118465423584,
                43.318903508588136
              ],
              [
                -1.9294498443603516,
                43.31932168901934
              ],
              [
                -1.9281126022338868,
                43.31932168901934
              ],
              [
                -1.9273777052346248,
                43.31896410818216
              ],
              [
                -1.9273777052346248,
                43.31851212489144
              ],
              [
                -1.9276484112820493,
                43.318060141600725
              ],
              [
                -1.9269435359213796,
                43.31760815831001
              ],
              [
                -1.9267910308451803,
                43.31738216666465
              ],
              [
                -1.9267910308451803,
                43.316930183373934
              ],
              [
                -1.9274439811706543,
                43.3163246321274
              ],
              [
                -1.928781223297119,
                43.31593676146488
              ],
              [
                -1.933461570739746,
                43.31573349155511
              ],
              [
                -1.9336897329841567,
                43.316026216792494
              ],
              [
                -1.9336291718989855,
                43.316704191728576
              ],
              [
                -1.9331994279530096,
                43.31715617501929
              ],
              [
                -1.9325999303287247,
                43.31738216666465
              ],
              [
                -1.9327929496765137,
                43.31750415170687
              ],
              [
                -1.934798812866211,
                43.31755794878499
              ]
            ],
            [
              [
                -1.9327929496765137,
                43.322620256683855
              ],
              [
                -1.932938891300674,
                43.322805966153254
              ],
              [
                -1.932949234128515,
                43.32348394108933
              ],
              [
                -1.932509499606968,
                43.32393592438005
              ],
              [
                -1.9324142758289757,
                43.32461389931613
              ],
              [
                -1.9321243286132812,
                43.32490802998488
              ],
              [
                -1.9307870864868164,
                43.32490802998488
              ],
              [
                -1.9302180624730234,
                43.32461389931613
              ],
              [
                -1.9301496824116873,
                43.32393592438005
              ],
              [
                -1.9303230665672615,
                43.323709932734694
              ],
              [
                -1.9301928054360602,
                43.32303195779861
              ],
              [
                -1.9304376618413785,
                43.322579974507896
              ],
              [
                -1.9307870864868164,
                43.32236522213001
              ],
              [
                -1.9321243286132812,
                43.32236522213001
              ],
              [
                -1.9327929496765137,
                43.322620256683855
              ]
            ],
            [
              [
                -1.9274439811706543,
                43.322747985678085
              ],
              [
                -1.9280111161176672,
                43.32303195779861
              ],
              [
                -1.928097742942349,
                43.32325794944397
              ],
              [
                -1.928097742942349,
                43.323709932734694
              ],
              [
                -1.927766206447218,
                43.32393592438005
              ],
              [
                -1.9274439811706543,
                43.324068654130116
              ],
              [
                -1.9261067390441895,
                43.324068654130116
              ],
              [
                -1.9257810909638484,
                43.323709932734694
              ],
              [
                -1.9258264887506462,
                43.32303195779861
              ],
              [
                -1.9261067390441895,
                43.322747985678085
              ],
              [
                -1.9274439811706543,
                43.322747985678085
              ]
            ],
            [
              [
                -1.9274439811706543,
                43.32547719787704
              ],
              [
                -1.9274663183511902,
                43.325969849188276
              ],
              [
                -1.9272748206969377,
                43.326195840833634
              ],
              [
                -1.9267753601074218,
                43.326425281230684
              ],
              [
                -1.925438117980957,
                43.326425281230684
              ],
              [
                -1.9245363647916731,
                43.32574385754292
              ],
              [
                -1.9244060544517585,
                43.32506588260684
              ],
              [
                -1.9247694969177247,
                43.324629802928094
              ],
              [
                -1.9261067390441895,
                43.324629802928094
              ],
              [
                -1.9270145481910501,
                43.32506588260684
              ],
              [
                -1.9274439811706543,
                43.32547719787704
              ]
            ],
            [
              [
                -1.9234322547912597,
                43.320237719077596
              ],
              [
                -1.9237963345336062,
                43.32077204134503
              ],
              [
                -1.9237963345336062,
                43.32122402463575
              ],
              [
                -1.9234322547912597,
                43.321608378342475
              ],
              [
                -1.9220950126647949,
                43.321608378342475
              ],
              [
                -1.9215024226975368,
                43.32122402463575
              ],
              [
                -1.9215737105522301,
                43.32054604969967
              ],
              [
                -1.921911151364538,
                43.320320058054314
              ],
              [
                -1.9234322547912597,
                43.320237719077596
              ]
            ],
            [
              [
                -1.92075777053833,
                43.32665142657543
              ],
              [
                -1.9210238206927097,
                43.32709980741507
              ],
              [
                -1.9210238206927097,
                43.32755179070579
              ],
              [
                -1.92075777053833,
                43.327875978974944
              ],
              [
                -1.9194205284118653,
                43.327875978974944
              ],
              [
                -1.9186849676743059,
                43.32755179070579
              ],
              [
                -1.9187519073486328,
                43.326863574935636
              ],
              [
                -1.9194205284118653,
                43.32665142657543
              ],
              [
                -1.92075777053833,
                43.32665142657543
              ]
            ],
            [
              [
                -1.9200891494750976,
                43.31877426267874
              ],
              [
                -1.920646575667962,
                43.319190099827516
              ],
              [
                -1.9207010090210288,
                43.31986807476359
              ],
              [
                -1.9200891494750976,
                43.32026927527878
              ],
              [
                -1.9187519073486328,
                43.32026927527878
              ],
              [
                -1.9160774230957032,
                43.31924822198104
              ],
              [
                -1.9154088020324707,
                43.31866477127495
              ],
              [
                -1.9147401809692384,
                43.31866276934707
              ],
              [
                -1.9140715599060059,
                43.31831589718684
              ],
              [
                -1.9138676937913923,
                43.31783414995537
              ],
              [
                -1.9139004685763255,
                43.316930183373934
              ],
              [
                -1.914102760816253,
                43.316704191728576
              ],
              [
                -1.9147401809692384,
                43.31643784042049
              ],
              [
                -1.9154088020324707,
                43.31643784042049
              ],
              [
                -1.9156933969719263,
                43.31625220843785
              ],
              [
                -1.9160774230957032,
                43.31552934910303
              ],
              [
                -1.917414665222168,
                43.31552934910303
              ],
              [
                -1.9187519073486328,
                43.31573196583747
              ],
              [
                -1.9196611855552945,
                43.31625220843785
              ],
              [
                -1.9200064571534405,
                43.316704191728576
              ],
              [
                -1.920047086686634,
                43.318060141600725
              ],
              [
                -1.9198597869061333,
                43.31851212489144
              ],
              [
                -1.9200891494750976,
                43.31877426267874
              ]
            ],
            [
              [
                -1.9200891494750976,
                43.32485599090615
              ],
              [
                -1.920554353117472,
                43.3252918742522
              ],
              [
                -1.9205189735576869,
                43.325969849188276
              ],
              [
                -1.9200891494750976,
                43.32635952739338
              ],
              [
                -1.9187519073486328,
                43.32635952739338
              ],
              [
                -1.916466003229497,
                43.3252918742522
              ],
              [
                -1.9159869753217793,
                43.324839890961485
              ],
              [
                -1.9147401809692384,
                43.32447469360135
              ],
              [
                -1.9134029388427733,
                43.32427609815809
              ],
              [
                -1.912734317779541,
                43.32381981068048
              ],
              [
                -1.9113970756530763,
                43.323345773301035
              ],
              [
                -1.9110606412102782,
                43.32303195779861
              ],
              [
                -1.911002830381158,
                43.32235398286254
              ],
              [
                -1.9113970756530763,
                43.32194381955068
              ],
              [
                -1.9120656967163085,
                43.321748925617975
              ],
              [
                -1.9134029388427733,
                43.321748925617975
              ],
              [
                -1.9147401809692384,
                43.32245414118065
              ],
              [
                -1.9154088020324707,
                43.32249916636428
              ],
              [
                -1.9160774230957032,
                43.3227461692362
              ],
              [
                -1.9167460441589355,
                43.3237356903881
              ],
              [
                -1.9180832862854005,
                43.323916211173724
              ],
              [
                -1.9200891494750976,
                43.32485599090615
              ]
            ],
            [
              [
                -1.9154088020324707,
                43.30945272934388
              ],
              [
                -1.9157132162267596,
                43.309924442367816
              ],
              [
                -1.9157132162267596,
                43.31082840894925
              ],
              [
                -1.9154236986909952,
                43.31150638388532
              ],
              [
                -1.9147401809692384,
                43.311976120902166
              ],
              [
                -1.9140715599060059,
                43.31203909332158
              ],
              [
                -1.9136200933795875,
                43.31286233375747
              ],
              [
                -1.912734317779541,
                43.31359285825601
              ],
              [
                -1.9113970756530763,
                43.31359285825601
              ],
              [
                -1.9100598335266112,
                43.31410232199997
              ],
              [
                -1.9087225914001464,
                43.31410232199997
              ],
              [
                -1.9084644128733779,
                43.31376630033891
              ],
              [
                -1.9083663720930577,
                43.31308832540284
              ],
              [
                -1.9073853492736816,
                43.312934933620014
              ],
              [
                -1.9067167282104491,
                43.31252212828152
              ],
              [
                -1.9053794860839843,
                43.312663870351095
              ],
              [
                -1.904926339926381,
                43.313540308693554
              ],
              [
                -1.9043959124707472,
                43.31399229198427
              ],
              [
                -1.9046192560535293,
                43.31444427527499
              ],
              [
                -1.9060481071472168,
                43.315902645963135
              ],
              [
                -1.9067167282104491,
                43.31547267787322
              ],
              [
                -1.9087225914001464,
                43.31547267787322
              ],
              [
                -1.9114676139735665,
                43.316026216792494
              ],
              [
                -1.9120146889569105,
                43.31647820008321
              ],
              [
                -1.9120146889569105,
                43.316930183373934
              ],
              [
                -1.9119967642723372,
                43.31715617501929
              ],
              [
                -1.9113970756530763,
                43.31754790718058
              ],
              [
                -1.9100598335266112,
                43.31754790718058
              ],
              [
                -1.9087225914001464,
                43.31729300519516
              ],
              [
                -1.9067167282104491,
                43.317325468006466
              ],
              [
                -1.9053794860839843,
                43.31662176689631
              ],
              [
                -1.904710865020752,
                43.317220901830574
              ],
              [
                -1.903373622894287,
                43.317220901830574
              ],
              [
                -1.9027050018310547,
                43.31687618627532
              ],
              [
                -1.9020363807678222,
                43.31678623812995
              ],
              [
                -1.90136775970459,
                43.317035352804474
              ],
              [
                -1.900030517578125,
                43.317035352804474
              ],
              [
                -1.8979696307368379,
                43.315800225147136
              ],
              [
                -1.8979180159465454,
                43.31512225021106
              ],
              [
                -1.8983539850670077,
                43.314670266920345
              ],
              [
                -1.8971116435811801,
                43.31421828362963
              ],
              [
                -1.8969273024209177,
                43.31399229198427
              ],
              [
                -1.8969775030027518,
                43.31308832540284
              ],
              [
                -1.8968773283541083,
                43.31286233375747
              ],
              [
                -1.8966874122619628,
                43.31273428516928
              ],
              [
                -1.895350170135498,
                43.31273428516928
              ],
              [
                -1.8946815490722657,
                43.312527468377795
              ],
              [
                -1.8942994711632328,
                43.31173237553068
              ],
              [
                -1.8943180095378054,
                43.31105440059461
              ],
              [
                -1.894478358459887,
                43.31082840894925
              ],
              [
                -1.895350170135498,
                43.31054875962461
              ],
              [
                -1.8980246543884278,
                43.31058462542992
              ],
              [
                -1.8993618965148926,
                43.31092957833705
              ],
              [
                -1.900030517578125,
                43.31085703662796
              ],
              [
                -1.90136775970459,
                43.30992629915741
              ],
              [
                -1.9019413686306155,
                43.30969845072246
              ],
              [
                -1.9018388560227708,
                43.309020475786376
              ],
              [
                -1.9020363807678222,
                43.308662665941675
              ],
              [
                -1.9053794860839843,
                43.30861495742971
              ],
              [
                -1.9060481071472168,
                43.308981304536644
              ],
              [
                -1.9067167282104491,
                43.30855330928643
              ],
              [
                -1.9080539703369142,
                43.30855330928643
              ],
              [
                -1.9087225914001464,
                43.309154843955824
              ],
              [
                -1.9100598335266112,
                43.30919575471772
              ],
              [
                -1.9107284545898438,
                43.30963226405457
              ],
              [
                -1.9120656967163085,
                43.30963323832977
              ],
              [
                -1.912734317779541,
                43.309199920272164
              ],
              [
                -1.9134029388427733,
                43.309139528548485
              ],
              [
                -1.9147401809692384,
                43.309139528548485
              ],
              [
                -1.9154088020324707,
                43.30945272934388
              ]
            ],
            [
              [
                -1.9060481071472168,
                43.3012684632069
              ],
              [
                -1.9064726384920814,
                43.3017887431349
              ],
              [
                -1.9064726384920814,
                43.302240726425616
              ],
              [
                -1.9060481071472168,
                43.302691919591815
              ],
              [
                -1.904710865020752,
                43.302691919591815
              ],
              [
                -1.9041388123554923,
                43.302240726425616
              ],
              [
                -1.9041388123554923,
                43.3017887431349
              ],
              [
                -1.9045748404136338,
                43.30133675984418
              ],
              [
                -1.9060481071472168,
                43.3012684632069
              ]
            ],
            [
              [
                -1.9020363807678222,
                43.31934126801988
              ],
              [
                -1.9022920886162835,
                43.31964208311823
              ],
              [
                -1.9022609309254253,
                43.320320058054314
              ],
              [
                -1.9016225993463163,
                43.32099803299039
              ],
              [
                -1.9011722389144998,
                43.32212799121718
              ],
              [
                -1.9009565059527587,
                43.32235398286254
              ],
              [
                -1.9006991386413574,
                43.32252435881194
              ],
              [
                -1.8990328856919432,
                43.322805966153254
              ],
              [
                -1.8980246543884278,
                43.32329889278276
              ],
              [
                -1.8966874122619628,
                43.32329889278276
              ],
              [
                -1.8956741068444385,
                43.322805966153254
              ],
              [
                -1.8946815490722657,
                43.32253942306022
              ],
              [
                -1.8942509618238776,
                43.32212799121718
              ],
              [
                -1.8940129280090332,
                43.32151759335061
              ],
              [
                -1.893723148887426,
                43.32212799121718
              ],
              [
                -1.8933443069458007,
                43.32239359665259
              ],
              [
                -1.892007064819336,
                43.32239359665259
              ],
              [
                -1.8915050550574293,
                43.32190199957182
              ],
              [
                -1.8915050550574293,
                43.321450016281105
              ],
              [
                -1.8918441145179832,
                43.32099803299039
              ],
              [
                -1.892007064819336,
                43.32089284419881
              ],
              [
                -1.8933443069458007,
                43.3208892856075
              ],
              [
                -1.8940129280090332,
                43.32023419139029
              ],
              [
                -1.8966874122619628,
                43.320222220174045
              ],
              [
                -1.8973560333251953,
                43.32045213110883
              ],
              [
                -1.8986932754516601,
                43.32040772220448
              ],
              [
                -1.8993618965148926,
                43.32025981923147
              ],
              [
                -1.8997216754710922,
                43.319416091472874
              ],
              [
                -1.900030517578125,
                43.319128287760556
              ],
              [
                -1.90136775970459,
                43.319128287760556
              ],
              [
                -1.9020363807678222,
                43.31934126801988
              ]
            ],
            [
              [
                -1.90136775970459,
                43.31762580193236
              ],
              [
                -1.9015888440865059,
                43.318060141600725
              ],
              [
                -1.9015888440865059,
                43.31851212489144
              ],
              [
                -1.90136775970459,
                43.31880166073512
              ],
              [
                -1.900030517578125,
                43.31880166073512
              ],
              [
                -1.8993618965148926,
                43.318652020469244
              ],
              [
                -1.8992675759778233,
                43.31851212489144
              ],
              [
                -1.8993618965148926,
                43.31776444432585
              ],
              [
                -1.900030517578125,
                43.31762580193236
              ],
              [
                -1.90136775970459,
                43.31762580193236
              ]
            ],
            [
              [
                -1.895350170135498,
                43.30753258740369
              ],
              [
                -1.895709248031109,
                43.307890517559585
              ],
              [
                -1.8956666433530935,
                43.309246467431734
              ],
              [
                -1.895350170135498,
                43.30970551283015
              ],
              [
                -1.8939897646671708,
                43.30969845072246
              ],
              [
                -1.893458555882358,
                43.3094724590771
              ],
              [
                -1.8931086345490966,
                43.309020475786376
              ],
              [
                -1.8918485153639473,
                43.30856849249566
              ],
              [
                -1.8913752769512706,
                43.30811650920494
              ],
              [
                -1.8914384231446861,
                43.30743853426887
              ],
              [
                -1.8913384437561036,
                43.307321213690756
              ],
              [
                -1.890669822692871,
                43.30750805345478
              ],
              [
                -1.8900012016296386,
                43.308047813662874
              ],
              [
                -1.8893313630685082,
                43.30811650920494
              ],
              [
                -1.8894505743788743,
                43.3094724590771
              ],
              [
                -1.8886639595031738,
                43.310072715333945
              ],
              [
                -1.887326717376709,
                43.310072715333945
              ],
              [
                -1.8868637113333155,
                43.30969845072246
              ],
              [
                -1.88634384027393,
                43.30879448414102
              ],
              [
                -1.88634384027393,
                43.3083425008503
              ],
              [
                -1.8864878334496153,
                43.30811650920494
              ],
              [
                -1.887326717376709,
                43.30771453055833
              ],
              [
                -1.8880697033501517,
                43.30766452591423
              ],
              [
                -1.8883193939750393,
                43.30743853426887
              ],
              [
                -1.8883233797710184,
                43.30698655097815
              ],
              [
                -1.8886639595031738,
                43.30657416079491
              ],
              [
                -1.8900012016296386,
                43.30657416079491
              ],
              [
                -1.890669822692871,
                43.30692724399317
              ],
              [
                -1.8913384437561036,
                43.3064364935768
              ],
              [
                -1.892007064819336,
                43.30629487676391
              ],
              [
                -1.8933443069458007,
                43.30629487676391
              ],
              [
                -1.8936757550592338,
                43.30698655097815
              ],
              [
                -1.8940129280090332,
                43.30732686804854
              ],
              [
                -1.895350170135498,
                43.30753258740369
              ]
            ],
            [
              [
                -1.8940129280090332,
                43.29897291342294
              ],
              [
                -1.8944773307541212,
                43.29952882668132
              ],
              [
                -1.8944773307541212,
                43.299980809972034
              ],
              [
                -1.8940129280090332,
                43.30044406223505
              ],
              [
                -1.8926756858825684,
                43.30044406223505
              ],
              [
                -1.892147720461964,
                43.299980809972034
              ],
              [
                -1.8922373027373507,
                43.29930283503596
              ],
              [
                -1.8926756858825684,
                43.29897291342294
              ],
              [
                -1.8940129280090332,
                43.29897291342294
              ]
            ],
            [
              [
                -1.8933443069458007,
                43.310345367950255
              ],
              [
                -1.8935959047391164,
                43.31060241730389
              ],
              [
                -1.893699026318943,
                43.311280392239965
              ],
              [
                -1.8933443069458007,
                43.31164207539748
              ],
              [
                -1.892007064819336,
                43.31164207539748
              ],
              [
                -1.8913384437561036,
                43.311367675413244
              ],
              [
                -1.8900012016296386,
                43.3113354240636
              ],
              [
                -1.8893930960632601,
                43.31082840894925
              ],
              [
                -1.889447489727861,
                43.310150434013174
              ],
              [
                -1.890669822692871,
                43.309364787994944
              ],
              [
                -1.8923409708581316,
                43.3094724590771
              ],
              [
                -1.892767854623926,
                43.30969845072246
              ],
              [
                -1.8928716825035667,
                43.310150434013174
              ],
              [
                -1.8933443069458007,
                43.310345367950255
              ]
            ]
          ],
          [
            [
              [
                -2.0060736702909874,
                43.30743853426887
              ],
              [
                -2.00634126663208,
                43.30755004345267
              ],
              [
                -2.0064297311622923,
                43.30743853426887
              ],
              [
                -2.0060736702909874,
                43.30743853426887
              ]
            ]
          ],
          [
            [
              [
                -1.9795964241027832,
                43.322497168423595
              ],
              [
                -1.9789278030395507,
                43.322194654522285
              ],
              [
                -1.978677764175947,
                43.322579974507896
              ],
              [
                -1.9789278030395507,
                43.32276895667322
              ],
              [
                -1.9795964241027832,
                43.322867128239686
              ],
              [
                -1.9803104681690826,
                43.322579974507896
              ],
              [
                -1.9795964241027832,
                43.322497168423595
              ]
            ]
          ],
          [
            [
              [
                -1.9064819392783867,
                43.309924442367816
              ],
              [
                -1.9060481071472168,
                43.3095253083187
              ],
              [
                -1.9053794860839843,
                43.310237801348904
              ],
              [
                -1.903373622894287,
                43.31014255078224
              ],
              [
                -1.9031993649267505,
                43.31105440059461
              ],
              [
                -1.9040422439575195,
                43.31119896147307
              ],
              [
                -1.9060481071472168,
                43.31109923891373
              ],
              [
                -1.9067167282104491,
                43.3112015551878
              ],
              [
                -1.906893764930029,
                43.31105440059461
              ],
              [
                -1.9070621375090027,
                43.310150434013174
              ],
              [
                -1.9064819392783867,
                43.309924442367816
              ]
            ]
          ]
        ]
      }
    }
  ]
}