{
  "type": "FeatureCollection",
  "features": [
    {
      "type": "Feature",
      "properties": {},
      "geometry": {
        "type": "MultiPolygon",
        "coordinates": [
          [
            [
              [
                -2.0103330184498733,
                43.29704291858237
              ],
              [
                -2.010161423073539,
                43.29749490187309
              ],
              [
                -2.009684371948242,
                43.29778046773926
              ],
              [
                -2.0083471298217774,
                43.29778046773926
              ],
              [
                -2.0080392007159196,
                43.29749490187309
              ],
              [
                -2.0079218412948516,
                43.29704291858237
              ],
              [
                -1.9559021849643496,
                43.29704291858237
              ],
              [
                -1.9569523227981054,
                43.297720893518445
              ],
              [
                -1.957058886407277,
                43.29839886845452
              ],
              [
                -1.9568633079528808,
                43.29868502835993
              ],
              [
                -1.9548574447631837,
                43.29866136068163
              ],
              [
                -1.9536339590720173,
                43.297720893518445
              ],
              [
                -1.9536602318385223,
                43.29704291858237
              ],
              [
                -1.9151064528637551,
                43.29704291858237
              ],
              [
                -1.9150290808821078,
                43.297720893518445
              ],
              [
                -1.9147401809692384,
                43.29799704587518
              ],
              [
                -1.9132818248493177,
                43.2979468851638
              ],
              [
                -1.9127754649950135,
                43.29749490187309
              ],
              [
                -1.9127754649950135,
                43.29704291858237
              ],
              [
                -1.8839836120605469,
                43.29704291858237
              ],
              [
                -1.8839836120605469,
                43.304488324486066
              ],
              [
                -1.8846522331237794,
                43.304488324486066
              ],
              [
                -1.8851908047944883,
                43.30495262616992
              ],
              [
                -1.8851630460490953,
                43.305630601105996
              ],
              [
                -1.8849492390280214,
                43.305856592751354
              ],
              [
                -1.8846522331237794,
                43.30604901735207
              ],
              [
                -1.8839836120605469,
                43.30604901735207
              ],
              [
                -1.8839836120605469,
                43.30931104930918
              ],
              [
                -1.8846522331237794,
                43.30931104930918
              ],
              [
                -1.8852589716833126,
                43.30969845072246
              ],
              [
                -1.885387103302638,
                43.309924442367816
              ],
              [
                -1.8853868503826,
                43.31037642565853
              ],
              [
                -1.8849542861064823,
                43.31082840894925
              ],
              [
                -1.8846522331237794,
                43.310979090713616
              ],
              [
                -1.8839836120605469,
                43.310979090713616
              ],
              [
                -1.8839836120605469,
                43.33252360690368
              ],
              [
                -2.0177078247070312,
                43.33252360690368
              ],
              [
                -2.0177078247070312,
                43.30182533045624
              ],
              [
                -2.0170392036437987,
                43.30182533045624
              ],
              [
                -2.0163705825805662,
                43.301329615523606
              ],
              [
                -2.015701961517334,
                43.301648103537396
              ],
              [
                -2.014364719390869,
                43.301648103537396
              ],
              [
                -2.0136960983276366,
                43.30122228850017
              ],
              [
                -2.0130368686713975,
                43.30201473478026
              ],
              [
                -2.012930977248093,
                43.30269270971634
              ],
              [
                -2.012358856201172,
                43.303055242223955
              ],
              [
                -2.011021614074707,
                43.303055242223955
              ],
              [
                -2.0103529930114745,
                43.302258947976625
              ],
              [
                -2.0093240845958817,
                43.3029187013617
              ],
              [
                -2.0092481389827856,
                43.303370684652414
              ],
              [
                -2.00901575088501,
                43.30363504960776
              ],
              [
                -2.007678508758545,
                43.30422862539374
              ],
              [
                -2.0068051485083864,
                43.30427465123385
              ],
              [
                -2.006868544167642,
                43.30517861781528
              ],
              [
                -2.006760550856206,
                43.30540460946064
              ],
              [
                -2.006952234466586,
                43.305630601105996
              ],
              [
                -2.006952234466586,
                43.30608258439672
              ],
              [
                -2.0069023982709893,
                43.30630857604208
              ],
              [
                -2.00634126663208,
                43.30664166091371
              ],
              [
                -2.0050040245056153,
                43.30664166091371
              ],
              [
                -2.0038548969360472,
                43.30608258439672
              ],
              [
                -2.0031284054964313,
                43.30517861781528
              ],
              [
                -2.001660919189453,
                43.30508857061223
              ],
              [
                -2.0012568497676244,
                43.30472663452456
              ],
              [
                -2.0011725037420054,
                43.30427465123385
              ],
              [
                -2.000091360964897,
                43.30382266794313
              ],
              [
                -1.9997899938509212,
                43.303370684652414
              ],
              [
                -1.9997899938509212,
                43.3029187013617
              ],
              [
                -2.000323677062988,
                43.30245932270653
              ],
              [
                -2.001660919189453,
                43.30245932270653
              ],
              [
                -2.0021174658778267,
                43.3029187013617
              ],
              [
                -2.0023295402526857,
                43.30352306540792
              ],
              [
                -2.0036667823791503,
                43.30376679920562
              ],
              [
                -2.0050040245056153,
                43.30329776307066
              ],
              [
                -2.005368289534865,
                43.303144693007056
              ],
              [
                -2.00634126663208,
                43.30204078831322
              ],
              [
                -2.007792719275038,
                43.3017887431349
              ],
              [
                -2.008758767864652,
                43.30088477655347
              ],
              [
                -2.008786565423098,
                43.30043279326275
              ],
              [
                -2.00901575088501,
                43.30010367923666
              ],
              [
                -2.011021614074707,
                43.300178822017656
              ],
              [
                -2.0116902351379395,
                43.30053844227272
              ],
              [
                -2.013027477264404,
                43.30056308247973
              ],
              [
                -2.014364719390869,
                43.30006791544095
              ],
              [
                -2.015701961517334,
                43.30006791544095
              ],
              [
                -2.0163705825805662,
                43.30050220833526
              ],
              [
                -2.0170392036437987,
                43.30031602004646
              ],
              [
                -2.0177078247070312,
                43.30031602004646
              ],
              [
                -2.0177078247070312,
                43.29704291858237
              ],
              [
                -2.0103330184498733,
                43.29704291858237
              ]
            ],
            [
              [
                -2.0170392036437987,
                43.30381249034982
              ],
              [
                -2.0173550438650216,
                43.30427465123385
              ],
              [
                -2.0175365663900213,
                43.30495262616992
              ],
              [
                -2.0175365663900213,
                43.30540460946064
              ],
              [
                -2.017359688648787,
                43.305630601105996
              ],
              [
                -2.0170392036437987,
                43.30586342243419
              ],
              [
                -2.015701961517334,
                43.30586342243419
              ],
              [
                -2.015388732379826,
                43.305630601105996
              ],
              [
                -2.014974375590427,
                43.30472663452456
              ],
              [
                -2.0150333404541017,
                43.30402891472581
              ],
              [
                -2.015701961517334,
                43.30381249034982
              ],
              [
                -2.0170392036437987,
                43.30381249034982
              ]
            ],
            [
              [
                -2.0150333404541017,
                43.30662991600063
              ],
              [
                -2.015127582902431,
                43.306760559332794
              ],
              [
                -2.0150333404541017,
                43.30755144622312
              ],
              [
                -2.013027477264404,
                43.30766317394639
              ],
              [
                -2.012810775344559,
                43.30743853426887
              ],
              [
                -2.0128354806726168,
                43.306760559332794
              ],
              [
                -2.013027477264404,
                43.306519497469644
              ],
              [
                -2.0150333404541017,
                43.30662991600063
              ]
            ],
            [
              [
                -2.013027477264404,
                43.30866902573532
              ],
              [
                -2.0136168222626734,
                43.309020475786376
              ],
              [
                -2.0136245615036907,
                43.30969845072246
              ],
              [
                -2.013418109973262,
                43.309924442367816
              ],
              [
                -2.013027477264404,
                43.31016510092078
              ],
              [
                -2.012358856201172,
                43.31031596904809
              ],
              [
                -2.011021614074707,
                43.31031596904809
              ],
              [
                -2.010691526328324,
                43.31060241730389
              ],
              [
                -2.010380033220073,
                43.311280392239965
              ],
              [
                -2.0095339936336583,
                43.31173237553068
              ],
              [
                -2.0103529930114745,
                43.312217534317696
              ],
              [
                -2.011916418214514,
                43.312410350466756
              ],
              [
                -2.0124478593004955,
                43.31286233375747
              ],
              [
                -2.012358856201172,
                43.3135687938703
              ],
              [
                -2.0116902351379395,
                43.31373798065356
              ],
              [
                -2.0103529930114745,
                43.31373798065356
              ],
              [
                -2.009684371948242,
                43.31355865751734
              ],
              [
                -2.0083471298217774,
                43.31352120806262
              ],
              [
                -2.007678508758545,
                43.3142300788733
              ],
              [
                -2.005672645568848,
                43.314704340847726
              ],
              [
                -2.004335403442383,
                43.314704340847726
              ],
              [
                -2.0036667823791503,
                43.314158116132226
              ],
              [
                -2.002998161315918,
                43.31414960707297
              ],
              [
                -2.0027087215855564,
                43.31444427527499
              ],
              [
                -2.0022624081177027,
                43.31625220843785
              ],
              [
                -2.0020345870367446,
                43.31647820008321
              ],
              [
                -2.001660919189453,
                43.31668440651759
              ],
              [
                -2.000323677062988,
                43.31668440651759
              ],
              [
                -1.9999271520471387,
                43.31625220843785
              ],
              [
                -1.9999271520471387,
                43.315800225147136
              ],
              [
                -2.0001628053021316,
                43.31534824185642
              ],
              [
                -1.99977942270245,
                43.3148962585657
              ],
              [
                -1.9997670618865997,
                43.31444427527499
              ],
              [
                -1.9996029445737327,
                43.31421828362963
              ],
              [
                -1.999655055999756,
                43.313460012411355
              ],
              [
                -2.0009922981262207,
                43.31269613151556
              ],
              [
                -2.0023295402526857,
                43.312765662713126
              ],
              [
                -2.0036884259098144,
                43.31173237553068
              ],
              [
                -2.0039116750614836,
                43.31150638388532
              ],
              [
                -2.0038258655877375,
                43.310150434013174
              ],
              [
                -2.0040079961920383,
                43.309924442367816
              ],
              [
                -2.007354330049069,
                43.30856849249566
              ],
              [
                -2.007351040232954,
                43.3083425008503
              ],
              [
                -2.006887276071119,
                43.307890517559585
              ],
              [
                -2.006887276071119,
                43.30743853426887
              ],
              [
                -2.0070098876953124,
                43.30718381098224
              ],
              [
                -2.0076435224737903,
                43.306760559332794
              ],
              [
                -2.0085365637008965,
                43.306534567687436
              ],
              [
                -2.00901575088501,
                43.306060618886306
              ],
              [
                -2.011021614074707,
                43.30603548319427
              ],
              [
                -2.0118537567531574,
                43.306760559332794
              ],
              [
                -2.0119836546121794,
                43.30743853426887
              ],
              [
                -2.011933032632061,
                43.30811650920494
              ],
              [
                -2.0116902351379395,
                43.30839277563143
              ],
              [
                -2.0103529930114745,
                43.308566733859514
              ],
              [
                -2.009975256646366,
                43.30879448414102
              ],
              [
                -2.0103529930114745,
                43.3090411396643
              ],
              [
                -2.0116902351379395,
                43.30866902573532
              ],
              [
                -2.013027477264404,
                43.30866902573532
              ]
            ],
            [
              [
                -2.0116902351379395,
                43.31733419294915
              ],
              [
                -2.0122872322741436,
                43.31783414995537
              ],
              [
                -2.0122872322741436,
                43.31828613324608
              ],
              [
                -2.011693311994271,
                43.3187381165368
              ],
              [
                -2.0103529930114745,
                43.31873947569898
              ],
              [
                -2.009939630531653,
                43.31828613324608
              ],
              [
                -2.009939630531653,
                43.31783414995537
              ],
              [
                -2.0103529930114745,
                43.31733419294915
              ],
              [
                -2.0116902351379395,
                43.31733419294915
              ]
            ],
            [
              [
                -2.011021614074707,
                43.32002336314014
              ],
              [
                -2.0115389088756315,
                43.32077204134503
              ],
              [
                -2.0114591028758064,
                43.321450016281105
              ],
              [
                -2.011021614074707,
                43.32180884085875
              ],
              [
                -2.009684371948242,
                43.322175061515566
              ],
              [
                -2.0083471298217774,
                43.322175061515566
              ],
              [
                -2.0078306621436086,
                43.32167600792646
              ],
              [
                -2.0079351791375504,
                43.32099803299039
              ],
              [
                -2.0083471298217774,
                43.320666165021535
              ],
              [
                -2.009684371948242,
                43.32002336314014
              ],
              [
                -2.011021614074707,
                43.32002336314014
              ]
            ],
            [
              [
                -2.00634126663208,
                43.318280848618514
              ],
              [
                -2.0067835848611915,
                43.3187381165368
              ],
              [
                -2.0067694227994655,
                43.319416091472874
              ],
              [
                -2.006181631057358,
                43.32009406640895
              ],
              [
                -2.006108089863154,
                43.32077204134503
              ],
              [
                -2.005672645568848,
                43.32112201349934
              ],
              [
                -2.004335403442383,
                43.32112201349934
              ],
              [
                -2.004149057589143,
                43.32099803299039
              ],
              [
                -2.003921202039918,
                43.32077204134503
              ],
              [
                -2.0038506283300097,
                43.32009406640895
              ],
              [
                -2.0043100418017943,
                43.31964208311823
              ],
              [
                -2.0044519913662318,
                43.3187381165368
              ],
              [
                -2.0050040245056153,
                43.318280848618514
              ],
              [
                -2.00634126663208,
                43.318280848618514
              ]
            ],
            [
              [
                -2.005672645568848,
                43.29752868712809
              ],
              [
                -2.0061643350270035,
                43.2979468851638
              ],
              [
                -2.0061436690232126,
                43.29862486009988
              ],
              [
                -2.005672645568848,
                43.299010847142334
              ],
              [
                -2.004335403442383,
                43.299010847142334
              ],
              [
                -2.003904657759487,
                43.29862486009988
              ],
              [
                -2.003885482136265,
                43.2979468851638
              ],
              [
                -2.004335403442383,
                43.29752868712809
              ],
              [
                -2.005672645568848,
                43.29752868712809
              ]
            ],
            [
              [
                -2.005672645568848,
                43.30020134656378
              ],
              [
                -2.0057802727227685,
                43.30065878490811
              ],
              [
                -2.0056877193974687,
                43.30133675984418
              ],
              [
                -2.0050040245056153,
                43.30171880713574
              ],
              [
                -2.0036667823791503,
                43.30171880713574
              ],
              [
                -2.0029504961369016,
                43.30088477655347
              ],
              [
                -2.003046276971524,
                43.30020680161739
              ],
              [
                -2.0036667823791503,
                43.299795211227426
              ],
              [
                -2.0050040245056153,
                43.299795211227426
              ],
              [
                -2.005672645568848,
                43.30020134656378
              ]
            ],
            [
              [
                -2.001660919189453,
                43.31999374663635
              ],
              [
                -2.001947646082188,
                43.320320058054314
              ],
              [
                -2.0019116634362897,
                43.32099803299039
              ],
              [
                -2.001660919189453,
                43.3212656400392
              ],
              [
                -2.000323677062988,
                43.3212656400392
              ],
              [
                -1.9996806319897338,
                43.32099803299039
              ],
              [
                -1.9996315177654838,
                43.320320058054314
              ],
              [
                -2.0000193086159688,
                43.32009406640895
              ],
              [
                -2.001660919189453,
                43.31999374663635
              ]
            ],
            [
              [
                -2.0009922981262207,
                43.30596418188431
              ],
              [
                -2.0013662506138807,
                43.30630857604208
              ],
              [
                -2.001405933590199,
                43.306534567687436
              ],
              [
                -2.001405933590199,
                43.30698655097815
              ],
              [
                -2.001229449595708,
                43.30721254262351
              ],
              [
                -2.001344567485947,
                43.30743853426887
              ],
              [
                -2.0012453586832333,
                43.30811650920494
              ],
              [
                -2.0009922981262207,
                43.308360999076726
              ],
              [
                -1.999655055999756,
                43.308360999076726
              ],
              [
                -1.9991566017920561,
                43.30811650920494
              ],
              [
                -1.9989794890957042,
                43.307890517559585
              ],
              [
                -1.9989794890957042,
                43.30743853426887
              ],
              [
                -1.9992357076830423,
                43.30721254262351
              ],
              [
                -1.999120984117338,
                43.30698655097815
              ],
              [
                -1.9991706312466404,
                43.30630857604208
              ],
              [
                -1.999655055999756,
                43.30596418188431
              ],
              [
                -2.0009922981262207,
                43.30596418188431
              ]
            ],
            [
              [
                -2.0009922981262207,
                43.31118410194488
              ],
              [
                -2.0014166312942168,
                43.31173237553068
              ],
              [
                -2.0014166312942168,
                43.3121843588214
              ],
              [
                -2.0009922981262207,
                43.31261763064027
              ],
              [
                -1.999655055999756,
                43.31261763064027
              ],
              [
                -1.9991060161772491,
                43.3121843588214
              ],
              [
                -1.9991893049659228,
                43.31150638388532
              ],
              [
                -1.999655055999756,
                43.31118410194488
              ],
              [
                -2.0009922981262207,
                43.31118410194488
              ]
            ],
            [
              [
                -1.996980571746826,
                43.30597018969904
              ],
              [
                -1.9971111072905388,
                43.30630857604208
              ],
              [
                -1.9971111072905388,
                43.306760559332794
              ],
              [
                -1.996980571746826,
                43.30694863292527
              ],
              [
                -1.9963119506835938,
                43.30709795425677
              ],
              [
                -1.994974708557129,
                43.30709795425677
              ],
              [
                -1.9949590813317475,
                43.307890517559585
              ],
              [
                -1.9943060874938965,
                43.308286200633056
              ],
              [
                -1.9929688453674317,
                43.308286200633056
              ],
              [
                -1.992544892355207,
                43.307890517559585
              ],
              [
                -1.992525783355574,
                43.30721254262351
              ],
              [
                -1.9929688453674317,
                43.306705914641675
              ],
              [
                -1.9943060874938965,
                43.30666489723258
              ],
              [
                -1.9945186134361634,
                43.306534567687436
              ],
              [
                -1.993637466430664,
                43.306312549353216
              ],
              [
                -1.993114458349038,
                43.305856592751354
              ],
              [
                -1.9931089225397138,
                43.30517861781528
              ],
              [
                -1.993637466430664,
                43.304809019127525
              ],
              [
                -1.994974708557129,
                43.304809019127525
              ],
              [
                -1.9956433296203613,
                43.30557967153085
              ],
              [
                -1.9963119506835938,
                43.30559793971043
              ],
              [
                -1.996980571746826,
                43.30597018969904
              ]
            ],
            [
              [
                -1.994974708557129,
                43.30148835041896
              ],
              [
                -1.995613814195761,
                43.30201473478026
              ],
              [
                -1.9955064999997425,
                43.30269270971634
              ],
              [
                -1.994974708557129,
                43.30297433833391
              ],
              [
                -1.993637466430664,
                43.30297433833391
              ],
              [
                -1.9929688453674317,
                43.30259326272451
              ],
              [
                -1.9923002243041992,
                43.30249728157077
              ],
              [
                -1.9917446835781072,
                43.30201473478026
              ],
              [
                -1.9917816831777597,
                43.30133675984418
              ],
              [
                -1.9923002243041992,
                43.30100013697659
              ],
              [
                -1.993637466430664,
                43.30100013697659
              ],
              [
                -1.9943060874938965,
                43.30141093257868
              ],
              [
                -1.994974708557129,
                43.30148835041896
              ]
            ],
            [
              [
                -1.9923002243041992,
                43.32233698067568
              ],
              [
                -1.99253955694748,
                43.322579974507896
              ],
              [
                -1.9926540471003342,
                43.32348394108933
              ],
              [
                -1.9928045895656916,
                43.323709932734694
              ],
              [
                -1.9926930059437418,
                43.32438790767077
              ],
              [
                -1.9923002243041992,
                43.3247070831212
              ],
              [
                -1.9909629821777344,
                43.3247070831212
              ],
              [
                -1.9905555922064264,
                43.32438790767077
              ],
              [
                -1.9902943611145019,
                43.323929939936654
              ],
              [
                -1.9880456842049912,
                43.32461389931613
              ],
              [
                -1.9869512557983398,
                43.32519612321783
              ],
              [
                -1.9862826347351075,
                43.32519612321783
              ],
              [
                -1.9854336528932028,
                43.325969849188276
              ],
              [
                -1.9842767715454102,
                43.32626188047252
              ],
              [
                -1.9829395294189454,
                43.32626188047252
              ],
              [
                -1.9825891831228306,
                43.325969849188276
              ],
              [
                -1.9823712352192822,
                43.32551786589756
              ],
              [
                -1.980933666229248,
                43.324685249765885
              ],
              [
                -1.9795964241027832,
                43.32494544957405
              ],
              [
                -1.9782591819763184,
                43.32497236641497
              ],
              [
                -1.9756412168074702,
                43.325969849188276
              ],
              [
                -1.9753218993996342,
                43.32642183247899
              ],
              [
                -1.9749160766601563,
                43.326636068708055
              ],
              [
                -1.9735788345336913,
                43.326636068708055
              ],
              [
                -1.9728645543553402,
                43.32687381576971
              ],
              [
                -1.9725918868123438,
                43.32709980741507
              ],
              [
                -1.9725415864366773,
                43.32777778235115
              ],
              [
                -1.9719845984355162,
                43.328229765641865
              ],
              [
                -1.9715729713439942,
                43.32901747963907
              ],
              [
                -1.9702357292175292,
                43.32901747963907
              ],
              [
                -1.969564466471926,
                43.32890774057794
              ],
              [
                -1.9692226589888342,
                43.32868174893258
              ],
              [
                -1.969099648557643,
                43.32755179070579
              ],
              [
                -1.9691170980765256,
                43.32732579906043
              ],
              [
                -1.9702994922109414,
                43.326195840833634
              ],
              [
                -1.9688984870910644,
                43.325415960279855
              ],
              [
                -1.9675612449645996,
                43.325415960279855
              ],
              [
                -1.9672719393062652,
                43.3252918742522
              ],
              [
                -1.9669462725735016,
                43.32506588260684
              ],
              [
                -1.9669631761652444,
                43.32438790767077
              ],
              [
                -1.9689736705440173,
                43.32303195779861
              ],
              [
                -1.969567108154297,
                43.32218526372493
              ],
              [
                -1.9709043502807617,
                43.322013645846766
              ],
              [
                -1.9722415924072265,
                43.321656481578685
              ],
              [
                -1.9740104101855114,
                43.32077204134503
              ],
              [
                -1.974177657349697,
                43.32054604969967
              ],
              [
                -1.9735835919693907,
                43.32009406640895
              ],
              [
                -1.973508993316334,
                43.31986807476359
              ],
              [
                -1.9735281268742786,
                43.319190099827516
              ],
              [
                -1.9738792816446649,
                43.3187381165368
              ],
              [
                -1.9737896478898043,
                43.31851212489144
              ],
              [
                -1.972910213470459,
                43.31804902991318
              ],
              [
                -1.9715729713439942,
                43.31796196911474
              ],
              [
                -1.9702357292175292,
                43.31823422933847
              ],
              [
                -1.9695233876944607,
                43.3187381165368
              ],
              [
                -1.9682298660278321,
                43.31888930881395
              ],
              [
                -1.9675612449645996,
                43.31952923297908
              ],
              [
                -1.9655553817749023,
                43.31944744359706
              ],
              [
                -1.9654077265832124,
                43.319190099827516
              ],
              [
                -1.9654077265832124,
                43.3187381165368
              ],
              [
                -1.965738028695701,
                43.31828613324608
              ],
              [
                -1.9658053986356492,
                43.31783414995537
              ],
              [
                -1.9662240028381348,
                43.3174034195675
              ],
              [
                -1.9676246438990421,
                43.31715617501929
              ],
              [
                -1.967632118984142,
                43.31647820008321
              ],
              [
                -1.9682298660278321,
                43.31595951402283
              ],
              [
                -1.969567108154297,
                43.31595951402283
              ],
              [
                -1.9702357292175292,
                43.316210358240234
              ],
              [
                -1.9715729713439942,
                43.31557467065623
              ],
              [
                -1.9742474555969238,
                43.31551584005093
              ],
              [
                -1.9749160766601563,
                43.31565531381528
              ],
              [
                -1.975374086389161,
                43.31534824185642
              ],
              [
                -1.9755846977233886,
                43.31492991212418
              ],
              [
                -1.9769219398498534,
                43.31492991212418
              ],
              [
                -1.977590560913086,
                43.31499339722635
              ],
              [
                -1.9776901784909178,
                43.31512225021106
              ],
              [
                -1.977710674822512,
                43.315800225147136
              ],
              [
                -1.9774601129499303,
                43.316026216792494
              ],
              [
                -1.9782591819763184,
                43.316374716014046
              ],
              [
                -1.9789278030395507,
                43.31629016395853
              ],
              [
                -1.9792872855913444,
                43.31557423350178
              ],
              [
                -1.9789733410555574,
                43.31512225021106
              ],
              [
                -1.9789568139798384,
                43.31444427527499
              ],
              [
                -1.9796620376025666,
                43.31376630033891
              ],
              [
                -1.9797273554607142,
                43.31308832540284
              ],
              [
                -1.979951819892021,
                43.31286233375747
              ],
              [
                -1.9802650451660155,
                43.312648795461776
              ],
              [
                -1.9816022872924806,
                43.31235945176234
              ],
              [
                -1.9829395294189454,
                43.31235945176234
              ],
              [
                -1.9835829504260696,
                43.31286233375747
              ],
              [
                -1.9844895268660576,
                43.31308832540284
              ],
              [
                -1.9850456716998066,
                43.313540308693554
              ],
              [
                -1.9850566446524927,
                43.31421828362963
              ],
              [
                -1.984457375914873,
                43.314670266920345
              ],
              [
                -1.9849453926086427,
                43.314758781467866
              ],
              [
                -1.985614013671875,
                43.31448436715936
              ],
              [
                -1.9869512557983398,
                43.314229761394884
              ],
              [
                -1.9882884979248048,
                43.314229761394884
              ],
              [
                -1.9896257400512696,
                43.314507571640654
              ],
              [
                -1.9902316264794233,
                43.3148962585657
              ],
              [
                -1.9903572375748049,
                43.31512225021106
              ],
              [
                -1.9902291422868588,
                43.315800225147136
              ],
              [
                -1.9896257400512696,
                43.31634421707533
              ],
              [
                -1.988957118988037,
                43.316574585793035
              ],
              [
                -1.9876198768615723,
                43.316574585793035
              ],
              [
                -1.987154286581782,
                43.316704191728576
              ],
              [
                -1.985932699018215,
                43.31760815831001
              ],
              [
                -1.9857492086960715,
                43.31783414995537
              ],
              [
                -1.985918473607698,
                43.318060141600725
              ],
              [
                -1.9858847148557872,
                43.3187381165368
              ],
              [
                -1.9852675631831287,
                43.319416091472874
              ],
              [
                -1.9853356437969238,
                43.32009406640895
              ],
              [
                -1.9852179844809994,
                43.320320058054314
              ],
              [
                -1.9859848383429413,
                43.32099803299039
              ],
              [
                -1.9869512557983398,
                43.321243883328684
              ],
              [
                -1.9873571518474016,
                43.32167600792646
              ],
              [
                -1.9874765008593065,
                43.32212799121718
              ],
              [
                -1.9879988769926766,
                43.32235398286254
              ],
              [
                -1.9882884979248048,
                43.32243280527979
              ],
              [
                -1.9896257400512696,
                43.32225550557515
              ],
              [
                -1.9923002243041992,
                43.32233698067568
              ]
            ],
            [
              [
                -1.9896257400512696,
                43.30176376187151
              ],
              [
                -1.9897975635276304,
                43.30201473478026
              ],
              [
                -1.9897975635276304,
                43.30246671807098
              ],
              [
                -1.9896257400512696,
                43.30280152183412
              ],
              [
                -1.9876198768615723,
                43.30280359547498
              ],
              [
                -1.9875240143227835,
                43.30269270971634
              ],
              [
                -1.987446065311142,
                43.30201473478026
              ],
              [
                -1.9876198768615723,
                43.30174504297395
              ],
              [
                -1.9896257400512696,
                43.30176376187151
              ]
            ],
            [
              [
                -1.988957118988037,
                43.30012581731629
              ],
              [
                -1.9895194222319685,
                43.30043279326275
              ],
              [
                -1.9895701668503947,
                43.301110768198825
              ],
              [
                -1.9892521670669319,
                43.30133675984418
              ],
              [
                -1.988957118988037,
                43.30146561311121
              ],
              [
                -1.9876198768615723,
                43.30146561311121
              ],
              [
                -1.9872870100752018,
                43.301110768198825
              ],
              [
                -1.9873159871241428,
                43.30043279326275
              ],
              [
                -1.9876198768615723,
                43.30012581731629
              ],
              [
                -1.988957118988037,
                43.30012581731629
              ]
            ],
            [
              [
                -1.9822709083557128,
                43.30897240706552
              ],
              [
                -1.9824901543426081,
                43.309246467431734
              ],
              [
                -1.9824544814495018,
                43.309924442367816
              ],
              [
                -1.9819180684103188,
                43.31037642565853
              ],
              [
                -1.981227202589488,
                43.31060241730389
              ],
              [
                -1.9810380120969475,
                43.31082840894925
              ],
              [
                -1.9810716983043992,
                43.31150638388532
              ],
              [
                -1.980933666229248,
                43.31171018499072
              ],
              [
                -1.9802650451660155,
                43.3119949699088
              ],
              [
                -1.9795964241027832,
                43.31199786778887
              ],
              [
                -1.9793696759275252,
                43.3121843588214
              ],
              [
                -1.9792359559143164,
                43.312410350466756
              ],
              [
                -1.979205491340144,
                43.31308832540284
              ],
              [
                -1.977590560913086,
                43.313166289686734
              ],
              [
                -1.9769219398498534,
                43.31286417937578
              ],
              [
                -1.97692437788979,
                43.3121843588214
              ],
              [
                -1.977590560913086,
                43.311709215893366
              ],
              [
                -1.9782591819763184,
                43.31170183036865
              ],
              [
                -1.9785911993445933,
                43.31150638388532
              ],
              [
                -1.9786855929943008,
                43.311280392239965
              ],
              [
                -1.9786109514231052,
                43.31037642565853
              ],
              [
                -1.9787558345549185,
                43.310150434013174
              ],
              [
                -1.9779249434900565,
                43.3094724590771
              ],
              [
                -1.9778754665418146,
                43.309020475786376
              ],
              [
                -1.9775485180273975,
                43.30856849249566
              ],
              [
                -1.977590560913086,
                43.30805470371782
              ],
              [
                -1.9779331736283403,
                43.30766452591423
              ],
              [
                -1.9782591819763184,
                43.307489747070754
              ],
              [
                -1.9795964241027832,
                43.307259941487864
              ],
              [
                -1.9802650451660155,
                43.30675006734792
              ],
              [
                -1.9816022872924806,
                43.30675036850721
              ],
              [
                -1.982089973084916,
                43.30721254262351
              ],
              [
                -1.982089973084916,
                43.30766452591423
              ],
              [
                -1.982031825528263,
                43.307890517559585
              ],
              [
                -1.9814244839017838,
                43.3083425008503
              ],
              [
                -1.981370805108164,
                43.30856849249566
              ],
              [
                -1.9822709083557128,
                43.30897240706552
              ]
            ],
            [
              [
                -1.9816022872924806,
                43.30289919652369
              ],
              [
                -1.9816803712762445,
                43.30359667629777
              ],
              [
                -1.981420006054827,
                43.30404865958849
              ],
              [
                -1.9814274266402327,
                43.30495262616992
              ],
              [
                -1.9817464529736941,
                43.305630601105996
              ],
              [
                -1.9817464529736941,
                43.30608258439672
              ],
              [
                -1.9816022872924806,
                43.30627973862535
              ],
              [
                -1.9795964241027832,
                43.30629132099673
              ],
              [
                -1.9792279349653885,
                43.305856592751354
              ],
              [
                -1.9789278030395507,
                43.30572415409379
              ],
              [
                -1.977590560913086,
                43.30659593373411
              ],
              [
                -1.9755846977233886,
                43.307484644726046
              ],
              [
                -1.972910213470459,
                43.307484644726046
              ],
              [
                -1.9722415924072265,
                43.30726243109623
              ],
              [
                -1.9721034657923784,
                43.306760559332794
              ],
              [
                -1.9715729713439942,
                43.30635526069979
              ],
              [
                -1.9709043502807617,
                43.306794570381555
              ],
              [
                -1.969567108154297,
                43.306794570381555
              ],
              [
                -1.9690619101016826,
                43.30630857604208
              ],
              [
                -1.969148387007148,
                43.305630601105996
              ],
              [
                -1.9699354846542518,
                43.30517861781528
              ],
              [
                -1.9700067483022121,
                43.304500642879205
              ],
              [
                -1.9702357292175292,
                43.30417886064539
              ],
              [
                -1.9715729713439942,
                43.303542337645546
              ],
              [
                -1.9722415924072265,
                43.30350696338971
              ],
              [
                -1.9739333264136103,
                43.3029187013617
              ],
              [
                -1.973955915673064,
                43.30246671807098
              ],
              [
                -1.9742474555969238,
                43.3021374880939
              ],
              [
                -1.9789278030395507,
                43.301899105689024
              ],
              [
                -1.9802650451660155,
                43.302428762051974
              ],
              [
                -1.980933666229248,
                43.30246994533483
              ],
              [
                -1.9816022872924806,
                43.30289919652369
              ]
            ],
            [
              [
                -1.9769219398498534,
                43.3088691488702
              ],
              [
                -1.977373051192537,
                43.309246467431734
              ],
              [
                -1.9774144503288773,
                43.3094724590771
              ],
              [
                -1.9774144503288773,
                43.309924442367816
              ],
              [
                -1.9769219398498534,
                43.31036955965021
              ],
              [
                -1.9755846977233886,
                43.31036955965021
              ],
              [
                -1.9751074878533392,
                43.309924442367816
              ],
              [
                -1.9751478103543076,
                43.309246467431734
              ],
              [
                -1.9755846977233886,
                43.3088691488702
              ],
              [
                -1.9769219398498534,
                43.3088691488702
              ]
            ],
            [
              [
                -1.9735788345336913,
                43.31092129274276
              ],
              [
                -1.9740253470661135,
                43.311280392239965
              ],
              [
                -1.9741282610254152,
                43.31195836717604
              ],
              [
                -1.9733204770564994,
                43.312636342112114
              ],
              [
                -1.9730930335466812,
                43.313314317048196
              ],
              [
                -1.972910213470459,
                43.3134852193417
              ],
              [
                -1.9715729713439942,
                43.3134852193417
              ],
              [
                -1.9711283567496956,
                43.313314317048196
              ],
              [
                -1.9701834157182108,
                43.312410350466756
              ],
              [
                -1.9702482853032433,
                43.31082840894925
              ],
              [
                -1.9700715684142251,
                43.31060241730389
              ],
              [
                -1.9700216177422614,
                43.309924442367816
              ],
              [
                -1.970191797069882,
                43.30969845072246
              ],
              [
                -1.9699863875083168,
                43.309246467431734
              ],
              [
                -1.9699863875083168,
                43.30879448414102
              ],
              [
                -1.9702357292175292,
                43.30848095791409
              ],
              [
                -1.9722415924072265,
                43.30846855194265
              ],
              [
                -1.9732976933008493,
                43.3094724590771
              ],
              [
                -1.9732976933008493,
                43.309924442367816
              ],
              [
                -1.9729029393351167,
                43.31037642565853
              ],
              [
                -1.972910213470459,
                43.31073545620203
              ],
              [
                -1.9735788345336913,
                43.31092129274276
              ]
            ],
            [
              [
                -1.972910213470459,
                43.30146591135765
              ],
              [
                -1.9732509821222082,
                43.3017887431349
              ],
              [
                -1.9732953080250952,
                43.30201473478026
              ],
              [
                -1.9732953080250952,
                43.30246671807098
              ],
              [
                -1.972910213470459,
                43.30286338286359
              ],
              [
                -1.9715729713439942,
                43.30286338286359
              ],
              [
                -1.9710078276405976,
                43.30246671807098
              ],
              [
                -1.9710703209387626,
                43.3017887431349
              ],
              [
                -1.9713756407392242,
                43.30156275148954
              ],
              [
                -1.972910213470459,
                43.30146591135765
              ]
            ],
            [
              [
                -1.9688984870910644,
                43.30935382188692
              ],
              [
                -1.9691238869484933,
                43.30969845072246
              ],
              [
                -1.969005081646211,
                43.31037642565853
              ],
              [
                -1.9681568851129516,
                43.31082840894925
              ],
              [
                -1.9675612449645996,
                43.31140816488407
              ],
              [
                -1.9662557017999769,
                43.31195836717604
              ],
              [
                -1.96488676071167,
                43.31196546881293
              ],
              [
                -1.9644686908437392,
                43.311280392239965
              ],
              [
                -1.9639919709351306,
                43.31082840894925
              ],
              [
                -1.9639714552745682,
                43.310150434013174
              ],
              [
                -1.9641459480648982,
                43.309924442367816
              ],
              [
                -1.9645640614264612,
                43.30969845072246
              ],
              [
                -1.9650354034856359,
                43.309020475786376
              ],
              [
                -1.9657899166804886,
                43.30856849249566
              ],
              [
                -1.9662240028381348,
                43.307996026563664
              ],
              [
                -1.9675612449645996,
                43.307996026563664
              ],
              [
                -1.967894086779937,
                43.30811650920494
              ],
              [
                -1.968247626100347,
                43.3083425008503
              ],
              [
                -1.9681940182268616,
                43.309020475786376
              ],
              [
                -1.9688984870910644,
                43.30935382188692
              ]
            ],
            [
              [
                -1.9682298660278321,
                43.321726873681506
              ],
              [
                -1.9684503245148874,
                43.32212799121718
              ],
              [
                -1.9684871027453388,
                43.322579974507896
              ],
              [
                -1.9683229546447656,
                43.322805966153254
              ],
              [
                -1.966892623901367,
                43.32285509199009
              ],
              [
                -1.9662240028381348,
                43.32276014691881
              ],
              [
                -1.965999667379576,
                43.32235398286254
              ],
              [
                -1.9655553817749023,
                43.32213200803961
              ],
              [
                -1.9642181396484375,
                43.32213200803961
              ],
              [
                -1.9635505583218913,
                43.32190199957182
              ],
              [
                -1.963491835326858,
                43.32122402463575
              ],
              [
                -1.9642181396484375,
                43.320893639104376
              ],
              [
                -1.9655553817749023,
                43.320893639104376
              ],
              [
                -1.9662240028381348,
                43.321822654306075
              ],
              [
                -1.9682298660278321,
                43.321726873681506
              ]
            ],
            [
              [
                -1.9682298660278321,
                43.328033133166755
              ],
              [
                -1.9687448358728699,
                43.32845575728722
              ],
              [
                -1.968701793549026,
                43.3291337322233
              ],
              [
                -1.9684553558814197,
                43.329359723868656
              ],
              [
                -1.9682298660278321,
                43.32949364586415
              ],
              [
                -1.966892623901367,
                43.32949364586415
              ],
              [
                -1.966492441357721,
                43.3291337322233
              ],
              [
                -1.9664550256298712,
                43.32845575728722
              ],
              [
                -1.966892623901367,
                43.328033133166755
              ],
              [
                -1.9682298660278321,
                43.328033133166755
              ]
            ],
            [
              [
                -1.96488676071167,
                43.302161004341535
              ],
              [
                -1.9651735673062272,
                43.30246671807098
              ],
              [
                -1.9651804554991532,
                43.30269270971634
              ],
              [
                -1.9651804554991532,
                43.303144693007056
              ],
              [
                -1.96488676071167,
                43.30346170403667
              ],
              [
                -1.963549518585205,
                43.30346170403667
              ],
              [
                -1.962904156348216,
                43.303144693007056
              ],
              [
                -1.962918468178226,
                43.30246671807098
              ],
              [
                -1.963327584014228,
                43.302240726425616
              ],
              [
                -1.96488676071167,
                43.302161004341535
              ]
            ],
            [
              [
                -1.96488676071167,
                43.3239415364825
              ],
              [
                -1.9654238037805605,
                43.32438790767077
              ],
              [
                -1.9653408234862182,
                43.32506588260684
              ],
              [
                -1.9650697254749325,
                43.3252918742522
              ],
              [
                -1.96488676071167,
                43.325394637029994
              ],
              [
                -1.963549518585205,
                43.325394637029994
              ],
              [
                -1.9631764270827985,
                43.32506588260684
              ],
              [
                -1.963106234008883,
                43.32438790767077
              ],
              [
                -1.963549518585205,
                43.3239415364825
              ],
              [
                -1.96488676071167,
                43.3239415364825
              ]
            ],
            [
              [
                -1.9642181396484375,
                43.30422880256496
              ],
              [
                -1.9645655530297035,
                43.30472663452456
              ],
              [
                -1.9645655530297035,
                43.30517861781528
              ],
              [
                -1.9642181396484375,
                43.30556608762099
              ],
              [
                -1.9608750343322754,
                43.30551188769258
              ],
              [
                -1.9602064132690429,
                43.305291682302354
              ],
              [
                -1.9598429737005238,
                43.30495262616992
              ],
              [
                -1.959316099005368,
                43.30472663452456
              ],
              [
                -1.9590678737873164,
                43.304500642879205
              ],
              [
                -1.958988155721731,
                43.30382266794313
              ],
              [
                -1.9595377922058106,
                43.30335458654711
              ],
              [
                -1.9608750343322754,
                43.30335458654711
              ],
              [
                -1.961543655395508,
                43.3040111520854
              ],
              [
                -1.9622122764587402,
                43.30428777260175
              ],
              [
                -1.9642181396484375,
                43.30422880256496
              ]
            ],
            [
              [
                -1.963549518585205,
                43.32780033337109
              ],
              [
                -1.964158930099583,
                43.328229765641865
              ],
              [
                -1.9640217812519518,
                43.32890774057794
              ],
              [
                -1.963549518585205,
                43.32918468448643
              ],
              [
                -1.9622122764587402,
                43.32918468448643
              ],
              [
                -1.961912422313057,
                43.32890774057794
              ],
              [
                -1.961820788682075,
                43.328229765641865
              ],
              [
                -1.9622122764587402,
                43.32780033337109
              ],
              [
                -1.963549518585205,
                43.32780033337109
              ]
            ],
            [
              [
                -1.9608750343322754,
                43.32272345746139
              ],
              [
                -1.9614044955873975,
                43.32325794944397
              ],
              [
                -1.9614044955873975,
                43.323709932734694
              ],
              [
                -1.9608750343322754,
                43.3242161401079
              ],
              [
                -1.9595377922058106,
                43.3242161401079
              ],
              [
                -1.9590357610057867,
                43.323709932734694
              ],
              [
                -1.9590357610057867,
                43.32325794944397
              ],
              [
                -1.9595377922058106,
                43.32272345746139
              ],
              [
                -1.9608750343322754,
                43.32272345746139
              ]
            ],
            [
              [
                -1.958869171142578,
                43.312042708432024
              ],
              [
                -1.9593501074147428,
                43.312410350466756
              ],
              [
                -1.9594307461179041,
                43.31308832540284
              ],
              [
                -1.958869171142578,
                43.31362779018719
              ],
              [
                -1.9575319290161133,
                43.31414435465639
              ],
              [
                -1.9561946868896485,
                43.31414435465639
              ],
              [
                -1.9558363395654725,
                43.31376630033891
              ],
              [
                -1.955526065826416,
                43.31312360330894
              ],
              [
                -1.9548574447631837,
                43.31327556880368
              ],
              [
                -1.9535202026367187,
                43.31327556880368
              ],
              [
                -1.9532775461154606,
                43.31286233375747
              ],
              [
                -1.9532775461154606,
                43.312410350466756
              ],
              [
                -1.9535202026367187,
                43.312099709930685
              ],
              [
                -1.9548574447631837,
                43.312099709930685
              ],
              [
                -1.955526065826416,
                43.31225471088904
              ],
              [
                -1.9561946868896485,
                43.312042708432024
              ],
              [
                -1.958869171142578,
                43.312042708432024
              ]
            ],
            [
              [
                -1.9582005500793458,
                43.31791168133175
              ],
              [
                -1.9585900430490832,
                43.31828613324608
              ],
              [
                -1.9585894173073561,
                43.31896410818216
              ],
              [
                -1.9582005500793458,
                43.31933750913916
              ],
              [
                -1.955526065826416,
                43.31940658802552
              ],
              [
                -1.9541888236999512,
                43.31885864847224
              ],
              [
                -1.9535202026367187,
                43.31900383037747
              ],
              [
                -1.9521829605102539,
                43.31900383037747
              ],
              [
                -1.951864633774873,
                43.319190099827516
              ],
              [
                -1.9521829605102539,
                43.31947577722466
              ],
              [
                -1.9528515815734864,
                43.31968707141018
              ],
              [
                -1.9548574447631837,
                43.3197210462011
              ],
              [
                -1.9550491398984287,
                43.31986807476359
              ],
              [
                -1.95523738653271,
                43.32009406640895
              ],
              [
                -1.955229213862424,
                43.32077204134503
              ],
              [
                -1.9548574447631837,
                43.321131428466195
              ],
              [
                -1.9541888236999512,
                43.32132306023875
              ],
              [
                -1.9528515815734864,
                43.32132306023875
              ],
              [
                -1.9518508257611291,
                43.32099803299039
              ],
              [
                -1.950270459020508,
                43.32077204134503
              ],
              [
                -1.950249035157629,
                43.32054604969967
              ],
              [
                -1.9497863016808692,
                43.320320058054314
              ],
              [
                -1.9498936783353362,
                43.32009406640895
              ],
              [
                -1.9493455222641316,
                43.31964208311823
              ],
              [
                -1.9493416327824424,
                43.31896410818216
              ],
              [
                -1.9495084762573243,
                43.31874911157715
              ],
              [
                -1.9516489113678885,
                43.3187381165368
              ],
              [
                -1.950845718383789,
                43.31872049055747
              ],
              [
                -1.9504113593179353,
                43.31851212489144
              ],
              [
                -1.9504419863813636,
                43.31738216666465
              ],
              [
                -1.950845718383789,
                43.317021300634295
              ],
              [
                -1.9521319166008013,
                43.316704191728576
              ],
              [
                -1.9528515815734864,
                43.316292119734605
              ],
              [
                -1.9541888236999512,
                43.316292119734605
              ],
              [
                -1.954547347252091,
                43.31647820008321
              ],
              [
                -1.9545376606468794,
                43.31715617501929
              ],
              [
                -1.9540105388641646,
                43.31783414995537
              ],
              [
                -1.9541888236999512,
                43.317979069389665
              ],
              [
                -1.9548574447631837,
                43.31804406712617
              ],
              [
                -1.955526065826416,
                43.31783413547404
              ],
              [
                -1.9582005500793458,
                43.31791168133175
              ]
            ],
            [
              [
                -1.955526065826416,
                43.30735484775695
              ],
              [
                -1.9557675650865525,
                43.30766452591423
              ],
              [
                -1.9557675650865525,
                43.30811650920494
              ],
              [
                -1.955526065826416,
                43.308528728654984
              ],
              [
                -1.9541888236999512,
                43.308528728654984
              ],
              [
                -1.9534907032863091,
                43.3083425008503
              ],
              [
                -1.9534210846316629,
                43.30766452591423
              ],
              [
                -1.9535202026367187,
                43.30750749982752
              ],
              [
                -1.9541888236999512,
                43.30735484775695
              ],
              [
                -1.955526065826416,
                43.30735484775695
              ]
            ],
            [
              [
                -1.955526065826416,
                43.314794043928096
              ],
              [
                -1.956086299070197,
                43.31512225021106
              ],
              [
                -1.956108405583417,
                43.315800225147136
              ],
              [
                -1.955526065826416,
                43.31620061647966
              ],
              [
                -1.9541888236999512,
                43.31620061647966
              ],
              [
                -1.9538590847040258,
                43.316026216792494
              ],
              [
                -1.953863406176838,
                43.31512225021106
              ],
              [
                -1.9541888236999512,
                43.314794043928096
              ],
              [
                -1.955526065826416,
                43.314794043928096
              ]
            ],
            [
              [
                -1.9535202026367187,
                43.3012800593314
              ],
              [
                -1.9535202026367187,
                43.301836584689504
              ],
              [
                -1.9528515815734864,
                43.302204436032476
              ],
              [
                -1.9515143394470216,
                43.302204436032476
              ],
              [
                -1.95116838523118,
                43.3017887431349
              ],
              [
                -1.95116838523118,
                43.30133675984418
              ],
              [
                -1.9515143394470216,
                43.30089007993608
              ],
              [
                -1.9528515815734864,
                43.30089007993608
              ],
              [
                -1.9535202026367187,
                43.3012800593314
              ]
            ],
            [
              [
                -1.9535202026367187,
                43.30520302681879
              ],
              [
                -1.9538226524527174,
                43.305630601105996
              ],
              [
                -1.9538226524527174,
                43.30608258439672
              ],
              [
                -1.9535202026367187,
                43.30645770660109
              ],
              [
                -1.9521829605102539,
                43.30645770660109
              ],
              [
                -1.9514536863384198,
                43.30608258439672
              ],
              [
                -1.9514536863384198,
                43.305630601105996
              ],
              [
                -1.9516198909991553,
                43.30540460946064
              ],
              [
                -1.9521829605102539,
                43.30520302681879
              ],
              [
                -1.9535202026367187,
                43.30520302681879
              ]
            ],
            [
              [
                -1.9501770973205566,
                43.30192301260086
              ],
              [
                -1.9506761753919073,
                43.30246671807098
              ],
              [
                -1.9506761753919073,
                43.3029187013617
              ],
              [
                -1.9501770973205566,
                43.30341673428026
              ],
              [
                -1.9481712341308595,
                43.30345754626283
              ],
              [
                -1.947502613067627,
                43.303230527477496
              ],
              [
                -1.947241075566635,
                43.3029187013617
              ],
              [
                -1.947285748568159,
                43.302240726425616
              ],
              [
                -1.947502613067627,
                43.30200112256669
              ],
              [
                -1.9481280499060039,
                43.3017887431349
              ],
              [
                -1.9495084762573243,
                43.30177755935923
              ],
              [
                -1.9501770973205566,
                43.30192301260086
              ]
            ],
            [
              [
                -1.9501770973205566,
                43.32082531847332
              ],
              [
                -1.9504666572254825,
                43.32099803299039
              ],
              [
                -1.9504199796481805,
                43.32167600792646
              ],
              [
                -1.9501770973205566,
                43.322053101870125
              ],
              [
                -1.9481712341308595,
                43.32192817657254
              ],
              [
                -1.9468339920043944,
                43.322310972336446
              ],
              [
                -1.9454967498779296,
                43.322310972336446
              ],
              [
                -1.9453394085326694,
                43.32212799121718
              ],
              [
                -1.9452891890207622,
                43.321450016281105
              ],
              [
                -1.9454967498779296,
                43.3211793290393
              ],
              [
                -1.947502613067627,
                43.32127840950854
              ],
              [
                -1.9481712341308595,
                43.320613027200814
              ],
              [
                -1.9495084762573243,
                43.320583555468836
              ],
              [
                -1.9501770973205566,
                43.32082531847332
              ]
            ],
            [
              [
                -1.947502613067627,
                43.30892333027782
              ],
              [
                -1.9475558896317813,
                43.3094724590771
              ],
              [
                -1.947353141980459,
                43.30969845072246
              ],
              [
                -1.9468339920043944,
                43.309897144901896
              ],
              [
                -1.9454967498779296,
                43.309897144901896
              ],
              [
                -1.9441595077514648,
                43.31066501117492
              ],
              [
                -1.942822265625,
                43.31066501117492
              ],
              [
                -1.942397726545726,
                43.31037642565853
              ],
              [
                -1.9420940330999272,
                43.309924442367816
              ],
              [
                -1.9421614181249043,
                43.309246467431734
              ],
              [
                -1.9426555432835877,
                43.3083425008503
              ],
              [
                -1.942822265625,
                43.30760645261507
              ],
              [
                -1.9448281288146974,
                43.307542656851005
              ],
              [
                -1.9452158771950105,
                43.30856849249566
              ],
              [
                -1.9468339920043944,
                43.30862389794691
              ],
              [
                -1.947502613067627,
                43.30892333027782
              ]
            ],
            [
              [
                -1.9461653709411622,
                43.3188091837455
              ],
              [
                -1.946768308837641,
                43.319190099827516
              ],
              [
                -1.9466925058156437,
                43.31986807476359
              ],
              [
                -1.9463426769100314,
                43.32009406640895
              ],
              [
                -1.9448281288146974,
                43.32017095029246
              ],
              [
                -1.9445176360007654,
                43.31986807476359
              ],
              [
                -1.9444705568956497,
                43.319190099827516
              ],
              [
                -1.9448281288146974,
                43.3188091837455
              ],
              [
                -1.9461653709411622,
                43.3188091837455
              ]
            ],
            [
              [
                -1.9461653709411622,
                43.32340464027334
              ],
              [
                -1.9464670176712036,
                43.323709932734694
              ],
              [
                -1.946496301865829,
                43.32393592438005
              ],
              [
                -1.946496301865829,
                43.32438790767077
              ],
              [
                -1.9463201731264745,
                43.32461389931613
              ],
              [
                -1.9461653709411622,
                43.324741536754736
              ],
              [
                -1.9448281288146974,
                43.324741536754736
              ],
              [
                -1.9434908866882323,
                43.324101782799765
              ],
              [
                -1.9421304221063997,
                43.32393592438005
              ],
              [
                -1.9415355844666569,
                43.32348394108933
              ],
              [
                -1.941507936663644,
                43.322805966153254
              ],
              [
                -1.9421536445617675,
                43.322467608433136
              ],
              [
                -1.9441595077514648,
                43.32251024398225
              ],
              [
                -1.9448281288146974,
                43.3226047759831
              ],
              [
                -1.9454967498779296,
                43.32313933902378
              ],
              [
                -1.9461653709411622,
                43.32340464027334
              ]
            ],
            [
              [
                -1.9414850234985352,
                43.32052335693308
              ],
              [
                -1.9414850234985352,
                43.32133438705729
              ],
              [
                -1.9399413976952182,
                43.32235398286254
              ],
              [
                -1.9398709871154087,
                43.32303195779861
              ],
              [
                -1.9396509762240093,
                43.32325794944397
              ],
              [
                -1.939479160308838,
                43.32337655136466
              ],
              [
                -1.9381419181823731,
                43.32337655136466
              ],
              [
                -1.937568109270465,
                43.322805966153254
              ],
              [
                -1.937539814918194,
                43.32212799121718
              ],
              [
                -1.9382755802378957,
                43.321450016281105
              ],
              [
                -1.9384610715705688,
                43.32054604969967
              ],
              [
                -1.9381419181823731,
                43.32037748512191
              ],
              [
                -1.9361360549926758,
                43.320431430076304
              ],
              [
                -1.9358748383108015,
                43.32009406640895
              ],
              [
                -1.9358748383108015,
                43.31964208311823
              ],
              [
                -1.9361360549926758,
                43.319239901286934
              ],
              [
                -1.9374732971191406,
                43.31857752162514
              ],
              [
                -1.9388105392456054,
                43.31857752162514
              ],
              [
                -1.9403134545212641,
                43.31896410818216
              ],
              [
                -1.9406813591747483,
                43.319416091472874
              ],
              [
                -1.9408164024353027,
                43.32008371829216
              ],
              [
                -1.9414850234985352,
                43.32052335693308
              ]
            ],
            [
              [
                -1.9408164024353027,
                43.31281583831377
              ],
              [
                -1.9409368404948846,
                43.313540308693554
              ],
              [
                -1.940793317406638,
                43.31399229198427
              ],
              [
                -1.9401890524112808,
                43.314670266920345
              ],
              [
                -1.9405172675028972,
                43.31534824185642
              ],
              [
                -1.9404673749670254,
                43.316026216792494
              ],
              [
                -1.9402181568623926,
                43.31647820008321
              ],
              [
                -1.9381419181823731,
                43.316450555400976
              ],
              [
                -1.9380158861677683,
                43.31625220843785
              ],
              [
                -1.9380716886847038,
                43.31557423350178
              ],
              [
                -1.9377763738615916,
                43.3148962585657
              ],
              [
                -1.9377763738615916,
                43.31444427527499
              ],
              [
                -1.9379702045834204,
                43.31399229198427
              ],
              [
                -1.9377192190011119,
                43.312636342112114
              ],
              [
                -1.9374732971191406,
                43.312417649050396
              ],
              [
                -1.9361360549926758,
                43.31241628748239
              ],
              [
                -1.9356851633846186,
                43.31195836717604
              ],
              [
                -1.9356851633846186,
                43.31150638388532
              ],
              [
                -1.9361360549926758,
                43.31082894041263
              ],
              [
                -1.9374732971191406,
                43.31082894041263
              ],
              [
                -1.9381419181823731,
                43.31124142130768
              ],
              [
                -1.9381830134906095,
                43.31173237553068
              ],
              [
                -1.9380139791503148,
                43.31195836717604
              ],
              [
                -1.9381419181823731,
                43.31210958909471
              ],
              [
                -1.939479160308838,
                43.31210958909471
              ],
              [
                -1.9408164024353027,
                43.31281583831377
              ]
            ],
            [
              [
                -1.9388105392456054,
                43.32394505911377
              ],
              [
                -1.9389742564003756,
                43.32416191602541
              ],
              [
                -1.9389586951074171,
                43.324839890961485
              ],
              [
                -1.9388105392456054,
                43.32502604044741
              ],
              [
                -1.9381419181823731,
                43.325186919011266
              ],
              [
                -1.9368046760559081,
                43.325186919011266
              ],
              [
                -1.9364561467923243,
                43.324839890961485
              ],
              [
                -1.936451208728982,
                43.32416191602541
              ],
              [
                -1.9368046760559081,
                43.323806680057096
              ],
              [
                -1.9381419181823731,
                43.323806680057096
              ],
              [
                -1.9388105392456054,
                43.32394505911377
              ]
            ],
            [
              [
                -1.9361360549926758,
                43.321900229807675
              ],
              [
                -1.9366221457069193,
                43.32235398286254
              ],
              [
                -1.9365748797558426,
                43.32303195779861
              ],
              [
                -1.9361360549926758,
                43.32340637671378
              ],
              [
                -1.934798812866211,
                43.32368504741469
              ],
              [
                -1.933461570739746,
                43.32368504741469
              ],
              [
                -1.9321243286132812,
                43.3246220654874
              ],
              [
                -1.9307509217168193,
                43.32461389931613
              ],
              [
                -1.930118465423584,
                43.32441204806629
              ],
              [
                -1.9296387110516753,
                43.32393592438005
              ],
              [
                -1.92960969404554,
                43.32325794944397
              ],
              [
                -1.930118465423584,
                43.322503856619534
              ],
              [
                -1.9321243286132812,
                43.32251526086712
              ],
              [
                -1.9327929496765137,
                43.32271877797234
              ],
              [
                -1.9341301918029785,
                43.32199566412293
              ],
              [
                -1.9361360549926758,
                43.321900229807675
              ]
            ],
            [
              [
                -1.9354674339294433,
                43.31349030701586
              ],
              [
                -1.9355617293208558,
                43.31376630033891
              ],
              [
                -1.9354674339294433,
                43.31436299458367
              ],
              [
                -1.934798812866211,
                43.31451413927838
              ],
              [
                -1.933461570739746,
                43.31451413927838
              ],
              [
                -1.9332276276576341,
                43.31421828362963
              ],
              [
                -1.9332847163145637,
                43.313540308693554
              ],
              [
                -1.933461570739746,
                43.313340542769225
              ],
              [
                -1.934798812866211,
                43.313340542769225
              ],
              [
                -1.9354674339294433,
                43.31349030701586
              ]
            ],
            [
              [
                -1.933461570739746,
                43.31925404343029
              ],
              [
                -1.9337934642306958,
                43.31964208311823
              ],
              [
                -1.9337934642306958,
                43.32009406640895
              ],
              [
                -1.933481890334268,
                43.32054604969967
              ],
              [
                -1.9320786484612795,
                43.32054604969967
              ],
              [
                -1.93159348414171,
                43.320320058054314
              ],
              [
                -1.9314348805840424,
                43.32009406640895
              ],
              [
                -1.9314348805840424,
                43.31964208311823
              ],
              [
                -1.9317031502667557,
                43.319416091472874
              ],
              [
                -1.9308785934024633,
                43.31896410818216
              ],
              [
                -1.928781223297119,
                43.319086338996456
              ],
              [
                -1.9281126022338868,
                43.31891474325569
              ],
              [
                -1.9265711667601826,
                43.31715617501929
              ],
              [
                -1.926526417587057,
                43.31647820008321
              ],
              [
                -1.9270769666167749,
                43.316026216792494
              ],
              [
                -1.9281126022338868,
                43.31581011907337
              ],
              [
                -1.9307870864868164,
                43.31581011907337
              ],
              [
                -1.9319309789892347,
                43.31625220843785
              ],
              [
                -1.9324168850423789,
                43.316704191728576
              ],
              [
                -1.9324183904393701,
                43.31760815831001
              ],
              [
                -1.9330507919446802,
                43.31828613324608
              ],
              [
                -1.9329633018283794,
                43.31896410818216
              ],
              [
                -1.933461570739746,
                43.31925404343029
              ]
            ],
            [
              [
                -1.9274439811706543,
                43.32274450943507
              ],
              [
                -1.9280107874752779,
                43.32325794944397
              ],
              [
                -1.9280107874752779,
                43.323709932734694
              ],
              [
                -1.9274439811706543,
                43.324191894306445
              ],
              [
                -1.9261067390441895,
                43.32420912954189
              ],
              [
                -1.925659608237571,
                43.323709932734694
              ],
              [
                -1.925659608237571,
                43.32325794944397
              ],
              [
                -1.9261067390441895,
                43.32274450943507
              ],
              [
                -1.9274439811706543,
                43.32274450943507
              ]
            ],
            [
              [
                -1.9274439811706543,
                43.325122762007545
              ],
              [
                -1.9275408241191936,
                43.3252918742522
              ],
              [
                -1.9274439811706543,
                43.32594866124378
              ],
              [
                -1.9267753601074218,
                43.326182471610934
              ],
              [
                -1.925438117980957,
                43.326182471610934
              ],
              [
                -1.9247694969177247,
                43.32599883712698
              ],
              [
                -1.9243288597481238,
                43.32551786589756
              ],
              [
                -1.9243288597481238,
                43.32506588260684
              ],
              [
                -1.9247694969177247,
                43.324571864500136
              ],
              [
                -1.9261067390441895,
                43.32454006922474
              ],
              [
                -1.9267753601074218,
                43.32467439913814
              ],
              [
                -1.9274439811706543,
                43.325122762007545
              ]
            ],
            [
              [
                -1.9234322547912597,
                43.324829958101695
              ],
              [
                -1.9237409370065668,
                43.32506588260684
              ],
              [
                -1.9237613859425986,
                43.3252918742522
              ],
              [
                -1.9237000690535941,
                43.32574385754292
              ],
              [
                -1.9234322547912597,
                43.326032946444386
              ],
              [
                -1.9220950126647949,
                43.326032946444386
              ],
              [
                -1.9214263916015626,
                43.32585152089785
              ],
              [
                -1.9212273134255275,
                43.326195840833634
              ],
              [
                -1.9214263916015626,
                43.32638978322663
              ],
              [
                -1.9234322547912597,
                43.32633004505486
              ],
              [
                -1.9236525036982943,
                43.32664782412435
              ],
              [
                -1.9236525036982943,
                43.32709980741507
              ],
              [
                -1.9234322547912597,
                43.3274274854011
              ],
              [
                -1.9227636337280274,
                43.32769100284701
              ],
              [
                -1.9220950126647949,
                43.32769100284701
              ],
              [
                -1.92075777053833,
                43.328200848312704
              ],
              [
                -1.9194205284118653,
                43.328200848312704
              ],
              [
                -1.9186418085327148,
                43.32755179070579
              ],
              [
                -1.918478665446797,
                43.326195840833634
              ],
              [
                -1.9180832862854005,
                43.32597700718423
              ],
              [
                -1.917414665222168,
                43.325965824536745
              ],
              [
                -1.916939040452227,
                43.32574385754292
              ],
              [
                -1.916469336160058,
                43.3252918742522
              ],
              [
                -1.9154088020324707,
                43.32487563985377
              ],
              [
                -1.915149324945541,
                43.32461389931613
              ],
              [
                -1.915048010397353,
                43.32325794944397
              ],
              [
                -1.9154088020324707,
                43.322790167128005
              ],
              [
                -1.9167460441589355,
                43.322790167128005
              ],
              [
                -1.917414665222168,
                43.32324684279867
              ],
              [
                -1.917466926090836,
                43.32393592438005
              ],
              [
                -1.9184253296617455,
                43.32416191602541
              ],
              [
                -1.9194205284118653,
                43.32471708060682
              ],
              [
                -1.9200891494750976,
                43.324819530163566
              ],
              [
                -1.92075777053833,
                43.32533858559764
              ],
              [
                -1.9220402101478131,
                43.324839890961485
              ],
              [
                -1.9234322547912597,
                43.324829958101695
              ]
            ],
            [
              [
                -1.9200891494750976,
                43.31777782446097
              ],
              [
                -1.920415420330383,
                43.31828613324608
              ],
              [
                -1.920472376720275,
                43.3187381165368
              ],
              [
                -1.920472376720275,
                43.319190099827516
              ],
              [
                -1.9200891494750976,
                43.31958415619161
              ],
              [
                -1.9194205284118653,
                43.319781817016796
              ],
              [
                -1.917414665222168,
                43.31972057901794
              ],
              [
                -1.9160774230957032,
                43.319187333475156
              ],
              [
                -1.9158828091830247,
                43.31896410818216
              ],
              [
                -1.915820738850108,
                43.31851212489144
              ],
              [
                -1.9155835311466196,
                43.31828613324608
              ],
              [
                -1.914624702421374,
                43.31783414995537
              ],
              [
                -1.9144770679659755,
                43.31760815831001
              ],
              [
                -1.9144770679659755,
                43.31715617501929
              ],
              [
                -1.9150451309181395,
                43.31647820008321
              ],
              [
                -1.9151340557753844,
                43.316026216792494
              ],
              [
                -1.9153346469389594,
                43.315800225147136
              ],
              [
                -1.9167460441589355,
                43.31510084283969
              ],
              [
                -1.9175503695541436,
                43.3148962585657
              ],
              [
                -1.9176586810999277,
                43.31444427527499
              ],
              [
                -1.9180832862854005,
                43.314031405142444
              ],
              [
                -1.9194205284118653,
                43.314031405142444
              ],
              [
                -1.919940418981539,
                43.31444427527499
              ],
              [
                -1.9199011221863396,
                43.31512225021106
              ],
              [
                -1.919714917899648,
                43.31534824185642
              ],
              [
                -1.9198034861991173,
                43.31625220843785
              ],
              [
                -1.9196330593828825,
                43.31647820008321
              ],
              [
                -1.9199677218936637,
                43.316930183373934
              ],
              [
                -1.9199738182536368,
                43.31760815831001
              ],
              [
                -1.9200891494750976,
                43.31777782446097
              ]
            ],
            [
              [
                -1.9154088020324707,
                43.310271193377126
              ],
              [
                -1.9156679808150243,
                43.31060241730389
              ],
              [
                -1.9156679808150243,
                43.31105440059461
              ],
              [
                -1.9152117605793408,
                43.31173237553068
              ],
              [
                -1.9147401809692384,
                43.31204219024768
              ],
              [
                -1.9130199358695017,
                43.312410350466756
              ],
              [
                -1.9124211121940609,
                43.31308832540284
              ],
              [
                -1.9122220752403498,
                43.31376630033891
              ],
              [
                -1.9113970756530763,
                43.31450870659302
              ],
              [
                -1.909391212463379,
                43.314607092125485
              ],
              [
                -1.9087225914001464,
                43.31453139836579
              ],
              [
                -1.9082308368643524,
                43.31421828362963
              ],
              [
                -1.9080616717869963,
                43.31399229198427
              ],
              [
                -1.9080616717869963,
                43.313540308693554
              ],
              [
                -1.9081374798412973,
                43.313314317048196
              ],
              [
                -1.9087225914001464,
                43.31288776041485
              ],
              [
                -1.9100598335266112,
                43.31288776041485
              ],
              [
                -1.9100598335266112,
                43.31260122162161
              ],
              [
                -1.909391212463379,
                43.31280899071899
              ],
              [
                -1.9080539703369142,
                43.312734469519356
              ],
              [
                -1.9077862144245366,
                43.312410350466756
              ],
              [
                -1.907832075822734,
                43.31173237553068
              ],
              [
                -1.9073853492736816,
                43.31133809146743
              ],
              [
                -1.9051717389514975,
                43.311280392239965
              ],
              [
                -1.9048104604744978,
                43.31105440059461
              ],
              [
                -1.9045402552773458,
                43.31060241730389
              ],
              [
                -1.9040422439575195,
                43.31050049442453
              ],
              [
                -1.9035873624046407,
                43.310150434013174
              ],
              [
                -1.9033196696603578,
                43.3094724590771
              ],
              [
                -1.903320911164402,
                43.309020475786376
              ],
              [
                -1.9040422439575195,
                43.30813064953818
              ],
              [
                -1.9053794860839843,
                43.30813064953818
              ],
              [
                -1.905917250966855,
                43.30856849249566
              ],
              [
                -1.9058809768824112,
                43.30969845072246
              ],
              [
                -1.9073853492736816,
                43.31025599922703
              ],
              [
                -1.9077505527876841,
                43.309924442367816
              ],
              [
                -1.9076017922759931,
                43.30969845072246
              ],
              [
                -1.9076017922759931,
                43.309246467431734
              ],
              [
                -1.9079546038743302,
                43.30879448414102
              ],
              [
                -1.909391212463379,
                43.30872798773631
              ],
              [
                -1.9107284545898438,
                43.308865715551434
              ],
              [
                -1.9113970756530763,
                43.30938394634736
              ],
              [
                -1.9120656967163085,
                43.309527618540116
              ],
              [
                -1.912734317779541,
                43.30920478162267
              ],
              [
                -1.9140715599060059,
                43.30920478162267
              ],
              [
                -1.9144092980033993,
                43.3094724590771
              ],
              [
                -1.914637394818718,
                43.309924442367816
              ],
              [
                -1.9154088020324707,
                43.310271193377126
              ]
            ],
            [
              [
                -1.9134029388427733,
                43.322420220716786
              ],
              [
                -1.9137035450991906,
                43.322805966153254
              ],
              [
                -1.9137035450991906,
                43.32325794944397
              ],
              [
                -1.9134029388427733,
                43.32365968993863
              ],
              [
                -1.9113970756530763,
                43.32361139310101
              ],
              [
                -1.9109913606580125,
                43.32303195779861
              ],
              [
                -1.9110434583798983,
                43.32235398286254
              ],
              [
                -1.9113970756530763,
                43.3220273917493
              ],
              [
                -1.912734317779541,
                43.3220273917493
              ],
              [
                -1.9134029388427733,
                43.322420220716786
              ]
            ],
            [
              [
                -1.9120656967163085,
                43.315844035045515
              ],
              [
                -1.9126295533506728,
                43.31625220843785
              ],
              [
                -1.9127072998573305,
                43.31647820008321
              ],
              [
                -1.9127072998573305,
                43.316930183373934
              ],
              [
                -1.9120656967163085,
                43.317464147876514
              ],
              [
                -1.9100598335266112,
                43.31747548348612
              ],
              [
                -1.9087225914001464,
                43.317246400862224
              ],
              [
                -1.9083719518065358,
                43.31783414995537
              ],
              [
                -1.9080539703369142,
                43.31808706001534
              ],
              [
                -1.9060481071472168,
                43.31803326950148
              ],
              [
                -1.9055494671454478,
                43.31760815831001
              ],
              [
                -1.9055415032352974,
                43.316930183373934
              ],
              [
                -1.9059587187487426,
                43.31647820008321
              ],
              [
                -1.9059011586075956,
                43.315800225147136
              ],
              [
                -1.906052812649348,
                43.31557423350178
              ],
              [
                -1.9067167282104491,
                43.31542980587741
              ],
              [
                -1.9087225914001464,
                43.31542980587741
              ],
              [
                -1.9120656967163085,
                43.315844035045515
              ]
            ],
            [
              [
                -1.9067167282104491,
                43.30142617789304
              ],
              [
                -1.9072437996421867,
                43.3017887431349
              ],
              [
                -1.9072465601065982,
                43.30246671807098
              ],
              [
                -1.9069803623217365,
                43.30269270971634
              ],
              [
                -1.9067167282104491,
                43.30283265569471
              ],
              [
                -1.9053794860839843,
                43.30283265569471
              ],
              [
                -1.9050059665533898,
                43.30246671807098
              ],
              [
                -1.9050079927168173,
                43.3017887431349
              ],
              [
                -1.9053794860839843,
                43.30142617789304
              ],
              [
                -1.9067167282104491,
                43.30142617789304
              ]
            ],
            [
              [
                -1.9053794860839843,
                43.312289311988415
              ],
              [
                -1.9057154479023595,
                43.312636342112114
              ],
              [
                -1.9057051036256587,
                43.313314317048196
              ],
              [
                -1.9053794860839843,
                43.31364421746968
              ],
              [
                -1.904659885885178,
                43.31399229198427
              ],
              [
                -1.9046635078904897,
                43.314670266920345
              ],
              [
                -1.9045424537525584,
                43.3148962585657
              ],
              [
                -1.9047870884965417,
                43.31534824185642
              ],
              [
                -1.9047862568668537,
                43.316026216792494
              ],
              [
                -1.9040422439575195,
                43.31693088224475
              ],
              [
                -1.9020363807678222,
                43.316939759078096
              ],
              [
                -1.90136775970459,
                43.31661655417051
              ],
              [
                -1.8993618965148926,
                43.31658809747631
              ],
              [
                -1.8991699788802496,
                43.31647820008321
              ],
              [
                -1.898777188465354,
                43.316026216792494
              ],
              [
                -1.898585776064446,
                43.31512225021106
              ],
              [
                -1.8965070656655367,
                43.31444427527499
              ],
              [
                -1.8961882188671704,
                43.31399229198427
              ],
              [
                -1.8961882188671704,
                43.313540308693554
              ],
              [
                -1.8963498957127745,
                43.313314317048196
              ],
              [
                -1.8960869104865201,
                43.31308832540284
              ],
              [
                -1.895350170135498,
                43.3129158488931
              ],
              [
                -1.8942758339741652,
                43.3121843588214
              ],
              [
                -1.8941166681196955,
                43.31195836717604
              ],
              [
                -1.8941166681196955,
                43.31150638388532
              ],
              [
                -1.8946815490722657,
                43.31091749521218
              ],
              [
                -1.8966874122619628,
                43.31089053239598
              ],
              [
                -1.8986932754516601,
                43.311344896218
              ],
              [
                -1.8993618965148926,
                43.31125012030035
              ],
              [
                -1.900062938341555,
                43.31060241730389
              ],
              [
                -1.9006991386413574,
                43.31032852846972
              ],
              [
                -1.90136775970459,
                43.31016822662582
              ],
              [
                -1.9027050018310547,
                43.31016822662582
              ],
              [
                -1.9032117663254582,
                43.31060241730389
              ],
              [
                -1.9031849195936006,
                43.311280392239965
              ],
              [
                -1.902966200017729,
                43.31150638388532
              ],
              [
                -1.903373622894287,
                43.31218306103905
              ],
              [
                -1.9053794860839843,
                43.312289311988415
              ]
            ],
            [
              [
                -1.9020363807678222,
                43.31942825580989
              ],
              [
                -1.9022241317602924,
                43.31964208311823
              ],
              [
                -1.9022723741830807,
                43.320320058054314
              ],
              [
                -1.901442516008066,
                43.32099803299039
              ],
              [
                -1.9013589601968104,
                43.32167600792646
              ],
              [
                -1.900030517578125,
                43.32246793964072
              ],
              [
                -1.8986932754516601,
                43.32270792397406
              ],
              [
                -1.8980246543884278,
                43.32324168011845
              ],
              [
                -1.8966874122619628,
                43.32324168011845
              ],
              [
                -1.8960955656992051,
                43.322805966153254
              ],
              [
                -1.8959890624066522,
                43.32235398286254
              ],
              [
                -1.8946815490722657,
                43.322214641503855
              ],
              [
                -1.894491909879466,
                43.32235398286254
              ],
              [
                -1.8953565096615543,
                43.32303195779861
              ],
              [
                -1.8952890455852456,
                43.323709932734694
              ],
              [
                -1.8946815490722657,
                43.323995109135865
              ],
              [
                -1.8933443069458007,
                43.323995109135865
              ],
              [
                -1.8930399723156481,
                43.32348394108933
              ],
              [
                -1.8930399723156481,
                43.32303195779861
              ],
              [
                -1.8931889821611647,
                43.322805966153254
              ],
              [
                -1.8929507969455666,
                43.322579974507896
              ],
              [
                -1.892007064819336,
                43.32246033783019
              ],
              [
                -1.8913460930094872,
                43.32190199957182
              ],
              [
                -1.8913460930094872,
                43.321450016281105
              ],
              [
                -1.8917113317520566,
                43.32099803299039
              ],
              [
                -1.8940129280090332,
                43.32018478346426
              ],
              [
                -1.8973560333251953,
                43.31999782147178
              ],
              [
                -1.8980246543884278,
                43.320415937993204
              ],
              [
                -1.8986932754516601,
                43.32038069178562
              ],
              [
                -1.8990390189438757,
                43.32009406640895
              ],
              [
                -1.8994515285381763,
                43.319416091472874
              ],
              [
                -1.900030517578125,
                43.31913690062096
              ],
              [
                -1.90136775970459,
                43.31913690062096
              ],
              [
                -1.9020363807678222,
                43.31942825580989
              ]
            ],
            [
              [
                -1.8966874122619628,
                43.3165447317482
              ],
              [
                -1.8971161334757556,
                43.316930183373934
              ],
              [
                -1.8971342876511494,
                43.31715617501929
              ],
              [
                -1.8971342876511494,
                43.31760815831001
              ],
              [
                -1.8966874122619628,
                43.3180240772588
              ],
              [
                -1.895350170135498,
                43.3180240772588
              ],
              [
                -1.8948569309761643,
                43.31760815831001
              ],
              [
                -1.894876664335929,
                43.316930183373934
              ],
              [
                -1.895350170135498,
                43.3165447317482
              ],
              [
                -1.8966874122619628,
                43.3165447317482
              ]
            ],
            [
              [
                -1.8960187911987305,
                43.29721576692087
              ],
              [
                -1.8965457109959356,
                43.297720893518445
              ],
              [
                -1.8965457109959356,
                43.29817287680916
              ],
              [
                -1.8961593341240746,
                43.29862486009988
              ],
              [
                -1.8946815490722657,
                43.29870997815864
              ],
              [
                -1.894298086338861,
                43.29839886845452
              ],
              [
                -1.8941789392183719,
                43.297720893518445
              ],
              [
                -1.8945953585429411,
                43.29726891022773
              ],
              [
                -1.8960187911987305,
                43.29721576692087
              ]
            ],
            [
              [
                -1.8960187911987305,
                43.30648460177338
              ],
              [
                -1.8965378987584924,
                43.30698655097815
              ],
              [
                -1.8965378987584924,
                43.30743853426887
              ],
              [
                -1.895350170135498,
                43.308593068782265
              ],
              [
                -1.8946815490722657,
                43.308946446312774
              ],
              [
                -1.892665785470429,
                43.309020475786376
              ],
              [
                -1.8946815490722657,
                43.309082777877556
              ],
              [
                -1.8950384883570335,
                43.3094724590771
              ],
              [
                -1.8949755606579433,
                43.310150434013174
              ],
              [
                -1.8946815490722657,
                43.31043589300592
              ],
              [
                -1.8926756858825684,
                43.3106461801778
              ],
              [
                -1.892007064819336,
                43.31095974323302
              ],
              [
                -1.8900012016296386,
                43.310912515155856
              ],
              [
                -1.8896926925925204,
                43.31060241730389
              ],
              [
                -1.889664041027402,
                43.31037642565853
              ],
              [
                -1.889664041027402,
                43.309924442367816
              ],
              [
                -1.890325557165126,
                43.30856849249566
              ],
              [
                -1.8902729170125587,
                43.3083425008503
              ],
              [
                -1.8900012016296386,
                43.30819592122361
              ],
              [
                -1.8892182604785794,
                43.3083425008503
              ],
              [
                -1.8890943089143328,
                43.309246467431734
              ],
              [
                -1.8886639595031738,
                43.30966017085351
              ],
              [
                -1.8866580963134765,
                43.309792872213215
              ],
              [
                -1.886408208162784,
                43.3094724590771
              ],
              [
                -1.886408208162784,
                43.309020475786376
              ],
              [
                -1.8866580963134765,
                43.30827238222777
              ],
              [
                -1.887326717376709,
                43.3078637842615
              ],
              [
                -1.8879953384399415,
                43.307856956917064
              ],
              [
                -1.8882392088755309,
                43.30766452591423
              ],
              [
                -1.88836752231448,
                43.30698655097815
              ],
              [
                -1.8886639595031738,
                43.30670444787939
              ],
              [
                -1.8900012016296386,
                43.30670444787939
              ],
              [
                -1.8905000663137956,
                43.30698655097815
              ],
              [
                -1.8906187576653193,
                43.30766452591423
              ],
              [
                -1.890410687218123,
                43.307890517559585
              ],
              [
                -1.890669822692871,
                43.308008746550314
              ],
              [
                -1.8908527350140552,
                43.307890517559585
              ],
              [
                -1.890728610461421,
                43.30766452591423
              ],
              [
                -1.8908617748225611,
                43.30721254262351
              ],
              [
                -1.892007064819336,
                43.30689521430186
              ],
              [
                -1.8933443069458007,
                43.30686034481424
              ],
              [
                -1.8946815490722657,
                43.30648460177338
              ],
              [
                -1.8960187911987305,
                43.30648460177338
              ]
            ],
            [
              [
                -1.892007064819336,
                43.31624507611745
              ],
              [
                -1.892420994409177,
                43.316704191728576
              ],
              [
                -1.892420994409177,
                43.31715617501929
              ],
              [
                -1.892007064819336,
                43.31764728028413
              ],
              [
                -1.890669822692871,
                43.31764728028413
              ],
              [
                -1.8900652762445689,
                43.31715617501929
              ],
              [
                -1.8900652762445689,
                43.316704191728576
              ],
              [
                -1.8906536472436284,
                43.31625220843785
              ],
              [
                -1.892007064819336,
                43.31624507611745
              ]
            ]
          ],
          [
            [
              [
                -2.0108951886266326,
                43.30133675984418
              ],
              [
                -2.010670555094384,
                43.30156275148954
              ],
              [
                -2.011021614074707,
                43.301671670882364
              ],
              [
                -2.011151746547083,
                43.30156275148954
              ],
              [
                -2.0110928936653107,
                43.30133675984418
              ],
              [
                -2.011021614074707,
                43.30118216736728
              ],
              [
                -2.0108951886266326,
                43.30133675984418
              ]
            ]
          ],
          [
            [
              [
                -1.9841745155723365,
                43.3148962585657
              ],
              [
                -1.9844567308506778,
                43.3148962585657
              ],
              [
                -1.9842767715454102,
                43.31475904539987
              ],
              [
                -1.9841745155723365,
                43.3148962585657
              ]
            ]
          ],
          [
            [
              [
                -1.9793682207776457,
                43.32190199957182
              ],
              [
                -1.9795964241027832,
                43.32201442636172
              ],
              [
                -1.9797745693847262,
                43.32190199957182
              ],
              [
                -1.9793682207776457,
                43.32190199957182
              ]
            ]
          ],
          [
            [
              [
                -1.977911449933357,
                43.31783414995537
              ],
              [
                -1.9772681640590835,
                43.318060141600725
              ],
              [
                -1.9765276018913551,
                43.3187381165368
              ],
              [
                -1.9767538277048948,
                43.31896410818216
              ],
              [
                -1.9768238211140003,
                43.31964208311823
              ],
              [
                -1.9759721716375658,
                43.320320058054314
              ],
              [
                -1.9761014897237061,
                43.32054604969967
              ],
              [
                -1.977590560913086,
                43.32060090978153
              ],
              [
                -1.9781519727752461,
                43.32077204134503
              ],
              [
                -1.978307339488533,
                43.32099803299039
              ],
              [
                -1.9782591819763184,
                43.32071605179212
              ],
              [
                -1.977828612764316,
                43.32054604969967
              ],
              [
                -1.97809400888178,
                43.320320058054314
              ],
              [
                -1.9782027030443678,
                43.31986807476359
              ],
              [
                -1.9786968946756727,
                43.319416091472874
              ],
              [
                -1.9785557088585348,
                43.319190099827516
              ],
              [
                -1.9785557088585348,
                43.3187381165368
              ],
              [
                -1.9787629201221726,
                43.31828613324608
              ],
              [
                -1.9782591819763184,
                43.31769891591169
              ],
              [
                -1.977911449933357,
                43.31783414995537
              ]
            ]
          ]
        ]
      }
    }
  ]
}