{
  "type": "FeatureCollection",
  "features": [
    {
      "type": "Feature",
      "properties": {},
      "geometry": {
        "type": "MultiPolygon",
        "coordinates": [
          [
            [
              [
                -2.0103330184498733,
                43.29704291858237
              ],
              [
                -2.010161423073539,
                43.29749490187309
              ],
              [
                -2.009684371948242,
                43.29778046773926
              ],
              [
                -2.0083471298217774,
                43.29778046773926
              ],
              [
                -2.0080392007159196,
                43.29749490187309
              ],
              [
                -2.0079218412948516,
                43.29704291858237
              ],
              [
                -1.9559021849643496,
                43.29704291858237
              ],
              [
                -1.9569523227981054,
                43.297720893518445
              ],
              [
                -1.957058886407277,
                43.29839886845452
              ],
              [
                -1.9568633079528808,
                43.29868502835993
              ],
              [
                -1.9548574447631837,
                43.29866136068163
              ],
              [
                -1.9536339590720173,
                43.297720893518445
              ],
              [
                -1.9536602318385223,
                43.29704291858237
              ],
              [
                -1.9151064528637551,
                43.29704291858237
              ],
              [
                -1.9151064528637551,
                43.29749490187309
              ],
              [
                -1.9148085911308217,
                43.2979468851638
              ],
              [
                -1.9140715599060059,
                43.29802309167277
              ],
              [
                -1.912734317779541,
                43.29802309167277
              ],
              [
                -1.9125147978313235,
                43.297720893518445
              ],
              [
                -1.9126099669989232,
                43.29704291858237
              ],
              [
                -1.8967014775267026,
                43.29704291858237
              ],
              [
                -1.8965548246361654,
                43.29817287680916
              ],
              [
                -1.8960187911987305,
                43.29870997815864
              ],
              [
                -1.8946815490722657,
                43.29870997815864
              ],
              [
                -1.894298086338861,
                43.29839886845452
              ],
              [
                -1.8941789392183719,
                43.297720893518445
              ],
              [
                -1.8943149759227087,
                43.29704291858237
              ],
              [
                -1.8839836120605469,
                43.29704291858237
              ],
              [
                -1.8839836120605469,
                43.30256914234491
              ],
              [
                -1.8846522331237794,
                43.30256914234491
              ],
              [
                -1.8855789836781975,
                43.3029187013617
              ],
              [
                -1.8859021287101723,
                43.303144693007056
              ],
              [
                -1.8863351534654849,
                43.30382266794313
              ],
              [
                -1.8862505798941636,
                43.30495262616992
              ],
              [
                -1.8858293201225602,
                43.30608258439672
              ],
              [
                -1.8846522331237794,
                43.30684208673556
              ],
              [
                -1.8839836120605469,
                43.30684208673556
              ],
              [
                -1.8839836120605469,
                43.30931104930918
              ],
              [
                -1.8846522331237794,
                43.30931104930918
              ],
              [
                -1.8853208541870117,
                43.30952703176037
              ],
              [
                -1.8854090504218972,
                43.3094724590771
              ],
              [
                -1.884991954878851,
                43.309246467431734
              ],
              [
                -1.8851778451486563,
                43.30879448414102
              ],
              [
                -1.8859894752502442,
                43.308710645250756
              ],
              [
                -1.8868229919689976,
                43.307890517559585
              ],
              [
                -1.8879953384399415,
                43.30769055791868
              ],
              [
                -1.8882633260436221,
                43.30743853426887
              ],
              [
                -1.888464121826404,
                43.306760559332794
              ],
              [
                -1.8886639595031738,
                43.30657416079491
              ],
              [
                -1.8893325805664063,
                43.306394379724786
              ],
              [
                -1.8913384437561036,
                43.3064364935768
              ],
              [
                -1.892007064819336,
                43.30629487676391
              ],
              [
                -1.8933443069458007,
                43.30629487676391
              ],
              [
                -1.8940129280090332,
                43.306711195434865
              ],
              [
                -1.8946815490722657,
                43.30648460177338
              ],
              [
                -1.8960187911987305,
                43.306423785551175
              ],
              [
                -1.8973560333251953,
                43.30582481792347
              ],
              [
                -1.8986932754516601,
                43.30582481792347
              ],
              [
                -1.8993618965148926,
                43.3059337997398
              ],
              [
                -1.9001307302587966,
                43.30630857604208
              ],
              [
                -1.9006991386413574,
                43.30683080649415
              ],
              [
                -1.9010120810304152,
                43.30743853426887
              ],
              [
                -1.9010518742473066,
                43.30811650920494
              ],
              [
                -1.9009062857650576,
                43.30856849249566
              ],
              [
                -1.8998366576958863,
                43.30969845072246
              ],
              [
                -1.8997796952472648,
                43.31037642565853
              ],
              [
                -1.900030517578125,
                43.310625723075695
              ],
              [
                -1.9019413686306155,
                43.30969845072246
              ],
              [
                -1.9018388560227708,
                43.309020475786376
              ],
              [
                -1.9021747471090162,
                43.30856849249566
              ],
              [
                -1.9027050018310547,
                43.30834339695742
              ],
              [
                -1.903373622894287,
                43.30834339695742
              ],
              [
                -1.9040422439575195,
                43.30813064953818
              ],
              [
                -1.9053794860839843,
                43.30813064953818
              ],
              [
                -1.905917250966855,
                43.30856849249566
              ],
              [
                -1.9060481071472168,
                43.30894500968213
              ],
              [
                -1.9067167282104491,
                43.30855177980862
              ],
              [
                -1.9087225914001464,
                43.30855530373846
              ],
              [
                -1.9107284545898438,
                43.308865715551434
              ],
              [
                -1.9113970756530763,
                43.30938394634736
              ],
              [
                -1.9120656967163085,
                43.309527618540116
              ],
              [
                -1.912734317779541,
                43.30917870717525
              ],
              [
                -1.9134029388427733,
                43.30904701341847
              ],
              [
                -1.9147401809692384,
                43.30904701341847
              ],
              [
                -1.9154088020324707,
                43.30945272934388
              ],
              [
                -1.9157132162267596,
                43.309924442367816
              ],
              [
                -1.9156975321344598,
                43.31105440059461
              ],
              [
                -1.9152191802228424,
                43.31173237553068
              ],
              [
                -1.9147401809692384,
                43.31204219024768
              ],
              [
                -1.9140715599060059,
                43.31222191188298
              ],
              [
                -1.9131841789077113,
                43.313314317048196
              ],
              [
                -1.9120656967163085,
                43.313922091479554
              ],
              [
                -1.9113970756530763,
                43.31450870659302
              ],
              [
                -1.9107284545898438,
                43.314607092125485
              ],
              [
                -1.9087225914001464,
                43.31453139836579
              ],
              [
                -1.9080616717869963,
                43.31399229198427
              ],
              [
                -1.9080616717869963,
                43.313540308693554
              ],
              [
                -1.9082906348467967,
                43.31308832540284
              ],
              [
                -1.9073853492736816,
                43.312934933620014
              ],
              [
                -1.9067167282104491,
                43.31252212828152
              ],
              [
                -1.9057581644778123,
                43.31286233375747
              ],
              [
                -1.9057051036256587,
                43.313314317048196
              ],
              [
                -1.905512286931702,
                43.313540308693554
              ],
              [
                -1.904660597474558,
                43.31399229198427
              ],
              [
                -1.904726906504498,
                43.31444427527499
              ],
              [
                -1.9050233863079846,
                43.3148962585657
              ],
              [
                -1.9060481071472168,
                43.315576312767696
              ],
              [
                -1.9067167282104491,
                43.31542980587741
              ],
              [
                -1.9087225914001464,
                43.31542980587741
              ],
              [
                -1.9120656967163085,
                43.315844035045515
              ],
              [
                -1.9126295533506728,
                43.31625220843785
              ],
              [
                -1.9127072998573305,
                43.31647820008321
              ],
              [
                -1.9127072998573305,
                43.316930183373934
              ],
              [
                -1.9122245163059635,
                43.31738216666465
              ],
              [
                -1.9113970756530763,
                43.3175851254605
              ],
              [
                -1.9100598335266112,
                43.3175851254605
              ],
              [
                -1.909391212463379,
                43.31800401550923
              ],
              [
                -1.9087225914001464,
                43.31821538471914
              ],
              [
                -1.9073853492736816,
                43.31821538471914
              ],
              [
                -1.9060481071472168,
                43.31803326950148
              ],
              [
                -1.905752659216467,
                43.31783414995537
              ],
              [
                -1.9055494671454478,
                43.31760815831001
              ],
              [
                -1.9055415032352974,
                43.316930183373934
              ],
              [
                -1.9053794860839843,
                43.31662176689631
              ],
              [
                -1.9049375167220293,
                43.31715617501929
              ],
              [
                -1.904710865020752,
                43.31722996630309
              ],
              [
                -1.903373622894287,
                43.317220901830574
              ],
              [
                -1.9020363807678222,
                43.316939759078096
              ],
              [
                -1.9016677675052542,
                43.31715617501929
              ],
              [
                -1.9016472078875553,
                43.31828613324608
              ],
              [
                -1.90136775970459,
                43.31880166073512
              ],
              [
                -1.900030517578125,
                43.31880166073512
              ],
              [
                -1.8986932754516601,
                43.31857065198263
              ],
              [
                -1.8980246543884278,
                43.318160715558406
              ],
              [
                -1.89785300298909,
                43.31738216666465
              ],
              [
                -1.8985506405512285,
                43.316930183373934
              ],
              [
                -1.899427100814964,
                43.316704191728576
              ],
              [
                -1.8980246543884278,
                43.315869349921726
              ],
              [
                -1.8978315454723726,
                43.3148962585657
              ],
              [
                -1.8966874122619628,
                43.314561883787306
              ],
              [
                -1.8962722686573534,
                43.31421828362963
              ],
              [
                -1.8962332125744565,
                43.313314317048196
              ],
              [
                -1.8948213336470383,
                43.312636342112114
              ],
              [
                -1.8942758339741652,
                43.3121843588214
              ],
              [
                -1.89409441157795,
                43.31173237553068
              ],
              [
                -1.8941055962777988,
                43.311280392239965
              ],
              [
                -1.8943180095378054,
                43.31105440059461
              ],
              [
                -1.894160988566126,
                43.31082840894925
              ],
              [
                -1.8939383655859447,
                43.31082840894925
              ],
              [
                -1.8936909972074714,
                43.31105440059461
              ],
              [
                -1.8938818782309066,
                43.311280392239965
              ],
              [
                -1.8937751776406855,
                43.31150638388532
              ],
              [
                -1.8933443069458007,
                43.31164207539748
              ],
              [
                -1.892007064819336,
                43.31164207539748
              ],
              [
                -1.8913384437561036,
                43.311367675413244
              ],
              [
                -1.8900012016296386,
                43.3113354240636
              ],
              [
                -1.8895714681699496,
                43.31105440059461
              ],
              [
                -1.8893325805664063,
                43.31069642806462
              ],
              [
                -1.8886639595031738,
                43.31064562058732
              ],
              [
                -1.8879953384399415,
                43.31026371829039
              ],
              [
                -1.8859894752502442,
                43.31021202304245
              ],
              [
                -1.8856693910419953,
                43.31082840894925
              ],
              [
                -1.8853208541870117,
                43.31109669965338
              ],
              [
                -1.8839836120605469,
                43.31110466694549
              ],
              [
                -1.8839836120605469,
                43.33252360690368
              ],
              [
                -1.8944853956882197,
                43.33252360690368
              ],
              [
                -1.8946815490722657,
                43.33195369089763
              ],
              [
                -1.895350170135498,
                43.33191555559745
              ],
              [
                -1.8966874122619628,
                43.33191555559745
              ],
              [
                -1.8969192539320288,
                43.33252360690368
              ],
              [
                -1.9250812322856297,
                43.33252360690368
              ],
              [
                -1.9250812322856297,
                43.33229761525832
              ],
              [
                -1.925438117980957,
                43.331840490984504
              ],
              [
                -1.9267911238899824,
                43.3318456319676
              ],
              [
                -1.9274439811706543,
                43.33220085992911
              ],
              [
                -1.9274904705779081,
                43.33252360690368
              ],
              [
                -2.0177078247070312,
                43.33252360690368
              ],
              [
                -2.0177078247070312,
                43.320138326323516
              ],
              [
                -2.0169283974276273,
                43.32009406640895
              ],
              [
                -2.0163705825805662,
                43.319751496463375
              ],
              [
                -2.0162633012625086,
                43.319416091472874
              ],
              [
                -2.0162633012625086,
                43.31896410818216
              ],
              [
                -2.016445393796211,
                43.3187381165368
              ],
              [
                -2.0170392036437987,
                43.318426716280385
              ],
              [
                -2.0177078247070312,
                43.318426716280385
              ],
              [
                -2.0177078247070312,
                43.3063048294247
              ],
              [
                -2.0163705825805662,
                43.306174339553976
              ],
              [
                -2.0156902114517203,
                43.305856592751354
              ],
              [
                -2.0150333404541017,
                43.30520074970286
              ],
              [
                -2.0136960983276366,
                43.30520074970286
              ],
              [
                -2.013331461385056,
                43.30495262616992
              ],
              [
                -2.013262751608366,
                43.30472663452456
              ],
              [
                -2.0133392337164944,
                43.30427465123385
              ],
              [
                -2.0136960983276366,
                43.304011882097385
              ],
              [
                -2.015701961517334,
                43.30381249034982
              ],
              [
                -2.0170392036437987,
                43.30381249034982
              ],
              [
                -2.0174619698642626,
                43.304500642879205
              ],
              [
                -2.0177078247070312,
                43.30466654342011
              ],
              [
                -2.0177078247070312,
                43.30200883288937
              ],
              [
                -2.0163705825805662,
                43.30200883288937
              ],
              [
                -2.0150333404541017,
                43.301793272009306
              ],
              [
                -2.0130567013638014,
                43.30246671807098
              ],
              [
                -2.0127698046295768,
                43.3029187013617
              ],
              [
                -2.012358856201172,
                43.30317680861237
              ],
              [
                -2.0103529930114745,
                43.30312425370228
              ],
              [
                -2.007272111288891,
                43.304500642879205
              ],
              [
                -2.0075395985713587,
                43.30495262616992
              ],
              [
                -2.0074238804080724,
                43.305630601105996
              ],
              [
                -2.007678508758545,
                43.30596462568103
              ],
              [
                -2.0083471298217774,
                43.3058207789543
              ],
              [
                -2.0103529930114745,
                43.3058207789543
              ],
              [
                -2.0112636230840844,
                43.30608258439672
              ],
              [
                -2.011811539770497,
                43.306534567687436
              ],
              [
                -2.012008883995376,
                43.30743853426887
              ],
              [
                -2.011933032632061,
                43.30811650920494
              ],
              [
                -2.011407631395976,
                43.30856849249566
              ],
              [
                -2.013027477264404,
                43.30866902573532
              ],
              [
                -2.0136168222626734,
                43.309020475786376
              ],
              [
                -2.0136245615036907,
                43.30969845072246
              ],
              [
                -2.013418109973262,
                43.309924442367816
              ],
              [
                -2.013027477264404,
                43.31016510092078
              ],
              [
                -2.0109268438388637,
                43.31082840894925
              ],
              [
                -2.0100089361375506,
                43.31150638388532
              ],
              [
                -2.00996707989488,
                43.31173237553068
              ],
              [
                -2.0103529930114745,
                43.312217534317696
              ],
              [
                -2.0116902351379395,
                43.31230573362287
              ],
              [
                -2.012358856201172,
                43.312721293999026
              ],
              [
                -2.012358856201172,
                43.3135687938703
              ],
              [
                -2.0116902351379395,
                43.31373798065356
              ],
              [
                -2.0103529930114745,
                43.31373798065356
              ],
              [
                -2.009684371948242,
                43.313559195628905
              ],
              [
                -2.00901575088501,
                43.31395614429745
              ],
              [
                -2.007678508758545,
                43.314328643388265
              ],
              [
                -2.006383183325644,
                43.31444427527499
              ],
              [
                -2.005672645568848,
                43.314704340847726
              ],
              [
                -2.004335403442383,
                43.314704340847726
              ],
              [
                -2.002998161315918,
                43.31500306294151
              ],
              [
                -2.0023754528664415,
                43.31557423350178
              ],
              [
                -2.0022729109342134,
                43.31647820008321
              ],
              [
                -2.001660919189453,
                43.31668440651759
              ],
              [
                -2.000323677062988,
                43.31668440651759
              ],
              [
                -1.9999271520471387,
                43.31625220843785
              ],
              [
                -1.999655055999756,
                43.315538976655006
              ],
              [
                -1.9989864349365234,
                43.31629238140108
              ],
              [
                -1.996980571746826,
                43.31622903554971
              ],
              [
                -1.9966678841554324,
                43.315800225147136
              ],
              [
                -1.9956433296203613,
                43.31540196079553
              ],
              [
                -1.9953836870838484,
                43.31512225021106
              ],
              [
                -1.995361393759319,
                43.31444427527499
              ],
              [
                -1.9956433296203613,
                43.314128179944454
              ],
              [
                -1.996980571746826,
                43.314128179944454
              ],
              [
                -1.9976491928100586,
                43.31434133673498
              ],
              [
                -1.998317813873291,
                43.31397944579053
              ],
              [
                -1.9993472101340757,
                43.31376630033891
              ],
              [
                -1.9995863225493753,
                43.313540308693554
              ],
              [
                -1.9996326450107815,
                43.313314317048196
              ],
              [
                -1.999418800557107,
                43.31308832540284
              ],
              [
                -1.9990810370337841,
                43.3121843588214
              ],
              [
                -1.999046263289759,
                43.31150638388532
              ],
              [
                -1.999655055999756,
                43.31095002217062
              ],
              [
                -2.0005232992821123,
                43.31082840894925
              ],
              [
                -2.0006780909404283,
                43.309924442367816
              ],
              [
                -2.0009547489042503,
                43.3094724590771
              ],
              [
                -2.0006720815001042,
                43.30879448414102
              ],
              [
                -2.000323677062988,
                43.30858636453199
              ],
              [
                -1.999655055999756,
                43.30851296992213
              ],
              [
                -1.9989864349365234,
                43.307908796890324
              ],
              [
                -1.9989794890957042,
                43.30743853426887
              ],
              [
                -1.9992357076830423,
                43.30721254262351
              ],
              [
                -1.999120984117338,
                43.30698655097815
              ],
              [
                -1.9991706312466404,
                43.30630857604208
              ],
              [
                -1.9994395237791465,
                43.30608258439672
              ],
              [
                -1.999655055999756,
                43.30596418188431
              ],
              [
                -2.0009922981262207,
                43.30596418188431
              ],
              [
                -2.0013662506138807,
                43.30630857604208
              ],
              [
                -2.001405933590199,
                43.30698655097815
              ],
              [
                -2.001229449595708,
                43.30721254262351
              ],
              [
                -2.0013685047234526,
                43.30743853426887
              ],
              [
                -2.001660919189453,
                43.30763098542077
              ],
              [
                -2.0023295402526857,
                43.307686505975305
              ],
              [
                -2.0032865216656717,
                43.3083425008503
              ],
              [
                -2.003140114283088,
                43.30856849249566
              ],
              [
                -2.003231092349203,
                43.3094724590771
              ],
              [
                -2.0028559674408233,
                43.309924442367816
              ],
              [
                -2.0029270205705925,
                43.31060241730389
              ],
              [
                -2.0023295402526857,
                43.311109273671335
              ],
              [
                -2.001554270921193,
                43.311280392239965
              ],
              [
                -2.001914652393829,
                43.31173237553068
              ],
              [
                -2.002998161315918,
                43.312149300217406
              ],
              [
                -2.003458895420923,
                43.31173237553068
              ],
              [
                -2.0038579660930917,
                43.31105440059461
              ],
              [
                -2.0038258655877375,
                43.310150434013174
              ],
              [
                -2.0040079961920383,
                43.309924442367816
              ],
              [
                -2.004335403442383,
                43.309704231370404
              ],
              [
                -2.005307804638225,
                43.3094724590771
              ],
              [
                -2.005431106645958,
                43.309246467431734
              ],
              [
                -2.0050040245056153,
                43.308443311477355
              ],
              [
                -2.004335403442383,
                43.308443311477355
              ],
              [
                -2.003132344037143,
                43.30811650920494
              ],
              [
                -2.003498166765509,
                43.30721254262351
              ],
              [
                -2.0043255376679463,
                43.306760559332794
              ],
              [
                -2.0043871352831224,
                43.306534567687436
              ],
              [
                -2.002998161315918,
                43.30524318638834
              ],
              [
                -2.001660919189453,
                43.30508857061223
              ],
              [
                -2.0012568497676244,
                43.30472663452456
              ],
              [
                -2.0011725037420054,
                43.30427465123385
              ],
              [
                -2.000091360964897,
                43.30382266794313
              ],
              [
                -1.9997899938509212,
                43.303370684652414
              ],
              [
                -1.9997899938509212,
                43.3029187013617
              ],
              [
                -2.000234248584436,
                43.30246671807098
              ],
              [
                -2.0011453675190323,
                43.302240726425616
              ],
              [
                -2.001419239484646,
                43.30201473478026
              ],
              [
                -2.001203253223235,
                43.30156275148954
              ],
              [
                -2.001203253223235,
                43.301110768198825
              ],
              [
                -2.0014238359955647,
                43.30065878490811
              ],
              [
                -2.001258036243352,
                43.30043279326275
              ],
              [
                -2.0012871711599116,
                43.299754818326676
              ],
              [
                -2.001660919189453,
                43.29940513658053
              ],
              [
                -2.0027713069386577,
                43.2990768433906
              ],
              [
                -2.003837169401259,
                43.29839886845452
              ],
              [
                -2.003885482136265,
                43.2979468851638
              ],
              [
                -2.004335403442383,
                43.29752868712809
              ],
              [
                -2.005672645568848,
                43.29752868712809
              ],
              [
                -2.0061643350270035,
                43.2979468851638
              ],
              [
                -2.0061436690232126,
                43.29862486009988
              ],
              [
                -2.005344639525989,
                43.29930283503596
              ],
              [
                -2.00550366204638,
                43.299754818326676
              ],
              [
                -2.0062560642970926,
                43.30065878490811
              ],
              [
                -2.0062560642970926,
                43.301110768198825
              ],
              [
                -2.005672645568848,
                43.30168787841279
              ],
              [
                -2.0036667823791503,
                43.30175990448793
              ],
              [
                -2.0040639115251184,
                43.30201473478026
              ],
              [
                -2.003823210358598,
                43.302240726425616
              ],
              [
                -2.0037238529041073,
                43.30269270971634
              ],
              [
                -2.002998161315918,
                43.30315071141975
              ],
              [
                -2.0023295402526857,
                43.30319240320813
              ],
              [
                -2.0021830048134057,
                43.303370684652414
              ],
              [
                -2.0023295402526857,
                43.30352306540792
              ],
              [
                -2.002998161315918,
                43.303581235366934
              ],
              [
                -2.005368289534865,
                43.303144693007056
              ],
              [
                -2.00634126663208,
                43.30204078831322
              ],
              [
                -2.0070098876953124,
                43.30183428044784
              ],
              [
                -2.007678508758545,
                43.30183428044784
              ],
              [
                -2.008073841665049,
                43.30156275148954
              ],
              [
                -2.008758767864652,
                43.30088477655347
              ],
              [
                -2.008786565423098,
                43.30043279326275
              ],
              [
                -2.00901575088501,
                43.30010367923666
              ],
              [
                -2.011021614074707,
                43.300178822017656
              ],
              [
                -2.0116902351379395,
                43.30051293032294
              ],
              [
                -2.0136960983276366,
                43.30037688717563
              ],
              [
                -2.014364719390869,
                43.30006791544095
              ],
              [
                -2.0177078247070312,
                43.30027835774948
              ],
              [
                -2.0177078247070312,
                43.29704291858237
              ],
              [
                -2.0103330184498733,
                43.29704291858237
              ]
            ],
            [
              [
                -2.0150333404541017,
                43.30662991600063
              ],
              [
                -2.015136154357127,
                43.30698655097815
              ],
              [
                -2.0150333404541017,
                43.30755144622312
              ],
              [
                -2.013027477264404,
                43.30766317394639
              ],
              [
                -2.0127879309396586,
                43.30743853426887
              ],
              [
                -2.012766956074297,
                43.306760559332794
              ],
              [
                -2.013027477264404,
                43.30648470075611
              ],
              [
                -2.014364719390869,
                43.30648470075611
              ],
              [
                -2.0150333404541017,
                43.30662991600063
              ]
            ],
            [
              [
                -2.0116902351379395,
                43.31733419294915
              ],
              [
                -2.0122872322741436,
                43.31783414995537
              ],
              [
                -2.0122872322741436,
                43.31828613324608
              ],
              [
                -2.011693311994271,
                43.3187381165368
              ],
              [
                -2.0103529930114745,
                43.31873947569898
              ],
              [
                -2.009939630531653,
                43.31828613324608
              ],
              [
                -2.009939630531653,
                43.31783414995537
              ],
              [
                -2.0103529930114745,
                43.31733419294915
              ],
              [
                -2.0116902351379395,
                43.31733419294915
              ]
            ],
            [
              [
                -2.011021614074707,
                43.31990946066216
              ],
              [
                -2.0114198134035677,
                43.320320058054314
              ],
              [
                -2.0115389088756315,
                43.32077204134503
              ],
              [
                -2.0114591028758064,
                43.321450016281105
              ],
              [
                -2.0109684631867357,
                43.32190199957182
              ],
              [
                -2.0114588169269556,
                43.32235398286254
              ],
              [
                -2.0114384518628667,
                43.32303195779861
              ],
              [
                -2.011021614074707,
                43.32340993989406
              ],
              [
                -2.009684371948242,
                43.32340993989406
              ],
              [
                -2.008884962365501,
                43.322579974507896
              ],
              [
                -2.007923384883991,
                43.32212799121718
              ],
              [
                -2.007396465938295,
                43.32167600792646
              ],
              [
                -2.0074703954121094,
                43.32122402463575
              ],
              [
                -2.007678508758545,
                43.32096501430995
              ],
              [
                -2.009684371948242,
                43.31990946066216
              ],
              [
                -2.011021614074707,
                43.31990946066216
              ]
            ],
            [
              [
                -2.00634126663208,
                43.318280848618514
              ],
              [
                -2.0067835848611915,
                43.3187381165368
              ],
              [
                -2.0067694227994655,
                43.319416091472874
              ],
              [
                -2.006181631057358,
                43.32009406640895
              ],
              [
                -2.006108089863154,
                43.32077204134503
              ],
              [
                -2.006766286821567,
                43.321450016281105
              ],
              [
                -2.006772276352472,
                43.32212799121718
              ],
              [
                -2.00634126663208,
                43.32262616716858
              ],
              [
                -2.0048530161156037,
                43.322579974507896
              ],
              [
                -2.004335403442383,
                43.322341491109185
              ],
              [
                -2.004211252452874,
                43.32212799121718
              ],
              [
                -2.004236655613595,
                43.321450016281105
              ],
              [
                -2.0045029215143417,
                43.32122402463575
              ],
              [
                -2.003921202039918,
                43.32077204134503
              ],
              [
                -2.0038506283300097,
                43.32009406640895
              ],
              [
                -2.0043100418017943,
                43.31964208311823
              ],
              [
                -2.0044519913662318,
                43.3187381165368
              ],
              [
                -2.0046447964395315,
                43.31851212489144
              ],
              [
                -2.0050040245056153,
                43.318280848618514
              ],
              [
                -2.00634126663208,
                43.318280848618514
              ]
            ],
            [
              [
                -2.001660919189453,
                43.31999374663635
              ],
              [
                -2.001947646082188,
                43.320320058054314
              ],
              [
                -2.0019116634362897,
                43.32099803299039
              ],
              [
                -2.001660919189453,
                43.3212656400392
              ],
              [
                -2.000323677062988,
                43.3212656400392
              ],
              [
                -1.9996806319897338,
                43.32099803299039
              ],
              [
                -1.9996315177654838,
                43.320320058054314
              ],
              [
                -2.0000193086159688,
                43.32009406640895
              ],
              [
                -2.001660919189453,
                43.31999374663635
              ]
            ],
            [
              [
                -1.996980571746826,
                43.30597018969904
              ],
              [
                -1.9971111072905388,
                43.30630857604208
              ],
              [
                -1.9971111072905388,
                43.306760559332794
              ],
              [
                -1.996980571746826,
                43.30694863292527
              ],
              [
                -1.9963119506835938,
                43.30709795425677
              ],
              [
                -1.994974708557129,
                43.30709795425677
              ],
              [
                -1.9949645788146546,
                43.307890517559585
              ],
              [
                -1.9943060874938965,
                43.308429605560974
              ],
              [
                -1.9929688453674317,
                43.308429605560974
              ],
              [
                -1.9924611902993445,
                43.30811650920494
              ],
              [
                -1.9920134983208493,
                43.30743853426887
              ],
              [
                -1.992035279817463,
                43.306534567687436
              ],
              [
                -1.993301012685339,
                43.30630857604208
              ],
              [
                -1.993114458349038,
                43.305856592751354
              ],
              [
                -1.9931089225397138,
                43.30517861781528
              ],
              [
                -1.993637466430664,
                43.304809019127525
              ],
              [
                -1.994974708557129,
                43.304809019127525
              ],
              [
                -1.9956433296203613,
                43.30557967153085
              ],
              [
                -1.9963119506835938,
                43.30559793971043
              ],
              [
                -1.996980571746826,
                43.30597018969904
              ]
            ],
            [
              [
                -1.994974708557129,
                43.30148835041896
              ],
              [
                -1.995613814195761,
                43.30201473478026
              ],
              [
                -1.9955064999997425,
                43.30269270971634
              ],
              [
                -1.994974708557129,
                43.30297433833391
              ],
              [
                -1.993637466430664,
                43.30297433833391
              ],
              [
                -1.9929688453674317,
                43.30259326272451
              ],
              [
                -1.9923002243041992,
                43.30249728157077
              ],
              [
                -1.9917446835781072,
                43.30201473478026
              ],
              [
                -1.9917816831777597,
                43.30133675984418
              ],
              [
                -1.9923002243041992,
                43.30100013697659
              ],
              [
                -1.993637466430664,
                43.30100013697659
              ],
              [
                -1.9943060874938965,
                43.30141093257868
              ],
              [
                -1.994974708557129,
                43.30148835041896
              ]
            ],
            [
              [
                -1.9943060874938965,
                43.32361017081695
              ],
              [
                -1.9947762592847003,
                43.32416191602541
              ],
              [
                -1.9947762592847003,
                43.32461389931613
              ],
              [
                -1.994108209266802,
                43.32551786589756
              ],
              [
                -1.993637466430664,
                43.32575247750584
              ],
              [
                -1.9923862417219318,
                43.325969849188276
              ],
              [
                -1.9914792054202064,
                43.32664782412435
              ],
              [
                -1.9902943611145019,
                43.32696358239023
              ],
              [
                -1.988957118988037,
                43.32696358239023
              ],
              [
                -1.9882884979248048,
                43.32675615791696
              ],
              [
                -1.9869512557983398,
                43.32587188379149
              ],
              [
                -1.9862826347351075,
                43.32649548225467
              ],
              [
                -1.9842767715454102,
                43.326627654332796
              ],
              [
                -1.982797336522933,
                43.326195840833634
              ],
              [
                -1.9822709083557128,
                43.325663298597085
              ],
              [
                -1.9816022872924806,
                43.326610755247984
              ],
              [
                -1.9802650451660155,
                43.326610755247984
              ],
              [
                -1.9796374453669987,
                43.326195840833634
              ],
              [
                -1.979577691265453,
                43.325969849188276
              ],
              [
                -1.9782591819763184,
                43.32570070931684
              ],
              [
                -1.977590560913086,
                43.32535520431795
              ],
              [
                -1.9769219398498534,
                43.325467398867254
              ],
              [
                -1.9756434413549826,
                43.325969849188276
              ],
              [
                -1.9753218993996342,
                43.32642183247899
              ],
              [
                -1.9749160766601563,
                43.326636068708055
              ],
              [
                -1.9735788345336913,
                43.326636068708055
              ],
              [
                -1.9728645543553402,
                43.32687381576971
              ],
              [
                -1.9725918868123438,
                43.32709980741507
              ],
              [
                -1.9725415864366773,
                43.32777778235115
              ],
              [
                -1.9719845984355162,
                43.328229765641865
              ],
              [
                -1.9716811209719292,
                43.32890774057794
              ],
              [
                -1.9710227759520362,
                43.3291337322233
              ],
              [
                -1.9710514965062242,
                43.33003769880473
              ],
              [
                -1.9709043502807617,
                43.33028398709749
              ],
              [
                -1.9688984870910644,
                43.33036830404717
              ],
              [
                -1.9686273510074046,
                43.32981170715937
              ],
              [
                -1.9682298660278321,
                43.329495827080734
              ],
              [
                -1.966892623901367,
                43.32949364586415
              ],
              [
                -1.9662240028381348,
                43.32877078742269
              ],
              [
                -1.9655553817749023,
                43.32877078742269
              ],
              [
                -1.9643667725592227,
                43.32845575728722
              ],
              [
                -1.9642911337212603,
                43.328229765641865
              ],
              [
                -1.96488676071167,
                43.32729034825007
              ],
              [
                -1.9662240028381348,
                43.32729034825007
              ],
              [
                -1.9671209033486499,
                43.32777778235115
              ],
              [
                -1.968298803760112,
                43.32800377399651
              ],
              [
                -1.9687448358728699,
                43.32845575728722
              ],
              [
                -1.9687550165359515,
                43.3291337322233
              ],
              [
                -1.9688984870910644,
                43.329247615025764
              ],
              [
                -1.9694443173600573,
                43.3291337322233
              ],
              [
                -1.9695638557943975,
                43.32890774057794
              ],
              [
                -1.9691880109635258,
                43.32868174893258
              ],
              [
                -1.9691170980765256,
                43.32732579906043
              ],
              [
                -1.9700134869896992,
                43.32642183247899
              ],
              [
                -1.9699263388825388,
                43.326195840833634
              ],
              [
                -1.9693880530339483,
                43.325969849188276
              ],
              [
                -1.9688984870910644,
                43.325415960279855
              ],
              [
                -1.9675612449645996,
                43.325415960279855
              ],
              [
                -1.9669462725735016,
                43.32506588260684
              ],
              [
                -1.9669631761652444,
                43.32438790767077
              ],
              [
                -1.9676531636785277,
                43.323709932734694
              ],
              [
                -1.966892623901367,
                43.32333971779161
              ],
              [
                -1.9662240028381348,
                43.32328622220204
              ],
              [
                -1.9657689831937268,
                43.32303195779861
              ],
              [
                -1.965508778623161,
                43.322579974507896
              ],
              [
                -1.9642181396484375,
                43.32230090198254
              ],
              [
                -1.9641492374478557,
                43.32212799121718
              ],
              [
                -1.9635505583218913,
                43.32190199957182
              ],
              [
                -1.963549518585205,
                43.32113204120962
              ],
              [
                -1.9642181396484375,
                43.320893639104376
              ],
              [
                -1.9655553817749023,
                43.320893639104376
              ],
              [
                -1.9662240028381348,
                43.32146738652278
              ],
              [
                -1.9675612449645996,
                43.32146738652278
              ],
              [
                -1.969567108154297,
                43.32189268255495
              ],
              [
                -1.9709043502807617,
                43.322003192127774
              ],
              [
                -1.9722415924072265,
                43.321656481578685
              ],
              [
                -1.9740093809604293,
                43.32077204134503
              ],
              [
                -1.974177657349697,
                43.32054604969967
              ],
              [
                -1.9737960162067056,
                43.320320058054314
              ],
              [
                -1.9730775787863253,
                43.319416091472874
              ],
              [
                -1.9732551922623787,
                43.31828613324608
              ],
              [
                -1.972910213470459,
                43.31805238565259
              ],
              [
                -1.9715729713439942,
                43.31815854919211
              ],
              [
                -1.9700972226070963,
                43.31851212489144
              ],
              [
                -1.969770343617105,
                43.3187381165368
              ],
              [
                -1.969962007297083,
                43.31896410818216
              ],
              [
                -1.9699816221448507,
                43.31964208311823
              ],
              [
                -1.969567108154297,
                43.3200414250423
              ],
              [
                -1.9682298660278321,
                43.3200414250423
              ],
              [
                -1.9675612449645996,
                43.31952923297908
              ],
              [
                -1.9655553817749023,
                43.31944744359706
              ],
              [
                -1.9653935810218928,
                43.319190099827516
              ],
              [
                -1.9654077265832124,
                43.3187381165368
              ],
              [
                -1.965738028695701,
                43.31828613324608
              ],
              [
                -1.9659703626569112,
                43.31760815831001
              ],
              [
                -1.965862024040975,
                43.31738216666465
              ],
              [
                -1.9662240028381348,
                43.31701463141932
              ],
              [
                -1.9675612449645996,
                43.31701463141932
              ],
              [
                -1.967632118984142,
                43.31647820008321
              ],
              [
                -1.9682298660278321,
                43.31595951402283
              ],
              [
                -1.9688984870910644,
                43.31581375262908
              ],
              [
                -1.9702357292175292,
                43.31581375262908
              ],
              [
                -1.9709043502807617,
                43.31538512817462
              ],
              [
                -1.9735788345336913,
                43.31550919194499
              ],
              [
                -1.9741513199378913,
                43.31534824185642
              ],
              [
                -1.9735425432945204,
                43.314670266920345
              ],
              [
                -1.9732730976468265,
                43.31376630033891
              ],
              [
                -1.973034696795667,
                43.313540308693554
              ],
              [
                -1.9715729713439942,
                43.3134852193417
              ],
              [
                -1.9711283567496956,
                43.313314317048196
              ],
              [
                -1.9701834157182108,
                43.312410350466756
              ],
              [
                -1.970247851014205,
                43.31082840894925
              ],
              [
                -1.9700715684142251,
                43.31060241730389
              ],
              [
                -1.9700216177422614,
                43.309924442367816
              ],
              [
                -1.9701902940504044,
                43.30969845072246
              ],
              [
                -1.9699863875083168,
                43.309246467431734
              ],
              [
                -1.970021607155561,
                43.30856849249566
              ],
              [
                -1.969671277246085,
                43.307890517559585
              ],
              [
                -1.9698531593163404,
                43.30698655097815
              ],
              [
                -1.9690619101016826,
                43.30630857604208
              ],
              [
                -1.9690803495667055,
                43.305630601105996
              ],
              [
                -1.9699445463619567,
                43.30495262616992
              ],
              [
                -1.9700067483022121,
                43.304500642879205
              ],
              [
                -1.9704368964205092,
                43.30404865958849
              ],
              [
                -1.9715729713439942,
                43.303542337645546
              ],
              [
                -1.9722415924072265,
                43.30350696338971
              ],
              [
                -1.9737983121600047,
                43.3029187013617
              ],
              [
                -1.97396350414392,
                43.30269270971634
              ],
              [
                -1.9736936013788364,
                43.30201473478026
              ],
              [
                -1.973716678935858,
                43.301110768198825
              ],
              [
                -1.9742474555969238,
                43.30060403269351
              ],
              [
                -1.9762533187866211,
                43.30049615329325
              ],
              [
                -1.976534377536714,
                43.30088477655347
              ],
              [
                -1.9764481083893009,
                43.30156275148954
              ],
              [
                -1.976164400507159,
                43.3017887431349
              ],
              [
                -1.9762533187866211,
                43.30204349044875
              ],
              [
                -1.9769219398498534,
                43.301860084794036
              ],
              [
                -1.9782591819763184,
                43.301860084794036
              ],
              [
                -1.9802650451660155,
                43.301899105689024
              ],
              [
                -1.980933666229248,
                43.30209004685001
              ],
              [
                -1.9811792730293827,
                43.30246671807098
              ],
              [
                -1.9822160783269789,
                43.303144693007056
              ],
              [
                -1.9823477245379455,
                43.30404865958849
              ],
              [
                -1.9830034051562224,
                43.304500642879205
              ],
              [
                -1.983018540931111,
                43.30472663452456
              ],
              [
                -1.9829827308821282,
                43.30517861781528
              ],
              [
                -1.9827884713156576,
                43.30540460946064
              ],
              [
                -1.9819694188753652,
                43.305856592751354
              ],
              [
                -1.9815621559642569,
                43.30630857604208
              ],
              [
                -1.980951092215161,
                43.306534567687436
              ],
              [
                -1.9816022872924806,
                43.30671034269139
              ],
              [
                -1.9819541419344646,
                43.30698655097815
              ],
              [
                -1.9822709083557128,
                43.30801198478102
              ],
              [
                -1.9824810228992638,
                43.30766452591423
              ],
              [
                -1.9829395294189454,
                43.30755538324353
              ],
              [
                -1.9842767715454102,
                43.30755611518346
              ],
              [
                -1.985046120290256,
                43.30811650920494
              ],
              [
                -1.9849898837512876,
                43.30879448414102
              ],
              [
                -1.9847252567326978,
                43.309020475786376
              ],
              [
                -1.9842767715454102,
                43.309225836644494
              ],
              [
                -1.9829395294189454,
                43.309225836644494
              ],
              [
                -1.9825620102423953,
                43.3094724590771
              ],
              [
                -1.9823251936239605,
                43.310150434013174
              ],
              [
                -1.9822980202010294,
                43.31105440059461
              ],
              [
                -1.9815226211926633,
                43.31173237553068
              ],
              [
                -1.981705584186203,
                43.31195836717604
              ],
              [
                -1.9829395294189454,
                43.31235945176234
              ],
              [
                -1.9848672319046519,
                43.313314317048196
              ],
              [
                -1.9851541765358618,
                43.31376630033891
              ],
              [
                -1.9852010200571986,
                43.31421828362963
              ],
              [
                -1.985614013671875,
                43.31448436715936
              ],
              [
                -1.9869512557983398,
                43.314229761394884
              ],
              [
                -1.9896257400512696,
                43.314355340134654
              ],
              [
                -1.9902943611145019,
                43.31378654455146
              ],
              [
                -1.9916316032409669,
                43.31378654455146
              ],
              [
                -1.9922369044825547,
                43.31421828362963
              ],
              [
                -1.992100817764015,
                43.3148962585657
              ],
              [
                -1.9916316032409669,
                43.315248412428154
              ],
              [
                -1.9904178344563623,
                43.31557423350178
              ],
              [
                -1.9896257400512696,
                43.31634421707533
              ],
              [
                -1.988957118988037,
                43.31659286309311
              ],
              [
                -1.9876198768615723,
                43.31670507225612
              ],
              [
                -1.986364529482437,
                43.31738216666465
              ],
              [
                -1.985993937352983,
                43.318060141600725
              ],
              [
                -1.9858576002561703,
                43.319416091472874
              ],
              [
                -1.9855767404644353,
                43.31986807476359
              ],
              [
                -1.9862826347351075,
                43.320066207910166
              ],
              [
                -1.987409071236902,
                43.32077204134503
              ],
              [
                -1.9882884979248048,
                43.321619958292736
              ],
              [
                -1.9883674449371882,
                43.32212799121718
              ],
              [
                -1.988957118988037,
                43.322334534777895
              ],
              [
                -1.9902943611145019,
                43.32211348395102
              ],
              [
                -1.9923002243041992,
                43.32211144230226
              ],
              [
                -1.9929688453674317,
                43.32225226896703
              ],
              [
                -1.993637466430664,
                43.323354820678425
              ],
              [
                -1.9943060874938965,
                43.32361017081695
              ]
            ],
            [
              [
                -1.9929688453674317,
                43.29797156630097
              ],
              [
                -1.993369695816733,
                43.29839886845452
              ],
              [
                -1.9932908303227337,
                43.2990768433906
              ],
              [
                -1.9929688453674317,
                43.29937262049565
              ],
              [
                -1.9916316032409669,
                43.29937262049565
              ],
              [
                -1.9911587966947828,
                43.2990768433906
              ],
              [
                -1.9910482046505822,
                43.29839886845452
              ],
              [
                -1.9912745549559885,
                43.29817287680916
              ],
              [
                -1.9916316032409669,
                43.29797156630097
              ],
              [
                -1.9929688453674317,
                43.29797156630097
              ]
            ],
            [
              [
                -1.9923002243041992,
                43.304218504819055
              ],
              [
                -1.9925607258361477,
                43.304500642879205
              ],
              [
                -1.9927950953884908,
                43.30540460946064
              ],
              [
                -1.9927272262857008,
                43.305630601105996
              ],
              [
                -1.9919015150400328,
                43.30630857604208
              ],
              [
                -1.9896257400512696,
                43.306448212967126
              ],
              [
                -1.988957118988037,
                43.305963770816604
              ],
              [
                -1.9886104377095861,
                43.30540460946064
              ],
              [
                -1.9887414468497113,
                43.304500642879205
              ],
              [
                -1.9896257400512696,
                43.3038011847071
              ],
              [
                -1.9916316032409669,
                43.30383434474801
              ],
              [
                -1.9923002243041992,
                43.304218504819055
              ]
            ],
            [
              [
                -1.9916316032409669,
                43.30956978225283
              ],
              [
                -1.9919310727842456,
                43.309924442367816
              ],
              [
                -1.9918590464130888,
                43.31060241730389
              ],
              [
                -1.9916316032409669,
                43.31083952535514
              ],
              [
                -1.9902943611145019,
                43.31083952535514
              ],
              [
                -1.9896257400512696,
                43.31051433729211
              ],
              [
                -1.9895575570573572,
                43.309924442367816
              ],
              [
                -1.9899145569791445,
                43.30969845072246
              ],
              [
                -1.9902943611145019,
                43.30956978225283
              ],
              [
                -1.9916316032409669,
                43.30956978225283
              ]
            ],
            [
              [
                -1.9896257400512696,
                43.30176376187151
              ],
              [
                -1.9897975635276304,
                43.30201473478026
              ],
              [
                -1.9897975635276304,
                43.30246671807098
              ],
              [
                -1.9896257400512696,
                43.30280152183412
              ],
              [
                -1.9876198768615723,
                43.30280359547498
              ],
              [
                -1.9875240143227835,
                43.30269270971634
              ],
              [
                -1.987446065311142,
                43.30201473478026
              ],
              [
                -1.9876198768615723,
                43.30174504297395
              ],
              [
                -1.9896257400512696,
                43.30176376187151
              ]
            ],
            [
              [
                -1.988957118988037,
                43.30012581731629
              ],
              [
                -1.9895194222319685,
                43.30043279326275
              ],
              [
                -1.9895701668503947,
                43.301110768198825
              ],
              [
                -1.9892521670669319,
                43.30133675984418
              ],
              [
                -1.988957118988037,
                43.30146561311121
              ],
              [
                -1.9876198768615723,
                43.30146561311121
              ],
              [
                -1.9872870100752018,
                43.301110768198825
              ],
              [
                -1.9873159871241428,
                43.30043279326275
              ],
              [
                -1.9876198768615723,
                43.30012581731629
              ],
              [
                -1.988957118988037,
                43.30012581731629
              ]
            ],
            [
              [
                -1.9862826347351075,
                43.30364715912631
              ],
              [
                -1.9865597296911595,
                43.30404865958849
              ],
              [
                -1.9865597296911595,
                43.304500642879205
              ],
              [
                -1.9862826347351075,
                43.30493439082247
              ],
              [
                -1.9842767715454102,
                43.305047080018284
              ],
              [
                -1.983848647814974,
                43.304500642879205
              ],
              [
                -1.983848647814974,
                43.30404865958849
              ],
              [
                -1.9842767715454102,
                43.303531297717925
              ],
              [
                -1.9862826347351075,
                43.30364715912631
              ]
            ],
            [
              [
                -1.985614013671875,
                43.3010181261836
              ],
              [
                -1.9859061564460794,
                43.30133675984418
              ],
              [
                -1.9858500056456774,
                43.30201473478026
              ],
              [
                -1.985614013671875,
                43.302249876997784
              ],
              [
                -1.9842767715454102,
                43.302249876997784
              ],
              [
                -1.9839084651326415,
                43.30201473478026
              ],
              [
                -1.9838238817394758,
                43.30133675984418
              ],
              [
                -1.9840984563782542,
                43.301110768198825
              ],
              [
                -1.985614013671875,
                43.3010181261836
              ]
            ],
            [
              [
                -1.972910213470459,
                43.30146591135765
              ],
              [
                -1.973284426578972,
                43.30156275148954
              ],
              [
                -1.9734529416279263,
                43.30201473478026
              ],
              [
                -1.9732953080250952,
                43.30246671807098
              ],
              [
                -1.972910213470459,
                43.30286338286359
              ],
              [
                -1.9715729713439942,
                43.30286338286359
              ],
              [
                -1.9710078276405976,
                43.30246671807098
              ],
              [
                -1.9710703209387626,
                43.3017887431349
              ],
              [
                -1.9713756407392242,
                43.30156275148954
              ],
              [
                -1.972910213470459,
                43.30146591135765
              ]
            ],
            [
              [
                -1.9688984870910644,
                43.308859175384256
              ],
              [
                -1.9691115916893467,
                43.309246467431734
              ],
              [
                -1.9691316492520494,
                43.310150434013174
              ],
              [
                -1.9688984870910644,
                43.31046383117342
              ],
              [
                -1.9681568851129516,
                43.31082840894925
              ],
              [
                -1.967353491507453,
                43.31150638388532
              ],
              [
                -1.9673464986269154,
                43.31173237553068
              ],
              [
                -1.9676733026459696,
                43.3121843588214
              ],
              [
                -1.9675612449645996,
                43.31280872957571
              ],
              [
                -1.9673118704098664,
                43.31308832540284
              ],
              [
                -1.966892623901367,
                43.31320535952372
              ],
              [
                -1.9655553817749023,
                43.31320535952372
              ],
              [
                -1.9653792031935715,
                43.31308832540284
              ],
              [
                -1.965272781636699,
                43.312410350466756
              ],
              [
                -1.9644408235495898,
                43.31173237553068
              ],
              [
                -1.964343163196696,
                43.311280392239965
              ],
              [
                -1.9639919709351306,
                43.31082840894925
              ],
              [
                -1.9639714552745682,
                43.310150434013174
              ],
              [
                -1.9644429065590567,
                43.309246467431734
              ],
              [
                -1.9657776734930932,
                43.30856849249566
              ],
              [
                -1.9662240028381348,
                43.307996026563664
              ],
              [
                -1.9675612449645996,
                43.307996026563664
              ],
              [
                -1.9682298660278321,
                43.308314057215675
              ],
              [
                -1.9688984870910644,
                43.308859175384256
              ]
            ],
            [
              [
                -1.96488676071167,
                43.302161004341535
              ],
              [
                -1.9651735673062272,
                43.30246671807098
              ],
              [
                -1.9651804554991532,
                43.30269270971634
              ],
              [
                -1.9651804554991532,
                43.303144693007056
              ],
              [
                -1.96488676071167,
                43.30346170403667
              ],
              [
                -1.963549518585205,
                43.30346170403667
              ],
              [
                -1.962904156348216,
                43.303144693007056
              ],
              [
                -1.962918468178226,
                43.30246671807098
              ],
              [
                -1.963327584014228,
                43.302240726425616
              ],
              [
                -1.96488676071167,
                43.302161004341535
              ]
            ],
            [
              [
                -1.96488676071167,
                43.3239415364825
              ],
              [
                -1.9654238037805605,
                43.32438790767077
              ],
              [
                -1.9653408234862182,
                43.32506588260684
              ],
              [
                -1.9650697254749325,
                43.3252918742522
              ],
              [
                -1.96488676071167,
                43.325394637029994
              ],
              [
                -1.963549518585205,
                43.325394637029994
              ],
              [
                -1.9631764270827985,
                43.32506588260684
              ],
              [
                -1.963106234008883,
                43.32438790767077
              ],
              [
                -1.963549518585205,
                43.3239415364825
              ],
              [
                -1.96488676071167,
                43.3239415364825
              ]
            ],
            [
              [
                -1.9642181396484375,
                43.30422880256496
              ],
              [
                -1.9644955764103131,
                43.304500642879205
              ],
              [
                -1.9645655530297035,
                43.30517861781528
              ],
              [
                -1.9642181396484375,
                43.30556608762099
              ],
              [
                -1.963549518585205,
                43.305837877579926
              ],
              [
                -1.9608750343322754,
                43.305742362378446
              ],
              [
                -1.9602064132690429,
                43.30546755546119
              ],
              [
                -1.9595377922058106,
                43.30572230963476
              ],
              [
                -1.9582005500793458,
                43.30572230963476
              ],
              [
                -1.9575694921936657,
                43.30540460946064
              ],
              [
                -1.9575661370123483,
                43.30495262616992
              ],
              [
                -1.9579479065581316,
                43.304500642879205
              ],
              [
                -1.9576748054194555,
                43.30404865958849
              ],
              [
                -1.9577142440853559,
                43.303144693007056
              ],
              [
                -1.9561946868896485,
                43.30308508621403
              ],
              [
                -1.9556261390406,
                43.30269270971634
              ],
              [
                -1.955526065826416,
                43.30211509180289
              ],
              [
                -1.9541888236999512,
                43.30211509180289
              ],
              [
                -1.9535202026367187,
                43.3019690892397
              ],
              [
                -1.9528515815734864,
                43.30242863228233
              ],
              [
                -1.95262368373085,
                43.3029187013617
              ],
              [
                -1.9521829605102539,
                43.30324768644963
              ],
              [
                -1.9517020126160882,
                43.303370684652414
              ],
              [
                -1.951972774660187,
                43.30382266794313
              ],
              [
                -1.9519615578834109,
                43.304500642879205
              ],
              [
                -1.9515143394470216,
                43.30489949894854
              ],
              [
                -1.9501770973205566,
                43.30489949894854
              ],
              [
                -1.949918343484212,
                43.30472663452456
              ],
              [
                -1.9497076016087624,
                43.304500642879205
              ],
              [
                -1.9496959231746285,
                43.30382266794313
              ],
              [
                -1.9495084762573243,
                43.303538804895105
              ],
              [
                -1.9468339920043944,
                43.3034391131373
              ],
              [
                -1.9463662898303473,
                43.3029187013617
              ],
              [
                -1.9463662898303473,
                43.30246671807098
              ],
              [
                -1.9468339920043944,
                43.30197913855133
              ],
              [
                -1.947502613067627,
                43.3018110078286
              ],
              [
                -1.9495084762573243,
                43.30177755935923
              ],
              [
                -1.9501770973205566,
                43.30192301260086
              ],
              [
                -1.9504389733877847,
                43.3017887431349
              ],
              [
                -1.950845718383789,
                43.301251050094145
              ],
              [
                -1.9515143394470216,
                43.30088886820364
              ],
              [
                -1.955526065826416,
                43.30093162775607
              ],
              [
                -1.9557573476471521,
                43.30133675984418
              ],
              [
                -1.9561946868896485,
                43.301613919941374
              ],
              [
                -1.9576614614162005,
                43.3017887431349
              ],
              [
                -1.9578695229637522,
                43.30201473478026
              ],
              [
                -1.9579570380835374,
                43.3029187013617
              ],
              [
                -1.9602064132690429,
                43.302880193864446
              ],
              [
                -1.9608750343322754,
                43.30310706256255
              ],
              [
                -1.9613278201524122,
                43.30382266794313
              ],
              [
                -1.9622122764587402,
                43.30428777260175
              ],
              [
                -1.9642181396484375,
                43.30422880256496
              ]
            ],
            [
              [
                -1.9642181396484375,
                43.31862613504181
              ],
              [
                -1.9644162093331206,
                43.31896410818216
              ],
              [
                -1.9644162093331206,
                43.319416091472874
              ],
              [
                -1.9642181396484375,
                43.31967957613773
              ],
              [
                -1.9628808975219727,
                43.31967957613773
              ],
              [
                -1.962248300628402,
                43.319416091472874
              ],
              [
                -1.962248300628402,
                43.31896410818216
              ],
              [
                -1.962534131870902,
                43.3187381165368
              ],
              [
                -1.9642181396484375,
                43.31862613504181
              ]
            ],
            [
              [
                -1.963549518585205,
                43.32780033337109
              ],
              [
                -1.964158930099583,
                43.328229765641865
              ],
              [
                -1.9640217812519518,
                43.32890774057794
              ],
              [
                -1.963549518585205,
                43.32918468448643
              ],
              [
                -1.9622122764587402,
                43.32918468448643
              ],
              [
                -1.961912422313057,
                43.32890774057794
              ],
              [
                -1.961820788682075,
                43.328229765641865
              ],
              [
                -1.9622122764587402,
                43.32780033337109
              ],
              [
                -1.963549518585205,
                43.32780033337109
              ]
            ],
            [
              [
                -1.9622122764587402,
                43.32144772172631
              ],
              [
                -1.9622122764587402,
                43.322242911242554
              ],
              [
                -1.9617857293953822,
                43.322579974507896
              ],
              [
                -1.9611388787953004,
                43.322805966153254
              ],
              [
                -1.9614044955873975,
                43.32325794944397
              ],
              [
                -1.9614044955873975,
                43.323709932734694
              ],
              [
                -1.961251042280017,
                43.32393592438005
              ],
              [
                -1.9608750343322754,
                43.3242161401079
              ],
              [
                -1.9595377922058106,
                43.3242161401079
              ],
              [
                -1.9591822455482144,
                43.32393592438005
              ],
              [
                -1.9588336965755881,
                43.32325794944397
              ],
              [
                -1.9588336965755881,
                43.322805966153254
              ],
              [
                -1.9590340692198196,
                43.322579974507896
              ],
              [
                -1.9586783509700327,
                43.32212799121718
              ],
              [
                -1.9586783509700327,
                43.32167600792646
              ],
              [
                -1.958869171142578,
                43.32141162043054
              ],
              [
                -1.9595377922058106,
                43.32107328443565
              ],
              [
                -1.961543655395508,
                43.32100670504862
              ],
              [
                -1.9622122764587402,
                43.32144772172631
              ]
            ],
            [
              [
                -1.9608750343322754,
                43.30856319981043
              ],
              [
                -1.9610303486768972,
                43.30879448414102
              ],
              [
                -1.9608750343322754,
                43.309576379663945
              ],
              [
                -1.958869171142578,
                43.309605281927254
              ],
              [
                -1.9587548263932193,
                43.3094724590771
              ],
              [
                -1.9586864783100504,
                43.30879448414102
              ],
              [
                -1.958869171142578,
                43.308537649546956
              ],
              [
                -1.9608750343322754,
                43.30856319981043
              ]
            ],
            [
              [
                -1.9608750343322754,
                43.31940602126348
              ],
              [
                -1.9610710264214648,
                43.31964208311823
              ],
              [
                -1.9609696359328095,
                43.32054604969967
              ],
              [
                -1.9613514012816715,
                43.32077204134503
              ],
              [
                -1.9608750343322754,
                43.32093305175378
              ],
              [
                -1.9595377922058106,
                43.320822042292185
              ],
              [
                -1.958869171142578,
                43.32054618441805
              ],
              [
                -1.9582005500793458,
                43.320896487924564
              ],
              [
                -1.9568633079528808,
                43.320896487924564
              ],
              [
                -1.9561946868896485,
                43.320576208437956
              ],
              [
                -1.9541888236999512,
                43.32137503847731
              ],
              [
                -1.9528515815734864,
                43.32137503847731
              ],
              [
                -1.9515143394470216,
                43.32093252737703
              ],
              [
                -1.950270459020508,
                43.32077204134503
              ],
              [
                -1.9502403328318214,
                43.32054604969967
              ],
              [
                -1.9497863016808692,
                43.320320058054314
              ],
              [
                -1.9493322170445915,
                43.31986807476359
              ],
              [
                -1.949269224976197,
                43.319190099827516
              ],
              [
                -1.9495084762573243,
                43.31874911157715
              ],
              [
                -1.950360649709692,
                43.31828613324608
              ],
              [
                -1.9504419863813636,
                43.31738216666465
              ],
              [
                -1.950902842130681,
                43.316930183373934
              ],
              [
                -1.9501770973205566,
                43.31678492112191
              ],
              [
                -1.949659307627902,
                43.31647820008321
              ],
              [
                -1.949461319132103,
                43.31625220843785
              ],
              [
                -1.9494637040645584,
                43.31557423350178
              ],
              [
                -1.9501770973205566,
                43.31506676019276
              ],
              [
                -1.9515143394470216,
                43.31506676019276
              ],
              [
                -1.9520687433707944,
                43.31557423350178
              ],
              [
                -1.9521374568509964,
                43.31625220843785
              ],
              [
                -1.9520166456450356,
                43.31647820008321
              ],
              [
                -1.9521829605102539,
                43.316586807119414
              ],
              [
                -1.9528515815734864,
                43.316292119734605
              ],
              [
                -1.9541888236999512,
                43.316292119734605
              ],
              [
                -1.954547347252091,
                43.31647820008321
              ],
              [
                -1.9545595508770675,
                43.316930183373934
              ],
              [
                -1.9548574447631837,
                43.317265546460696
              ],
              [
                -1.9561946868896485,
                43.31728907379137
              ],
              [
                -1.9568633079528808,
                43.3178011304206
              ],
              [
                -1.9582374480808447,
                43.31783414995537
              ],
              [
                -1.95869129129317,
                43.31828613324608
              ],
              [
                -1.95869129129317,
                43.3187381165368
              ],
              [
                -1.9584322099869693,
                43.319190099827516
              ],
              [
                -1.958869171142578,
                43.319547834068004
              ],
              [
                -1.9595377922058106,
                43.31940602126348
              ],
              [
                -1.9608750343322754,
                43.31940602126348
              ]
            ],
            [
              [
                -1.9595377922058106,
                43.31430835215328
              ],
              [
                -1.9599628434222143,
                43.314670266920345
              ],
              [
                -1.9599887633908595,
                43.3148962585657
              ],
              [
                -1.9599887633908595,
                43.31534824185642
              ],
              [
                -1.9595377922058106,
                43.31575050767665
              ],
              [
                -1.9582005500793458,
                43.31575050767665
              ],
              [
                -1.957766421205414,
                43.31534824185642
              ],
              [
                -1.9577915151678849,
                43.314670266920345
              ],
              [
                -1.957926160938123,
                43.31444427527499
              ],
              [
                -1.9582005500793458,
                43.31430835215328
              ],
              [
                -1.9595377922058106,
                43.31430835215328
              ]
            ],
            [
              [
                -1.9595377922058106,
                43.329944602506046
              ],
              [
                -1.9595377922058106,
                43.33068419689758
              ],
              [
                -1.958869171142578,
                43.33094143097815
              ],
              [
                -1.9575319290161133,
                43.33094143097815
              ],
              [
                -1.9572490745037678,
                43.33048968209545
              ],
              [
                -1.9572490745037678,
                43.33003769880473
              ],
              [
                -1.9575319290161133,
                43.329695947501065
              ],
              [
                -1.958869171142578,
                43.329695947501065
              ],
              [
                -1.9595377922058106,
                43.329944602506046
              ]
            ],
            [
              [
                -1.958869171142578,
                43.312042708432024
              ],
              [
                -1.9593501074147428,
                43.312410350466756
              ],
              [
                -1.9594307461179041,
                43.31308832540284
              ],
              [
                -1.9590052419213098,
                43.313540308693554
              ],
              [
                -1.9582005500793458,
                43.31379142879543
              ],
              [
                -1.9577932207833464,
                43.31421828362963
              ],
              [
                -1.955526065826416,
                43.31435397521167
              ],
              [
                -1.9551317069877456,
                43.31376630033891
              ],
              [
                -1.9548574447631837,
                43.31359916413283
              ],
              [
                -1.9544656304004306,
                43.31376630033891
              ],
              [
                -1.9541888236999512,
                43.3144564072739
              ],
              [
                -1.9521829605102539,
                43.31457349871306
              ],
              [
                -1.9518729474141734,
                43.31421828362963
              ],
              [
                -1.9518889996257514,
                43.313540308693554
              ],
              [
                -1.9527156193979378,
                43.31286233375747
              ],
              [
                -1.9527166356006331,
                43.3121843588214
              ],
              [
                -1.9535202026367187,
                43.31163310143191
              ],
              [
                -1.955526065826416,
                43.311575201291596
              ],
              [
                -1.9561946868896485,
                43.31187961062965
              ],
              [
                -1.958869171142578,
                43.312042708432024
              ]
            ],
            [
              [
                -1.9568633079528808,
                43.31548176385434
              ],
              [
                -1.9570722388534918,
                43.315800225147136
              ],
              [
                -1.9570722388534918,
                43.31625220843785
              ],
              [
                -1.9568633079528808,
                43.3164619813696
              ],
              [
                -1.955526065826416,
                43.3164619813696
              ],
              [
                -1.953700290605685,
                43.316026216792494
              ],
              [
                -1.9538498862136437,
                43.315800225147136
              ],
              [
                -1.9538864104865457,
                43.3148962585657
              ],
              [
                -1.9541888236999512,
                43.314794043928096
              ],
              [
                -1.955526065826416,
                43.314794043928096
              ],
              [
                -1.9562800823312325,
                43.31534824185642
              ],
              [
                -1.9568633079528808,
                43.31548176385434
              ]
            ],
            [
              [
                -1.955526065826416,
                43.30735484775695
              ],
              [
                -1.9557675650865525,
                43.30766452591423
              ],
              [
                -1.9557675650865525,
                43.30811650920494
              ],
              [
                -1.955526065826416,
                43.308528728654984
              ],
              [
                -1.9541888236999512,
                43.308528728654984
              ],
              [
                -1.9534907032863091,
                43.3083425008503
              ],
              [
                -1.9534210846316629,
                43.30766452591423
              ],
              [
                -1.9535202026367187,
                43.30750749982752
              ],
              [
                -1.9541888236999512,
                43.30735484775695
              ],
              [
                -1.955526065826416,
                43.30735484775695
              ]
            ],
            [
              [
                -1.9535202026367187,
                43.30520302681879
              ],
              [
                -1.9538226524527174,
                43.305630601105996
              ],
              [
                -1.9538226524527174,
                43.30608258439672
              ],
              [
                -1.9535202026367187,
                43.30645770660109
              ],
              [
                -1.9521829605102539,
                43.30645770660109
              ],
              [
                -1.9514536863384198,
                43.30608258439672
              ],
              [
                -1.9514525779609697,
                43.305630601105996
              ],
              [
                -1.9516198909991553,
                43.30540460946064
              ],
              [
                -1.9521829605102539,
                43.30520302681879
              ],
              [
                -1.9535202026367187,
                43.30520302681879
              ]
            ],
            [
              [
                -1.9521829605102539,
                43.309550051601796
              ],
              [
                -1.9523624459741644,
                43.309924442367816
              ],
              [
                -1.9523624459741644,
                43.31037642565853
              ],
              [
                -1.9521829605102539,
                43.3106840168899
              ],
              [
                -1.9515143394470216,
                43.31107903465738
              ],
              [
                -1.9501770973205566,
                43.311101769406605
              ],
              [
                -1.9494420503851664,
                43.31037642565853
              ],
              [
                -1.9495130980774549,
                43.30969845072246
              ],
              [
                -1.9501770973205566,
                43.309159594329664
              ],
              [
                -1.9515143394470216,
                43.309159594329664
              ],
              [
                -1.9521829605102539,
                43.309550051601796
              ]
            ],
            [
              [
                -1.9501770973205566,
                43.32082531847332
              ],
              [
                -1.9504666572254825,
                43.32099803299039
              ],
              [
                -1.9504199796481805,
                43.32167600792646
              ],
              [
                -1.9501770973205566,
                43.322053101870125
              ],
              [
                -1.9481712341308595,
                43.32192817657254
              ],
              [
                -1.9468339920043944,
                43.322310972336446
              ],
              [
                -1.9454967498779296,
                43.322310972336446
              ],
              [
                -1.9448281288146974,
                43.321919708761605
              ],
              [
                -1.9441595077514648,
                43.32210294815695
              ],
              [
                -1.9434908866882323,
                43.32210294815695
              ],
              [
                -1.9431280158517452,
                43.32235398286254
              ],
              [
                -1.9448281288146974,
                43.3226047759831
              ],
              [
                -1.9454967498779296,
                43.32313933902378
              ],
              [
                -1.9462674620804155,
                43.32348394108933
              ],
              [
                -1.9464670176712036,
                43.323709932734694
              ],
              [
                -1.946496301865829,
                43.32438790767077
              ],
              [
                -1.9461653709411622,
                43.324741536754736
              ],
              [
                -1.9434908866882323,
                43.32465659637479
              ],
              [
                -1.942822265625,
                43.32416603349916
              ],
              [
                -1.9419288456808141,
                43.32393592438005
              ],
              [
                -1.9415290161655643,
                43.32348394108933
              ],
              [
                -1.9414164372012288,
                43.322805966153254
              ],
              [
                -1.9408164024353027,
                43.32263945914094
              ],
              [
                -1.9401477813720702,
                43.32328900589604
              ],
              [
                -1.939479160308838,
                43.32341962323612
              ],
              [
                -1.9361360549926758,
                43.32340637671378
              ],
              [
                -1.934798812866211,
                43.32368504741469
              ],
              [
                -1.933461570739746,
                43.32368504741469
              ],
              [
                -1.9331516414154528,
                43.32416191602541
              ],
              [
                -1.932670241578139,
                43.32438790767077
              ],
              [
                -1.9321243286132812,
                43.32490802998488
              ],
              [
                -1.9306103834209019,
                43.324839890961485
              ],
              [
                -1.9302180624730234,
                43.32461389931613
              ],
              [
                -1.9296387110516753,
                43.32393592438005
              ],
              [
                -1.92960969404554,
                43.32325794944397
              ],
              [
                -1.9298309499216162,
                43.322805966153254
              ],
              [
                -1.930118465423584,
                43.322503856619534
              ],
              [
                -1.9305388343951277,
                43.32235398286254
              ],
              [
                -1.9321243286132812,
                43.32228595812027
              ],
              [
                -1.9327929496765137,
                43.322620256683855
              ],
              [
                -1.9341301918029785,
                43.32199566412293
              ],
              [
                -1.937770519388498,
                43.32167600792646
              ],
              [
                -1.9372454782139987,
                43.321450016281105
              ],
              [
                -1.9368046760559081,
                43.320657539222175
              ],
              [
                -1.9361360549926758,
                43.320431430076304
              ],
              [
                -1.9358748383108015,
                43.32009406640895
              ],
              [
                -1.9358748383108015,
                43.31964208311823
              ],
              [
                -1.9361360549926758,
                43.319239901286934
              ],
              [
                -1.9368046760559081,
                43.31877189164014
              ],
              [
                -1.9374732971191406,
                43.31857752162514
              ],
              [
                -1.9388105392456054,
                43.31857752162514
              ],
              [
                -1.9401477813720702,
                43.318862288184924
              ],
              [
                -1.9405688630278828,
                43.319190099827516
              ],
              [
                -1.9408164024353027,
                43.32008371829216
              ],
              [
                -1.9412598687674159,
                43.320320058054314
              ],
              [
                -1.941838856957993,
                43.32099803299039
              ],
              [
                -1.9421536445617675,
                43.32109189761779
              ],
              [
                -1.9434908866882323,
                43.32065699561294
              ],
              [
                -1.9448281288146974,
                43.32065699561294
              ],
              [
                -1.9454967498779296,
                43.3211793290393
              ],
              [
                -1.947502613067627,
                43.32127840950854
              ],
              [
                -1.9481712341308595,
                43.320613027200814
              ],
              [
                -1.9495084762573243,
                43.320583555468836
              ],
              [
                -1.9501770973205566,
                43.32082531847332
              ]
            ],
            [
              [
                -1.9481712341308595,
                43.30818084208358
              ],
              [
                -1.948271376700221,
                43.3094724590771
              ],
              [
                -1.9476618989176682,
                43.310150434013174
              ],
              [
                -1.9468339920043944,
                43.31059723283736
              ],
              [
                -1.9454967498779296,
                43.31059723283736
              ],
              [
                -1.9448281288146974,
                43.310457982638894
              ],
              [
                -1.9445777603002072,
                43.31060241730389
              ],
              [
                -1.9446231053534846,
                43.311280392239965
              ],
              [
                -1.9441595077514648,
                43.31175740685359
              ],
              [
                -1.942822265625,
                43.31175740685359
              ],
              [
                -1.9424529104986181,
                43.31150638388532
              ],
              [
                -1.9422767842377267,
                43.311280392239965
              ],
              [
                -1.9423559426404957,
                43.31037642565853
              ],
              [
                -1.9420874041409908,
                43.310150434013174
              ],
              [
                -1.9414850234985352,
                43.30992179293262
              ],
              [
                -1.9408164024353027,
                43.31032449058774
              ],
              [
                -1.939479160308838,
                43.31032449058774
              ],
              [
                -1.9388105392456054,
                43.31009602225709
              ],
              [
                -1.9383050160296187,
                43.3094724590771
              ],
              [
                -1.938441603088651,
                43.30856849249566
              ],
              [
                -1.9388105392456054,
                43.30820229132506
              ],
              [
                -1.939479160308838,
                43.307973407304104
              ],
              [
                -1.9408164024353027,
                43.307973407304104
              ],
              [
                -1.9417412260457483,
                43.30856849249566
              ],
              [
                -1.9421536445617675,
                43.3092655751919
              ],
              [
                -1.9427472492325035,
                43.30766452591423
              ],
              [
                -1.9434908866882323,
                43.30711584267302
              ],
              [
                -1.9461653709411622,
                43.3072117246011
              ],
              [
                -1.9468339920043944,
                43.30756850250513
              ],
              [
                -1.9475379147499776,
                43.30766452591423
              ],
              [
                -1.9481712341308595,
                43.30818084208358
              ]
            ],
            [
              [
                -1.9461653709411622,
                43.3188091837455
              ],
              [
                -1.946768308837641,
                43.319190099827516
              ],
              [
                -1.9466925058156437,
                43.31986807476359
              ],
              [
                -1.9463426769100314,
                43.32009406640895
              ],
              [
                -1.9448281288146974,
                43.32017095029246
              ],
              [
                -1.9445176360007654,
                43.31986807476359
              ],
              [
                -1.9444705568956497,
                43.319190099827516
              ],
              [
                -1.9448281288146974,
                43.3188091837455
              ],
              [
                -1.9461653709411622,
                43.3188091837455
              ]
            ],
            [
              [
                -1.9441595077514648,
                43.30191689684371
              ],
              [
                -1.944685834230949,
                43.30246671807098
              ],
              [
                -1.944685834230949,
                43.3029187013617
              ],
              [
                -1.9441595077514648,
                43.303399307325456
              ],
              [
                -1.942822265625,
                43.303399307325456
              ],
              [
                -1.9423404852778006,
                43.3029187013617
              ],
              [
                -1.9424357659809295,
                43.302240726425616
              ],
              [
                -1.942822265625,
                43.30191689684371
              ],
              [
                -1.9441595077514648,
                43.30191689684371
              ]
            ],
            [
              [
                -1.9434908866882323,
                43.31779629314488
              ],
              [
                -1.9438424771320146,
                43.318060141600725
              ],
              [
                -1.9438764002466344,
                43.31828613324608
              ],
              [
                -1.9438764002466344,
                43.3187381165368
              ],
              [
                -1.9434908866882323,
                43.319040724886996
              ],
              [
                -1.9421536445617675,
                43.319040724886996
              ],
              [
                -1.9418566831386765,
                43.3187381165368
              ],
              [
                -1.9418833731613532,
                43.318060141600725
              ],
              [
                -1.9421536445617675,
                43.31779629314488
              ],
              [
                -1.9434908866882323,
                43.31779629314488
              ]
            ],
            [
              [
                -1.942822265625,
                43.29874374126047
              ],
              [
                -1.9431039483089427,
                43.2990768433906
              ],
              [
                -1.9430474978054084,
                43.299754818326676
              ],
              [
                -1.942822265625,
                43.29999614618821
              ],
              [
                -1.9414850234985352,
                43.29999614618821
              ],
              [
                -1.9408164024353027,
                43.29972361672194
              ],
              [
                -1.9408164024353027,
                43.29900507267886
              ],
              [
                -1.9414850234985352,
                43.29874374126047
              ],
              [
                -1.942822265625,
                43.29874374126047
              ]
            ],
            [
              [
                -1.9408164024353027,
                43.31281583831377
              ],
              [
                -1.9409368404948846,
                43.31308832540284
              ],
              [
                -1.940895594291398,
                43.31444427527499
              ],
              [
                -1.9410794262072648,
                43.314670266920345
              ],
              [
                -1.9411279642793127,
                43.31534824185642
              ],
              [
                -1.9401477813720702,
                43.3165466972478
              ],
              [
                -1.9381419181823731,
                43.316450555400976
              ],
              [
                -1.937757013950857,
                43.31557423350178
              ],
              [
                -1.9376396359860266,
                43.31376630033891
              ],
              [
                -1.936999935076678,
                43.313314317048196
              ],
              [
                -1.9368046760559081,
                43.313013510484176
              ],
              [
                -1.9363328267381905,
                43.313314317048196
              ],
              [
                -1.9362407656154046,
                43.313540308693554
              ],
              [
                -1.9361693486995217,
                43.31376630033891
              ],
              [
                -1.9363620743240932,
                43.314670266920345
              ],
              [
                -1.9361360549926758,
                43.31491979755866
              ],
              [
                -1.9338160204867867,
                43.3148962585657
              ],
              [
                -1.9332399208759325,
                43.314670266920345
              ],
              [
                -1.9329545459571689,
                43.31421828362963
              ],
              [
                -1.9329545459571689,
                43.31376630033891
              ],
              [
                -1.9341301918029785,
                43.31262970341332
              ],
              [
                -1.9354674339294433,
                43.3126262610435
              ],
              [
                -1.9361054111026623,
                43.312410350466756
              ],
              [
                -1.9356851633846186,
                43.31195836717604
              ],
              [
                -1.9356851633846186,
                43.31150638388532
              ],
              [
                -1.9361360549926758,
                43.31082894041263
              ],
              [
                -1.9374732971191406,
                43.31082894041263
              ],
              [
                -1.9381419181823731,
                43.31124142130768
              ],
              [
                -1.938299480890565,
                43.31173237553068
              ],
              [
                -1.9401477813720702,
                43.31192131117691
              ],
              [
                -1.9408164024353027,
                43.31281583831377
              ]
            ],
            [
              [
                -1.9388105392456054,
                43.32394505911377
              ],
              [
                -1.9389742564003756,
                43.32416191602541
              ],
              [
                -1.9389586951074171,
                43.324839890961485
              ],
              [
                -1.9388105392456054,
                43.32502604044741
              ],
              [
                -1.9381419181823731,
                43.325186919011266
              ],
              [
                -1.9368046760559081,
                43.325186919011266
              ],
              [
                -1.9364561467923243,
                43.324839890961485
              ],
              [
                -1.936451208728982,
                43.32416191602541
              ],
              [
                -1.9368046760559081,
                43.323806680057096
              ],
              [
                -1.9381419181823731,
                43.32378092776172
              ],
              [
                -1.9388105392456054,
                43.32394505911377
              ]
            ],
            [
              [
                -1.9368046760559081,
                43.3160067799047
              ],
              [
                -1.9370313461796682,
                43.31647820008321
              ],
              [
                -1.9370313461796682,
                43.316930183373934
              ],
              [
                -1.9368046760559081,
                43.31720176780446
              ],
              [
                -1.9357567452100206,
                43.31760815831001
              ],
              [
                -1.9356630958280223,
                43.31783414995537
              ],
              [
                -1.9351365905273643,
                43.318060141600725
              ],
              [
                -1.9345157406549296,
                43.3187381165368
              ],
              [
                -1.9341301918029785,
                43.318908538718006
              ],
              [
                -1.9332238767026242,
                43.31896410818216
              ],
              [
                -1.9338563804474902,
                43.31964208311823
              ],
              [
                -1.9343384232572918,
                43.31986807476359
              ],
              [
                -1.934383718675578,
                43.320320058054314
              ],
              [
                -1.9341301918029785,
                43.32056124964946
              ],
              [
                -1.9320786484612795,
                43.32054604969967
              ],
              [
                -1.9307870864868164,
                43.319888310487556
              ],
              [
                -1.9304026733298356,
                43.319190099827516
              ],
              [
                -1.930118465423584,
                43.319086338996456
              ],
              [
                -1.9293437980680666,
                43.319416091472874
              ],
              [
                -1.929150712372152,
                43.31986807476359
              ],
              [
                -1.928781223297119,
                43.320150229453006
              ],
              [
                -1.9274439811706543,
                43.320150229453006
              ],
              [
                -1.9264303480843983,
                43.319416091472874
              ],
              [
                -1.926213069246896,
                43.31851212489144
              ],
              [
                -1.9247694969177247,
                43.31848878181333
              ],
              [
                -1.9243572156141866,
                43.318060141600725
              ],
              [
                -1.9243657238013623,
                43.31738216666465
              ],
              [
                -1.9247694969177247,
                43.31696997042172
              ],
              [
                -1.9261067390441895,
                43.316834789062476
              ],
              [
                -1.9267753601074218,
                43.316176182337756
              ],
              [
                -1.9281126022338868,
                43.315750786108964
              ],
              [
                -1.931455707550049,
                43.31584210670667
              ],
              [
                -1.933461570739746,
                43.31573349155511
              ],
              [
                -1.9340735686345236,
                43.31647820008321
              ],
              [
                -1.9340528358217022,
                43.316704191728576
              ],
              [
                -1.933461570739746,
                43.31689364515886
              ],
              [
                -1.9331994279530096,
                43.31715617501929
              ],
              [
                -1.933461570739746,
                43.31719919374772
              ],
              [
                -1.9342000555958891,
                43.31715617501929
              ],
              [
                -1.93423750272464,
                43.31625220843785
              ],
              [
                -1.934798812866211,
                43.31584941071338
              ],
              [
                -1.9361360549926758,
                43.31584941071338
              ],
              [
                -1.9368046760559081,
                43.3160067799047
              ]
            ],
            [
              [
                -1.9274439811706543,
                43.322742133606624
              ],
              [
                -1.9280216114832451,
                43.32303195779861
              ],
              [
                -1.9281018380072978,
                43.323709932734694
              ],
              [
                -1.9274439811706543,
                43.324191894306445
              ],
              [
                -1.9261067390441895,
                43.32420912954189
              ],
              [
                -1.9258384908114807,
                43.32438790767077
              ],
              [
                -1.9267753601074218,
                43.32445949712379
              ],
              [
                -1.9275817057606688,
                43.324839890961485
              ],
              [
                -1.9277293570300829,
                43.32506588260684
              ],
              [
                -1.9277293570300829,
                43.32551786589756
              ],
              [
                -1.9274439811706543,
                43.326047840705364
              ],
              [
                -1.9267753601074218,
                43.326425281230684
              ],
              [
                -1.925438117980957,
                43.326425281230684
              ],
              [
                -1.9241008758544922,
                43.32555570600743
              ],
              [
                -1.9232209834141878,
                43.326195840833634
              ],
              [
                -1.9239431811560552,
                43.32687381576971
              ],
              [
                -1.9247694969177247,
                43.32698542835729
              ],
              [
                -1.925438117980957,
                43.32742178208575
              ],
              [
                -1.9255372689196888,
                43.32800377399651
              ],
              [
                -1.925438117980957,
                43.32818962899905
              ],
              [
                -1.9247694969177247,
                43.328436099790785
              ],
              [
                -1.9234322547912597,
                43.328422006610445
              ],
              [
                -1.9228422285674587,
                43.328229765641865
              ],
              [
                -1.9227636337280274,
                43.327726210518975
              ],
              [
                -1.9227277175742654,
                43.32845575728722
              ],
              [
                -1.9220950126647949,
                43.32892643050774
              ],
              [
                -1.92075777053833,
                43.32892643050774
              ],
              [
                -1.9191186734051882,
                43.32800377399651
              ],
              [
                -1.9186418085327148,
                43.32755179070579
              ],
              [
                -1.9185017657414474,
                43.32642183247899
              ],
              [
                -1.9180832862854005,
                43.32606047423902
              ],
              [
                -1.916939040452227,
                43.32574385754292
              ],
              [
                -1.9164637786348884,
                43.3252918742522
              ],
              [
                -1.9147401809692384,
                43.32447469360135
              ],
              [
                -1.9134029388427733,
                43.32427609815809
              ],
              [
                -1.912734317779541,
                43.32392433354831
              ],
              [
                -1.911586723897913,
                43.323709932734694
              ],
              [
                -1.9112617451042733,
                43.32348394108933
              ],
              [
                -1.9109913606580125,
                43.32303195779861
              ],
              [
                -1.911002830381158,
                43.32235398286254
              ],
              [
                -1.9113970756530763,
                43.32194381955068
              ],
              [
                -1.9120656967163085,
                43.321748925617975
              ],
              [
                -1.9134029388427733,
                43.321748925617975
              ],
              [
                -1.9147401809692384,
                43.32245414118065
              ],
              [
                -1.9167460441589355,
                43.32264388746422
              ],
              [
                -1.9173088958080882,
                43.32303195779861
              ],
              [
                -1.9174257743113305,
                43.323709932734694
              ],
              [
                -1.92075777053833,
                43.32518614700117
              ],
              [
                -1.9214263916015626,
                43.32490031758558
              ],
              [
                -1.9234322547912597,
                43.324829958101695
              ],
              [
                -1.9241008758544922,
                43.32423898681235
              ],
              [
                -1.925936385098655,
                43.32416191602541
              ],
              [
                -1.925659608237571,
                43.323709932734694
              ],
              [
                -1.9257730405993043,
                43.32303195779861
              ],
              [
                -1.9261067390441895,
                43.322742133606624
              ],
              [
                -1.9274439811706543,
                43.322742133606624
              ]
            ],
            [
              [
                -1.9267753601074218,
                43.32854616738424
              ],
              [
                -1.9271013487858035,
                43.32890774057794
              ],
              [
                -1.9270511162101358,
                43.329585715514014
              ],
              [
                -1.9267753601074218,
                43.32986460246411
              ],
              [
                -1.925438117980957,
                43.32986460246411
              ],
              [
                -1.9248733539120124,
                43.329585715514014
              ],
              [
                -1.9247764092587984,
                43.32890774057794
              ],
              [
                -1.9249373882927452,
                43.32868174893258
              ],
              [
                -1.925438117980957,
                43.32847969641445
              ],
              [
                -1.9267753601074218,
                43.32854616738424
              ]
            ],
            [
              [
                -1.9234322547912597,
                43.320237719077596
              ],
              [
                -1.9237963345336062,
                43.32077204134503
              ],
              [
                -1.9237963345336062,
                43.32122402463575
              ],
              [
                -1.9234322547912597,
                43.321608378342475
              ],
              [
                -1.9220950126647949,
                43.321608378342475
              ],
              [
                -1.9215024226975368,
                43.32122402463575
              ],
              [
                -1.9215737105522301,
                43.32054604969967
              ],
              [
                -1.921911151364538,
                43.320320058054314
              ],
              [
                -1.9234322547912597,
                43.320237719077596
              ]
            ],
            [
              [
                -1.9200891494750976,
                43.317659497164065
              ],
              [
                -1.920415420330383,
                43.31828613324608
              ],
              [
                -1.9207010090210288,
                43.31986807476359
              ],
              [
                -1.9200891494750976,
                43.32026927527878
              ],
              [
                -1.9187519073486328,
                43.32026927527878
              ],
              [
                -1.9160774230957032,
                43.31924822198104
              ],
              [
                -1.9154088020324707,
                43.31866477127495
              ],
              [
                -1.9147401809692384,
                43.31866276934707
              ],
              [
                -1.9140715599060059,
                43.31831589718684
              ],
              [
                -1.9138992489478095,
                43.318060141600725
              ],
              [
                -1.9138676937913923,
                43.31715617501929
              ],
              [
                -1.9140715599060059,
                43.31672416207368
              ],
              [
                -1.9150039370776135,
                43.31625220843785
              ],
              [
                -1.9154088020324707,
                43.31574190336208
              ],
              [
                -1.9167460441589355,
                43.315090188042575
              ],
              [
                -1.9175503695541436,
                43.3148962585657
              ],
              [
                -1.9177659597389747,
                43.31421828362963
              ],
              [
                -1.918031851918883,
                43.31399229198427
              ],
              [
                -1.9194205284118653,
                43.31397424727645
              ],
              [
                -1.919940418981539,
                43.31444427527499
              ],
              [
                -1.9199011221863396,
                43.31512225021106
              ],
              [
                -1.919714917899648,
                43.31534824185642
              ],
              [
                -1.9200891494750976,
                43.317659497164065
              ]
            ],
            [
              [
                -1.9067167282104491,
                43.30133271137794
              ],
              [
                -1.9072814786377952,
                43.3017887431349
              ],
              [
                -1.9072835431327624,
                43.30201473478026
              ],
              [
                -1.9072835431327624,
                43.30246671807098
              ],
              [
                -1.9067167282104491,
                43.30287609803387
              ],
              [
                -1.904710865020752,
                43.30276983438492
              ],
              [
                -1.9041155972665642,
                43.302240726425616
              ],
              [
                -1.9042112043030808,
                43.30156275148954
              ],
              [
                -1.904710865020752,
                43.3012328153301
              ],
              [
                -1.9067167282104491,
                43.30133271137794
              ]
            ],
            [
              [
                -1.9020363807678222,
                43.31934126801988
              ],
              [
                -1.9022920886162835,
                43.31964208311823
              ],
              [
                -1.9022727152980548,
                43.320320058054314
              ],
              [
                -1.9016264205042637,
                43.32099803299039
              ],
              [
                -1.9011722389144998,
                43.32212799121718
              ],
              [
                -1.9009565059527587,
                43.32235398286254
              ],
              [
                -1.9006991386413574,
                43.32252435881194
              ],
              [
                -1.8986932754516601,
                43.322945158027835
              ],
              [
                -1.8980246543884278,
                43.32329889278276
              ],
              [
                -1.8966874122619628,
                43.32329889278276
              ],
              [
                -1.8960187911987305,
                43.32301094545794
              ],
              [
                -1.895426529017043,
                43.32303195779861
              ],
              [
                -1.8952890455852456,
                43.323709932734694
              ],
              [
                -1.8948522732618855,
                43.32393592438005
              ],
              [
                -1.8933443069458007,
                43.323995109135865
              ],
              [
                -1.8930399723156481,
                43.32348394108933
              ],
              [
                -1.8930399723156481,
                43.32303195779861
              ],
              [
                -1.8931889666330006,
                43.322805966153254
              ],
              [
                -1.8929458890594562,
                43.322579974507896
              ],
              [
                -1.892007064819336,
                43.32246033783019
              ],
              [
                -1.8913460930094872,
                43.32190199957182
              ],
              [
                -1.8914503170598131,
                43.32122402463575
              ],
              [
                -1.892007064819336,
                43.32083412467742
              ],
              [
                -1.8940129280090332,
                43.3201213823188
              ],
              [
                -1.8965900492451266,
                43.31986807476359
              ],
              [
                -1.8973560333251953,
                43.3191314699654
              ],
              [
                -1.8986932754516601,
                43.3191314699654
              ],
              [
                -1.8993618965148926,
                43.31951561622016
              ],
              [
                -1.900030517578125,
                43.31906310178602
              ],
              [
                -1.90136775970459,
                43.31906310178602
              ],
              [
                -1.9020363807678222,
                43.31934126801988
              ]
            ],
            [
              [
                -1.8966874122619628,
                43.3165447317482
              ],
              [
                -1.8971161334757556,
                43.316930183373934
              ],
              [
                -1.8971342876511494,
                43.31715617501929
              ],
              [
                -1.8971342876511494,
                43.31760815831001
              ],
              [
                -1.8966874122619628,
                43.3180240772588
              ],
              [
                -1.895350170135498,
                43.3180240772588
              ],
              [
                -1.8948569309761643,
                43.31760815831001
              ],
              [
                -1.894876664335929,
                43.316930183373934
              ],
              [
                -1.895350170135498,
                43.3165447317482
              ],
              [
                -1.8966874122619628,
                43.3165447317482
              ]
            ],
            [
              [
                -1.8940129280090332,
                43.29897291342294
              ],
              [
                -1.8944773307541212,
                43.29952882668132
              ],
              [
                -1.8944773307541212,
                43.299980809972034
              ],
              [
                -1.8940129280090332,
                43.30044406223505
              ],
              [
                -1.8926756858825684,
                43.30044406223505
              ],
              [
                -1.892147720461964,
                43.299980809972034
              ],
              [
                -1.8922373027373507,
                43.29930283503596
              ],
              [
                -1.8926756858825684,
                43.29897291342294
              ],
              [
                -1.8940129280090332,
                43.29897291342294
              ]
            ],
            [
              [
                -1.892007064819336,
                43.31624507611745
              ],
              [
                -1.892420994409177,
                43.316704191728576
              ],
              [
                -1.892420994409177,
                43.31715617501929
              ],
              [
                -1.892007064819336,
                43.31764728028413
              ],
              [
                -1.890669822692871,
                43.31764728028413
              ],
              [
                -1.8900652762445689,
                43.31715617501929
              ],
              [
                -1.8900652762445689,
                43.316704191728576
              ],
              [
                -1.8906536472436284,
                43.31625220843785
              ],
              [
                -1.892007064819336,
                43.31624507611745
              ]
            ]
          ],
          [
            [
              [
                -2.0082865502350007,
                43.306534567687436
              ],
              [
                -2.0083955690825785,
                43.306534567687436
              ],
              [
                -2.0083471298217774,
                43.30642747864069
              ],
              [
                -2.0082865502350007,
                43.306534567687436
              ]
            ]
          ],
          [
            [
              [
                -2.0060736702909874,
                43.30743853426887
              ],
              [
                -2.00634126663208,
                43.30755004345267
              ],
              [
                -2.006414773420631,
                43.30743853426887
              ],
              [
                -2.0060736702909874,
                43.30743853426887
              ]
            ]
          ],
          [
            [
              [
                -1.9940574179307988,
                43.306534567687436
              ],
              [
                -1.9943060874938965,
                43.30660221494503
              ],
              [
                -1.9945186134361634,
                43.306534567687436
              ],
              [
                -1.9943060874938965,
                43.30645143419472
              ],
              [
                -1.9940574179307988,
                43.306534567687436
              ]
            ]
          ],
          [
            [
              [
                -1.9848607766459125,
                43.314670266920345
              ],
              [
                -1.9849453926086427,
                43.3147166002109
              ],
              [
                -1.9850701799806887,
                43.314670266920345
              ],
              [
                -1.9849453926086427,
                43.31460988201483
              ],
              [
                -1.9848607766459125,
                43.314670266920345
              ]
            ]
          ],
          [
            [
              [
                -1.9802650451660155,
                43.32479303511826
              ],
              [
                -1.9802650451660155,
                43.32513074808983
              ],
              [
                -1.980933666229248,
                43.32502561931563
              ],
              [
                -1.9811346638074883,
                43.324839890961485
              ],
              [
                -1.980933666229248,
                43.3246866680282
              ],
              [
                -1.9802650451660155,
                43.32479303511826
              ]
            ]
          ],
          [
            [
              [
                -1.9785369882502568,
                43.306534567687436
              ],
              [
                -1.977590560913086,
                43.30659593373411
              ],
              [
                -1.9758859872537453,
                43.30743853426887
              ],
              [
                -1.9749160766601563,
                43.30758717229901
              ],
              [
                -1.9742474555969238,
                43.30809286681347
              ],
              [
                -1.972910213470459,
                43.30809286681347
              ],
              [
                -1.9722860875231545,
                43.307890517559585
              ],
              [
                -1.9722415924072265,
                43.30752704528305
              ],
              [
                -1.9722147754069703,
                43.3083425008503
              ],
              [
                -1.9731772693265184,
                43.309246467431734
              ],
              [
                -1.973358157027893,
                43.31037642565853
              ],
              [
                -1.974329224766393,
                43.31105440059461
              ],
              [
                -1.974354626965898,
                43.31173237553068
              ],
              [
                -1.974237525725183,
                43.31195836717604
              ],
              [
                -1.9738027728936007,
                43.312410350466756
              ],
              [
                -1.9733393972485063,
                43.312636342112114
              ],
              [
                -1.9733233297747619,
                43.31286233375747
              ],
              [
                -1.9735788345336913,
                43.3131196361447
              ],
              [
                -1.9740939295232096,
                43.312636342112114
              ],
              [
                -1.9749160766601563,
                43.312405702850455
              ],
              [
                -1.9762533187866211,
                43.31240645866744
              ],
              [
                -1.9767752539072092,
                43.3121843588214
              ],
              [
                -1.9774895786781488,
                43.31150638388532
              ],
              [
                -1.9782591819763184,
                43.31144700675849
              ],
              [
                -1.978546327137443,
                43.311280392239965
              ],
              [
                -1.9786823277418208,
                43.31105440059461
              ],
              [
                -1.9784035853932402,
                43.309924442367816
              ],
              [
                -1.9779249434900565,
                43.3094724590771
              ],
              [
                -1.9778754665418146,
                43.309020475786376
              ],
              [
                -1.9775485180273975,
                43.30856849249566
              ],
              [
                -1.977565904960071,
                43.30811650920494
              ],
              [
                -1.9776683274498845,
                43.307890517559585
              ],
              [
                -1.9782842205460283,
                43.30743853426887
              ],
              [
                -1.9787254796404408,
                43.306760559332794
              ],
              [
                -1.979558589448783,
                43.306534567687436
              ],
              [
                -1.9785369882502568,
                43.306534567687436
              ]
            ],
            [
              [
                -1.9769219398498534,
                43.3088691488702
              ],
              [
                -1.9771870037056973,
                43.309020475786376
              ],
              [
                -1.977419321748487,
                43.3094724590771
              ],
              [
                -1.977419321748487,
                43.309924442367816
              ],
              [
                -1.9769219398498534,
                43.31086454867583
              ],
              [
                -1.9749160766601563,
                43.31082070109699
              ],
              [
                -1.9747089143613044,
                43.31060241730389
              ],
              [
                -1.9748351467148042,
                43.309924442367816
              ],
              [
                -1.9753624433512271,
                43.309020475786376
              ],
              [
                -1.9755846977233886,
                43.3088691488702
              ],
              [
                -1.9769219398498534,
                43.3088691488702
              ]
            ]
          ],
          [
            [
              [
                -1.9786372311004508,
                43.313314317048196
              ],
              [
                -1.977748937170084,
                43.313540308693554
              ],
              [
                -1.9776682311213918,
                43.31421828362963
              ],
              [
                -1.9774457372296204,
                43.314670266920345
              ],
              [
                -1.9777202180505136,
                43.31534824185642
              ],
              [
                -1.9777366319424874,
                43.315800225147136
              ],
              [
                -1.9775293772410418,
                43.316026216792494
              ],
              [
                -1.9782591819763184,
                43.316374716014046
              ],
              [
                -1.9785023437882505,
                43.31625220843785
              ],
              [
                -1.9790865482058546,
                43.31534824185642
              ],
              [
                -1.9789568139798384,
                43.3148962585657
              ],
              [
                -1.9790283105522228,
                43.31421828362963
              ],
              [
                -1.9788184653910297,
                43.313540308693554
              ],
              [
                -1.9789773039572713,
                43.313314317048196
              ],
              [
                -1.9786372311004508,
                43.313314317048196
              ]
            ]
          ],
          [
            [
              [
                -1.9537549493522242,
                43.31896410818216
              ],
              [
                -1.9521829605102539,
                43.31900383037747
              ],
              [
                -1.9519455273303672,
                43.319190099827516
              ],
              [
                -1.9521829605102539,
                43.31947577722466
              ],
              [
                -1.9535202026367187,
                43.319498610604526
              ],
              [
                -1.9543948078557278,
                43.319190099827516
              ],
              [
                -1.9545423494717808,
                43.31896410818216
              ],
              [
                -1.9541888236999512,
                43.31885864847224
              ],
              [
                -1.9537549493522242,
                43.31896410818216
              ]
            ]
          ],
          [
            [
              [
                -1.9354972598763596,
                43.312636342112114
              ],
              [
                -1.9361360549926758,
                43.31283690804513
              ],
              [
                -1.9366860001181656,
                43.312636342112114
              ],
              [
                -1.9361360549926758,
                43.31242070799736
              ],
              [
                -1.9354972598763596,
                43.312636342112114
              ]
            ]
          ],
          [
            [
              [
                -1.9326350174850302,
                43.31738216666465
              ],
              [
                -1.9327929496765137,
                43.31750415170687
              ],
              [
                -1.9330930089000018,
                43.31738216666465
              ],
              [
                -1.9327929496765137,
                43.317226072357386
              ],
              [
                -1.9326350174850302,
                43.31738216666465
              ]
            ]
          ],
          [
            [
              [
                -1.926678763894777,
                43.31828613324608
              ],
              [
                -1.9267753601074218,
                43.31833518477448
              ],
              [
                -1.9268442507450607,
                43.31828613324608
              ],
              [
                -1.9267753601074218,
                43.31823235928976
              ],
              [
                -1.926678763894777,
                43.31828613324608
              ]
            ]
          ],
          [
            [
              [
                -1.9059654169888562,
                43.30969845072246
              ],
              [
                -1.9061489209226925,
                43.30969845072246
              ],
              [
                -1.9060481071472168,
                43.3095253083187
              ],
              [
                -1.9059654169888562,
                43.30969845072246
              ]
            ]
          ],
          [
            [
              [
                -1.9046568261069194,
                43.31082840894925
              ],
              [
                -1.9045137355583266,
                43.31060241730389
              ],
              [
                -1.9036304332757148,
                43.31037642565853
              ],
              [
                -1.903373622894287,
                43.31014255078224
              ],
              [
                -1.9032378107139993,
                43.31037642565853
              ],
              [
                -1.903373622894287,
                43.311131761785134
              ],
              [
                -1.904710865020752,
                43.31109923891373
              ],
              [
                -1.9047996172949233,
                43.31105440059461
              ],
              [
                -1.9046568261069194,
                43.31082840894925
              ]
            ]
          ],
          [
            [
              [
                -1.8966874122619628,
                43.30969949677052
              ],
              [
                -1.8960187911987305,
                43.30930827587087
              ],
              [
                -1.895730466616973,
                43.3094724590771
              ],
              [
                -1.895610765996622,
                43.30969845072246
              ],
              [
                -1.895717824932018,
                43.31037642565853
              ],
              [
                -1.8973560333251953,
                43.31057738678429
              ],
              [
                -1.8975792914285754,
                43.31037642565853
              ],
              [
                -1.897389829132799,
                43.309924442367816
              ],
              [
                -1.8966874122619628,
                43.30969949677052
              ]
            ]
          ],
          [
            [
              [
                -1.8949823803421817,
                43.322805966153254
              ],
              [
                -1.895350170135498,
                43.32302882379915
              ],
              [
                -1.8956741068444385,
                43.322805966153254
              ],
              [
                -1.895350170135498,
                43.322708178738594
              ],
              [
                -1.8949823803421817,
                43.322805966153254
              ]
            ]
          ],
          [
            [
              [
                -1.892665785470429,
                43.309020475786376
              ],
              [
                -1.8926756858825684,
                43.30903297499081
              ],
              [
                -1.8927201220858585,
                43.309020475786376
              ],
              [
                -1.8926756858825684,
                43.30900841658974
              ],
              [
                -1.892665785470429,
                43.309020475786376
              ]
            ]
          ],
          [
            [
              [
                -1.8904192900523145,
                43.307890517559585
              ],
              [
                -1.890669822692871,
                43.308008746550314
              ],
              [
                -1.8908527350140552,
                43.307890517559585
              ],
              [
                -1.890669822692871,
                43.307775113105976
              ],
              [
                -1.8904192900523145,
                43.307890517559585
              ]
            ]
          ],
          [
            [
              [
                -1.8894970552647858,
                43.3083425008503
              ],
              [
                -1.8900012016296386,
                43.308511743569035
              ],
              [
                -1.8902594440855445,
                43.3083425008503
              ],
              [
                -1.8900012016296386,
                43.308200312442594
              ],
              [
                -1.8894970552647858,
                43.3083425008503
              ]
            ]
          ]
        ]
      }
    }
  ]
}