{
  "type": "FeatureCollection",
  "features": [
    {
      "type": "Feature",
      "properties": {},
      "geometry": {
        "type": "MultiPolygon",
        "coordinates": [
          [
            [
              [
                -3.0170496224495698,
                43.22882141920823
              ],
              [
                -3.0169435501098634,
                43.22963081636317
              ],
              [
                -3.015182304382324,
                43.22963081636317
              ],
              [
                -3.015019445843156,
                43.229505410849285
              ],
              [
                -3.015019445843156,
                43.22882141920823
              ],
              [
                -2.8841955827818477,
                43.22882141920823
              ],
              [
                -2.8841407079955803,
                43.230189402490346
              ],
              [
                -2.8839694976806642,
                43.2307511657036
              ],
              [
                -2.8830888748168944,
                43.23093139214547
              ],
              [
                -2.8803553644254376,
                43.2308733941314
              ],
              [
                -2.88034010875352,
                43.229505410849285
              ],
              [
                -2.8812826774025058,
                43.22882141920823
              ],
              [
                -2.8763022060975088,
                43.22882141920823
              ],
              [
                -2.8763022060975088,
                43.229505410849285
              ],
              [
                -2.8760438919067384,
                43.22967476339402
              ],
              [
                -2.87252140045166,
                43.22975660854127
              ],
              [
                -2.8707601547241213,
                43.22975660854127
              ],
              [
                -2.8703649049060767,
                43.229505410849285
              ],
              [
                -2.8703649049060767,
                43.22882141920823
              ],
              [
                -2.8681182861328125,
                43.22882141920823
              ],
              [
                -2.8681182861328125,
                43.233392735932924
              ],
              [
                -2.868998908996582,
                43.233392735932924
              ],
              [
                -2.869203544247867,
                43.233609360695624
              ],
              [
                -2.869343895784462,
                43.23429335233668
              ],
              [
                -2.869343895784462,
                43.23497734397774
              ],
              [
                -2.868998908996582,
                43.23524529986316
              ],
              [
                -2.8681182861328125,
                43.23524529986316
              ],
              [
                -2.8681182861328125,
                43.36561974741949
              ],
              [
                -3.0442428588867188,
                43.36561974741949
              ],
              [
                -3.0442428588867188,
                43.33689443947278
              ],
              [
                -3.0433587838134804,
                43.33689209849512
              ],
              [
                -3.0433587838134804,
                43.33552411521301
              ],
              [
                -3.0442428588867188,
                43.335522733759355
              ],
              [
                -3.0442428588867188,
                43.308612659908825
              ],
              [
                -3.0433622360229493,
                43.308612659908825
              ],
              [
                -3.04248161315918,
                43.30800311362286
              ],
              [
                -3.0407203674316405,
                43.30715107302321
              ],
              [
                -3.0402727917591656,
                43.306796466288645
              ],
              [
                -3.039839744567871,
                43.305929387483935
              ],
              [
                -3.0389591217041017,
                43.30573110357525
              ],
              [
                -3.0380219697566577,
                43.30611247464759
              ],
              [
                -3.036317253112793,
                43.306420491841905
              ],
              [
                -3.0354366302490234,
                43.306420491841905
              ],
              [
                -3.0347367018969975,
                43.30611247464759
              ],
              [
                -3.034687559762172,
                43.30542848300654
              ],
              [
                -3.0341268826602503,
                43.304744491365476
              ],
              [
                -3.03311236628429,
                43.30406049972442
              ],
              [
                -3.0320053469730004,
                43.30200852480125
              ],
              [
                -3.0320053469730004,
                43.3013245331602
              ],
              [
                -3.0327947616577147,
                43.30071138414047
              ],
              [
                -3.034556007385254,
                43.30079840682258
              ],
              [
                -3.0354366302490234,
                43.30119138710954
              ],
              [
                -3.0371978759765623,
                43.301380290921614
              ],
              [
                -3.038078498840332,
                43.302040445730384
              ],
              [
                -3.0389591217041017,
                43.30248040661061
              ],
              [
                -3.039839744567871,
                43.30252205370788
              ],
              [
                -3.0401447176698553,
                43.302692516442306
              ],
              [
                -3.0403523183492447,
                43.30337650808337
              ],
              [
                -3.0412829983337737,
                43.304744491365476
              ],
              [
                -3.04248161315918,
                43.30506441084628
              ],
              [
                -3.0442428588867188,
                43.30510043409069
              ],
              [
                -3.0442428588867188,
                43.22882141920823
              ],
              [
                -3.0170496224495698,
                43.22882141920823
              ]
            ],
            [
              [
                -3.0407203674316405,
                43.331345260293524
              ],
              [
                -3.0408469331486003,
                43.33142016536667
              ],
              [
                -3.0408469331486003,
                43.33278814864879
              ],
              [
                -3.039839744567871,
                43.333042350719325
              ],
              [
                -3.0354366302490234,
                43.33302447654705
              ],
              [
                -3.034556007385254,
                43.33261278137812
              ],
              [
                -3.0336753845214846,
                43.33240834795695
              ],
              [
                -3.0327947616577147,
                43.33172545246821
              ],
              [
                -3.031901260833543,
                43.33073617372562
              ],
              [
                -3.0318802448084163,
                43.3293681904435
              ],
              [
                -3.0301528930664063,
                43.32889131709956
              ],
              [
                -3.0298736759172806,
                43.32868419880245
              ],
              [
                -3.0295487644900447,
                43.328000207161395
              ],
              [
                -3.029479432070895,
                43.32663222387928
              ],
              [
                -3.0301528930664063,
                43.326109137651954
              ],
              [
                -3.031033515930176,
                43.326109137651954
              ],
              [
                -3.0319141387939452,
                43.326147681226516
              ],
              [
                -3.0327947616577147,
                43.32663794536715
              ],
              [
                -3.0336753845214846,
                43.32685735299205
              ],
              [
                -3.0354366302490234,
                43.32685735299205
              ],
              [
                -3.036747535793022,
                43.328000207161395
              ],
              [
                -3.0370748105462506,
                43.32868419880245
              ],
              [
                -3.0370748105462506,
                43.33005218208456
              ],
              [
                -3.0371978759765623,
                43.33017939381203
              ],
              [
                -3.038078498840332,
                43.33037542240738
              ],
              [
                -3.0389591217041017,
                43.331007611838984
              ],
              [
                -3.0407203674316405,
                43.331345260293524
              ]
            ],
            [
              [
                -3.036317253112793,
                43.32189420386209
              ],
              [
                -3.037133603278747,
                43.32252827403294
              ],
              [
                -3.037133603278747,
                43.323212265673995
              ],
              [
                -3.0366247273830758,
                43.323896257315056
              ],
              [
                -3.036317253112793,
                43.32476285278325
              ],
              [
                -3.0354366302490234,
                43.32498301766734
              ],
              [
                -3.034556007385254,
                43.32498301766734
              ],
              [
                -3.0336753845214846,
                43.3243953431828
              ],
              [
                -3.0327947616577147,
                43.32416287188004
              ],
              [
                -3.0320045665605058,
                43.32458024895611
              ],
              [
                -3.0319141387939452,
                43.32537372757712
              ],
              [
                -3.0301528930664063,
                43.325403226932565
              ],
              [
                -3.030041417653149,
                43.325264240597164
              ],
              [
                -3.029956786262615,
                43.323896257315056
              ],
              [
                -3.0301528930664063,
                43.32374393851882
              ],
              [
                -3.0319141387939452,
                43.32374393851882
              ],
              [
                -3.0325121202867558,
                43.32252827403294
              ],
              [
                -3.0327947616577147,
                43.322297535282026
              ],
              [
                -3.034556007385254,
                43.322159683970234
              ],
              [
                -3.0354366302490234,
                43.32189420386209
              ],
              [
                -3.036317253112793,
                43.32189420386209
              ]
            ],
            [
              [
                -3.026630401611328,
                43.3216586009918
              ],
              [
                -3.0268682161091096,
                43.321844282391886
              ],
              [
                -3.0272152122726634,
                43.32252827403294
              ],
              [
                -3.0273699275771335,
                43.323212265673995
              ],
              [
                -3.0272733007734964,
                43.32458024895611
              ],
              [
                -3.0257497787475587,
                43.32516231894722
              ],
              [
                -3.02310791015625,
                43.32504042668581
              ],
              [
                -3.0222609631458246,
                43.325264240597164
              ],
              [
                -3.0222272872924805,
                43.32597489630741
              ],
              [
                -3.0204660415649416,
                43.32597489630741
              ],
              [
                -3.0204131212256495,
                43.325264240597164
              ],
              [
                -3.0195854187011717,
                43.32462135289652
              ],
              [
                -3.0187047958374023,
                43.32444072257014
              ],
              [
                -3.017824172973633,
                43.32376990538825
              ],
              [
                -3.017692292456892,
                43.323896257315056
              ],
              [
                -3.0176340414845266,
                43.325264240597164
              ],
              [
                -3.0169435501098634,
                43.326048027442035
              ],
              [
                -3.016062927246094,
                43.32607651360795
              ],
              [
                -3.0153474635749156,
                43.32663222387928
              ],
              [
                -3.015292138863538,
                43.327316215520334
              ],
              [
                -3.0150436354720096,
                43.328000207161395
              ],
              [
                -3.0143016815185546,
                43.3284288432491
              ],
              [
                -3.0116598129272463,
                43.328722539886115
              ],
              [
                -3.0107791900634764,
                43.329156597125234
              ],
              [
                -3.009971480918077,
                43.3293681904435
              ],
              [
                -3.009703029957581,
                43.33005218208456
              ],
              [
                -3.0085327535152744,
                43.33073617372562
              ],
              [
                -3.008137321472168,
                43.331244721110686
              ],
              [
                -3.0063760757446287,
                43.331244721110686
              ],
              [
                -3.00461483001709,
                43.330364100789076
              ],
              [
                -3.0043461856470803,
                43.33005218208456
              ],
              [
                -3.0043461856470803,
                43.32868419880245
              ],
              [
                -3.005456757573826,
                43.325948232238225
              ],
              [
                -3.006330524003971,
                43.32458024895611
              ],
              [
                -3.0063379471455414,
                43.323212265673995
              ],
              [
                -3.0072566986083986,
                43.322045575158846
              ],
              [
                -3.00774705602278,
                43.321844282391886
              ],
              [
                -3.008137321472168,
                43.32116268316461
              ],
              [
                -3.0107791900634764,
                43.321161451696696
              ],
              [
                -3.0112719998471245,
                43.321844282391886
              ],
              [
                -3.0112719998471245,
                43.323212265673995
              ],
              [
                -3.0116598129272463,
                43.32373710037439
              ],
              [
                -3.0125404357910157,
                43.323850769502336
              ],
              [
                -3.0143016815185546,
                43.322894880993715
              ],
              [
                -3.016062927246094,
                43.32289037122217
              ],
              [
                -3.0165245212272107,
                43.32252827403294
              ],
              [
                -3.0159282749354186,
                43.321844282391886
              ],
              [
                -3.0159424226548137,
                43.32047629910977
              ],
              [
                -3.016518716266066,
                43.31979230746872
              ],
              [
                -3.0162924233634123,
                43.3184243241866
              ],
              [
                -3.0169435501098634,
                43.317918585271386
              ],
              [
                -3.0187047958374023,
                43.31804875848883
              ],
              [
                -3.0195854187011717,
                43.3176786847308
              ],
              [
                -3.0204660415649416,
                43.31751907971142
              ],
              [
                -3.0207676414200257,
                43.31705634090449
              ],
              [
                -3.0204660415649416,
                43.316762589528075
              ],
              [
                -3.0195854187011717,
                43.31659704849592
              ],
              [
                -3.0187047958374023,
                43.31698849994042
              ],
              [
                -3.016062927246094,
                43.316902103031204
              ],
              [
                -3.0151942581226687,
                43.31637234926343
              ],
              [
                -3.0151942581226687,
                43.31500436598132
              ],
              [
                -3.016062927246094,
                43.3145841553369
              ],
              [
                -3.017824172973633,
                43.3145841553369
              ],
              [
                -3.0195854187011717,
                43.31476549483149
              ],
              [
                -3.0204660415649416,
                43.31466766726087
              ],
              [
                -3.021087926730641,
                43.31432037434027
              ],
              [
                -3.0214010342324484,
                43.312952391058154
              ],
              [
                -3.0204660415649416,
                43.31284269444382
              ],
              [
                -3.0198420161230204,
                43.3122683994171
              ],
              [
                -3.0198420161230204,
                43.310900416134984
              ],
              [
                -3.0204660415649416,
                43.310457533810705
              ],
              [
                -3.02310791015625,
                43.3105135775413
              ],
              [
                -3.02397817783354,
                43.310900416134984
              ],
              [
                -3.0246321917108077,
                43.31158440777604
              ],
              [
                -3.0246321917108077,
                43.31432037434027
              ],
              [
                -3.0226149422034125,
                43.31568835762238
              ],
              [
                -3.02310791015625,
                43.31607125247206
              ],
              [
                -3.024344235719535,
                43.31637234926343
              ],
              [
                -3.024344235719535,
                43.31774033254555
              ],
              [
                -3.0241031081472687,
                43.3184243241866
              ],
              [
                -3.024700322255956,
                43.31910831582766
              ],
              [
                -3.025042387579649,
                43.31979230746872
              ],
              [
                -3.025042387579649,
                43.321160290750825
              ],
              [
                -3.0257497787475587,
                43.32156787343035
              ],
              [
                -3.026630401611328,
                43.3216586009918
              ]
            ],
            [
              [
                -3.021346664428711,
                43.2985818330635
              ],
              [
                -3.021346664428711,
                43.30005829370847
              ],
              [
                -3.0204660415649416,
                43.3005471796905
              ],
              [
                -3.0187047958374023,
                43.3005471796905
              ],
              [
                -3.017944374093023,
                43.29995654987808
              ],
              [
                -3.017944374093023,
                43.29927255823703
              ],
              [
                -3.018360517452929,
                43.298588566595974
              ],
              [
                -3.0187047958374023,
                43.29836652405371
              ],
              [
                -3.0204660415649416,
                43.29836652405371
              ],
              [
                -3.021346664428711,
                43.2985818330635
              ]
            ],
            [
              [
                -3.0143016815185546,
                43.31425124694337
              ],
              [
                -3.0150890762678384,
                43.31500436598132
              ],
              [
                -3.0150890762678384,
                43.31568835762238
              ],
              [
                -3.0143016815185546,
                43.315800954010186
              ],
              [
                -3.012448629944873,
                43.31568835762238
              ],
              [
                -3.012448629944873,
                43.31432037434027
              ],
              [
                -3.0143016815185546,
                43.31425124694337
              ]
            ],
            [
              [
                -3.013421058654785,
                43.350633430355224
              ],
              [
                -3.013578958330782,
                43.35125592295731
              ],
              [
                -3.013578958330782,
                43.352623906239415
              ],
              [
                -3.013421058654785,
                43.35274590494282
              ],
              [
                -3.0125404357910157,
                43.35274590494282
              ],
              [
                -3.0116598129272463,
                43.353454197933935
              ],
              [
                -3.0107791900634764,
                43.35392724225783
              ],
              [
                -3.009898567199707,
                43.354258535686945
              ],
              [
                -3.0090179443359375,
                43.354258535686945
              ],
              [
                -3.0072566986083986,
                43.35390013349398
              ],
              [
                -3.0063760757446287,
                43.35419448644711
              ],
              [
                -3.00461483001709,
                43.35419448644711
              ],
              [
                -3.003884000389817,
                43.35330789788048
              ],
              [
                -3.003884000389817,
                43.352623906239415
              ],
              [
                -3.00271196404246,
                43.35125592295731
              ],
              [
                -3.00271196404246,
                43.34988793967519
              ],
              [
                -3.003315631620994,
                43.34920394803414
              ],
              [
                -3.003315631620994,
                43.348519956393076
              ],
              [
                -3.0037342071533204,
                43.348005053354285
              ],
              [
                -3.0054954528808593,
                43.348005053354285
              ],
              [
                -3.0063760757446287,
                43.3482698102547
              ],
              [
                -3.00672335486307,
                43.34715197311097
              ],
              [
                -3.0072566986083986,
                43.34680380409503
              ],
              [
                -3.009898567199707,
                43.34680464644276
              ],
              [
                -3.0117673931859694,
                43.34783596475202
              ],
              [
                -3.0126531779140198,
                43.348519956393076
              ],
              [
                -3.012903144695842,
                43.34920394803414
              ],
              [
                -3.012903144695842,
                43.34988793967519
              ],
              [
                -3.013421058654785,
                43.350633430355224
              ]
            ],
            [
              [
                -3.013421058654785,
                43.355845158697825
              ],
              [
                -3.0138672681914316,
                43.3560438644447
              ],
              [
                -3.0139740365341723,
                43.35741184772681
              ],
              [
                -3.013421058654785,
                43.35792930410663
              ],
              [
                -3.0125404357910157,
                43.357841353094834
              ],
              [
                -3.012276176830152,
                43.358779831008924
              ],
              [
                -3.0124683094588938,
                43.35946382264998
              ],
              [
                -3.0124077377400367,
                43.36014781429104
              ],
              [
                -3.0116598129272463,
                43.36072873756834
              ],
              [
                -3.0107791900634764,
                43.360489633058165
              ],
              [
                -3.0100907616671675,
                43.360831805932094
              ],
              [
                -3.010052675249299,
                43.36151579757315
              ],
              [
                -3.009898567199707,
                43.36161234382326
              ],
              [
                -3.008137321472168,
                43.36161234382326
              ],
              [
                -3.0072566986083986,
                43.360910155489535
              ],
              [
                -3.006932242094701,
                43.360831805932094
              ],
              [
                -3.006932242094701,
                43.35946382264998
              ],
              [
                -3.0072566986083986,
                43.35940947762743
              ],
              [
                -3.0078367923180527,
                43.358779831008924
              ],
              [
                -3.0079329412005498,
                43.3560438644447
              ],
              [
                -3.008137321472168,
                43.35560082459236
              ],
              [
                -3.009898567199707,
                43.3555268483077
              ],
              [
                -3.0105642130992383,
                43.3560438644447
              ],
              [
                -3.0102517544452367,
                43.356727856085755
              ],
              [
                -3.0107791900634764,
                43.35693448824422
              ],
              [
                -3.011311932551537,
                43.356727856085755
              ],
              [
                -3.0109599972224212,
                43.3560438644447
              ],
              [
                -3.0116598129272463,
                43.35550030815963
              ],
              [
                -3.0125404357910157,
                43.355773661070636
              ],
              [
                -3.013421058654785,
                43.355845158697825
              ]
            ],
            [
              [
                -3.0125404357910157,
                43.28816926987508
              ],
              [
                -3.012653206605323,
                43.28832869198013
              ],
              [
                -3.0126943908123827,
                43.28969667526224
              ],
              [
                -3.0125404357910157,
                43.28981625420125
              ],
              [
                -3.0116598129272463,
                43.28981625420125
              ],
              [
                -3.0107791900634764,
                43.290452512311866
              ],
              [
                -3.008137321472168,
                43.29062417022948
              ],
              [
                -3.0079780986719746,
                43.290380666903296
              ],
              [
                -3.0063760757446287,
                43.28957226041869
              ],
              [
                -3.0057504237281205,
                43.28969667526224
              ],
              [
                -3.0057504237281205,
                43.290380666903296
              ],
              [
                -3.0054954528808593,
                43.29057870619504
              ],
              [
                -3.00461483001709,
                43.29057870619504
              ],
              [
                -3.0036450019564906,
                43.290380666903296
              ],
              [
                -3.003618118417953,
                43.28901268362118
              ],
              [
                -3.00461483001709,
                43.28883885414771
              ],
              [
                -3.004799815592848,
                43.28832869198013
              ],
              [
                -3.004799815592848,
                43.28696070869802
              ],
              [
                -3.0051366253737926,
                43.28627671705696
              ],
              [
                -3.0054954528808593,
                43.285998010898496
              ],
              [
                -3.0063760757446287,
                43.285998010898496
              ],
              [
                -3.0072566986083986,
                43.28619645011073
              ],
              [
                -3.0090179443359375,
                43.287199805643176
              ],
              [
                -3.01014697526449,
                43.28764470033907
              ],
              [
                -3.0107791900634764,
                43.28816926987508
              ],
              [
                -3.0125404357910157,
                43.28816926987508
              ]
            ],
            [
              [
                -3.0116598129272463,
                43.3106533734588
              ],
              [
                -3.0117624934522027,
                43.310900416134984
              ],
              [
                -3.0117624934522027,
                43.3122683994171
              ],
              [
                -3.0116598129272463,
                43.312344104688094
              ],
              [
                -3.009898567199707,
                43.312344104688094
              ],
              [
                -3.0097953487676037,
                43.3122683994171
              ],
              [
                -3.0096761177203986,
                43.310900416134984
              ],
              [
                -3.0090179443359375,
                43.31064661743702
              ],
              [
                -3.0086692424521257,
                43.310900416134984
              ],
              [
                -3.0085603864528627,
                43.31158440777604
              ],
              [
                -3.008137321472168,
                43.31194555831314
              ],
              [
                -3.0055852928156503,
                43.3122683994171
              ],
              [
                -3.0037342071533204,
                43.31227464162552
              ],
              [
                -3.002853584289551,
                43.31174326348042
              ],
              [
                -3.0022072845652437,
                43.31158440777604
              ],
              [
                -3.0021131990487135,
                43.31021642449393
              ],
              [
                -3.0022671205799605,
                43.30953243285287
              ],
              [
                -3.001972961425781,
                43.309160084000716
              ],
              [
                -3.0010923385620116,
                43.30936998445655
              ],
              [
                -3.000211715698242,
                43.309952446377935
              ],
              [
                -2.9984504699707033,
                43.309862088464044
              ],
              [
                -2.9980856245315914,
                43.30953243285287
              ],
              [
                -2.997783590674195,
                43.308848441211815
              ],
              [
                -2.9978388003232928,
                43.3074804579297
              ],
              [
                -2.9984504699707033,
                43.30723426820055
              ],
              [
                -3.0010923385620116,
                43.307248225281676
              ],
              [
                -3.0037342071533204,
                43.30683005912361
              ],
              [
                -3.00461483001709,
                43.30682180990987
              ],
              [
                -3.0054954528808593,
                43.30651710007418
              ],
              [
                -3.0063760757446287,
                43.305760832082136
              ],
              [
                -3.008137321472168,
                43.305760832082136
              ],
              [
                -3.0084639510541638,
                43.30611247464759
              ],
              [
                -3.008570823077889,
                43.306796466288645
              ],
              [
                -3.0090179443359375,
                43.30743772161111
              ],
              [
                -3.0105928405868756,
                43.308848441211815
              ],
              [
                -3.0105928405868756,
                43.31021642449393
              ],
              [
                -3.0107791900634764,
                43.31060887323614
              ],
              [
                -3.0116598129272463,
                43.3106533734588
              ]
            ],
            [
              [
                -3.008137321472168,
                43.29981980679618
              ],
              [
                -3.00827069958233,
                43.29995654987808
              ],
              [
                -3.0082826343549547,
                43.300640541519144
              ],
              [
                -3.0082826343549547,
                43.30200852480125
              ],
              [
                -3.008137321472168,
                43.30216461813483
              ],
              [
                -3.0063760757446287,
                43.30225636948626
              ],
              [
                -3.005408138519024,
                43.30200852480125
              ],
              [
                -3.0053572032234435,
                43.29927255823703
              ],
              [
                -3.0054954528808593,
                43.299153221157034
              ],
              [
                -3.0072566986083986,
                43.299153221157034
              ],
              [
                -3.008137321472168,
                43.29981980679618
              ]
            ],
            [
              [
                -3.0054954528808593,
                43.29255858364486
              ],
              [
                -3.006213928668369,
                43.29311663346752
              ],
              [
                -3.006213928668369,
                43.293800625108574
              ],
              [
                -3.0054954528808593,
                43.295281855378086
              ],
              [
                -3.002853584289551,
                43.29746311906287
              ],
              [
                -3.0010923385620116,
                43.29748092699044
              ],
              [
                -3.0007571523107885,
                43.29722058331386
              ],
              [
                -3.0008221649713036,
                43.29585260003174
              ],
              [
                -3.001494851916146,
                43.29516860839069
              ],
              [
                -3.002625801219206,
                43.294484616749635
              ],
              [
                -3.002625801219206,
                43.293800625108574
              ],
              [
                -3.00311304641934,
                43.29311663346752
              ],
              [
                -3.0037342071533204,
                43.29255858364486
              ],
              [
                -3.0054954528808593,
                43.29255858364486
              ]
            ],
            [
              [
                -3.0037342071533204,
                43.28471596936447
              ],
              [
                -3.004173212419226,
                43.28490873377485
              ],
              [
                -3.004173212419226,
                43.28627671705696
              ],
              [
                -3.002853584289551,
                43.28698393359235
              ],
              [
                -3.0019937883171455,
                43.28764470033907
              ],
              [
                -3.001972961425781,
                43.2884541841643
              ],
              [
                -3.000211715698242,
                43.2884541841643
              ],
              [
                -3.0000800219715065,
                43.28696070869802
              ],
              [
                -3.0001868458380487,
                43.2855927254159
              ],
              [
                -3.0010923385620116,
                43.28556020810112
              ],
              [
                -3.001972961425781,
                43.2847769938706
              ],
              [
                -3.0037342071533204,
                43.28471596936447
              ]
            ],
            [
              [
                -3.000211715698242,
                43.29378756168523
              ],
              [
                -3.000223582223248,
                43.29516860839069
              ],
              [
                -2.9997252183963408,
                43.29585260003174
              ],
              [
                -2.999797279801399,
                43.296536591672805
              ],
              [
                -2.9993310928344727,
                43.29701541539885
              ],
              [
                -2.9975698471069334,
                43.29701541539885
              ],
              [
                -2.996689224243164,
                43.296399731821346
              ],
              [
                -2.994343748724204,
                43.29722058331386
              ],
              [
                -2.9950508386579466,
                43.29927255823703
              ],
              [
                -2.9950967193736115,
                43.300640541519144
              ],
              [
                -2.9958086013793945,
                43.30115803592104
              ],
              [
                -2.9975698471069334,
                43.30111358263369
              ],
              [
                -2.9984504699707033,
                43.30073837512139
              ],
              [
                -2.9993310928344727,
                43.3007808363125
              ],
              [
                -3.000031089510321,
                43.3013245331602
              ],
              [
                -2.9999346495348633,
                43.30200852480125
              ],
              [
                -2.9993310928344727,
                43.30284517596285
              ],
              [
                -2.994927978515625,
                43.30279866764984
              ],
              [
                -2.9940473556518556,
                43.302344454107434
              ],
              [
                -2.991405487060547,
                43.30244717004104
              ],
              [
                -2.9905248641967774,
                43.302246247532665
              ],
              [
                -2.989644241333008,
                43.30155656112253
              ],
              [
                -2.988763618469238,
                43.30148572292224
              ],
              [
                -2.988037105011327,
                43.30200852480125
              ],
              [
                -2.9878829956054687,
                43.302557146681124
              ],
              [
                -2.9861217498779298,
                43.302557146681124
              ],
              [
                -2.9852411270141603,
                43.30196429951839
              ],
              [
                -2.983479881286621,
                43.303025391278
              ],
              [
                -2.981718635559082,
                43.303025391278
              ],
              [
                -2.981023518612992,
                43.302692516442306
              ],
              [
                -2.980559172971679,
                43.30200852480125
              ],
              [
                -2.9797541226095134,
                43.3013245331602
              ],
              [
                -2.9797541226095134,
                43.29995654987808
              ],
              [
                -2.979957389831543,
                43.29972012652417
              ],
              [
                -2.981718635559082,
                43.29972012652417
              ],
              [
                -2.9825992584228516,
                43.299963482363566
              ],
              [
                -2.9831881204109147,
                43.29927255823703
              ],
              [
                -2.9828792067175214,
                43.298588566595974
              ],
              [
                -2.9828792067175214,
                43.29722058331386
              ],
              [
                -2.9842953777679027,
                43.29585260003174
              ],
              [
                -2.984845876901362,
                43.293800625108574
              ],
              [
                -2.9855933116422366,
                43.29311663346752
              ],
              [
                -2.9857165017682763,
                43.292432641826466
              ],
              [
                -2.9861217498779298,
                43.29193976301353
              ],
              [
                -2.9878829956054687,
                43.29189713884361
              ],
              [
                -2.9880537925715807,
                43.29174865018541
              ],
              [
                -2.98867807620263,
                43.290380666903296
              ],
              [
                -2.988763618469238,
                43.289578084813556
              ],
              [
                -2.9905248641967774,
                43.289578084813556
              ],
              [
                -2.9922861099243163,
                43.28995871832632
              ],
              [
                -2.9931667327880858,
                43.2899057864918
              ],
              [
                -2.994927978515625,
                43.28929727684072
              ],
              [
                -2.996689224243164,
                43.288910105071416
              ],
              [
                -2.9984504699707033,
                43.288910105071416
              ],
              [
                -2.9996189305261423,
                43.28969667526224
              ],
              [
                -2.9996189305261423,
                43.29106465854435
              ],
              [
                -2.9993310928344727,
                43.29137054161375
              ],
              [
                -2.9982538898161124,
                43.29174865018541
              ],
              [
                -2.997172968887707,
                43.29311663346752
              ],
              [
                -2.9975698471069334,
                43.293273221328256
              ],
              [
                -2.9993310928344727,
                43.293304743748564
              ],
              [
                -3.000211715698242,
                43.29378756168523
              ]
            ],
            [
              [
                -2.996689224243164,
                43.28317802018402
              ],
              [
                -2.997156230832233,
                43.28354075049273
              ],
              [
                -2.997156230832233,
                43.28422474213379
              ],
              [
                -2.996962611050026,
                43.28490873377485
              ],
              [
                -2.997042411572407,
                43.28627671705696
              ],
              [
                -2.996689224243164,
                43.28655104241333
              ],
              [
                -2.9958086013793945,
                43.28639503222173
              ],
              [
                -2.994927978515625,
                43.2869614986606
              ],
              [
                -2.9931667327880858,
                43.2869614986606
              ],
              [
                -2.9931661878995075,
                43.2855927254159
              ],
              [
                -2.9940261393193945,
                43.28490873377485
              ],
              [
                -2.9940473556518556,
                43.2840935792631
              ],
              [
                -2.9943260606249718,
                43.28354075049273
              ],
              [
                -2.994927978515625,
                43.28317802018402
              ],
              [
                -2.996689224243164,
                43.28317802018402
              ]
            ],
            [
              [
                -2.994927978515625,
                43.34022937534009
              ],
              [
                -2.9951320082423143,
                43.340312056700405
              ],
              [
                -2.9955080449700446,
                43.34099604834146
              ],
              [
                -2.9955080449700446,
                43.342364031623575
              ],
              [
                -2.994927978515625,
                43.342644438990995
              ],
              [
                -2.9922861099243163,
                43.342749692755895
              ],
              [
                -2.991405487060547,
                43.34227586453993
              ],
              [
                -2.9905248641967774,
                43.34298071530153
              ],
              [
                -2.988763618469238,
                43.34298071530153
              ],
              [
                -2.987820474356684,
                43.342364031623575
              ],
              [
                -2.987820474356684,
                43.34099604834146
              ],
              [
                -2.9884021859739303,
                43.340312056700405
              ],
              [
                -2.988763618469238,
                43.34012848553245
              ],
              [
                -2.989644241333008,
                43.33998507036761
              ],
              [
                -2.9931667327880858,
                43.340008944924136
              ],
              [
                -2.994927978515625,
                43.34022937534009
              ]
            ],
            [
              [
                -2.9940473556518556,
                43.327795119544
              ],
              [
                -2.994112644857197,
                43.3293681904435
              ],
              [
                -2.9922861099243163,
                43.32941730411797
              ],
              [
                -2.991405487060547,
                43.32888404309672
              ],
              [
                -2.989644241333008,
                43.32881570437438
              ],
              [
                -2.9878829956054687,
                43.327663202351054
              ],
              [
                -2.9825992584228516,
                43.32739194568483
              ],
              [
                -2.982509456374085,
                43.325948232238225
              ],
              [
                -2.9832371365459096,
                43.325264240597164
              ],
              [
                -2.98342181891375,
                43.32458024895611
              ],
              [
                -2.984388003718538,
                43.323896257315056
              ],
              [
                -2.983479881286621,
                43.323328061159025
              ],
              [
                -2.981718635559082,
                43.323328061159025
              ],
              [
                -2.9808380126953127,
                43.323075776416566
              ],
              [
                -2.980221562554408,
                43.32252827403294
              ],
              [
                -2.980221562554408,
                43.321160290750825
              ],
              [
                -2.9808380126953127,
                43.32069888633771
              ],
              [
                -2.9825992584228516,
                43.320744095732096
              ],
              [
                -2.983479881286621,
                43.32105994152231
              ],
              [
                -2.986026810674882,
                43.32047629910977
              ],
              [
                -2.9861217498779298,
                43.31951493074183
              ],
              [
                -2.987002372741699,
                43.31918164792235
              ],
              [
                -2.988763618469238,
                43.31924199370008
              ],
              [
                -2.9893221644602783,
                43.31979230746872
              ],
              [
                -2.9891757927883393,
                43.321160290750825
              ],
              [
                -2.9887898236318775,
                43.321844282391886
              ],
              [
                -2.9897343528759635,
                43.32252827403294
              ],
              [
                -2.9897343528759635,
                43.323896257315056
              ],
              [
                -2.9889631068203566,
                43.32458024895611
              ],
              [
                -2.9903664911975745,
                43.325264240597164
              ],
              [
                -2.9907098344849814,
                43.325948232238225
              ],
              [
                -2.9916621262895515,
                43.32663222387928
              ],
              [
                -2.9922861099243163,
                43.327795119544
              ],
              [
                -2.9940473556518556,
                43.327795119544
              ]
            ],
            [
              [
                -2.9852411270141603,
                43.27981048610559
              ],
              [
                -2.9858805917317373,
                43.28012079228745
              ],
              [
                -2.9858805917317373,
                43.281488775569564
              ],
              [
                -2.9852411270141603,
                43.28163360917038
              ],
              [
                -2.983957907681756,
                43.28285675885168
              ],
              [
                -2.9843605041503904,
                43.28332806154107
              ],
              [
                -2.984938289045151,
                43.28354075049273
              ],
              [
                -2.984938289045151,
                43.28490873377485
              ],
              [
                -2.9843605041503904,
                43.28531306683221
              ],
              [
                -2.983479881286621,
                43.28531306683221
              ],
              [
                -2.9825992584228516,
                43.285109427422185
              ],
              [
                -2.981718635559082,
                43.28454914892768
              ],
              [
                -2.9811265646247076,
                43.28354075049273
              ],
              [
                -2.9799437304744925,
                43.28217276721062
              ],
              [
                -2.978636181550296,
                43.281488775569564
              ],
              [
                -2.978196144104004,
                43.28101462349164
              ],
              [
                -2.978106844626825,
                43.278068817364286
              ],
              [
                -2.979957389831543,
                43.278002319477004
              ],
              [
                -2.9808380126953127,
                43.27862301219514
              ],
              [
                -2.981718635559082,
                43.278682288636666
              ],
              [
                -2.982327597778336,
                43.279436800646394
              ],
              [
                -2.9825992584228516,
                43.27957288262383
              ],
              [
                -2.9852411270141603,
                43.27981048610559
              ]
            ],
            [
              [
                -2.9852411270141603,
                43.31492924928166
              ],
              [
                -2.985282614469909,
                43.31774033254555
              ],
              [
                -2.9843605041503904,
                43.318423858243996
              ],
              [
                -2.9825992584228516,
                43.318423858243996
              ],
              [
                -2.981718635559082,
                43.31808396439767
              ],
              [
                -2.980823200528848,
                43.31705634090449
              ],
              [
                -2.9806461794517127,
                43.31637234926343
              ],
              [
                -2.9805682802804694,
                43.31500436598132
              ],
              [
                -2.9808380126953127,
                43.314794861181184
              ],
              [
                -2.9843605041503904,
                43.3147884305466
              ],
              [
                -2.9852411270141603,
                43.31492924928166
              ]
            ],
            [
              [
                -2.979957389831543,
                43.288891024107826
              ],
              [
                -2.9802842969185916,
                43.28901268362118
              ],
              [
                -2.9802842969185916,
                43.290380666903296
              ],
              [
                -2.979957389831543,
                43.290909611327216
              ],
              [
                -2.978196144104004,
                43.290909611327216
              ],
              [
                -2.9778471062399214,
                43.290380666903296
              ],
              [
                -2.9779433103519226,
                43.28901268362118
              ],
              [
                -2.978196144104004,
                43.288891024107826
              ],
              [
                -2.979957389831543,
                43.288891024107826
              ]
            ],
            [
              [
                -2.9773155212402345,
                43.30193705500482
              ],
              [
                -2.977467026292115,
                43.30200852480125
              ],
              [
                -2.977467026292115,
                43.30337650808337
              ],
              [
                -2.9766962565230135,
                43.304744491365476
              ],
              [
                -2.976434898376465,
                43.30491876883789
              ],
              [
                -2.9746736526489257,
                43.30529807408963
              ],
              [
                -2.9737930297851562,
                43.30529807408963
              ],
              [
                -2.972912406921387,
                43.306073590266394
              ],
              [
                -2.9720317840576174,
                43.30626409178956
              ],
              [
                -2.970270538330078,
                43.30626409178956
              ],
              [
                -2.9701849742166417,
                43.304744491365476
              ],
              [
                -2.9702942964462906,
                43.30337650808337
              ],
              [
                -2.9709421465666472,
                43.302692516442306
              ],
              [
                -2.9720317840576174,
                43.30219513169395
              ],
              [
                -2.972912406921387,
                43.30143447209586
              ],
              [
                -2.975554275512695,
                43.30132729733217
              ],
              [
                -2.9773155212402345,
                43.30193705500482
              ]
            ],
            [
              [
                -2.976434898376465,
                43.31769461076459
              ],
              [
                -2.976796678119344,
                43.31774033254555
              ],
              [
                -2.976796678119344,
                43.31910831582766
              ],
              [
                -2.976434898376465,
                43.31937707667147
              ],
              [
                -2.9746736526489257,
                43.319171737702774
              ],
              [
                -2.9737930297851562,
                43.318908062994836
              ],
              [
                -2.9720317840576174,
                43.318908062994836
              ],
              [
                -2.9713986274678423,
                43.3184243241866
              ],
              [
                -2.9713986274678423,
                43.31705634090449
              ],
              [
                -2.9720317840576174,
                43.316659541041
              ],
              [
                -2.9746736526489257,
                43.31679441868266
              ],
              [
                -2.975235788604735,
                43.31705634090449
              ],
              [
                -2.975554275512695,
                43.317574893488626
              ],
              [
                -2.976434898376465,
                43.31769461076459
              ]
            ],
            [
              [
                -2.975554275512695,
                43.2742572383605
              ],
              [
                -2.975790344850452,
                43.274648859159
              ],
              [
                -2.9758114781513076,
                43.27670083408217
              ],
              [
                -2.975018457401531,
                43.277384825723225
              ],
              [
                -2.9737930297851562,
                43.27776427290125
              ],
              [
                -2.9711511611938475,
                43.27765912857662
              ],
              [
                -2.970789017994777,
                43.277384825723225
              ],
              [
                -2.9705179686148835,
                43.27670083408217
              ],
              [
                -2.9705179686148835,
                43.275332850800055
              ],
              [
                -2.9711511611938475,
                43.27487245569964
              ],
              [
                -2.9720317840576174,
                43.2745431684942
              ],
              [
                -2.9737930297851562,
                43.2742572383605
              ],
              [
                -2.975554275512695,
                43.2742572383605
              ]
            ],
            [
              [
                -2.966748046875,
                43.2833758998872
              ],
              [
                -2.966902571698741,
                43.28354075049273
              ],
              [
                -2.966902571698741,
                43.28490873377485
              ],
              [
                -2.966748046875,
                43.285189758531224
              ],
              [
                -2.964986801147461,
                43.285189758531224
              ],
              [
                -2.96478509258081,
                43.28490873377485
              ],
              [
                -2.9646604555438016,
                43.28422474213379
              ],
              [
                -2.9641061782836915,
                43.283931761937694
              ],
              [
                -2.962344932556152,
                43.28380565618851
              ],
              [
                -2.961540763835967,
                43.28285675885168
              ],
              [
                -2.9614643096923827,
                43.281213645923884
              ],
              [
                -2.9605836868286133,
                43.28061083332316
              ],
              [
                -2.959703063964844,
                43.28117400375524
              ],
              [
                -2.9588224411010744,
                43.28117400375524
              ],
              [
                -2.9579418182373045,
                43.28084621947599
              ],
              [
                -2.958083647928451,
                43.276016842441116
              ],
              [
                -2.957061195373535,
                43.27596407285781
              ],
              [
                -2.956248512085017,
                43.275332850800055
              ],
              [
                -2.956248512085017,
                43.274648859159
              ],
              [
                -2.9566556252080995,
                43.27396486751795
              ],
              [
                -2.9579418182373045,
                43.27337974105674
              ],
              [
                -2.959703063964844,
                43.27337974105674
              ],
              [
                -2.960204140074921,
                43.27396486751795
              ],
              [
                -2.960204140074921,
                43.274648859159
              ],
              [
                -2.9605836868286133,
                43.274970604988454
              ],
              [
                -2.962344932556152,
                43.27517716516612
              ],
              [
                -2.962636212105719,
                43.275332850800055
              ],
              [
                -2.963260926945105,
                43.276016842441116
              ],
              [
                -2.963260926945105,
                43.277384825723225
              ],
              [
                -2.962512363478233,
                43.278068817364286
              ],
              [
                -2.9626239605718143,
                43.27875280900534
              ],
              [
                -2.963317048956573,
                43.279436800646394
              ],
              [
                -2.9633300472833772,
                43.28012079228745
              ],
              [
                -2.9641061782836915,
                43.28045725534356
              ],
              [
                -2.964986801147461,
                43.28045725534356
              ],
              [
                -2.965864037465205,
                43.28080478392851
              ],
              [
                -2.9660287713174402,
                43.281488775569564
              ],
              [
                -2.9660363181067666,
                43.28285675885168
              ],
              [
                -2.966748046875,
                43.2833758998872
              ]
            ],
            [
              [
                -2.9526580810546874,
                43.26792536544028
              ],
              [
                -2.953053424269959,
                43.26849293438949
              ],
              [
                -2.953053424269959,
                43.26917692603055
              ],
              [
                -2.9527822728404494,
                43.26986091767161
              ],
              [
                -2.9529867797509564,
                43.27054490931266
              ],
              [
                -2.9529867797509564,
                43.27122890095372
              ],
              [
                -2.952808438460825,
                43.27191289259478
              ],
              [
                -2.9526580810546874,
                43.272003653677714
              ],
              [
                -2.9508968353271485,
                43.272003653677714
              ],
              [
                -2.950016212463379,
                43.2722643921778
              ],
              [
                -2.949135589599609,
                43.27288961788862
              ],
              [
                -2.9473743438720703,
                43.27288961788862
              ],
              [
                -2.9429712295532227,
                43.27281774782422
              ],
              [
                -2.942090606689453,
                43.272390999825426
              ],
              [
                -2.9415744582899666,
                43.27191289259478
              ],
              [
                -2.9413836767592425,
                43.27122890095372
              ],
              [
                -2.9413836767592425,
                43.26986091767161
              ],
              [
                -2.942090606689453,
                43.269060070276005
              ],
              [
                -2.9447324752807615,
                43.269181054796746
              ],
              [
                -2.9449393325423063,
                43.26849293438949
              ],
              [
                -2.9456130981445314,
                43.26798739746976
              ],
              [
                -2.9482549667358398,
                43.26799839596855
              ],
              [
                -2.949135589599609,
                43.267683979331984
              ],
              [
                -2.9508968353271485,
                43.26770655149195
              ],
              [
                -2.9526580810546874,
                43.26792536544028
              ]
            ],
            [
              [
                -2.9508968353271485,
                43.256759857246145
              ],
              [
                -2.950951805698535,
                43.258917051414706
              ],
              [
                -2.9502985688684795,
                43.25960104305577
              ],
              [
                -2.950153793835505,
                43.26028503469682
              ],
              [
                -2.950153793835505,
                43.26165301797893
              ],
              [
                -2.950016212463379,
                43.26191135607184
              ],
              [
                -2.9493620950100228,
                43.26233700961999
              ],
              [
                -2.9493620950100228,
                43.2637049929021
              ],
              [
                -2.9482549667358398,
                43.2638486170475
              ],
              [
                -2.9473743438720703,
                43.26452755478603
              ],
              [
                -2.946493721008301,
                43.26477006807779
              ],
              [
                -2.9456130981445314,
                43.26556594188067
              ],
              [
                -2.9447324752807615,
                43.26590677726401
              ],
              [
                -2.942365024662556,
                43.26575696782527
              ],
              [
                -2.9412099838256838,
                43.2653855512688
              ],
              [
                -2.940329360961914,
                43.2649172928354
              ],
              [
                -2.9394487380981444,
                43.26475960105215
              ],
              [
                -2.938568115234375,
                43.26497389381112
              ],
              [
                -2.938263266534898,
                43.26575696782527
              ],
              [
                -2.938568115234375,
                43.2661787539095
              ],
              [
                -2.940329360961914,
                43.26630883217901
              ],
              [
                -2.94163366384787,
                43.267124951107384
              ],
              [
                -2.94163366384787,
                43.26849293438949
              ],
              [
                -2.9412099838256838,
                43.2688440375469
              ],
              [
                -2.9394487380981444,
                43.268610625516864
              ],
              [
                -2.938568115234375,
                43.26883012519942
              ],
              [
                -2.936806869506836,
                43.26883012519942
              ],
              [
                -2.936553672393421,
                43.26849293438949
              ],
              [
                -2.9359262466430662,
                43.26807654156383
              ],
              [
                -2.9341650009155273,
                43.26813146318432
              ],
              [
                -2.933284378051758,
                43.26851285462958
              ],
              [
                -2.9315231323242186,
                43.26851285462958
              ],
              [
                -2.930376048604284,
                43.26780894274844
              ],
              [
                -2.930347833422342,
                43.267124951107384
              ],
              [
                -2.930069323613783,
                43.26644095946632
              ],
              [
                -2.930069323613783,
                43.26575696782527
              ],
              [
                -2.9297618865966797,
                43.26537266036285
              ],
              [
                -2.9288812637329102,
                43.26521226604068
              ],
              [
                -2.9274740266343597,
                43.26575696782527
              ],
              [
                -2.92735297381526,
                43.26644095946632
              ],
              [
                -2.929186847529254,
                43.26780894274844
              ],
              [
                -2.9293207616979293,
                43.26917692603055
              ],
              [
                -2.9288812637329102,
                43.26951829002041
              ],
              [
                -2.9262393951416015,
                43.26949135849268
              ],
              [
                -2.925358772277832,
                43.26935937993673
              ],
              [
                -2.921836280822754,
                43.268161652566576
              ],
              [
                -2.9209556579589844,
                43.267373046298154
              ],
              [
                -2.920075035095215,
                43.26725217281039
              ],
              [
                -2.9183137893676756,
                43.26771803433712
              ],
              [
                -2.9165525436401367,
                43.26767044070859
              ],
              [
                -2.9161116520561157,
                43.267124951107384
              ],
              [
                -2.916137495554933,
                43.26644095946632
              ],
              [
                -2.9150780334604827,
                43.265072976184214
              ],
              [
                -2.9150780334604827,
                43.2637049929021
              ],
              [
                -2.9138348116797412,
                43.26233700961999
              ],
              [
                -2.913831132405786,
                43.260969026337875
              ],
              [
                -2.913910675048828,
                43.26085156267962
              ],
              [
                -2.9156719207763673,
                43.26089237979982
              ],
              [
                -2.916395375431348,
                43.26028503469682
              ],
              [
                -2.9163992650016652,
                43.258917051414706
              ],
              [
                -2.9173812758860054,
                43.25823305977365
              ],
              [
                -2.9165525436401367,
                43.257662348648665
              ],
              [
                -2.9156719207763673,
                43.25762798859513
              ],
              [
                -2.914791297912598,
                43.25689646154694
              ],
              [
                -2.913910675048828,
                43.257170347245804
              ],
              [
                -2.9112688064575196,
                43.257075426188216
              ],
              [
                -2.910847909700624,
                43.256865076491536
              ],
              [
                -2.91038818359375,
                43.25630218534365
              ],
              [
                -2.9102559781842565,
                43.25549709320943
              ],
              [
                -2.910290667165146,
                43.25344511828626
              ],
              [
                -2.9112688064575196,
                43.252220384004524
              ],
              [
                -2.9132618350381114,
                43.25207713500414
              ],
              [
                -2.9130300521850585,
                43.25123931132066
              ],
              [
                -2.912149429321289,
                43.25157210142114
              ],
              [
                -2.9100584358411865,
                43.25139314336309
              ],
              [
                -2.9100584358411865,
                43.25002516008097
              ],
              [
                -2.91038818359375,
                43.24998139050024
              ],
              [
                -2.911159861211397,
                43.24934116843992
              ],
              [
                -2.9108913347263843,
                43.248657176798865
              ],
              [
                -2.9095075607299803,
                43.24817434929802
              ],
              [
                -2.908626937866211,
                43.248174266581394
              ],
              [
                -2.908224472703047,
                43.247973185157804
              ],
              [
                -2.908224472703047,
                43.246605201875695
              ],
              [
                -2.9095075607299803,
                43.24595104599079
              ],
              [
                -2.9112688064575196,
                43.24595104599079
              ],
              [
                -2.911767853578052,
                43.246605201875695
              ],
              [
                -2.9118943728208464,
                43.247973185157804
              ],
              [
                -2.912149429321289,
                43.24836398942041
              ],
              [
                -2.9136542494788884,
                43.248657176798865
              ],
              [
                -2.913658117010418,
                43.25002516008097
              ],
              [
                -2.914791297912598,
                43.25037660791712
              ],
              [
                -2.9156719207763673,
                43.25037660791712
              ],
              [
                -2.9165525436401367,
                43.2506034171687
              ],
              [
                -2.916656425805978,
                43.25139314336309
              ],
              [
                -2.9169728418581564,
                43.25207713500414
              ],
              [
                -2.9183137893676756,
                43.252668098346284
              ],
              [
                -2.9184813632256956,
                43.25344511828626
              ],
              [
                -2.9191944122314455,
                43.2538312121476
              ],
              [
                -2.920075035095215,
                43.25332535299037
              ],
              [
                -2.9209556579589844,
                43.253291496304364
              ],
              [
                -2.921836280822754,
                43.25292821037162
              ],
              [
                -2.923597526550293,
                43.25292821037162
              ],
              [
                -2.925358772277832,
                43.2539713782393
              ],
              [
                -2.927120018005371,
                43.254051443717174
              ],
              [
                -2.928000640869141,
                43.25457452980063
              ],
              [
                -2.9297618865966797,
                43.25481215011297
              ],
              [
                -2.930642509460449,
                43.25569227762679
              ],
              [
                -2.9341650009155273,
                43.25570972832115
              ],
              [
                -2.93454552639403,
                43.25549709320943
              ],
              [
                -2.935045623779297,
                43.25459224265392
              ],
              [
                -2.935701324490998,
                43.25412910992731
              ],
              [
                -2.935812483385755,
                43.2527611266452
              ],
              [
                -2.9359262466430662,
                43.252534478495974
              ],
              [
                -2.9367419765033485,
                43.25207713500414
              ],
              [
                -2.9367419765033485,
                43.25139314336309
              ],
              [
                -2.938568115234375,
                43.251358921051036
              ],
              [
                -2.9394487380981444,
                43.251471567543646
              ],
              [
                -2.9399943523314036,
                43.25207713500414
              ],
              [
                -2.9399943523314036,
                43.25344511828626
              ],
              [
                -2.939619758967169,
                43.25412910992731
              ],
              [
                -2.940329360961914,
                43.254414828826064
              ],
              [
                -2.9429712295532227,
                43.25450137011321
              ],
              [
                -2.943851852416992,
                43.25431144653156
              ],
              [
                -2.9444095681166513,
                43.25481310156837
              ],
              [
                -2.9441249348663914,
                43.25549709320943
              ],
              [
                -2.9448457488338744,
                43.25618108485048
              ],
              [
                -2.9456130981445314,
                43.25646225394364
              ],
              [
                -2.9463750863178766,
                43.25618108485048
              ],
              [
                -2.946493721008301,
                43.25544476369627
              ],
              [
                -2.9482549667358398,
                43.25544910434219
              ],
              [
                -2.94852858295622,
                43.25618108485048
              ],
              [
                -2.949135589599609,
                43.256657222688695
              ],
              [
                -2.9508968353271485,
                43.256759857246145
              ]
            ],
            [
              [
                -2.9482549667358398,
                43.249105805989934
              ],
              [
                -2.94861227497321,
                43.24934116843992
              ],
              [
                -2.94861227497321,
                43.25139314336309
              ],
              [
                -2.9482676247552946,
                43.25207713500414
              ],
              [
                -2.9473743438720703,
                43.252105187778405
              ],
              [
                -2.9466650530007708,
                43.2527611266452
              ],
              [
                -2.946493721008301,
                43.254169970182424
              ],
              [
                -2.9456130981445314,
                43.25439975929984
              ],
              [
                -2.9447324752807615,
                43.25439975929984
              ],
              [
                -2.9442828918314063,
                43.25412910992731
              ],
              [
                -2.9442828918314063,
                43.25344511828626
              ],
              [
                -2.943851852416992,
                43.253403586526794
              ],
              [
                -2.942693667450209,
                43.2527611266452
              ],
              [
                -2.942693667450209,
                43.25139314336309
              ],
              [
                -2.9429712295532227,
                43.25109041705975
              ],
              [
                -2.943851852416992,
                43.250889698920226
              ],
              [
                -2.9447324752807615,
                43.250889698920226
              ],
              [
                -2.945081559327141,
                43.250709151722035
              ],
              [
                -2.9449626650804315,
                43.24934116843992
              ],
              [
                -2.9456130981445314,
                43.248835968317124
              ],
              [
                -2.9482549667358398,
                43.249105805989934
              ]
            ],
            [
              [
                -2.9341650009155273,
                43.247093156481945
              ],
              [
                -2.934675864863683,
                43.24728919351675
              ],
              [
                -2.9349368017525497,
                43.247973185157804
              ],
              [
                -2.9349368017525497,
                43.24934116843992
              ],
              [
                -2.934610040136834,
                43.25002516008097
              ],
              [
                -2.934610040136834,
                43.250709151722035
              ],
              [
                -2.9341650009155273,
                43.25117963482335
              ],
              [
                -2.9324037551879885,
                43.25119262334306
              ],
              [
                -2.9319885330461513,
                43.25139314336309
              ],
              [
                -2.9319885330461513,
                43.25207713500414
              ],
              [
                -2.931638592294736,
                43.2527611266452
              ],
              [
                -2.9297318583867007,
                43.2527611266452
              ],
              [
                -2.929383584829601,
                43.25207713500414
              ],
              [
                -2.929383584829601,
                43.25139314336309
              ],
              [
                -2.9288812637329102,
                43.251142817930216
              ],
              [
                -2.928000640869141,
                43.251142817930216
              ],
              [
                -2.9271962648482677,
                43.250709151722035
              ],
              [
                -2.9271962648482677,
                43.25002516008097
              ],
              [
                -2.9262974488623943,
                43.24934116843992
              ],
              [
                -2.9262974488623943,
                43.248657176798865
              ],
              [
                -2.926676868873678,
                43.247973185157804
              ],
              [
                -2.927120018005371,
                43.24762759863322
              ],
              [
                -2.928000640869141,
                43.24755260264758
              ],
              [
                -2.928368961027853,
                43.24728919351675
              ],
              [
                -2.9288812637329102,
                43.24636320498231
              ],
              [
                -2.9297618865966797,
                43.2454335385498
              ],
              [
                -2.9315231323242186,
                43.2454335385498
              ],
              [
                -2.932306506418543,
                43.246605201875695
              ],
              [
                -2.933284378051758,
                43.2466403204037
              ],
              [
                -2.9341650009155273,
                43.247093156481945
              ]
            ],
            [
              [
                -2.9262393951416015,
                43.241652451963986
              ],
              [
                -2.9264161438816236,
                43.2418172603883
              ],
              [
                -2.9264161438816236,
                43.24318524367041
              ],
              [
                -2.9262393951416015,
                43.24331867963823
              ],
              [
                -2.9244781494140626,
                43.24331867963823
              ],
              [
                -2.9242201674811015,
                43.24318524367041
              ],
              [
                -2.9240475056127577,
                43.2418172603883
              ],
              [
                -2.9244781494140626,
                43.24148277354667
              ],
              [
                -2.9262393951416015,
                43.241652451963986
              ]
            ],
            [
              [
                -2.9227169036865233,
                43.248414900006075
              ],
              [
                -2.9230879758836656,
                43.248657176798865
              ],
              [
                -2.9231699448828468,
                43.25002516008097
              ],
              [
                -2.9227169036865233,
                43.25063627167508
              ],
              [
                -2.9209556579589844,
                43.25063627167508
              ],
              [
                -2.9208183629098685,
                43.25002516008097
              ],
              [
                -2.9208183629098685,
                43.248657176798865
              ],
              [
                -2.9209556579589844,
                43.24847883756769
              ],
              [
                -2.9227169036865233,
                43.248414900006075
              ]
            ],
            [
              [
                -2.921836280822754,
                43.24040358386348
              ],
              [
                -2.921967295564673,
                43.24044927710619
              ],
              [
                -2.921967295564673,
                43.2418172603883
              ],
              [
                -2.921836280822754,
                43.24187354115811
              ],
              [
                -2.9209556579589844,
                43.241876046052056
              ],
              [
                -2.920075035095215,
                43.24239175227531
              ],
              [
                -2.9183137893676756,
                43.24239175227531
              ],
              [
                -2.9177310550680264,
                43.2418172603883
              ],
              [
                -2.9177310550680264,
                43.24044927710619
              ],
              [
                -2.9183137893676756,
                43.23970067031902
              ],
              [
                -2.920075035095215,
                43.239729783150715
              ],
              [
                -2.9209556579589844,
                43.24039769724992
              ],
              [
                -2.921836280822754,
                43.24040358386348
              ]
            ],
            [
              [
                -2.9051044464111326,
                43.24654666404655
              ],
              [
                -2.9053494028140827,
                43.24728919351675
              ],
              [
                -2.9053494028140827,
                43.247973185157804
              ],
              [
                -2.9051325949694995,
                43.248657176798865
              ],
              [
                -2.9024442692153873,
                43.248657176798865
              ],
              [
                -2.902450696264705,
                43.24728919351675
              ],
              [
                -2.9031570060467633,
                43.246605201875695
              ],
              [
                -2.9051044464111326,
                43.24654666404655
              ]
            ],
            [
              [
                -2.897178840637207,
                43.25953596022635
              ],
              [
                -2.897372644502469,
                43.25960104305577
              ],
              [
                -2.897372644502469,
                43.260969026337875
              ],
              [
                -2.89539197443566,
                43.260969026337875
              ],
              [
                -2.895417594909668,
                43.25953596022635
              ],
              [
                -2.897178840637207,
                43.25953596022635
              ]
            ],
            [
              [
                -2.893656349182129,
                43.24486022435008
              ],
              [
                -2.894065679136433,
                43.24523721859358
              ],
              [
                -2.8942645314555726,
                43.24592121023464
              ],
              [
                -2.8942645314555726,
                43.24728919351675
              ],
              [
                -2.8941045176328446,
                43.247973185157804
              ],
              [
                -2.893656349182129,
                43.248240399919425
              ],
              [
                -2.8927757263183596,
                43.24824301288448
              ],
              [
                -2.8918951034545897,
                43.24824301288448
              ],
              [
                -2.8914036675802235,
                43.247973185157804
              ],
              [
                -2.8914036675802235,
                43.24728919351675
              ],
              [
                -2.8906040030889617,
                43.24592121023464
              ],
              [
                -2.8906040030889617,
                43.244553226952526
              ],
              [
                -2.8910144805908202,
                43.24428780669614
              ],
              [
                -2.8927757263183596,
                43.24428780669614
              ],
              [
                -2.893656349182129,
                43.24486022435008
              ]
            ],
            [
              [
                -2.8927757263183596,
                43.25058279755329
              ],
              [
                -2.8928707612972895,
                43.250709151722035
              ],
              [
                -2.8927757263183596,
                43.252305534644506
              ],
              [
                -2.8910144805908202,
                43.252305534644506
              ],
              [
                -2.890707096819932,
                43.25139314336309
              ],
              [
                -2.890707096819932,
                43.250709151722035
              ],
              [
                -2.8910144805908202,
                43.25054182256738
              ],
              [
                -2.8927757263183596,
                43.25058279755329
              ]
            ],
            [
              [
                -2.8892532348632813,
                43.236748204579065
              ],
              [
                -2.889444399852413,
                43.23702931890091
              ],
              [
                -2.889444399852413,
                43.23839730218302
              ],
              [
                -2.8892532348632813,
                43.23878879389018
              ],
              [
                -2.888372611999512,
                43.2396308604508
              ],
              [
                -2.8866113662719726,
                43.2396308604508
              ],
              [
                -2.8864026157844322,
                43.23908129382407
              ],
              [
                -2.885730743408203,
                43.23867795083157
              ],
              [
                -2.8848501205444337,
                43.2386562755665
              ],
              [
                -2.8831220062895597,
                43.23771331054196
              ],
              [
                -2.882208251953125,
                43.23665389596222
              ],
              [
                -2.881529078537324,
                43.23702931890091
              ],
              [
                -2.8813276290893555,
                43.23857615340576
              ],
              [
                -2.880447006225586,
                43.2390275589867
              ],
              [
                -2.8795663833618166,
                43.2390275589867
              ],
              [
                -2.878754942814807,
                43.23839730218302
              ],
              [
                -2.878754942814807,
                43.23771331054196
              ],
              [
                -2.8795663833618166,
                43.236482753544756
              ],
              [
                -2.880447006225586,
                43.236482753544756
              ],
              [
                -2.8807106233266486,
                43.23634532725985
              ],
              [
                -2.881154212754038,
                43.23566133561879
              ],
              [
                -2.8811662534563975,
                43.23497734397774
              ],
              [
                -2.882208251953125,
                43.23470032432309
              ],
              [
                -2.8839694976806642,
                43.23470032432309
              ],
              [
                -2.8866113662719726,
                43.235578713845506
              ],
              [
                -2.887491989135742,
                43.23627793338355
              ],
              [
                -2.888539132343575,
                43.23634532725985
              ],
              [
                -2.8892532348632813,
                43.236748204579065
              ]
            ],
            [
              [
                -2.888372611999512,
                43.29019076629912
              ],
              [
                -2.889009265328281,
                43.29106465854435
              ],
              [
                -2.889009265328281,
                43.292432641826466
              ],
              [
                -2.888372611999512,
                43.29327437523306
              ],
              [
                -2.887491989135742,
                43.29358159003716
              ],
              [
                -2.885730743408203,
                43.293611024842235
              ],
              [
                -2.8848501205444337,
                43.29316779646726
              ],
              [
                -2.8839061995880355,
                43.292432641826466
              ],
              [
                -2.8834842442621573,
                43.29174865018541
              ],
              [
                -2.8834842442621573,
                43.290380666903296
              ],
              [
                -2.8839694976806642,
                43.29006310390194
              ],
              [
                -2.887491989135742,
                43.29006310390194
              ],
              [
                -2.888372611999512,
                43.29019076629912
              ]
            ],
            [
              [
                -2.8866113662719726,
                43.29686691927243
              ],
              [
                -2.8869516988693187,
                43.29722058331386
              ],
              [
                -2.8870964713928786,
                43.29790457495491
              ],
              [
                -2.8870964713928786,
                43.298588566595974
              ],
              [
                -2.8866113662719726,
                43.298965354278174
              ],
              [
                -2.885730743408203,
                43.298965354278174
              ],
              [
                -2.884129121781236,
                43.298588566595974
              ],
              [
                -2.8838816118178667,
                43.29790457495491
              ],
              [
                -2.8838672533670406,
                43.296536591672805
              ],
              [
                -2.8839694976806642,
                43.296376650196265
              ],
              [
                -2.885730743408203,
                43.296376650196265
              ],
              [
                -2.8866113662719726,
                43.29686691927243
              ]
            ],
            [
              [
                -2.8839694976806642,
                43.243149844668444
              ],
              [
                -2.884430714882285,
                43.24386923531147
              ],
              [
                -2.884430714882285,
                43.24523721859358
              ],
              [
                -2.882208251953125,
                43.24546731153621
              ],
              [
                -2.880447006225586,
                43.24546129038327
              ],
              [
                -2.879208966419999,
                43.24523721859358
              ],
              [
                -2.879101750780653,
                43.24386923531147
              ],
              [
                -2.8795663833618166,
                43.24350834892667
              ],
              [
                -2.880447006225586,
                43.24372193799773
              ],
              [
                -2.8813276290893555,
                43.24307880847394
              ],
              [
                -2.8839694976806642,
                43.243149844668444
              ]
            ],
            [
              [
                -2.8778051376342773,
                43.23773522245589
              ],
              [
                -2.878657549433415,
                43.23839730218302
              ],
              [
                -2.878657549433415,
                43.23976528546513
              ],
              [
                -2.8778051376342773,
                43.240284294074115
              ],
              [
                -2.876924514770508,
                43.240194633389656
              ],
              [
                -2.8754228330290728,
                43.23976528546513
              ],
              [
                -2.8754228330290728,
                43.23839730218302
              ],
              [
                -2.8760438919067384,
                43.237989119284016
              ],
              [
                -2.876924514770508,
                43.23773522245589
              ],
              [
                -2.8778051376342773,
                43.23773522245589
              ]
            ]
          ],
          [
            [
              [
                -3.010590294531158,
                43.323896257315056
              ],
              [
                -3.0082425954707737,
                43.32458024895611
              ],
              [
                -3.0090179443359375,
                43.325411684343315
              ],
              [
                -3.0103152861510325,
                43.325264240597164
              ],
              [
                -3.0107791900634764,
                43.32407986683474
              ],
              [
                -3.011147660008545,
                43.323896257315056
              ],
              [
                -3.0107791900634764,
                43.32379602999105
              ],
              [
                -3.010590294531158,
                43.323896257315056
              ]
            ]
          ],
          [
            [
              [
                -3.007708919512921,
                43.34920394803414
              ],
              [
                -3.0072566986083986,
                43.3489970130061
              ],
              [
                -3.0066316037945935,
                43.34920394803414
              ],
              [
                -3.006507745261506,
                43.34988793967519
              ],
              [
                -3.0072566986083986,
                43.35047509771402
              ],
              [
                -3.008265577233384,
                43.34988793967519
              ],
              [
                -3.007708919512921,
                43.34920394803414
              ]
            ]
          ],
          [
            [
              [
                -2.993209342208118,
                43.29311663346752
              ],
              [
                -2.9928870083949617,
                43.293800625108574
              ],
              [
                -2.9931667327880858,
                43.293920467155836
              ],
              [
                -2.9940473556518556,
                43.29375625453979
              ],
              [
                -2.994734378512457,
                43.29311663346752
              ],
              [
                -2.9940473556518556,
                43.29273468436845
              ],
              [
                -2.993209342208118,
                43.29311663346752
              ]
            ]
          ],
          [
            [
              [
                -2.946161667641433,
                43.260969026337875
              ],
              [
                -2.946493721008301,
                43.2610860033349
              ],
              [
                -2.9466285890205755,
                43.260969026337875
              ],
              [
                -2.946493721008301,
                43.26083891559593
              ],
              [
                -2.946161667641433,
                43.260969026337875
              ]
            ]
          ],
          [
            [
              [
                -2.937193993417091,
                43.25481310156837
              ],
              [
                -2.9372469733782136,
                43.25549709320943
              ],
              [
                -2.9376874923706056,
                43.25619973715167
              ],
              [
                -2.938118897955907,
                43.25549709320943
              ],
              [
                -2.937935061103047,
                43.25481310156837
              ],
              [
                -2.9376874923706056,
                43.254375840034164
              ],
              [
                -2.937193993417091,
                43.25481310156837
              ]
            ]
          ],
          [
            [
              [
                -2.928000640869141,
                43.2588707997965
              ],
              [
                -2.928000640869141,
                43.259110702276864
              ],
              [
                -2.9288812637329102,
                43.259253381179406
              ],
              [
                -2.9294546510453157,
                43.258917051414706
              ],
              [
                -2.9288812637329102,
                43.25861645959724
              ],
              [
                -2.928000640869141,
                43.2588707997965
              ]
            ]
          ],
          [
            [
              [
                -2.925358772277832,
                43.264243077647144
              ],
              [
                -2.9251487610239453,
                43.26438898454316
              ],
              [
                -2.9249241078310573,
                43.265072976184214
              ],
              [
                -2.924101042290051,
                43.26575696782527
              ],
              [
                -2.9244781494140626,
                43.26603133558105
              ],
              [
                -2.925358772277832,
                43.26564263669538
              ],
              [
                -2.9262393951416015,
                43.26548200455433
              ],
              [
                -2.926575553269701,
                43.265072976184214
              ],
              [
                -2.926454445704544,
                43.26438898454316
              ],
              [
                -2.9262393951416015,
                43.264251327301054
              ],
              [
                -2.925358772277832,
                43.264243077647144
              ]
            ]
          ],
          [
            [
              [
                -2.9206207225378416,
                43.25960104305577
              ],
              [
                -2.920075035095215,
                43.258919166591134
              ],
              [
                -2.9193283017811535,
                43.25960104305577
              ],
              [
                -2.9193283017811535,
                43.260969026337875
              ],
              [
                -2.917433166503906,
                43.26104158148434
              ],
              [
                -2.916714694679385,
                43.26165301797893
              ],
              [
                -2.917433166503906,
                43.262493125753466
              ],
              [
                -2.9176469833609384,
                43.263021001261045
              ],
              [
                -2.9176469833609384,
                43.26438898454316
              ],
              [
                -2.9183137893676756,
                43.26506657391153
              ],
              [
                -2.9191944122314455,
                43.26511337256631
              ],
              [
                -2.920075035095215,
                43.265611207676194
              ],
              [
                -2.9205918989728783,
                43.265072976184214
              ],
              [
                -2.9205918989728783,
                43.2637049929021
              ],
              [
                -2.9215249358071897,
                43.263021001261045
              ],
              [
                -2.921157042717432,
                43.260969026337875
              ],
              [
                -2.9206207225378416,
                43.25960104305577
              ]
            ]
          ],
          [
            [
              [
                -2.9158871026606326,
                43.260969026337875
              ],
              [
                -2.9165525436401367,
                43.26137304368922
              ],
              [
                -2.9171979934800834,
                43.260969026337875
              ],
              [
                -2.9165525436401367,
                43.26052963031201
              ],
              [
                -2.9158871026606326,
                43.260969026337875
              ]
            ]
          ]
        ]
      }
    }
  ]
}