{
  "type": "FeatureCollection",
  "features": [
    {
      "type": "Feature",
      "properties": {},
      "geometry": {
        "type": "MultiPolygon",
        "coordinates": [
          [
            [
              [
                -3.0170496224495698,
                43.22882141920823
              ],
              [
                -3.0169435501098634,
                43.22963081636317
              ],
              [
                -3.015182304382324,
                43.22963081636317
              ],
              [
                -3.015019445843156,
                43.229505410849285
              ],
              [
                -3.015019445843156,
                43.22882141920823
              ],
              [
                -2.884300832236822,
                43.22882141920823
              ],
              [
                -2.8841900137541265,
                43.2308733941314
              ],
              [
                -2.8839694976806642,
                43.2310446719362
              ],
              [
                -2.8803553644254376,
                43.2308733941314
              ],
              [
                -2.88034010875352,
                43.229505410849285
              ],
              [
                -2.8812826774025058,
                43.22882141920823
              ],
              [
                -2.876458735148056,
                43.22882141920823
              ],
              [
                -2.876458735148056,
                43.229505410849285
              ],
              [
                -2.8760438919067384,
                43.23006115719277
              ],
              [
                -2.874282646179199,
                43.23006115719277
              ],
              [
                -2.8734020233154296,
                43.22971673843718
              ],
              [
                -2.8707601547241213,
                43.22975660854127
              ],
              [
                -2.8703649049060767,
                43.229505410849285
              ],
              [
                -2.8703649049060767,
                43.22882141920823
              ],
              [
                -2.8681182861328125,
                43.22882141920823
              ],
              [
                -2.8681182861328125,
                43.233392735932924
              ],
              [
                -2.868998908996582,
                43.233392735932924
              ],
              [
                -2.869203544247867,
                43.233609360695624
              ],
              [
                -2.869343895784462,
                43.23429335233668
              ],
              [
                -2.869343895784462,
                43.23497734397774
              ],
              [
                -2.868998908996582,
                43.23524529986316
              ],
              [
                -2.8681182861328125,
                43.23524529986316
              ],
              [
                -2.8681182861328125,
                43.36561974741949
              ],
              [
                -2.9937776485449676,
                43.36561974741949
              ],
              [
                -2.993587490906788,
                43.36493575577843
              ],
              [
                -2.9940473556518556,
                43.364650572325544
              ],
              [
                -2.994927978515625,
                43.364568856835604
              ],
              [
                -2.9958086013793945,
                43.364568856835604
              ],
              [
                -2.996280974985082,
                43.36493575577843
              ],
              [
                -2.99595513577455,
                43.36561974741949
              ],
              [
                -3.007984695725404,
                43.36561974741949
              ],
              [
                -3.007984695725404,
                43.36493575577843
              ],
              [
                -3.008137321472168,
                43.3649029711931
              ],
              [
                -3.009898567199707,
                43.3649029711931
              ],
              [
                -3.009954607774684,
                43.36561974741949
              ],
              [
                -3.0442428588867188,
                43.36561974741949
              ],
              [
                -3.0442428588867188,
                43.33689443947278
              ],
              [
                -3.0433587838134804,
                43.33689209849512
              ],
              [
                -3.0433587838134804,
                43.33552411521301
              ],
              [
                -3.0442428588867188,
                43.335522733759355
              ],
              [
                -3.0442428588867188,
                43.320479800511805
              ],
              [
                -3.0433388643167354,
                43.32047629910977
              ],
              [
                -3.0433440066823074,
                43.3184243241866
              ],
              [
                -3.0442428588867188,
                43.31840545933258
              ],
              [
                -3.0442428588867188,
                43.308612659908825
              ],
              [
                -3.04248161315918,
                43.308612659908825
              ],
              [
                -3.0407203674316405,
                43.30831314455779
              ],
              [
                -3.0404351760167367,
                43.30816444957076
              ],
              [
                -3.0401950629042926,
                43.3074804579297
              ],
              [
                -3.039839744567871,
                43.30712968219594
              ],
              [
                -3.0389591217041017,
                43.30700223624768
              ],
              [
                -3.0371978759765623,
                43.30628584391735
              ],
              [
                -3.0354366302490234,
                43.306420491841905
              ],
              [
                -3.0347367018969975,
                43.30611247464759
              ],
              [
                -3.034556007385254,
                43.30532357707431
              ],
              [
                -3.0336753845214846,
                43.30498810431631
              ],
              [
                -3.0327947616577147,
                43.30496904992004
              ],
              [
                -3.0323366324870764,
                43.304744491365476
              ],
              [
                -3.032195213899711,
                43.30406049972442
              ],
              [
                -3.0322612820213126,
                43.302692516442306
              ],
              [
                -3.0319141387939452,
                43.3021276694996
              ],
              [
                -3.031606656326535,
                43.30200852480125
              ],
              [
                -3.031606656326535,
                43.300640541519144
              ],
              [
                -3.0319141387939452,
                43.30050651648157
              ],
              [
                -3.0336753845214846,
                43.30050651648157
              ],
              [
                -3.0354366302490234,
                43.30088553516813
              ],
              [
                -3.0371978759765623,
                43.301380290921614
              ],
              [
                -3.0389591217041017,
                43.30248040661061
              ],
              [
                -3.039839744567871,
                43.30252205370788
              ],
              [
                -3.0401447176698553,
                43.302692516442306
              ],
              [
                -3.040858276997722,
                43.30406049972442
              ],
              [
                -3.041517294056933,
                43.304744491365476
              ],
              [
                -3.0433622360229493,
                43.30476624810637
              ],
              [
                -3.0442428588867188,
                43.30510043409069
              ],
              [
                -3.0442428588867188,
                43.294285098337916
              ],
              [
                -3.0433622360229493,
                43.294285098337916
              ],
              [
                -3.04248161315918,
                43.2939996745234
              ],
              [
                -3.0414711270131782,
                43.29311663346752
              ],
              [
                -3.0414711270131782,
                43.29174865018541
              ],
              [
                -3.0419074030359043,
                43.29106465854435
              ],
              [
                -3.04248161315918,
                43.290688206114346
              ],
              [
                -3.0433622360229493,
                43.2903981877892
              ],
              [
                -3.0442428588867188,
                43.2903981877892
              ],
              [
                -3.0442428588867188,
                43.22882141920823
              ],
              [
                -3.0170496224495698,
                43.22882141920823
              ]
            ],
            [
              [
                -3.04160099029541,
                43.31002898817497
              ],
              [
                -3.0421648225217823,
                43.31021642449393
              ],
              [
                -3.0421648225217823,
                43.31158440777604
              ],
              [
                -3.039686015449162,
                43.31158440777604
              ],
              [
                -3.039494778839789,
                43.310900416134984
              ],
              [
                -3.039494778839789,
                43.31021642449393
              ],
              [
                -3.039839744567871,
                43.309948484965936
              ],
              [
                -3.04160099029541,
                43.31002898817497
              ]
            ],
            [
              [
                -3.0407203674316405,
                43.331248090655784
              ],
              [
                -3.041086338969572,
                43.33142016536667
              ],
              [
                -3.0409218980631643,
                43.33484012357195
              ],
              [
                -3.0407203674316405,
                43.334953620860276
              ],
              [
                -3.0389591217041017,
                43.334953620860276
              ],
              [
                -3.038078498840332,
                43.33433631510504
              ],
              [
                -3.037094090401846,
                43.3341561319309
              ],
              [
                -3.034556007385254,
                43.33261278137812
              ],
              [
                -3.0336753845214846,
                43.332455704770894
              ],
              [
                -3.0327947616577147,
                43.33203307029573
              ],
              [
                -3.0319141387939452,
                43.33201050072372
              ],
              [
                -3.029272270202637,
                43.33120913778649
              ],
              [
                -3.0287749288374095,
                43.33073617372562
              ],
              [
                -3.0288647979665906,
                43.32868419880245
              ],
              [
                -3.028391647338867,
                43.32821372429437
              ],
              [
                -3.0275110244750976,
                43.32866978094646
              ],
              [
                -3.026630401611328,
                43.32866978094646
              ],
              [
                -3.0257497787475587,
                43.327989806847235
              ],
              [
                -3.0248691558837892,
                43.32846225166157
              ],
              [
                -3.02310791015625,
                43.32829577534446
              ],
              [
                -3.0222256730595713,
                43.327316215520334
              ],
              [
                -3.0222176247480537,
                43.32663222387928
              ],
              [
                -3.021346664428711,
                43.32626991293455
              ],
              [
                -3.0204660415649416,
                43.32626991293455
              ],
              [
                -3.0201443009878273,
                43.325264240597164
              ],
              [
                -3.0195854187011717,
                43.32510717651039
              ],
              [
                -3.0187047958374023,
                43.32449465439637
              ],
              [
                -3.017824172973633,
                43.32423329785621
              ],
              [
                -3.017680026321049,
                43.32458024895611
              ],
              [
                -3.017652536831765,
                43.325948232238225
              ],
              [
                -3.0169435501098634,
                43.32647539021094
              ],
              [
                -3.016062927246094,
                43.32661323085923
              ],
              [
                -3.0158092318750516,
                43.327316215520334
              ],
              [
                -3.015052704803746,
                43.328000207161395
              ],
              [
                -3.0143016815185546,
                43.328441476975634
              ],
              [
                -3.0116598129272463,
                43.32872366179749
              ],
              [
                -3.0103554548653926,
                43.3293681904435
              ],
              [
                -3.009703029957581,
                43.33005218208456
              ],
              [
                -3.0085327535152744,
                43.33073617372562
              ],
              [
                -3.008137321472168,
                43.331244721110686
              ],
              [
                -3.0063760757446287,
                43.331244721110686
              ],
              [
                -3.0054954528808593,
                43.33072737341644
              ],
              [
                -3.00461483001709,
                43.33041208860637
              ],
              [
                -3.0042558407149262,
                43.33073617372562
              ],
              [
                -3.004216224935228,
                43.33142016536667
              ],
              [
                -3.0037342071533204,
                43.331978482831005
              ],
              [
                -3.0010923385620116,
                43.33195822348339
              ],
              [
                -3.000211715698242,
                43.331737313923554
              ],
              [
                -2.9993310928344727,
                43.33106983330189
              ],
              [
                -2.9990815849197614,
                43.33073617372562
              ],
              [
                -2.9990813677178294,
                43.3293681904435
              ],
              [
                -2.999681335959827,
                43.32868419880245
              ],
              [
                -3.000211715698242,
                43.328365134209534
              ],
              [
                -3.002853584289551,
                43.32826714754691
              ],
              [
                -3.0037342071533204,
                43.32877085081948
              ],
              [
                -3.0038746903620783,
                43.32868419880245
              ],
              [
                -3.004572618573344,
                43.328000207161395
              ],
              [
                -3.004572618573344,
                43.327316215520334
              ],
              [
                -3.0047890017326027,
                43.32663222387928
              ],
              [
                -3.0050277885661814,
                43.325948232238225
              ],
              [
                -3.0054874329321963,
                43.325264240597164
              ],
              [
                -3.006235203999137,
                43.323212265673995
              ],
              [
                -3.0072566986083986,
                43.322045575158846
              ],
              [
                -3.00774705602278,
                43.321844282391886
              ],
              [
                -3.008137321472168,
                43.320735360354305
              ],
              [
                -3.009898567199707,
                43.320589355630084
              ],
              [
                -3.0107791900634764,
                43.32078311230146
              ],
              [
                -3.011355632367111,
                43.321160290750825
              ],
              [
                -3.011355632367111,
                43.32252827403294
              ],
              [
                -3.0116598129272463,
                43.32349846124394
              ],
              [
                -3.0125404357910157,
                43.32384586896373
              ],
              [
                -3.0137429487333645,
                43.323212265673995
              ],
              [
                -3.0139937067026796,
                43.32252827403294
              ],
              [
                -3.0139937067026796,
                43.321844282391886
              ],
              [
                -3.015182304382324,
                43.321622374514476
              ],
              [
                -3.0154105417305055,
                43.321160290750825
              ],
              [
                -3.0148100255982753,
                43.32047629910977
              ],
              [
                -3.0138711788445423,
                43.31979230746872
              ],
              [
                -3.0133999512516563,
                43.31910831582766
              ],
              [
                -3.013421058654785,
                43.31769814435638
              ],
              [
                -3.0143016815185546,
                43.316569952135154
              ],
              [
                -3.0149180140514606,
                43.31637234926343
              ],
              [
                -3.0143016815185546,
                43.31592186938838
              ],
              [
                -3.0125404357910157,
                43.31592186938838
              ],
              [
                -3.0123303950872384,
                43.31568835762238
              ],
              [
                -3.012418314074676,
                43.31432037434027
              ],
              [
                -3.0150890762678384,
                43.31432037434027
              ],
              [
                -3.015182304382324,
                43.315090006223954
              ],
              [
                -3.015238219784902,
                43.31432037434027
              ],
              [
                -3.016062927246094,
                43.31367981294562
              ],
              [
                -3.0169435501098634,
                43.31367981294562
              ],
              [
                -3.0187047958374023,
                43.314622458863994
              ],
              [
                -3.0195854187011717,
                43.31469277786942
              ],
              [
                -3.0204660415649416,
                43.31457738772879
              ],
              [
                -3.021070758544614,
                43.31432037434027
              ],
              [
                -3.0214010342324484,
                43.312952391058154
              ],
              [
                -3.0204660415649416,
                43.312847519493154
              ],
              [
                -3.019697138731948,
                43.3122683994171
              ],
              [
                -3.019697138731948,
                43.310900416134984
              ],
              [
                -3.0204660415649416,
                43.310449272116635
              ],
              [
                -3.0222272872924805,
                43.310449272116635
              ],
              [
                -3.02310791015625,
                43.3105135775413
              ],
              [
                -3.02397817783354,
                43.310900416134984
              ],
              [
                -3.0246321917108077,
                43.31158440777604
              ],
              [
                -3.024693438562139,
                43.31500436598132
              ],
              [
                -3.0241573641404345,
                43.31568835762238
              ],
              [
                -3.025433619693619,
                43.31637234926343
              ],
              [
                -3.025433619693619,
                43.31774033254555
              ],
              [
                -3.0248337721451795,
                43.3184243241866
              ],
              [
                -3.024700322255956,
                43.31910831582766
              ],
              [
                -3.0248691558837892,
                43.31926039477701
              ],
              [
                -3.0257497787475587,
                43.31887678605733
              ],
              [
                -3.0271474406250998,
                43.31774033254555
              ],
              [
                -3.0262208755045386,
                43.31705634090449
              ],
              [
                -3.0262208755045386,
                43.31637234926343
              ],
              [
                -3.026630401611328,
                43.31550766006181
              ],
              [
                -3.028391647338867,
                43.31557373030457
              ],
              [
                -3.029272270202637,
                43.31625522579901
              ],
              [
                -3.0297981657444515,
                43.31637234926343
              ],
              [
                -3.0297981657444515,
                43.31774033254555
              ],
              [
                -3.029272270202637,
                43.319470695283094
              ],
              [
                -3.0289937411112935,
                43.31979230746872
              ],
              [
                -3.02947198494647,
                43.32047629910977
              ],
              [
                -3.0295252333088674,
                43.321844282391886
              ],
              [
                -3.029074613809728,
                43.32252827403294
              ],
              [
                -3.029272270202637,
                43.32276292147223
              ],
              [
                -3.0301528930664063,
                43.32276292147223
              ],
              [
                -3.0319141387939452,
                43.323646364157796
              ],
              [
                -3.032490017920525,
                43.32252827403294
              ],
              [
                -3.0334338019966305,
                43.321844282391886
              ],
              [
                -3.0333660222300276,
                43.321160290750825
              ],
              [
                -3.0336753845214846,
                43.320591268660614
              ],
              [
                -3.0354366302490234,
                43.32053444355519
              ],
              [
                -3.036317253112793,
                43.32071654556421
              ],
              [
                -3.0371569407920833,
                43.321844282391886
              ],
              [
                -3.0371569407920833,
                43.323212265673995
              ],
              [
                -3.036462007002643,
                43.32458024895611
              ],
              [
                -3.035174160788392,
                43.325948232238225
              ],
              [
                -3.0354366302490234,
                43.3260930640515
              ],
              [
                -3.036317253112793,
                43.32767677781195
              ],
              [
                -3.0376206418464085,
                43.328000207161395
              ],
              [
                -3.038078498840332,
                43.32831887065929
              ],
              [
                -3.0384490604492154,
                43.32868419880245
              ],
              [
                -3.038673284432739,
                43.3293681904435
              ],
              [
                -3.0400505622991334,
                43.33005218208456
              ],
              [
                -3.040281579053581,
                43.33073617372562
              ],
              [
                -3.0407203674316405,
                43.331248090655784
              ]
            ],
            [
              [
                -3.021346664428711,
                43.2985818330635
              ],
              [
                -3.021346664428711,
                43.30069176282372
              ],
              [
                -3.017824172973633,
                43.300739062301126
              ],
              [
                -3.0176814544532893,
                43.300640541519144
              ],
              [
                -3.0176814544532893,
                43.29927255823703
              ],
              [
                -3.0187047958374023,
                43.29836652405371
              ],
              [
                -3.0204660415649416,
                43.29836652405371
              ],
              [
                -3.021346664428711,
                43.2985818330635
              ]
            ],
            [
              [
                -3.0195854187011717,
                43.35184560894795
              ],
              [
                -3.0197347450194765,
                43.35193991459836
              ],
              [
                -3.0197347450194765,
                43.35330789788048
              ],
              [
                -3.0195854187011717,
                43.35377123585568
              ],
              [
                -3.017824172973633,
                43.35377123585568
              ],
              [
                -3.0176488101341508,
                43.35330789788048
              ],
              [
                -3.017612864494252,
                43.35193991459836
              ],
              [
                -3.017824172973633,
                43.35177578845592
              ],
              [
                -3.0195854187011717,
                43.35184560894795
              ]
            ],
            [
              [
                -3.0169435501098634,
                43.29036785398071
              ],
              [
                -3.017430520941442,
                43.29106465854435
              ],
              [
                -3.0175032420419385,
                43.292432641826466
              ],
              [
                -3.0173604401441136,
                43.29311663346752
              ],
              [
                -3.0169435501098634,
                43.293273232957354
              ],
              [
                -3.015182304382324,
                43.29326623218363
              ],
              [
                -3.014722180884152,
                43.29311663346752
              ],
              [
                -3.014043321850049,
                43.292432641826466
              ],
              [
                -3.01383167814685,
                43.29174865018541
              ],
              [
                -3.01383167814685,
                43.290380666903296
              ],
              [
                -3.0143016815185546,
                43.29021924252153
              ],
              [
                -3.0169435501098634,
                43.29036785398071
              ]
            ],
            [
              [
                -3.016062927246094,
                43.3387708308051
              ],
              [
                -3.0167670531395485,
                43.33962806505935
              ],
              [
                -3.0167670531395485,
                43.340312056700405
              ],
              [
                -3.016062927246094,
                43.340858960767044
              ],
              [
                -3.015182304382324,
                43.34051257242101
              ],
              [
                -3.0143016815185546,
                43.340407087864804
              ],
              [
                -3.013421058654785,
                43.34054031301949
              ],
              [
                -3.0131207718332167,
                43.340312056700405
              ],
              [
                -3.0131207718332167,
                43.33894407341829
              ],
              [
                -3.0143016815185546,
                43.3387708308051
              ],
              [
                -3.016062927246094,
                43.3387708308051
              ]
            ],
            [
              [
                -3.015182304382324,
                43.34850045166708
              ],
              [
                -3.015293045679528,
                43.34988793967519
              ],
              [
                -3.0147369439545506,
                43.350571931316246
              ],
              [
                -3.0144292501106347,
                43.35125592295731
              ],
              [
                -3.014885244940003,
                43.35193991459836
              ],
              [
                -3.014885244940003,
                43.352623906239415
              ],
              [
                -3.0143016815185546,
                43.35307716780997
              ],
              [
                -3.0125404357910157,
                43.352920738160684
              ],
              [
                -3.0121849724660605,
                43.35330789788048
              ],
              [
                -3.0125404357910157,
                43.35356249335683
              ],
              [
                -3.013421058654785,
                43.35345825607892
              ],
              [
                -3.0139324682939423,
                43.35399188952153
              ],
              [
                -3.0139324682939423,
                43.354675881162585
              ],
              [
                -3.013649667044066,
                43.355359872803646
              ],
              [
                -3.014149618415841,
                43.3560438644447
              ],
              [
                -3.014149618415841,
                43.35741184772681
              ],
              [
                -3.013421058654785,
                43.35795226050757
              ],
              [
                -3.0125404357910157,
                43.3578711693605
              ],
              [
                -3.0123642371797823,
                43.358779831008924
              ],
              [
                -3.0124077377400367,
                43.36014781429104
              ],
              [
                -3.0116598129272463,
                43.36072873756834
              ],
              [
                -3.0107791900634764,
                43.360489633058165
              ],
              [
                -3.0100907616671675,
                43.360831805932094
              ],
              [
                -3.010052675249299,
                43.36151579757315
              ],
              [
                -3.009898567199707,
                43.36161234382326
              ],
              [
                -3.0079021785961726,
                43.36151579757315
              ],
              [
                -3.0072566986083986,
                43.360910155489535
              ],
              [
                -3.006932242094701,
                43.360831805932094
              ],
              [
                -3.006932242094701,
                43.35946382264998
              ],
              [
                -3.0072566986083986,
                43.35940947762743
              ],
              [
                -3.007742291115194,
                43.358779831008924
              ],
              [
                -3.007804233962264,
                43.356727856085755
              ],
              [
                -3.008137321472168,
                43.35560082459236
              ],
              [
                -3.0091271327400535,
                43.355359872803646
              ],
              [
                -3.0072566986083986,
                43.35390013349398
              ],
              [
                -3.0063760757446287,
                43.35439545352849
              ],
              [
                -3.00461483001709,
                43.35439545352849
              ],
              [
                -3.003907195444139,
                43.35399188952153
              ],
              [
                -3.003884000389817,
                43.352623906239415
              ],
              [
                -3.0023847317475143,
                43.35125592295731
              ],
              [
                -3.0023847317475143,
                43.34988793967519
              ],
              [
                -3.0026309226420125,
                43.34920394803414
              ],
              [
                -3.002597737908777,
                43.34783596475202
              ],
              [
                -3.002853584289551,
                43.3476372454216
              ],
              [
                -3.0037342071533204,
                43.34749964558502
              ],
              [
                -3.00461483001709,
                43.347572758531136
              ],
              [
                -3.0054954528808593,
                43.34732626209891
              ],
              [
                -3.0063760757446287,
                43.34726739199027
              ],
              [
                -3.007181993822852,
                43.346467981469914
              ],
              [
                -3.0072566986083986,
                43.345607128279866
              ],
              [
                -3.0090179443359375,
                43.345607128279866
              ],
              [
                -3.0091196527897757,
                43.346467981469914
              ],
              [
                -3.009898567199707,
                43.34679410382134
              ],
              [
                -3.010537751073639,
                43.346467981469914
              ],
              [
                -3.0106515765917674,
                43.34304802326463
              ],
              [
                -3.0107791900634764,
                43.3427846813728
              ],
              [
                -3.0125404357910157,
                43.3427846813728
              ],
              [
                -3.012765186396861,
                43.34304802326463
              ],
              [
                -3.0127203032342305,
                43.34715197311097
              ],
              [
                -3.011820884432079,
                43.34783596475202
              ],
              [
                -3.0125404357910157,
                43.34839325546155
              ],
              [
                -3.015182304382324,
                43.34850045166708
              ]
            ],
            [
              [
                -3.0143016815185546,
                43.30707273315794
              ],
              [
                -3.014806656547936,
                43.3074804579297
              ],
              [
                -3.014806656547936,
                43.308848441211815
              ],
              [
                -3.0144886254262233,
                43.30953243285287
              ],
              [
                -3.0143016815185546,
                43.309659540698995
              ],
              [
                -3.0125404357910157,
                43.30976069543126
              ],
              [
                -3.0119503849157425,
                43.31021642449393
              ],
              [
                -3.0118619953265453,
                43.310900416134984
              ],
              [
                -3.0125404357910157,
                43.31152500738033
              ],
              [
                -3.0128267832769415,
                43.31158440777604
              ],
              [
                -3.0128267832769415,
                43.312952391058154
              ],
              [
                -3.0125404357910157,
                43.31302146572244
              ],
              [
                -3.009898567199707,
                43.31301846423919
              ],
              [
                -3.00953729469758,
                43.310900416134984
              ],
              [
                -3.0090179443359375,
                43.310668573786074
              ],
              [
                -3.0086692424521257,
                43.310900416134984
              ],
              [
                -3.0085603864528627,
                43.31158440777604
              ],
              [
                -3.008137321472168,
                43.31194555831314
              ],
              [
                -3.0063760757446287,
                43.31238943952814
              ],
              [
                -3.00461483001709,
                43.31238943952814
              ],
              [
                -3.0037342071533204,
                43.312319414987655
              ],
              [
                -3.002853584289551,
                43.31204097548851
              ],
              [
                -3.0010923385620116,
                43.311974088102815
              ],
              [
                -3.0003364047682277,
                43.31158440777604
              ],
              [
                -3.0003364047682277,
                43.31021642449393
              ],
              [
                -2.9984504699707033,
                43.3101259333711
              ],
              [
                -2.998003237708759,
                43.30953243285287
              ],
              [
                -2.997783590674195,
                43.308848441211815
              ],
              [
                -2.9978388003232928,
                43.3074804579297
              ],
              [
                -2.9984504699707033,
                43.30715832111807
              ],
              [
                -2.9993310928344727,
                43.30715832111807
              ],
              [
                -2.9998767352918723,
                43.306796466288645
              ],
              [
                -3.0000302276438777,
                43.30611247464759
              ],
              [
                -3.000211715698242,
                43.30589989886717
              ],
              [
                -3.001972961425781,
                43.30589989886717
              ],
              [
                -3.002486066120394,
                43.306796466288645
              ],
              [
                -3.002853584289551,
                43.306905410001754
              ],
              [
                -3.00461483001709,
                43.30682180990987
              ],
              [
                -3.0063760757446287,
                43.305635720351084
              ],
              [
                -3.0070489791484323,
                43.30542848300654
              ],
              [
                -3.0072566986083986,
                43.304661130448615
              ],
              [
                -3.0091255163566717,
                43.304744491365476
              ],
              [
                -3.0094066495736453,
                43.3074804579297
              ],
              [
                -3.0107791900634764,
                43.3078419594524
              ],
              [
                -3.0110032851902027,
                43.3074804579297
              ],
              [
                -3.0116598129272463,
                43.30698752011428
              ],
              [
                -3.0143016815185546,
                43.30707273315794
              ]
            ],
            [
              [
                -3.0125404357910157,
                43.28816926987508
              ],
              [
                -3.0126943908123827,
                43.28901268362118
              ],
              [
                -3.0126943908123827,
                43.28969667526224
              ],
              [
                -3.0125404357910157,
                43.28981625420125
              ],
              [
                -3.0116598129272463,
                43.28981625420125
              ],
              [
                -3.0107791900634764,
                43.290452512311866
              ],
              [
                -3.008137321472168,
                43.29062417022948
              ],
              [
                -3.0079780986719746,
                43.290380666903296
              ],
              [
                -3.0063760757446287,
                43.28957226041869
              ],
              [
                -3.006230677836485,
                43.28969667526224
              ],
              [
                -3.006230677836485,
                43.29106465854435
              ],
              [
                -3.00461483001709,
                43.29174396473108
              ],
              [
                -3.0037342071533204,
                43.29174396473108
              ],
              [
                -3.002853584289551,
                43.291061842864224
              ],
              [
                -3.0010923385620116,
                43.291060734162684
              ],
              [
                -3.0003260292165446,
                43.290380666903296
              ],
              [
                -3.0003260292165446,
                43.28901268362118
              ],
              [
                -3.000211715698242,
                43.28871559205839
              ],
              [
                -2.9999384958160573,
                43.28901268362118
              ],
              [
                -3.0000554548362524,
                43.290380666903296
              ],
              [
                -2.9997029950863396,
                43.29106465854435
              ],
              [
                -2.9993310928344727,
                43.29142808271507
              ],
              [
                -2.9985647340014294,
                43.29174865018541
              ],
              [
                -2.9993310928344727,
                43.29209147159468
              ],
              [
                -3.0010923385620116,
                43.29210809693666
              ],
              [
                -3.001329155143231,
                43.292432641826466
              ],
              [
                -3.0014227507153515,
                43.294484616749635
              ],
              [
                -3.001972961425781,
                43.29481813154042
              ],
              [
                -3.002625801219206,
                43.294484616749635
              ],
              [
                -3.002625801219206,
                43.293800625108574
              ],
              [
                -3.0032288431917755,
                43.292432641826466
              ],
              [
                -3.0037342071533204,
                43.29175209070848
              ],
              [
                -3.00461483001709,
                43.29175209070848
              ],
              [
                -3.0054954528808593,
                43.29199131494836
              ],
              [
                -3.0063760757446287,
                43.29203187711945
              ],
              [
                -3.006919431155103,
                43.292432641826466
              ],
              [
                -3.006919431155103,
                43.293800625108574
              ],
              [
                -3.0063760757446287,
                43.29404970905379
              ],
              [
                -3.0056563945968993,
                43.29516860839069
              ],
              [
                -3.004807755914124,
                43.29585260003174
              ],
              [
                -3.004225768444646,
                43.296536591672805
              ],
              [
                -3.002853584289551,
                43.29746311906287
              ],
              [
                -3.0010923385620116,
                43.29759378766756
              ],
              [
                -3.0006118468907643,
                43.29722058331386
              ],
              [
                -3.0006595308047586,
                43.29585260003174
              ],
              [
                -3.0014288859515026,
                43.29516860839069
              ],
              [
                -3.0010923385620116,
                43.294813073379366
              ],
              [
                -3.000211715698242,
                43.295180758065406
              ],
              [
                -3.0000429717309594,
                43.29585260003174
              ],
              [
                -3.000070626728927,
                43.296536591672805
              ],
              [
                -2.9993310928344727,
                43.297116400132126
              ],
              [
                -2.994927978515625,
                43.29703452525874
              ],
              [
                -2.994343748724204,
                43.29722058331386
              ],
              [
                -2.994812140311107,
                43.29790457495491
              ],
              [
                -2.9950607115614463,
                43.298588566595974
              ],
              [
                -2.9950967193736115,
                43.300640541519144
              ],
              [
                -2.9958086013793945,
                43.30115803592104
              ],
              [
                -2.9975698471069334,
                43.30106925058124
              ],
              [
                -2.998733798026029,
                43.300640541519144
              ],
              [
                -2.998733798026029,
                43.29927255823703
              ],
              [
                -2.9993310928344727,
                43.298952714968955
              ],
              [
                -3.000211715698242,
                43.298952714968955
              ],
              [
                -3.0015150253397715,
                43.29927255823703
              ],
              [
                -3.0015150253397715,
                43.300640541519144
              ],
              [
                -3.000211715698242,
                43.30110446844295
              ],
              [
                -3.000031089510321,
                43.3013245331602
              ],
              [
                -2.9999346495348633,
                43.30200852480125
              ],
              [
                -2.9993310928344727,
                43.30284517596285
              ],
              [
                -2.994927978515625,
                43.30279866764984
              ],
              [
                -2.9940473556518556,
                43.30234456331012
              ],
              [
                -2.9922861099243163,
                43.302469793823086
              ],
              [
                -2.991405487060547,
                43.30283433121184
              ],
              [
                -2.989644241333008,
                43.30282853831301
              ],
              [
                -2.988763618469238,
                43.30231192474368
              ],
              [
                -2.987002372741699,
                43.30293187838877
              ],
              [
                -2.9843605041503904,
                43.30291712220599
              ],
              [
                -2.983479881286621,
                43.30313563790711
              ],
              [
                -2.981718635559082,
                43.30313563790711
              ],
              [
                -2.9809939722316097,
                43.302692516442306
              ],
              [
                -2.980559172971679,
                43.30200852480125
              ],
              [
                -2.9797541226095134,
                43.3013245331602
              ],
              [
                -2.9793701626014704,
                43.300640541519144
              ],
              [
                -2.9793701626014704,
                43.29995654987808
              ],
              [
                -2.9790767669677733,
                43.299286623949854
              ],
              [
                -2.9773080572847612,
                43.29927255823703
              ],
              [
                -2.97692922656436,
                43.298588566595974
              ],
              [
                -2.97692922656436,
                43.29790457495491
              ],
              [
                -2.9754040824158365,
                43.29722058331386
              ],
              [
                -2.9754040824158365,
                43.29585260003174
              ],
              [
                -2.976434898376465,
                43.29525196925156
              ],
              [
                -2.978196144104004,
                43.29525196925156
              ],
              [
                -2.9790767669677733,
                43.29551411515029
              ],
              [
                -2.979957389831543,
                43.296402007809235
              ],
              [
                -2.9808380126953127,
                43.29630731507993
              ],
              [
                -2.981365170372069,
                43.29585260003174
              ],
              [
                -2.9814836039447243,
                43.29516860839069
              ],
              [
                -2.9825992584228516,
                43.29447327178786
              ],
              [
                -2.9832650418911206,
                43.293800625108574
              ],
              [
                -2.98329977133694,
                43.29311663346752
              ],
              [
                -2.983896512901708,
                43.292432641826466
              ],
              [
                -2.9843605041503904,
                43.292135702662016
              ],
              [
                -2.9852411270141603,
                43.29208572155881
              ],
              [
                -2.9878829956054687,
                43.291490093333515
              ],
              [
                -2.988395899959244,
                43.29106465854435
              ],
              [
                -2.988459705697203,
                43.28969667526224
              ],
              [
                -2.988763618469238,
                43.28946062211823
              ],
              [
                -2.9905248641967774,
                43.28946062211823
              ],
              [
                -2.991405487060547,
                43.28977390663605
              ],
              [
                -2.9921741471662293,
                43.28901268362118
              ],
              [
                -2.9922861099243163,
                43.28815135163234
              ],
              [
                -2.9940473556518556,
                43.28811282659131
              ],
              [
                -2.9943626492751068,
                43.28764470033907
              ],
              [
                -2.9931658331528648,
                43.28696070869802
              ],
              [
                -2.993165864275199,
                43.28490873377485
              ],
              [
                -2.9935508850484633,
                43.28422474213379
              ],
              [
                -2.9934932923655815,
                43.28354075049273
              ],
              [
                -2.9932226323677305,
                43.28285675885168
              ],
              [
                -2.9940473556518556,
                43.282216185167144
              ],
              [
                -2.9958086013793945,
                43.28225462438036
              ],
              [
                -2.9975698471069334,
                43.28260861511424
              ],
              [
                -2.997945271531473,
                43.28285675885168
              ],
              [
                -2.9983551573308214,
                43.28354075049273
              ],
              [
                -2.9983551573308214,
                43.28490873377485
              ],
              [
                -2.9981715369368516,
                43.2855927254159
              ],
              [
                -2.9984504699707033,
                43.286209343370274
              ],
              [
                -2.9993310928344727,
                43.28625592952468
              ],
              [
                -3.000211715698242,
                43.285513842814346
              ],
              [
                -3.0010923385620116,
                43.28529154704601
              ],
              [
                -3.001972961425781,
                43.284548785235465
              ],
              [
                -3.0054954528808593,
                43.28452997822859
              ],
              [
                -3.0062973183083987,
                43.28490873377485
              ],
              [
                -3.0072566986083986,
                43.28580636840764
              ],
              [
                -3.008137321472168,
                43.286185847194425
              ],
              [
                -3.0085548447585695,
                43.28696070869802
              ],
              [
                -3.01014697526449,
                43.28764470033907
              ],
              [
                -3.0107791900634764,
                43.28816926987508
              ],
              [
                -3.0125404357910157,
                43.28816926987508
              ]
            ],
            [
              [
                -3.0090179443359375,
                43.33890785083396
              ],
              [
                -3.009062941820968,
                43.340312056700405
              ],
              [
                -3.008531363406718,
                43.34099604834146
              ],
              [
                -3.008137321472168,
                43.34114351440826
              ],
              [
                -3.0063760757446287,
                43.341114233469746
              ],
              [
                -3.0062309545908765,
                43.34099604834146
              ],
              [
                -3.0062309545908765,
                43.33962806505935
              ],
              [
                -3.0063760757446287,
                43.33951438464352
              ],
              [
                -3.0072566986083986,
                43.33890785083396
              ],
              [
                -3.0090179443359375,
                43.33890785083396
              ]
            ],
            [
              [
                -3.008137321472168,
                43.29883264030766
              ],
              [
                -3.0082826343549547,
                43.29927255823703
              ],
              [
                -3.008360686740299,
                43.3013245331602
              ],
              [
                -3.008360686740299,
                43.30200852480125
              ],
              [
                -3.008137321472168,
                43.30228674170188
              ],
              [
                -3.0054954528808593,
                43.302324904259805
              ],
              [
                -3.0050881219017853,
                43.30200852480125
              ],
              [
                -3.005095004945021,
                43.300640541519144
              ],
              [
                -3.004878047115433,
                43.29995654987808
              ],
              [
                -3.004878047115433,
                43.298588566595974
              ],
              [
                -3.0054954528808593,
                43.29818122325817
              ],
              [
                -3.0072566986083986,
                43.29826605203274
              ],
              [
                -3.0079741542934335,
                43.298588566595974
              ],
              [
                -3.008137321472168,
                43.29883264030766
              ]
            ],
            [
              [
                -3.0072566986083986,
                43.33277751892475
              ],
              [
                -3.0072566986083986,
                43.33416218823554
              ],
              [
                -3.005480445872511,
                43.3341561319309
              ],
              [
                -3.005480445872511,
                43.33278814864879
              ],
              [
                -3.0072566986083986,
                43.33277751892475
              ]
            ],
            [
              [
                -3.0037342071533204,
                43.32092397563938
              ],
              [
                -3.0038720536715258,
                43.321160290750825
              ],
              [
                -3.0037342071533204,
                43.32327076730252
              ],
              [
                -3.001972961425781,
                43.32327076730252
              ],
              [
                -3.0002890430890523,
                43.32252827403294
              ],
              [
                -3.0002890430890523,
                43.321160290750825
              ],
              [
                -3.0010923385620116,
                43.32075392503653
              ],
              [
                -3.002853584289551,
                43.32069939174152
              ],
              [
                -3.0037342071533204,
                43.32092397563938
              ]
            ],
            [
              [
                -3.001972961425781,
                43.34298553791965
              ],
              [
                -3.0021628897379244,
                43.344416006546744
              ],
              [
                -3.001980474303513,
                43.3450999981878
              ],
              [
                -3.000207799988987,
                43.3450999981878
              ],
              [
                -3.000138072879946,
                43.34304802326463
              ],
              [
                -3.001972961425781,
                43.34298553791965
              ]
            ],
            [
              [
                -2.9975698471069334,
                43.32649839589436
              ],
              [
                -2.997839512266537,
                43.32663222387928
              ],
              [
                -2.99830381398857,
                43.327316215520334
              ],
              [
                -2.99830381398857,
                43.32868419880245
              ],
              [
                -2.9975698471069334,
                43.32914114903292
              ],
              [
                -2.9958086013793945,
                43.32914114903292
              ],
              [
                -2.994927978515625,
                43.32896654481567
              ],
              [
                -2.9940473556518556,
                43.32945008703107
              ],
              [
                -2.9922861099243163,
                43.32941730411797
              ],
              [
                -2.991405487060547,
                43.328935782798155
              ],
              [
                -2.989644241333008,
                43.32886842787146
              ],
              [
                -2.9878829956054687,
                43.32780656216373
              ],
              [
                -2.983479881286621,
                43.327631804506794
              ],
              [
                -2.9825992584228516,
                43.32739194568483
              ],
              [
                -2.982519812780633,
                43.325264240597164
              ],
              [
                -2.981718635559082,
                43.3246026607618
              ],
              [
                -2.9796874890578935,
                43.32458024895611
              ],
              [
                -2.9796874890578935,
                43.323212265673995
              ],
              [
                -2.979957389831543,
                43.323082417103095
              ],
              [
                -2.980221562554408,
                43.32252827403294
              ],
              [
                -2.980221562554408,
                43.321160290750825
              ],
              [
                -2.9808380126953127,
                43.32069888633771
              ],
              [
                -2.9825992584228516,
                43.320744095732096
              ],
              [
                -2.983479881286621,
                43.32105994152231
              ],
              [
                -2.9853255156289205,
                43.32047629910977
              ],
              [
                -2.98547426508239,
                43.31979230746872
              ],
              [
                -2.9861217498779298,
                43.31915758276953
              ],
              [
                -2.989644241333008,
                43.31887609332741
              ],
              [
                -2.9900190527101205,
                43.31910831582766
              ],
              [
                -2.990095982461963,
                43.31979230746872
              ],
              [
                -2.989923987714855,
                43.321160290750825
              ],
              [
                -2.9895204635497366,
                43.321844282391886
              ],
              [
                -2.9897343528759635,
                43.32252827403294
              ],
              [
                -2.9897343528759635,
                43.323896257315056
              ],
              [
                -2.9889631068203566,
                43.32458024895611
              ],
              [
                -2.9905248641967774,
                43.32517476975058
              ],
              [
                -2.990915017548394,
                43.325948232238225
              ],
              [
                -2.9922861099243163,
                43.327004318318885
              ],
              [
                -2.9931667327880858,
                43.32717427911513
              ],
              [
                -2.994927978515625,
                43.32711785628161
              ],
              [
                -2.9958086013793945,
                43.32649839589436
              ],
              [
                -2.9975698471069334,
                43.32649839589436
              ]
            ],
            [
              [
                -2.9975698471069334,
                43.33527291503161
              ],
              [
                -2.9978932613270026,
                43.33552411521301
              ],
              [
                -2.9977885869964007,
                43.33689209849512
              ],
              [
                -2.9975698471069334,
                43.337066157981454
              ],
              [
                -2.9958086013793945,
                43.337066157981454
              ],
              [
                -2.9956437299995686,
                43.33689209849512
              ],
              [
                -2.9955813431278817,
                43.33552411521301
              ],
              [
                -2.9958086013793945,
                43.33534760066769
              ],
              [
                -2.9975698471069334,
                43.33527291503161
              ]
            ],
            [
              [
                -2.994927978515625,
                43.34022937534009
              ],
              [
                -2.9951320082423143,
                43.340312056700405
              ],
              [
                -2.9955080449700446,
                43.34099604834146
              ],
              [
                -2.9955080449700446,
                43.342364031623575
              ],
              [
                -2.994927978515625,
                43.342644438990995
              ],
              [
                -2.9922861099243163,
                43.342749692755895
              ],
              [
                -2.991405487060547,
                43.34227586453993
              ],
              [
                -2.9905248641967774,
                43.34298071530153
              ],
              [
                -2.988763618469238,
                43.34298071530153
              ],
              [
                -2.987002372741699,
                43.34188453531594
              ],
              [
                -2.986348698205267,
                43.34168003998252
              ],
              [
                -2.986348698205267,
                43.340312056700405
              ],
              [
                -2.987002372741699,
                43.34012848553245
              ],
              [
                -2.991405487060547,
                43.33997728531756
              ],
              [
                -2.9931667327880858,
                43.340008944924136
              ],
              [
                -2.994927978515625,
                43.34022937534009
              ]
            ],
            [
              [
                -2.9940473556518556,
                43.27726005668334
              ],
              [
                -2.994537296851644,
                43.277384825723225
              ],
              [
                -2.9947936389609437,
                43.278068817364286
              ],
              [
                -2.994686604189605,
                43.28012079228745
              ],
              [
                -2.9941929943810424,
                43.28080478392851
              ],
              [
                -2.9940473556518556,
                43.28135852521799
              ],
              [
                -2.993066456566334,
                43.281488775569564
              ],
              [
                -2.993066456566334,
                43.28285675885168
              ],
              [
                -2.9922861099243163,
                43.283145128161344
              ],
              [
                -2.9905248641967774,
                43.28334281089867
              ],
              [
                -2.989899083821889,
                43.28285675885168
              ],
              [
                -2.990027046457284,
                43.281488775569564
              ],
              [
                -2.989644241333008,
                43.28133195614929
              ],
              [
                -2.988763618469238,
                43.28159239891599
              ],
              [
                -2.987002372741699,
                43.28154398382198
              ],
              [
                -2.9861217498779298,
                43.28136223805961
              ],
              [
                -2.9852411270141603,
                43.28172856398298
              ],
              [
                -2.9848525880725503,
                43.28217276721062
              ],
              [
                -2.985297996046331,
                43.28285675885168
              ],
              [
                -2.9852411270141603,
                43.285638704726324
              ],
              [
                -2.983381000739776,
                43.2855927254159
              ],
              [
                -2.981718635559082,
                43.28454914892768
              ],
              [
                -2.9810779431192573,
                43.28354075049273
              ],
              [
                -2.9799390745842955,
                43.28217276721062
              ],
              [
                -2.9790767669677733,
                43.28167043017134
              ],
              [
                -2.978196144104004,
                43.2816502033786
              ],
              [
                -2.9779883096643007,
                43.281488775569564
              ],
              [
                -2.978196144104004,
                43.278002319477004
              ],
              [
                -2.979957389831543,
                43.278002319477004
              ],
              [
                -2.9808380126953127,
                43.27862301219514
              ],
              [
                -2.981718635559082,
                43.278682288636666
              ],
              [
                -2.9825992584228516,
                43.27923266369015
              ],
              [
                -2.983479881286621,
                43.279230352919434
              ],
              [
                -2.9843605041503904,
                43.279490506676396
              ],
              [
                -2.9852411270141603,
                43.278353650317726
              ],
              [
                -2.987002372741699,
                43.278353650317726
              ],
              [
                -2.9878829956054687,
                43.279319167801695
              ],
              [
                -2.988763618469238,
                43.27804747375895
              ],
              [
                -2.9896390337943233,
                43.277384825723225
              ],
              [
                -2.9905248641967774,
                43.277065958247725
              ],
              [
                -2.9922861099243163,
                43.277065958247725
              ],
              [
                -2.9931667327880858,
                43.27726005668334
              ],
              [
                -2.9940473556518556,
                43.27726005668334
              ]
            ],
            [
              [
                -2.9852411270141603,
                43.31373379875952
              ],
              [
                -2.9858248723610226,
                43.31432037434027
              ],
              [
                -2.9858248723610226,
                43.31568835762238
              ],
              [
                -2.985428136394454,
                43.31637234926343
              ],
              [
                -2.985409410484755,
                43.31774033254555
              ],
              [
                -2.9852411270141603,
                43.31819334756422
              ],
              [
                -2.984988034760008,
                43.3184243241866
              ],
              [
                -2.9843605041503904,
                43.31856445012486
              ],
              [
                -2.9825992584228516,
                43.31856445012486
              ],
              [
                -2.981718635559082,
                43.31808396439767
              ],
              [
                -2.9808380126953127,
                43.31721880439567
              ],
              [
                -2.9790767669677733,
                43.31721880439567
              ],
              [
                -2.9789475020604557,
                43.31705634090449
              ],
              [
                -2.978883076874581,
                43.31500436598132
              ],
              [
                -2.9790767669677733,
                43.31454511000328
              ],
              [
                -2.979957389831543,
                43.31377986366504
              ],
              [
                -2.981718635559082,
                43.31377986366504
              ],
              [
                -2.982133447338573,
                43.31432037434027
              ],
              [
                -2.9825992584228516,
                43.31454023239823
              ],
              [
                -2.9830571077489783,
                43.31432037434027
              ],
              [
                -2.983479881286621,
                43.31373379875952
              ],
              [
                -2.9852411270141603,
                43.31373379875952
              ]
            ],
            [
              [
                -2.9843605041503904,
                43.28688585487278
              ],
              [
                -2.9844691293330436,
                43.28696070869802
              ],
              [
                -2.9844691293330436,
                43.28832869198013
              ],
              [
                -2.9824772618290805,
                43.28832869198013
              ],
              [
                -2.9823597826574213,
                43.28696070869802
              ],
              [
                -2.9843605041503904,
                43.28688585487278
              ]
            ],
            [
              [
                -2.9808380126953127,
                43.28543059704031
              ],
              [
                -2.981004072854138,
                43.2855927254159
              ],
              [
                -2.981040745355966,
                43.28696070869802
              ],
              [
                -2.9808380126953127,
                43.28711962644443
              ],
              [
                -2.979957389831543,
                43.28711962644443
              ],
              [
                -2.9790767669677733,
                43.28745859227449
              ],
              [
                -2.978779325367543,
                43.28627671705696
              ],
              [
                -2.978779325367543,
                43.2855927254159
              ],
              [
                -2.978196144104004,
                43.28502234186097
              ],
              [
                -2.9773155212402345,
                43.28502234186097
              ],
              [
                -2.9772902153802905,
                43.28354075049273
              ],
              [
                -2.9793460413892365,
                43.28354075049273
              ],
              [
                -2.9793460413892365,
                43.28490873377485
              ],
              [
                -2.979957389831543,
                43.28523017682156
              ],
              [
                -2.9808380126953127,
                43.28543059704031
              ]
            ],
            [
              [
                -2.9808380126953127,
                43.31101476966944
              ],
              [
                -2.9815759623179194,
                43.3122683994171
              ],
              [
                -2.9815759623179194,
                43.312952391058154
              ],
              [
                -2.9808380126953127,
                43.313525566470865
              ],
              [
                -2.979957389831543,
                43.313525566470865
              ],
              [
                -2.9790767669677733,
                43.313263772115945
              ],
              [
                -2.978564641428972,
                43.312952391058154
              ],
              [
                -2.978564641428972,
                43.31158440777604
              ],
              [
                -2.9790767669677733,
                43.31101476966944
              ],
              [
                -2.9808380126953127,
                43.31101476966944
              ]
            ],
            [
              [
                -2.979957389831543,
                43.288292733057
              ],
              [
                -2.9806506648985986,
                43.28901268362118
              ],
              [
                -2.9806871745359342,
                43.28969667526224
              ],
              [
                -2.9806871745359342,
                43.290380666903296
              ],
              [
                -2.9802888586908605,
                43.29106465854435
              ],
              [
                -2.979957389831543,
                43.29128104792537
              ],
              [
                -2.978196144104004,
                43.29128104792537
              ],
              [
                -2.9773155212402345,
                43.291123245172905
              ],
              [
                -2.976434898376465,
                43.29064036803625
              ],
              [
                -2.976248304167235,
                43.290380666903296
              ],
              [
                -2.976248304167235,
                43.28901268362118
              ],
              [
                -2.976957542655156,
                43.28832869198013
              ],
              [
                -2.9773155212402345,
                43.287681629678566
              ],
              [
                -2.9790767669677733,
                43.287681629678566
              ],
              [
                -2.979957389831543,
                43.288292733057
              ]
            ],
            [
              [
                -2.9773155212402345,
                43.30193705500482
              ],
              [
                -2.9781017540855066,
                43.302692516442306
              ],
              [
                -2.978004007740599,
                43.304744491365476
              ],
              [
                -2.9773155212402345,
                43.305104800691815
              ],
              [
                -2.975554275512695,
                43.305226458713186
              ],
              [
                -2.974905277064625,
                43.30611247464759
              ],
              [
                -2.9737930297851562,
                43.30630029752109
              ],
              [
                -2.972912406921387,
                43.30691257786698
              ],
              [
                -2.9711511611938475,
                43.306906660102605
              ],
              [
                -2.970270538330078,
                43.30635595963266
              ],
              [
                -2.9701183818082555,
                43.30611247464759
              ],
              [
                -2.970270538330078,
                43.303331862995705
              ],
              [
                -2.970852898413733,
                43.302692516442306
              ],
              [
                -2.9720317840576174,
                43.30219513169395
              ],
              [
                -2.972912406921387,
                43.30143447209586
              ],
              [
                -2.9737930297851562,
                43.301174139186344
              ],
              [
                -2.975554275512695,
                43.301174139186344
              ],
              [
                -2.9773155212402345,
                43.30193705500482
              ]
            ],
            [
              [
                -2.976434898376465,
                43.31768991702737
              ],
              [
                -2.976796678119344,
                43.31774033254555
              ],
              [
                -2.976796678119344,
                43.31910831582766
              ],
              [
                -2.976434898376465,
                43.31937707667147
              ],
              [
                -2.975554275512695,
                43.31923711195393
              ],
              [
                -2.9746736526489257,
                43.31942301422238
              ],
              [
                -2.9720317840576174,
                43.31933157933973
              ],
              [
                -2.9715528894601038,
                43.31910831582766
              ],
              [
                -2.9713986274678423,
                43.3184243241866
              ],
              [
                -2.9713986274678423,
                43.31705634090449
              ],
              [
                -2.9720317840576174,
                43.316659541041
              ],
              [
                -2.9746736526489257,
                43.31679441868266
              ],
              [
                -2.975235788604735,
                43.31705634090449
              ],
              [
                -2.975554275512695,
                43.317573351874245
              ],
              [
                -2.976434898376465,
                43.31768991702737
              ]
            ],
            [
              [
                -2.975554275512695,
                43.273806907322765
              ],
              [
                -2.976093464491975,
                43.274648859159
              ],
              [
                -2.9762564608757347,
                43.275332850800055
              ],
              [
                -2.9762564608757347,
                43.27670083408217
              ],
              [
                -2.9759425341125727,
                43.277384825723225
              ],
              [
                -2.9746736526489257,
                43.2776688816388
              ],
              [
                -2.9737930297851562,
                43.27852514173707
              ],
              [
                -2.9720317840576174,
                43.27852514173707
              ],
              [
                -2.9705091120156815,
                43.277384825723225
              ],
              [
                -2.9705179686148835,
                43.275332850800055
              ],
              [
                -2.9720317840576174,
                43.274179607100464
              ],
              [
                -2.972912406921387,
                43.27375643107472
              ],
              [
                -2.9737930297851562,
                43.27365393408121
              ],
              [
                -2.975554275512695,
                43.273806907322765
              ]
            ],
            [
              [
                -2.9720317840576174,
                43.27048090190219
              ],
              [
                -2.9721869885685703,
                43.27054490931266
              ],
              [
                -2.9721869885685703,
                43.27191289259478
              ],
              [
                -2.9711511611938475,
                43.272787896612655
              ],
              [
                -2.9693899154663086,
                43.272787896612655
              ],
              [
                -2.9692033869389287,
                43.27259688423583
              ],
              [
                -2.9692033869389287,
                43.27122890095372
              ],
              [
                -2.9693899154663086,
                43.271005085326856
              ],
              [
                -2.970270538330078,
                43.27048090190219
              ],
              [
                -2.9720317840576174,
                43.27048090190219
              ]
            ],
            [
              [
                -2.9711511611938475,
                43.32776886803002
              ],
              [
                -2.9714742626341213,
                43.328000207161395
              ],
              [
                -2.9715937100505743,
                43.33005218208456
              ],
              [
                -2.9706954253799407,
                43.33073617372562
              ],
              [
                -2.971133876627572,
                43.33142016536667
              ],
              [
                -2.9710863412835957,
                43.33210415700773
              ],
              [
                -2.970270538330078,
                43.332737802151314
              ],
              [
                -2.968509292602539,
                43.33216684925499
              ],
              [
                -2.9667121576879745,
                43.33210415700773
              ],
              [
                -2.9662826671051277,
                43.33142016536667
              ],
              [
                -2.9662826671051277,
                43.33005218208456
              ],
              [
                -2.967161354979862,
                43.3293681904435
              ],
              [
                -2.967303804406431,
                43.32868419880245
              ],
              [
                -2.967753822492973,
                43.328000207161395
              ],
              [
                -2.968509292602539,
                43.327622237397556
              ],
              [
                -2.970270538330078,
                43.327622237397556
              ],
              [
                -2.9711511611938475,
                43.32776886803002
              ]
            ],
            [
              [
                -2.966748046875,
                43.282908342076695
              ],
              [
                -2.9670447157003355,
                43.28354075049273
              ],
              [
                -2.9670447157003355,
                43.28490873377485
              ],
              [
                -2.966748046875,
                43.28530935487025
              ],
              [
                -2.964986801147461,
                43.28542499188198
              ],
              [
                -2.9642974422612403,
                43.28490873377485
              ],
              [
                -2.9642974422612403,
                43.28422474213379
              ],
              [
                -2.9641061782836915,
                43.28408876064406
              ],
              [
                -2.963225555419922,
                43.28408876064406
              ],
              [
                -2.962344932556152,
                43.28380565618851
              ],
              [
                -2.9614643096923827,
                43.282979128191826
              ],
              [
                -2.959703063964844,
                43.282979128191826
              ],
              [
                -2.9588224411010744,
                43.282452507135396
              ],
              [
                -2.9585748626068793,
                43.281488775569564
              ],
              [
                -2.9577204900918725,
                43.28080478392851
              ],
              [
                -2.957061195373535,
                43.279686904158105
              ],
              [
                -2.956930428585792,
                43.278068817364286
              ],
              [
                -2.955672178391127,
                43.277384825723225
              ],
              [
                -2.955048926382669,
                43.27670083408217
              ],
              [
                -2.9549249207480504,
                43.275332850800055
              ],
              [
                -2.9550515403683457,
                43.274648859159
              ],
              [
                -2.955911947739998,
                43.27396486751795
              ],
              [
                -2.956326689531636,
                43.27328087587689
              ],
              [
                -2.956326689531636,
                43.27259688423583
              ],
              [
                -2.9565416068258297,
                43.27191289259478
              ],
              [
                -2.957061195373535,
                43.271792331520494
              ],
              [
                -2.9588224411010744,
                43.27184782471093
              ],
              [
                -2.959540707054187,
                43.27259688423583
              ],
              [
                -2.9598105634346106,
                43.27328087587689
              ],
              [
                -2.960357080803708,
                43.27396486751795
              ],
              [
                -2.960357080803708,
                43.274648859159
              ],
              [
                -2.9605836868286133,
                43.27484774508935
              ],
              [
                -2.962344932556152,
                43.274970604988454
              ],
              [
                -2.963225555419922,
                43.27594440253048
              ],
              [
                -2.963476576961184,
                43.276016842441116
              ],
              [
                -2.963476576961184,
                43.277384825723225
              ],
              [
                -2.963225555419922,
                43.277449193525925
              ],
              [
                -2.962590870720379,
                43.278068817364286
              ],
              [
                -2.96264237515171,
                43.27875280900534
              ],
              [
                -2.9635954654758994,
                43.279436800646394
              ],
              [
                -2.9636482997042553,
                43.28012079228745
              ],
              [
                -2.9641061782836915,
                43.2804413355966
              ],
              [
                -2.964986801147461,
                43.2804413355966
              ],
              [
                -2.9658674240112304,
                43.280806944213914
              ],
              [
                -2.9664285672944,
                43.281488775569564
              ],
              [
                -2.966705603167911,
                43.28217276721062
              ],
              [
                -2.966748046875,
                43.282908342076695
              ]
            ],
            [
              [
                -2.964986801147461,
                43.257150667949695
              ],
              [
                -2.9656197122486834,
                43.2575490681326
              ],
              [
                -2.965824715633388,
                43.25823305977365
              ],
              [
                -2.965824715633388,
                43.25960104305577
              ],
              [
                -2.964986801147461,
                43.260198460137275
              ],
              [
                -2.962344932556152,
                43.260119965122904
              ],
              [
                -2.9616698150309775,
                43.25960104305577
              ],
              [
                -2.9613715326240246,
                43.258917051414706
              ],
              [
                -2.9613005594047803,
                43.25823305977365
              ],
              [
                -2.961254274990472,
                43.2575490681326
              ],
              [
                -2.9614643096923827,
                43.25738593135027
              ],
              [
                -2.963225555419922,
                43.257150667949695
              ],
              [
                -2.964986801147461,
                43.257150667949695
              ]
            ],
            [
              [
                -2.964986801147461,
                43.27003936212111
              ],
              [
                -2.9653837564564722,
                43.27122890095372
              ],
              [
                -2.9653837564564722,
                43.27191289259478
              ],
              [
                -2.964986801147461,
                43.27248730231436
              ],
              [
                -2.963225555419922,
                43.27248730231436
              ],
              [
                -2.962682452006171,
                43.27191289259478
              ],
              [
                -2.962682452006171,
                43.27122890095372
              ],
              [
                -2.963225555419922,
                43.26987791553677
              ],
              [
                -2.964986801147461,
                43.27003936212111
              ]
            ],
            [
              [
                -2.9641061782836915,
                43.26151004163503
              ],
              [
                -2.9643449459996485,
                43.26165301797893
              ],
              [
                -2.9643449459996485,
                43.263021001261045
              ],
              [
                -2.9621864195521983,
                43.263021001261045
              ],
              [
                -2.9621864195521983,
                43.26165301797893
              ],
              [
                -2.962344932556152,
                43.26151004163503
              ],
              [
                -2.9641061782836915,
                43.26151004163503
              ]
            ],
            [
              [
                -2.963225555419922,
                43.245832285231586
              ],
              [
                -2.9634179245183194,
                43.246605201875695
              ],
              [
                -2.9634179245183194,
                43.247973185157804
              ],
              [
                -2.962344932556152,
                43.2492095318397
              ],
              [
                -2.9620681660766324,
                43.24934116843992
              ],
              [
                -2.9614643096923827,
                43.24952622907178
              ],
              [
                -2.959703063964844,
                43.24951929495556
              ],
              [
                -2.9588224411010744,
                43.24927620320882
              ],
              [
                -2.95771317703483,
                43.248657176798865
              ],
              [
                -2.9571291074120403,
                43.247973185157804
              ],
              [
                -2.9572509789970947,
                43.24592121023464
              ],
              [
                -2.9579418182373045,
                43.24524373101177
              ],
              [
                -2.9588224411010744,
                43.244809749845444
              ],
              [
                -2.9614643096923827,
                43.244727161090466
              ],
              [
                -2.962344932556152,
                43.245087433767225
              ],
              [
                -2.963225555419922,
                43.245832285231586
              ]
            ],
            [
              [
                -2.9579418182373045,
                43.25468862695789
              ],
              [
                -2.9581812292864402,
                43.25481310156837
              ],
              [
                -2.9581812292864402,
                43.25618108485048
              ],
              [
                -2.9579418182373045,
                43.256394856196025
              ],
              [
                -2.955299949645996,
                43.25634798131048
              ],
              [
                -2.955197926045963,
                43.25618108485048
              ],
              [
                -2.955201378931595,
                43.25481310156837
              ],
              [
                -2.9579418182373045,
                43.25468862695789
              ]
            ],
            [
              [
                -2.953538703918457,
                43.26784589736074
              ],
              [
                -2.953958174533736,
                43.26849293438949
              ],
              [
                -2.9539876175130457,
                43.27191289259478
              ],
              [
                -2.9538828594239304,
                43.27259688423583
              ],
              [
                -2.953538703918457,
                43.272751749059545
              ],
              [
                -2.950016212463379,
                43.27262293284475
              ],
              [
                -2.949305888737598,
                43.27328087587689
              ],
              [
                -2.949255045452667,
                43.27396486751795
              ],
              [
                -2.949135589599609,
                43.27409595792042
              ],
              [
                -2.9482549667358398,
                43.274286406863325
              ],
              [
                -2.9473743438720703,
                43.274286406863325
              ],
              [
                -2.9469603696622335,
                43.27396486751795
              ],
              [
                -2.9468008787761577,
                43.27328087587689
              ],
              [
                -2.946493721008301,
                43.273107581955344
              ],
              [
                -2.9456130981445314,
                43.27327530577299
              ],
              [
                -2.9429712295532227,
                43.2732938504663
              ],
              [
                -2.9412099838256838,
                43.27291025109031
              ],
              [
                -2.940451957847255,
                43.27191289259478
              ],
              [
                -2.9404119745565964,
                43.26986091767161
              ],
              [
                -2.9406453063671556,
                43.26917692603055
              ],
              [
                -2.940329360961914,
                43.26902594527526
              ],
              [
                -2.9398894824059387,
                43.26917692603055
              ],
              [
                -2.9401212940901393,
                43.26986091767161
              ],
              [
                -2.9394487380981444,
                43.270059111037895
              ],
              [
                -2.938568115234375,
                43.270090959275265
              ],
              [
                -2.9376874923706056,
                43.27032757053792
              ],
              [
                -2.9359262466430662,
                43.27032757053792
              ],
              [
                -2.935045623779297,
                43.26999409698757
              ],
              [
                -2.9341650009155273,
                43.27060380813595
              ],
              [
                -2.933284378051758,
                43.27080531867736
              ],
              [
                -2.9315231323242186,
                43.27080531867736
              ],
              [
                -2.9297618865966797,
                43.270245731057905
              ],
              [
                -2.9288812637329102,
                43.270240425048826
              ],
              [
                -2.928000640869141,
                43.269716220831526
              ],
              [
                -2.9262393951416015,
                43.26955501400034
              ],
              [
                -2.9244781494140626,
                43.26908212985157
              ],
              [
                -2.923597526550293,
                43.26901263997204
              ],
              [
                -2.9227169036865233,
                43.26841635731206
              ],
              [
                -2.921836280822754,
                43.268161652566576
              ],
              [
                -2.9209556579589844,
                43.267373046298154
              ],
              [
                -2.920075035095215,
                43.26725217281039
              ],
              [
                -2.918047724639152,
                43.26780894274844
              ],
              [
                -2.918047724639152,
                43.26849293438949
              ],
              [
                -2.917433166503906,
                43.26908357723462
              ],
              [
                -2.9156719207763673,
                43.26908357723462
              ],
              [
                -2.915229140733673,
                43.26849293438949
              ],
              [
                -2.915229140733673,
                43.267124951107384
              ],
              [
                -2.9160527339316564,
                43.26644095946632
              ],
              [
                -2.9150780334604827,
                43.265072976184214
              ],
              [
                -2.9149092275126725,
                43.2637049929021
              ],
              [
                -2.9138348116797412,
                43.26233700961999
              ],
              [
                -2.913800539555047,
                43.260969026337875
              ],
              [
                -2.9130300521850585,
                43.26030969412067
              ],
              [
                -2.912819578388436,
                43.26028503469682
              ],
              [
                -2.912819578388436,
                43.258917051414706
              ],
              [
                -2.912149429321289,
                43.25880215037027
              ],
              [
                -2.911889204826115,
                43.25823305977365
              ],
              [
                -2.9112688064575196,
                43.25757377104773
              ],
              [
                -2.91038818359375,
                43.257063844473294
              ],
              [
                -2.908626937866211,
                43.25716850884844
              ],
              [
                -2.9078972047819316,
                43.256865076491536
              ],
              [
                -2.9078972047819316,
                43.25549709320943
              ],
              [
                -2.908626937866211,
                43.25523009521673
              ],
              [
                -2.9091785235191807,
                43.25481310156837
              ],
              [
                -2.909345487486453,
                43.25412910992731
              ],
              [
                -2.9093457887098646,
                43.2527611266452
              ],
              [
                -2.91038818359375,
                43.25249555420093
              ],
              [
                -2.911071382151556,
                43.25207713500414
              ],
              [
                -2.91038818359375,
                43.25144495711166
              ],
              [
                -2.908572297900094,
                43.25139314336309
              ],
              [
                -2.908626937866211,
                43.24988558208239
              ],
              [
                -2.9095075607299803,
                43.24978029948855
              ],
              [
                -2.909686768471315,
                43.24934116843992
              ],
              [
                -2.9103530372945534,
                43.248657176798865
              ],
              [
                -2.9095075607299803,
                43.24817434929802
              ],
              [
                -2.906865692138672,
                43.24816250921219
              ],
              [
                -2.90649279756822,
                43.247973185157804
              ],
              [
                -2.90649279756822,
                43.24728919351675
              ],
              [
                -2.906698726487356,
                43.246605201875695
              ],
              [
                -2.9077463150024414,
                43.24642927834361
              ],
              [
                -2.908626937866211,
                43.24575051272863
              ],
              [
                -2.91038818359375,
                43.24575051272863
              ],
              [
                -2.9112688064575196,
                43.24590718988751
              ],
              [
                -2.911767853578052,
                43.246605201875695
              ],
              [
                -2.912029941983393,
                43.247973185157804
              ],
              [
                -2.9130300521850585,
                43.24806831198017
              ],
              [
                -2.9138098439361486,
                43.248657176798865
              ],
              [
                -2.913910675048828,
                43.25016768626355
              ],
              [
                -2.914791297912598,
                43.25037660791712
              ],
              [
                -2.9165525436401367,
                43.25046876320148
              ],
              [
                -2.9167184230856944,
                43.25139314336309
              ],
              [
                -2.917433166503906,
                43.251801966688404
              ],
              [
                -2.9183137893676756,
                43.25265995420153
              ],
              [
                -2.9191944122314455,
                43.25271333564342
              ],
              [
                -2.9209556579589844,
                43.252693690668025
              ],
              [
                -2.921836280822754,
                43.252825759297195
              ],
              [
                -2.922548528872535,
                43.25207713500414
              ],
              [
                -2.922334713912122,
                43.25139314336309
              ],
              [
                -2.921836280822754,
                43.25106103492208
              ],
              [
                -2.9209556579589844,
                43.25088541507881
              ],
              [
                -2.920792243055342,
                43.250709151722035
              ],
              [
                -2.9207832861414174,
                43.248657176798865
              ],
              [
                -2.9209556579589844,
                43.24847883756769
              ],
              [
                -2.9227169036865233,
                43.248414900006075
              ],
              [
                -2.9230879758836656,
                43.248657176798865
              ],
              [
                -2.9231699448828468,
                43.25002516008097
              ],
              [
                -2.923597526550293,
                43.250412299775824
              ],
              [
                -2.9244781494140626,
                43.250618380707024
              ],
              [
                -2.925181081810336,
                43.25002516008097
              ],
              [
                -2.9249489067776717,
                43.248657176798865
              ],
              [
                -2.925358772277832,
                43.24833882874364
              ],
              [
                -2.9262393951416015,
                43.24830672439069
              ],
              [
                -2.927120018005371,
                43.24762759863322
              ],
              [
                -2.928000640869141,
                43.24740222255883
              ],
              [
                -2.929052164414386,
                43.24592121023464
              ],
              [
                -2.9297618865966797,
                43.245330646492754
              ],
              [
                -2.9315231323242186,
                43.245330646492754
              ],
              [
                -2.932141097633771,
                43.24592121023464
              ],
              [
                -2.9324037551879885,
                43.246637291392936
              ],
              [
                -2.933284378051758,
                43.246637291392936
              ],
              [
                -2.93478905585989,
                43.24728919351675
              ],
              [
                -2.935572031999991,
                43.247973185157804
              ],
              [
                -2.9357061817770824,
                43.24934116843992
              ],
              [
                -2.9359262466430662,
                43.24991006824554
              ],
              [
                -2.936806869506836,
                43.2500894336316
              ],
              [
                -2.9394304807621103,
                43.25139314336309
              ],
              [
                -2.940329360961914,
                43.25228687034791
              ],
              [
                -2.9412099838256838,
                43.25228687034791
              ],
              [
                -2.942090606689453,
                43.252573684731715
              ],
              [
                -2.942693667450209,
                43.25207713500414
              ],
              [
                -2.942090606689453,
                43.251572597497855
              ],
              [
                -2.9412099838256838,
                43.25185864770358
              ],
              [
                -2.940329360961914,
                43.25185864770358
              ],
              [
                -2.939498084023146,
                43.25139314336309
              ],
              [
                -2.939498084023146,
                43.25002516008097
              ],
              [
                -2.940329360961914,
                43.249777886639265
              ],
              [
                -2.9412099838256838,
                43.249777886639265
              ],
              [
                -2.9425355926334857,
                43.25002516008097
              ],
              [
                -2.9425995439681674,
                43.250709151722035
              ],
              [
                -2.9429712295532227,
                43.250955915060324
              ],
              [
                -2.9447324752807615,
                43.25079516225331
              ],
              [
                -2.9449326276697447,
                43.250709151722035
              ],
              [
                -2.944962571634636,
                43.24934116843992
              ],
              [
                -2.94521397779107,
                43.248657176798865
              ],
              [
                -2.9456130981445314,
                43.24842790901005
              ],
              [
                -2.9473743438720703,
                43.24859837933299
              ],
              [
                -2.9482549667358398,
                43.24889533354345
              ],
              [
                -2.94861227497321,
                43.24934116843992
              ],
              [
                -2.94861227497321,
                43.25139314336309
              ],
              [
                -2.9484201587388856,
                43.25207713500414
              ],
              [
                -2.9474603362029805,
                43.2527611266452
              ],
              [
                -2.9467853581254158,
                43.25344511828626
              ],
              [
                -2.946493721008301,
                43.254169970182424
              ],
              [
                -2.9456130981445314,
                43.25439975929984
              ],
              [
                -2.94495846201296,
                43.25549709320943
              ],
              [
                -2.9456130981445314,
                43.256005557911344
              ],
              [
                -2.946493721008301,
                43.25544476369627
              ],
              [
                -2.9482549667358398,
                43.25544910434219
              ],
              [
                -2.94852858295622,
                43.25618108485048
              ],
              [
                -2.9508968353271485,
                43.25627483878001
              ],
              [
                -2.951777458190918,
                43.25665013370382
              ],
              [
                -2.952170105476188,
                43.25823305977365
              ],
              [
                -2.952170105476188,
                43.26028503469682
              ],
              [
                -2.9511810833125383,
                43.260969026337875
              ],
              [
                -2.9508968353271485,
                43.261681948077694
              ],
              [
                -2.9495060672725764,
                43.26233700961999
              ],
              [
                -2.9508968353271485,
                43.2633951646273
              ],
              [
                -2.951777458190918,
                43.26364094393093
              ],
              [
                -2.952885720476561,
                43.26438898454316
              ],
              [
                -2.952885720476561,
                43.26575696782527
              ],
              [
                -2.949135589599609,
                43.26589730499102
              ],
              [
                -2.9488189426230047,
                43.26575696782527
              ],
              [
                -2.9482597734892,
                43.265072976184214
              ],
              [
                -2.9473743438720703,
                43.264724418782905
              ],
              [
                -2.94666070006505,
                43.265072976184214
              ],
              [
                -2.947359912821879,
                43.26575696782527
              ],
              [
                -2.947777425115636,
                43.26644095946632
              ],
              [
                -2.947777425115636,
                43.26780894274844
              ],
              [
                -2.9482549667358398,
                43.26799839596855
              ],
              [
                -2.949135589599609,
                43.26765081283594
              ],
              [
                -2.953538703918457,
                43.26784589736074
              ]
            ],
            [
              [
                -2.9456130981445314,
                43.32499667325574
              ],
              [
                -2.946009309421022,
                43.325264240597164
              ],
              [
                -2.9460154785898083,
                43.325948232238225
              ],
              [
                -2.9460154785898083,
                43.32663222387928
              ],
              [
                -2.9456130981445314,
                43.327361295990094
              ],
              [
                -2.943851852416992,
                43.327361295990094
              ],
              [
                -2.9429712295532227,
                43.32777843915164
              ],
              [
                -2.940329360961914,
                43.32774780647021
              ],
              [
                -2.9394487380981444,
                43.32730008379687
              ],
              [
                -2.9388104900907854,
                43.32663222387928
              ],
              [
                -2.9388875485313553,
                43.32458024895611
              ],
              [
                -2.9394487380981444,
                43.32403371361152
              ],
              [
                -2.940329360961914,
                43.323574660404425
              ],
              [
                -2.9429712295532227,
                43.32354431532677
              ],
              [
                -2.943851852416992,
                43.32396493619589
              ],
              [
                -2.9447324752807615,
                43.3247780365829
              ],
              [
                -2.9456130981445314,
                43.32499667325574
              ]
            ],
            [
              [
                -2.9262393951416015,
                43.241502322278286
              ],
              [
                -2.926683704597966,
                43.2418172603883
              ],
              [
                -2.9267403503662273,
                43.24386923531147
              ],
              [
                -2.926482724740448,
                43.244553226952526
              ],
              [
                -2.925358772277832,
                43.245239287005646
              ],
              [
                -2.923597526550293,
                43.245239287005646
              ],
              [
                -2.9231338839991463,
                43.244553226952526
              ],
              [
                -2.921629614775048,
                43.24386923531147
              ],
              [
                -2.9216911625661792,
                43.242501252029356
              ],
              [
                -2.9209556579589844,
                43.242108861697545
              ],
              [
                -2.920075035095215,
                43.242398399586875
              ],
              [
                -2.9190304542209993,
                43.242501252029356
              ],
              [
                -2.9192280901609857,
                43.24318524367041
              ],
              [
                -2.920075035095215,
                43.243522567722266
              ],
              [
                -2.9205308974759254,
                43.24386923531147
              ],
              [
                -2.920607742308782,
                43.244553226952526
              ],
              [
                -2.920607742308782,
                43.24592121023464
              ],
              [
                -2.920075035095215,
                43.24634744041117
              ],
              [
                -2.9194668432875006,
                43.246605201875695
              ],
              [
                -2.9194668432875006,
                43.247973185157804
              ],
              [
                -2.9191824525417958,
                43.248657176798865
              ],
              [
                -2.9183137893676756,
                43.24916906072149
              ],
              [
                -2.917433166503906,
                43.24927802758945
              ],
              [
                -2.9165525436401367,
                43.24927802758945
              ],
              [
                -2.9156719207763673,
                43.24888182240865
              ],
              [
                -2.9157303125966556,
                43.246605201875695
              ],
              [
                -2.9163926065788024,
                43.24592121023464
              ],
              [
                -2.916421609394014,
                43.242501252029356
              ],
              [
                -2.916682195731277,
                43.24113326874724
              ],
              [
                -2.916682195731277,
                43.23976528546513
              ],
              [
                -2.917433166503906,
                43.238931305321216
              ],
              [
                -2.9191944122314455,
                43.238931305321216
              ],
              [
                -2.920075035095215,
                43.23972618101651
              ],
              [
                -2.923597526550293,
                43.239803919123176
              ],
              [
                -2.9244781494140626,
                43.24066950864321
              ],
              [
                -2.925358772277832,
                43.24090995450846
              ],
              [
                -2.9262393951416015,
                43.241502322278286
              ]
            ],
            [
              [
                -2.9165525436401367,
                43.234482368123345
              ],
              [
                -2.916844359164666,
                43.23497734397774
              ],
              [
                -2.916844359164666,
                43.23634532725985
              ],
              [
                -2.91634767118182,
                43.23702931890091
              ],
              [
                -2.9156719207763673,
                43.23750878622755
              ],
              [
                -2.914791297912598,
                43.23784186023337
              ],
              [
                -2.9130300521850585,
                43.23784186023337
              ],
              [
                -2.912149429321289,
                43.23761355622863
              ],
              [
                -2.9112562809485967,
                43.23702931890091
              ],
              [
                -2.910770892419925,
                43.23634532725985
              ],
              [
                -2.910770892419925,
                43.23497734397774
              ],
              [
                -2.9111941638437693,
                43.23429335233668
              ],
              [
                -2.912149429321289,
                43.233641204309876
              ],
              [
                -2.9130300521850585,
                43.233416434929474
              ],
              [
                -2.914791297912598,
                43.233416434929474
              ],
              [
                -2.9156719207763673,
                43.23374704671254
              ],
              [
                -2.9165525436401367,
                43.234482368123345
              ]
            ],
            [
              [
                -2.9112688064575196,
                43.268304259562875
              ],
              [
                -2.9115117207801027,
                43.26849293438949
              ],
              [
                -2.9114207632235205,
                43.26986091767161
              ],
              [
                -2.9112688064575196,
                43.2699869240862
              ],
              [
                -2.9083945731969467,
                43.26986091767161
              ],
              [
                -2.9083945731969467,
                43.26849293438949
              ],
              [
                -2.9112688064575196,
                43.268304259562875
              ]
            ],
            [
              [
                -2.9077463150024414,
                43.30469256005612
              ],
              [
                -2.9078178661123926,
                43.30611247464759
              ],
              [
                -2.9054784826380793,
                43.30611247464759
              ],
              [
                -2.905190212997472,
                43.30542848300654
              ],
              [
                -2.905190212997472,
                43.304744491365476
              ],
              [
                -2.9059850692749025,
                43.30412711578738
              ],
              [
                -2.906865692138672,
                43.30412711578738
              ],
              [
                -2.9077463150024414,
                43.30469256005612
              ]
            ],
            [
              [
                -2.906865692138672,
                43.25270831000322
              ],
              [
                -2.9070904512558196,
                43.25344511828626
              ],
              [
                -2.9070904512558196,
                43.25481310156837
              ],
              [
                -2.906865692138672,
                43.25500149234933
              ],
              [
                -2.9059850692749025,
                43.25533757499887
              ],
              [
                -2.904223823547363,
                43.25533757499887
              ],
              [
                -2.9033795232549173,
                43.25481310156837
              ],
              [
                -2.9033795232549173,
                43.25344511828626
              ],
              [
                -2.9035594387018553,
                43.2527611266452
              ],
              [
                -2.904223823547363,
                43.25238639858022
              ],
              [
                -2.9059850692749025,
                43.25238639858022
              ],
              [
                -2.906865692138672,
                43.25270831000322
              ]
            ],
            [
              [
                -2.9051044464111326,
                43.24654666404655
              ],
              [
                -2.905614485480089,
                43.24728919351675
              ],
              [
                -2.905614485480089,
                43.248657176798865
              ],
              [
                -2.904223823547363,
                43.249178330203954
              ],
              [
                -2.9033432006835938,
                43.24928233131165
              ],
              [
                -2.9024625778198243,
                43.24928233131165
              ],
              [
                -2.9016577063502003,
                43.248657176798865
              ],
              [
                -2.9018286567648133,
                43.24728919351675
              ],
              [
                -2.9024625778198243,
                43.24681137814308
              ],
              [
                -2.9033432006835938,
                43.24654666404655
              ],
              [
                -2.9051044464111326,
                43.24654666404655
              ]
            ],
            [
              [
                -2.898940086364746,
                43.26024709296199
              ],
              [
                -2.899087026634994,
                43.26028503469682
              ],
              [
                -2.898940086364746,
                43.262384594303086
              ],
              [
                -2.897178840637207,
                43.262384594303086
              ],
              [
                -2.895264567462891,
                43.260969026337875
              ],
              [
                -2.8951399835858074,
                43.25960104305577
              ],
              [
                -2.895417594909668,
                43.25923445060763
              ],
              [
                -2.897178840637207,
                43.25923445060763
              ],
              [
                -2.8980594635009767,
                43.2599820685289
              ],
              [
                -2.898940086364746,
                43.26024709296199
              ]
            ],
            [
              [
                -2.8962982177734373,
                43.244001532543116
              ],
              [
                -2.8965044552176793,
                43.244553226952526
              ],
              [
                -2.8965044552176793,
                43.246605201875695
              ],
              [
                -2.8962982177734373,
                43.246762162429256
              ],
              [
                -2.895417594909668,
                43.24676770855088
              ],
              [
                -2.8945369720458984,
                43.24708377745971
              ],
              [
                -2.894131778774625,
                43.247973185157804
              ],
              [
                -2.893656349182129,
                43.248362692339676
              ],
              [
                -2.892940894825814,
                43.248657176798865
              ],
              [
                -2.8927757263183596,
                43.24896041779122
              ],
              [
                -2.8910144805908202,
                43.24896041779122
              ],
              [
                -2.8897394082758003,
                43.248657176798865
              ],
              [
                -2.8892532348632813,
                43.24828967711147
              ],
              [
                -2.8890795316296862,
                43.24592121023464
              ],
              [
                -2.8895899235318496,
                43.24523721859358
              ],
              [
                -2.8895899235318496,
                43.244553226952526
              ],
              [
                -2.890133857727051,
                43.24426566567388
              ],
              [
                -2.8927757263183596,
                43.24416770850294
              ],
              [
                -2.893656349182129,
                43.2448341592828
              ],
              [
                -2.8942638567876102,
                43.244553226952526
              ],
              [
                -2.8945369720458984,
                43.244001532543116
              ],
              [
                -2.8962982177734373,
                43.244001532543116
              ]
            ],
            [
              [
                -2.8927757263183596,
                43.250239664294284
              ],
              [
                -2.89311343112567,
                43.250709151722035
              ],
              [
                -2.89311343112567,
                43.25139314336309
              ],
              [
                -2.8927757263183596,
                43.252305534644506
              ],
              [
                -2.8910144805908202,
                43.252305534644506
              ],
              [
                -2.890707096819932,
                43.25139314336309
              ],
              [
                -2.890707096819932,
                43.250709151722035
              ],
              [
                -2.8910144805908202,
                43.250239664294284
              ],
              [
                -2.8927757263183596,
                43.250239664294284
              ]
            ],
            [
              [
                -2.8918951034545897,
                43.234872019555816
              ],
              [
                -2.8920854621816035,
                43.23497734397774
              ],
              [
                -2.8920854621816035,
                43.23634532725985
              ],
              [
                -2.8918951034545897,
                43.23776039497844
              ],
              [
                -2.891251412805532,
                43.23839730218302
              ],
              [
                -2.890133857727051,
                43.23847877037938
              ],
              [
                -2.8888628138556074,
                43.23908129382407
              ],
              [
                -2.888265925718885,
                43.23976528546513
              ],
              [
                -2.887491989135742,
                43.240002237824186
              ],
              [
                -2.8866113662719726,
                43.24003403061619
              ],
              [
                -2.885912103412242,
                43.24044927710619
              ],
              [
                -2.885912103412242,
                43.2418172603883
              ],
              [
                -2.885730743408203,
                43.241949972986575
              ],
              [
                -2.8830888748168944,
                43.24185325812044
              ],
              [
                -2.882208251953125,
                43.24146474405859
              ],
              [
                -2.8818214459099787,
                43.24113326874724
              ],
              [
                -2.881740095755811,
                43.23976528546513
              ],
              [
                -2.8813276290893555,
                43.239341256680255
              ],
              [
                -2.880361834204858,
                43.23976528546513
              ],
              [
                -2.8800750472629524,
                43.24044927710619
              ],
              [
                -2.8799298780412355,
                43.2418172603883
              ],
              [
                -2.8795663833618166,
                43.242427122725935
              ],
              [
                -2.8778051376342773,
                43.242427122725935
              ],
              [
                -2.8774514019566384,
                43.2418172603883
              ],
              [
                -2.877145005739807,
                43.24044927710619
              ],
              [
                -2.876924514770508,
                43.240194633389656
              ],
              [
                -2.8754228330290728,
                43.23976528546513
              ],
              [
                -2.875163269042969,
                43.23961152176408
              ],
              [
                -2.8748293261281503,
                43.23908129382407
              ],
              [
                -2.874850186759554,
                43.23771331054196
              ],
              [
                -2.875163269042969,
                43.23740354575442
              ],
              [
                -2.876924514770508,
                43.23712960105994
              ],
              [
                -2.8778051376342773,
                43.23715553798726
              ],
              [
                -2.878659905834061,
                43.23771331054196
              ],
              [
                -2.8787169830802353,
                43.23908129382407
              ],
              [
                -2.8788378163423025,
                43.23634532725985
              ],
              [
                -2.8786166270827698,
                43.23566133561879
              ],
              [
                -2.878618684838576,
                43.23429335233668
              ],
              [
                -2.8795663833618166,
                43.23367857341588
              ],
              [
                -2.8813276290893555,
                43.23367857341588
              ],
              [
                -2.882208251953125,
                43.23400548650116
              ],
              [
                -2.8839694976806642,
                43.234083236075705
              ],
              [
                -2.885730743408203,
                43.235225887855734
              ],
              [
                -2.886312888090899,
                43.23497734397774
              ],
              [
                -2.8866113662719726,
                43.234594547172215
              ],
              [
                -2.890133857727051,
                43.234594547172215
              ],
              [
                -2.8918951034545897,
                43.234872019555816
              ]
            ],
            [
              [
                -2.8892532348632813,
                43.291018904439774
              ],
              [
                -2.889294932667804,
                43.292432641826466
              ],
              [
                -2.888679198908094,
                43.29311663346752
              ],
              [
                -2.8866113662719726,
                43.293982562930516
              ],
              [
                -2.885730743408203,
                43.29410939084331
              ],
              [
                -2.8848501205444337,
                43.29410939084331
              ],
              [
                -2.8839061995880355,
                43.293800625108574
              ],
              [
                -2.8839061995880355,
                43.292432641826466
              ],
              [
                -2.8834842442621573,
                43.29174865018541
              ],
              [
                -2.8834842442621573,
                43.290380666903296
              ],
              [
                -2.8839694976806642,
                43.29006310390194
              ],
              [
                -2.888372611999512,
                43.29000400654637
              ],
              [
                -2.8892532348632813,
                43.291018904439774
              ]
            ],
            [
              [
                -2.8866113662719726,
                43.2465446514969
              ],
              [
                -2.886783357470246,
                43.24728919351675
              ],
              [
                -2.886783357470246,
                43.248657176798865
              ],
              [
                -2.8866113662719726,
                43.248811817058495
              ],
              [
                -2.8848501205444337,
                43.248811817058495
              ],
              [
                -2.8846390995225155,
                43.248657176798865
              ],
              [
                -2.8846390995225155,
                43.24728919351675
              ],
              [
                -2.8847895306812283,
                43.246605201875695
              ],
              [
                -2.8866113662719726,
                43.2465446514969
              ]
            ],
            [
              [
                -2.8866113662719726,
                43.296563108410574
              ],
              [
                -2.8870991585094927,
                43.29722058331386
              ],
              [
                -2.8872840727909996,
                43.29790457495491
              ],
              [
                -2.8871623230818715,
                43.29927255823703
              ],
              [
                -2.8866113662719726,
                43.29967292555526
              ],
              [
                -2.8848501205444337,
                43.299590143164835
              ],
              [
                -2.8836199702831062,
                43.29790457495491
              ],
              [
                -2.8835836704376865,
                43.296536591672805
              ],
              [
                -2.8839694976806642,
                43.29609585878684
              ],
              [
                -2.885730743408203,
                43.29609585878684
              ],
              [
                -2.8866113662719726,
                43.296563108410574
              ]
            ],
            [
              [
                -2.8839694976806642,
                43.24314389795311
              ],
              [
                -2.884430714882285,
                43.24386923531147
              ],
              [
                -2.884430714882285,
                43.24523721859358
              ],
              [
                -2.882208251953125,
                43.24546731153621
              ],
              [
                -2.880447006225586,
                43.24546129038327
              ],
              [
                -2.879208966419999,
                43.24523721859358
              ],
              [
                -2.879101750780653,
                43.24386923531147
              ],
              [
                -2.8795663833618166,
                43.24350834892667
              ],
              [
                -2.880447006225586,
                43.24372193799773
              ],
              [
                -2.8813276290893555,
                43.24307880847394
              ],
              [
                -2.8839694976806642,
                43.24314389795311
              ]
            ]
          ],
          [
            [
              [
                -3.0320220786904906,
                43.325264240597164
              ],
              [
                -3.0304413674480486,
                43.325948232238225
              ],
              [
                -3.031033515930176,
                43.326105942621176
              ],
              [
                -3.0319141387939452,
                43.3261011609137
              ],
              [
                -3.0324099207013013,
                43.325948232238225
              ],
              [
                -3.0333018717135523,
                43.325264240597164
              ],
              [
                -3.0327947616577147,
                43.32492026250502
              ],
              [
                -3.0320220786904906,
                43.325264240597164
              ]
            ]
          ],
          [
            [
              [
                -3.0257497787475587,
                43.32519267159653
              ],
              [
                -3.0239885330200194,
                43.32519267159653
              ],
              [
                -3.02310791015625,
                43.32504042668581
              ],
              [
                -3.0224594462045045,
                43.325264240597164
              ],
              [
                -3.02310791015625,
                43.325945186017194
              ],
              [
                -3.0239885330200194,
                43.32549004375758
              ],
              [
                -3.0257497787475587,
                43.325455874821216
              ],
              [
                -3.026630401611328,
                43.32562056228198
              ],
              [
                -3.0271493544159007,
                43.325264240597164
              ],
              [
                -3.026630401611328,
                43.324903025203696
              ],
              [
                -3.0257497787475587,
                43.32519267159653
              ]
            ]
          ],
          [
            [
              [
                -3.025323649059917,
                43.321160290750825
              ],
              [
                -3.0257497787475587,
                43.32142829769388
              ],
              [
                -3.0262788667100926,
                43.321160290750825
              ],
              [
                -3.0257497787475587,
                43.320641720444726
              ],
              [
                -3.025323649059917,
                43.321160290750825
              ]
            ]
          ],
          [
            [
              [
                -3.0186588269874965,
                43.31705634090449
              ],
              [
                -3.0187047958374023,
                43.31725681065405
              ],
              [
                -3.0187462938200675,
                43.31705634090449
              ],
              [
                -3.0187047958374023,
                43.31701331408359
              ],
              [
                -3.0186588269874965,
                43.31705634090449
              ]
            ]
          ],
          [
            [
              [
                -3.0169435501098634,
                43.317653697710895
              ],
              [
                -3.016749783989171,
                43.31774033254555
              ],
              [
                -3.0169435501098634,
                43.317829356764136
              ],
              [
                -3.017824172973633,
                43.317933173742475
              ],
              [
                -3.0184769425406106,
                43.31774033254555
              ],
              [
                -3.017824172973633,
                43.31755178411896
              ],
              [
                -3.0169435501098634,
                43.317653697710895
              ]
            ]
          ],
          [
            [
              [
                -3.010590294531158,
                43.323896257315056
              ],
              [
                -3.0107791900634764,
                43.323953310253295
              ],
              [
                -3.011147660008545,
                43.323896257315056
              ],
              [
                -3.0107791900634764,
                43.323825640661795
              ],
              [
                -3.010590294531158,
                43.323896257315056
              ]
            ]
          ],
          [
            [
              [
                -3.0105807235078874,
                43.356727856085755
              ],
              [
                -3.011024785932122,
                43.356727856085755
              ],
              [
                -3.0107791900634764,
                43.35654058498096
              ],
              [
                -3.0105807235078874,
                43.356727856085755
              ]
            ]
          ],
          [
            [
              [
                -3.0090020833361466,
                43.325264240597164
              ],
              [
                -3.0090179443359375,
                43.32527370431628
              ],
              [
                -3.0090359975785477,
                43.325264240597164
              ],
              [
                -3.0090179443359375,
                43.3252332793462
              ],
              [
                -3.0090020833361466,
                43.325264240597164
              ]
            ]
          ],
          [
            [
              [
                -3.007599463021127,
                43.34920394803414
              ],
              [
                -3.0072566986083986,
                43.3489970130061
              ],
              [
                -3.00693950515124,
                43.34920394803414
              ],
              [
                -3.006507745261506,
                43.34988793967519
              ],
              [
                -3.0072566986083986,
                43.35047509771402
              ],
              [
                -3.008265577233384,
                43.34988793967519
              ],
              [
                -3.007599463021127,
                43.34920394803414
              ]
            ]
          ],
          [
            [
              [
                -3.0040427177223687,
                43.28764470033907
              ],
              [
                -3.0037342071533204,
                43.28740968809443
              ],
              [
                -3.002853584289551,
                43.28731041972073
              ],
              [
                -3.002011479818068,
                43.28764470033907
              ],
              [
                -3.0037342071533204,
                43.28849375445083
              ],
              [
                -3.00461483001709,
                43.28855365923633
              ],
              [
                -3.004799815592848,
                43.28832869198013
              ],
              [
                -3.0040427177223687,
                43.28764470033907
              ]
            ]
          ],
          [
            [
              [
                -2.9973008264041234,
                43.28764470033907
              ],
              [
                -2.9975698471069334,
                43.28781810301257
              ],
              [
                -2.9981042216802147,
                43.28764470033907
              ],
              [
                -2.9975698471069334,
                43.28747019484811
              ],
              [
                -2.9973008264041234,
                43.28764470033907
              ]
            ]
          ],
          [
            [
              [
                -2.9942477423119693,
                43.28832869198013
              ],
              [
                -2.994708358987569,
                43.28901268362118
              ],
              [
                -2.9956949153690817,
                43.28901268362118
              ],
              [
                -2.9957960075433707,
                43.28832869198013
              ],
              [
                -2.994927978515625,
                43.28800988131696
              ],
              [
                -2.9942477423119693,
                43.28832869198013
              ]
            ]
          ],
          [
            [
              [
                -2.9840486274289657,
                43.323896257315056
              ],
              [
                -2.9843605041503904,
                43.323920902453764
              ],
              [
                -2.984388003718538,
                43.323896257315056
              ],
              [
                -2.9843605041503904,
                43.32385560682737
              ],
              [
                -2.9840486274289657,
                43.323896257315056
              ]
            ]
          ],
          [
            [
              [
                -2.982170267817851,
                43.29722058331386
              ],
              [
                -2.9824431090452355,
                43.29790457495491
              ],
              [
                -2.981718635559082,
                43.298255363814185
              ],
              [
                -2.979957389831543,
                43.298002719399946
              ],
              [
                -2.979413773691182,
                43.298588566595974
              ],
              [
                -2.979094876236317,
                43.29927255823703
              ],
              [
                -2.981718635559082,
                43.2996981230738
              ],
              [
                -2.9825992584228516,
                43.299304575726886
              ],
              [
                -2.9827002298291854,
                43.29722058331386
              ],
              [
                -2.9825992584228516,
                43.29693558482779
              ],
              [
                -2.982170267817851,
                43.29722058331386
              ]
            ]
          ],
          [
            [
              [
                -2.9429712295532227,
                43.25296026138706
              ],
              [
                -2.942312500480435,
                43.25344511828626
              ],
              [
                -2.9423347644355036,
                43.25412910992731
              ],
              [
                -2.9429712295532227,
                43.25435475576604
              ],
              [
                -2.9442828918314063,
                43.25412910992731
              ],
              [
                -2.944093834508106,
                43.25344511828626
              ],
              [
                -2.9429712295532227,
                43.25296026138706
              ]
            ]
          ],
          [
            [
              [
                -2.937457811604343,
                43.25481310156837
              ],
              [
                -2.9376874923706056,
                43.25495261188595
              ],
              [
                -2.937876448799161,
                43.25481310156837
              ],
              [
                -2.9376874923706056,
                43.25440489278982
              ],
              [
                -2.937457811604343,
                43.25481310156837
              ]
            ]
          ],
          [
            [
              [
                -2.933284378051758,
                43.25173189802364
              ],
              [
                -2.932905069054744,
                43.25207713500414
              ],
              [
                -2.9326717665102233,
                43.2527611266452
              ],
              [
                -2.9324037551879885,
                43.252918823128915
              ],
              [
                -2.930642509460449,
                43.25296987521859
              ],
              [
                -2.9288812637329102,
                43.25338419471703
              ],
              [
                -2.928001493680914,
                43.2527611266452
              ],
              [
                -2.928000640869141,
                43.251392716404794
              ],
              [
                -2.927120018005371,
                43.25198626535904
              ],
              [
                -2.9262393951416015,
                43.25162985345105
              ],
              [
                -2.9255724302608983,
                43.25207713500414
              ],
              [
                -2.9255137878502504,
                43.2527611266452
              ],
              [
                -2.9262393951416015,
                43.253444743491585
              ],
              [
                -2.927120018005371,
                43.25350657662678
              ],
              [
                -2.9274099041746675,
                43.25412910992731
              ],
              [
                -2.928000640869141,
                43.25434465436482
              ],
              [
                -2.9288812637329102,
                43.25442222020662
              ],
              [
                -2.9315231323242186,
                43.255774070763934
              ],
              [
                -2.9341650009155273,
                43.25568183267549
              ],
              [
                -2.9344650763639213,
                43.25549709320943
              ],
              [
                -2.9345773266862007,
                43.25481310156837
              ],
              [
                -2.9343067862837366,
                43.25344511828626
              ],
              [
                -2.9343067862837366,
                43.25207713500414
              ],
              [
                -2.933284378051758,
                43.25173189802364
              ]
            ]
          ],
          [
            [
              [
                -2.9281700466397322,
                43.258917051414706
              ],
              [
                -2.9288812637329102,
                43.25924745011202
              ],
              [
                -2.929447671947089,
                43.258917051414706
              ],
              [
                -2.9288812637329102,
                43.25862229476021
              ],
              [
                -2.9281700466397322,
                43.258917051414706
              ]
            ]
          ],
          [
            [
              [
                -2.919875453403805,
                43.25960104305577
              ],
              [
                -2.920075035095215,
                43.259811268345494
              ],
              [
                -2.9204778803319864,
                43.25960104305577
              ],
              [
                -2.920075035095215,
                43.25924362723012
              ],
              [
                -2.919875453403805,
                43.25960104305577
              ]
            ]
          ],
          [
            [
              [
                -2.9200341770850704,
                43.26438898454316
              ],
              [
                -2.9191944122314455,
                43.26385011610553
              ],
              [
                -2.9183137893676756,
                43.26387925902285
              ],
              [
                -2.9176469833609384,
                43.26438898454316
              ],
              [
                -2.9183137893676756,
                43.264996954736844
              ],
              [
                -2.9191944122314455,
                43.26511337256631
              ],
              [
                -2.920075035095215,
                43.265611207676194
              ],
              [
                -2.9205918989728783,
                43.265072976184214
              ],
              [
                -2.9200341770850704,
                43.26438898454316
              ]
            ]
          ],
          [
            [
              [
                -2.914791297912598,
                43.25768372763751
              ],
              [
                -2.914463925069165,
                43.25823305977365
              ],
              [
                -2.914848808455786,
                43.258917051414706
              ],
              [
                -2.914848808455786,
                43.26028503469682
              ],
              [
                -2.9156719207763673,
                43.26062161121839
              ],
              [
                -2.9160283545575836,
                43.26028503469682
              ],
              [
                -2.9160283545575836,
                43.258917051414706
              ],
              [
                -2.9163336574703753,
                43.25823305977365
              ],
              [
                -2.9156719207763673,
                43.25779562857733
              ],
              [
                -2.914791297912598,
                43.25768372763751
              ]
            ]
          ],
          [
            [
              [
                -2.8831220062895597,
                43.23771331054196
              ],
              [
                -2.8825862483755125,
                43.23702931890091
              ],
              [
                -2.882208251953125,
                43.236806227951895
              ],
              [
                -2.8818764447914194,
                43.23702931890091
              ],
              [
                -2.8815276996783967,
                43.23839730218302
              ],
              [
                -2.881932722023315,
                43.23908129382407
              ],
              [
                -2.882208251953125,
                43.23921631695489
              ],
              [
                -2.8839694976806642,
                43.23894410416857
              ],
              [
                -2.8843252915939637,
                43.23839730218302
              ],
              [
                -2.8831220062895597,
                43.23771331054196
              ]
            ]
          ]
        ]
      }
    }
  ]
}